departamento_codigo,departamento,municipio_codigo,municipio,zona_codigo,zona,puesto_codigo,puesto,mesas
11,CAUCA,004,ALMAGUER,99,Zona 99,01,CAQUIONA,5
11,CAUCA,004,ALMAGUER,99,Zona 99,05,EL PEÑOL (LA HONDA),3
11,CAUCA,004,ALMAGUER,99,Zona 99,09,EL TABLON,2
11,CAUCA,004,ALMAGUER,99,Zona 99,10,GONZALO,1
11,CAUCA,004,ALMAGUER,99,Zona 99,11,HIGUERAS (LA PILA),1
11,CAUCA,004,ALMAGUER,99,Zona 99,12,HUMOS O EL HATO,2
11,CAUCA,004,ALMAGUER,99,Zona 99,13,LLACUANAS,4
11,CAUCA,004,ALMAGUER,99,Zona 99,15,MARMATO (TARABITA),2
11,CAUCA,004,ALMAGUER,99,Zona 99,16,PRIMAVERA,1
11,CAUCA,004,ALMAGUER,99,Zona 99,17,SAN JORGE (LA HERRADURA),6
11,CAUCA,004,ALMAGUER,99,Zona 99,60,SAUJI,1
11,CAUCA,004,ALMAGUER,00,Zona 00,00,PUESTO CABECERA MUNICIPAL,15
11,CAUCA,005,ARGELIA,99,Zona 99,02,BETANIA,1
11,CAUCA,005,ARGELIA,99,Zona 99,03,BOLIVIA,1
11,CAUCA,005,ARGELIA,99,Zona 99,04,EL DIVISO (PALOMOCHO),3
11,CAUCA,005,ARGELIA,99,Zona 99,05,EL MANGO,8
11,CAUCA,005,ARGELIA,99,Zona 99,06,EL PLATEADO,16
11,CAUCA,005,ARGELIA,99,Zona 99,08,LA BELLEZA,3
11,CAUCA,005,ARGELIA,99,Zona 99,10,LA FLORIDA,1
11,CAUCA,005,ARGELIA,99,Zona 99,12,EL NARANJAL,1
11,CAUCA,005,ARGELIA,99,Zona 99,16,LA EMBOSCADA,5
11,CAUCA,005,ARGELIA,99,Zona 99,25,PUERTO RICO,4
11,CAUCA,005,ARGELIA,99,Zona 99,29,SAN JUAN DE LA GUADUA,1
11,CAUCA,005,ARGELIA,99,Zona 99,35,SANTA CLARA,1
11,CAUCA,005,ARGELIA,99,Zona 99,75,SINAI,5
11,CAUCA,005,ARGELIA,00,Zona 00,00,PUESTO CABECERA MUNICIPAL,23
11,CAUCA,006,BALBOA,99,Zona 99,02,EL VIJAL,2
11,CAUCA,006,BALBOA,99,Zona 99,04,GUADUALITO,1
11,CAUCA,006,BALBOA,99,Zona 99,05,LA BERMEJA O PUERTO BERMEJA,4
11,CAUCA,006,BALBOA,99,Zona 99,06,LA PLANADA,4
11,CAUCA,006,BALBOA,99,Zona 99,07,LA LOMITA O LOMITAS,2
11,CAUCA,006,BALBOA,99,Zona 99,08,OLAYA,3
11,CAUCA,006,BALBOA,99,Zona 99,09,PURETO,3
11,CAUCA,006,BALBOA,99,Zona 99,10,SAN ALFONSO,5
11,CAUCA,006,BALBOA,99,Zona 99,11,PLAN GRANDE,1
11,CAUCA,006,BALBOA,99,Zona 99,12,CAMPOALEGRE,1
11,CAUCA,006,BALBOA,00,Zona 00,00,PUESTO CABECERA MUNICIPAL,29
11,CAUCA,007,BOLIVAR,98,Zona 98,01,CARCEL,1
11,CAUCA,007,BOLIVAR,99,Zona 99,01,CAPELLANIAS,1
11,CAUCA,007,BOLIVAR,99,Zona 99,02,CERRO PELADO (CERRO PELADO BAJO),2
11,CAUCA,007,BOLIVAR,99,Zona 99,03,CHALGUAYACO,2
11,CAUCA,007,BOLIVAR,99,Zona 99,04,BAJO LLANO,1
11,CAUCA,007,BOLIVAR,99,Zona 99,05,EL CARMEN,2
11,CAUCA,007,BOLIVAR,99,Zona 99,06,BUTUYACO,1
11,CAUCA,007,BOLIVAR,99,Zona 99,07,EL RODEO,2
11,CAUCA,007,BOLIVAR,99,Zona 99,08,MORALES,1
11,CAUCA,007,BOLIVAR,99,Zona 99,09,GUACHICONO,1
11,CAUCA,007,BOLIVAR,99,Zona 99,10,EL BOQUERON,1
11,CAUCA,007,BOLIVAR,99,Zona 99,11,EL SALTO,1
11,CAUCA,007,BOLIVAR,99,Zona 99,12,LA PLAYA DE SAN JORGE,1
11,CAUCA,007,BOLIVAR,99,Zona 99,13,LERMA,3
11,CAUCA,007,BOLIVAR,99,Zona 99,14,LA MEDINA,2
11,CAUCA,007,BOLIVAR,99,Zona 99,15,LAS MINAS,1
11,CAUCA,007,BOLIVAR,99,Zona 99,16,LOS POTREROS,1
11,CAUCA,007,BOLIVAR,99,Zona 99,17,LOS MILAGROS,4
11,CAUCA,007,BOLIVAR,99,Zona 99,18,PALMA O POCOS,1
11,CAUCA,007,BOLIVAR,99,Zona 99,19,LOS RASTROJOS,2
11,CAUCA,007,BOLIVAR,99,Zona 99,20,MAZAMORRAS,2
11,CAUCA,007,BOLIVAR,99,Zona 99,21,MELCHOR,2
11,CAUCA,007,BOLIVAR,99,Zona 99,22,NUEVA GRANADA (CIMARRONAS),1
11,CAUCA,007,BOLIVAR,99,Zona 99,23,SAN JOSE DEL MORRO,2
11,CAUCA,007,BOLIVAR,99,Zona 99,24,PORTACHUELO,1
11,CAUCA,007,BOLIVAR,99,Zona 99,25,SAN JUAN,3
11,CAUCA,007,BOLIVAR,99,Zona 99,27,RIONEGRO,1
11,CAUCA,007,BOLIVAR,99,Zona 99,28,SAN JUAN DE LAS VUELTAS,1
11,CAUCA,007,BOLIVAR,99,Zona 99,29,SAN LORENZO,4
11,CAUCA,007,BOLIVAR,99,Zona 99,30,EL COCAL,1
11,CAUCA,007,BOLIVAR,99,Zona 99,31,SAN MIGUEL,2
11,CAUCA,007,BOLIVAR,99,Zona 99,32,EL GUADUAL,1
11,CAUCA,007,BOLIVAR,99,Zona 99,33,SAQUE,1
11,CAUCA,007,BOLIVAR,99,Zona 99,34,EL SILENCIO,1
11,CAUCA,007,BOLIVAR,99,Zona 99,35,LA PARADA,2
11,CAUCA,007,BOLIVAR,99,Zona 99,36,LA YUNGA,1
11,CAUCA,007,BOLIVAR,99,Zona 99,37,SESTEADERO,1
11,CAUCA,007,BOLIVAR,99,Zona 99,38,EL PEPINAL,1
11,CAUCA,007,BOLIVAR,99,Zona 99,40,EL TAMBO,1
11,CAUCA,007,BOLIVAR,99,Zona 99,41,ARRAYANES,1
11,CAUCA,007,BOLIVAR,99,Zona 99,42,LA PRADERA,1
11,CAUCA,007,BOLIVAR,99,Zona 99,44,ROMERILLOS,1
11,CAUCA,007,BOLIVAR,99,Zona 99,45,LA ESPERANZA O LA CUEVA,1
11,CAUCA,007,BOLIVAR,99,Zona 99,46,ANGONI,1
11,CAUCA,007,BOLIVAR,99,Zona 99,48,LA PUENTE,1
11,CAUCA,007,BOLIVAR,99,Zona 99,49,LA PLAYA DE SAN JUAN,1
11,CAUCA,007,BOLIVAR,99,Zona 99,50,GUAYABILLAS,1
11,CAUCA,007,BOLIVAR,99,Zona 99,52,LAS DANTAS,1
11,CAUCA,007,BOLIVAR,99,Zona 99,54,LA CALDERA,1
11,CAUCA,007,BOLIVAR,99,Zona 99,55,LA CARBONERA O MEJICO,3
11,CAUCA,007,BOLIVAR,99,Zona 99,56,LADERAS,1
11,CAUCA,007,BOLIVAR,99,Zona 99,57,TOLEDO,1
11,CAUCA,007,BOLIVAR,99,Zona 99,58,YUNGUILLA,1
11,CAUCA,007,BOLIVAR,99,Zona 99,60,LIMONGUAYCO BAJO,1
11,CAUCA,007,BOLIVAR,99,Zona 99,61,TRUJILLO,1
11,CAUCA,007,BOLIVAR,99,Zona 99,62,EL CIDRAL,1
11,CAUCA,007,BOLIVAR,99,Zona 99,63,CHALGUAYACO CUCHO,1
11,CAUCA,007,BOLIVAR,99,Zona 99,64,SAN ANTONIO DEL SILENCIO,1
11,CAUCA,007,BOLIVAR,99,Zona 99,65,FLORIDA ALTA,1
11,CAUCA,007,BOLIVAR,99,Zona 99,66,MONTE OSCURO,1
11,CAUCA,007,BOLIVAR,99,Zona 99,67,SAN ANTONIO,1
11,CAUCA,007,BOLIVAR,99,Zona 99,68,CHORRERA,1
11,CAUCA,007,BOLIVAR,99,Zona 99,69,MELCHOR VIEJO,1
11,CAUCA,007,BOLIVAR,99,Zona 99,70,LIMA,1
11,CAUCA,007,BOLIVAR,99,Zona 99,71,EL VENERO,1
11,CAUCA,007,BOLIVAR,99,Zona 99,72,EL BARRIAL,1
11,CAUCA,007,BOLIVAR,99,Zona 99,73,GUACAYANES,2
11,CAUCA,007,BOLIVAR,99,Zona 99,74,EL GUINEAL,1
11,CAUCA,007,BOLIVAR,99,Zona 99,75,EL RECODO,1
11,CAUCA,007,BOLIVAR,99,Zona 99,76,CARBONERO,1
11,CAUCA,007,BOLIVAR,99,Zona 99,77,LA ESTRELLA,1
11,CAUCA,007,BOLIVAR,99,Zona 99,78,BUENOS AIRES,1
11,CAUCA,007,BOLIVAR,99,Zona 99,79,POTRERILLOS,1
11,CAUCA,007,BOLIVAR,99,Zona 99,80,VILLA NUEVA,1
11,CAUCA,007,BOLIVAR,99,Zona 99,82,PLACETILLAS,1
11,CAUCA,007,BOLIVAR,99,Zona 99,83,LA DOMINGA,1
11,CAUCA,007,BOLIVAR,99,Zona 99,84,SANTA ANA,1
11,CAUCA,007,BOLIVAR,99,Zona 99,85,ARAGON,1
11,CAUCA,007,BOLIVAR,00,Zona 00,00,PUESTO CABECERA MUNICIPAL,20
11,CAUCA,010,BUENOS AIRES,99,Zona 99,01,AURES,2
11,CAUCA,010,BUENOS AIRES,99,Zona 99,02,ALTO NAYA,2
11,CAUCA,010,BUENOS AIRES,99,Zona 99,07,EL LLANITO,2
11,CAUCA,010,BUENOS AIRES,99,Zona 99,08,EL CERAL,3
11,CAUCA,010,BUENOS AIRES,99,Zona 99,11,EL PORVENIR,4
11,CAUCA,010,BUENOS AIRES,99,Zona 99,12,LA BALSA,5
11,CAUCA,010,BUENOS AIRES,99,Zona 99,15,SAN IGNACIO,3
11,CAUCA,010,BUENOS AIRES,99,Zona 99,17,TIMBA,6
11,CAUCA,010,BUENOS AIRES,99,Zona 99,18,SAN FRANCISCO,2
11,CAUCA,010,BUENOS AIRES,99,Zona 99,24,CASCAJERO,2
11,CAUCA,010,BUENOS AIRES,99,Zona 99,26,HONDURAS,5
11,CAUCA,010,BUENOS AIRES,99,Zona 99,55,MAZAMORRERO,2
11,CAUCA,010,BUENOS AIRES,99,Zona 99,60,PALOBLANCO,5
11,CAUCA,010,BUENOS AIRES,99,Zona 99,65,LAS DELICIAS,2
11,CAUCA,010,BUENOS AIRES,99,Zona 99,70,MUNCHIQUE,3
11,CAUCA,010,BUENOS AIRES,99,Zona 99,75,BRISAS DE MARILOPEZ,2
11,CAUCA,010,BUENOS AIRES,00,Zona 00,00,PUESTO CABECERA MUNICIPAL,11
11,CAUCA,013,CAJIBIO,99,Zona 99,01,DINDE,5
11,CAUCA,013,CAJIBIO,99,Zona 99,02,CAMPOALEGRE,5
11,CAUCA,013,CAJIBIO,99,Zona 99,03,SANTA TERESA (CASAS BAJAS),6
11,CAUCA,013,CAJIBIO,99,Zona 99,04,CHAUX,1
11,CAUCA,013,CAJIBIO,99,Zona 99,05,EL CARMELO,9
11,CAUCA,013,CAJIBIO,99,Zona 99,09,EL ROSARIO,4
11,CAUCA,013,CAJIBIO,99,Zona 99,10,EL TUNEL,3
11,CAUCA,013,CAJIBIO,99,Zona 99,11,LA CAPILLA,7
11,CAUCA,013,CAJIBIO,99,Zona 99,13,LA PEDREGOSA,6
11,CAUCA,013,CAJIBIO,99,Zona 99,14,EL RECUERDO,3
11,CAUCA,013,CAJIBIO,99,Zona 99,15,LA VENTA,5
11,CAUCA,013,CAJIBIO,99,Zona 99,17,ORTEGA,3
11,CAUCA,013,CAJIBIO,99,Zona 99,23,LA GRANJA,2
11,CAUCA,013,CAJIBIO,99,Zona 99,29,SAN ANTONIO,2
11,CAUCA,013,CAJIBIO,99,Zona 99,30,SAN JOSE DE LA LAGUNA,1
11,CAUCA,013,CAJIBIO,99,Zona 99,31,LA ARROYUELA,1
11,CAUCA,013,CAJIBIO,00,Zona 00,00,PUESTO CABECERA MUNICIPAL,20
11,CAUCA,016,CALDONO,99,Zona 99,01,CERRO ALTO,6
11,CAUCA,016,CALDONO,99,Zona 99,03,EL PITAL,4
11,CAUCA,016,CALDONO,99,Zona 99,05,LA AGUADA,4
11,CAUCA,016,CALDONO,99,Zona 99,09,PESCADOR,9
11,CAUCA,016,CALDONO,99,Zona 99,13,PIOYA,4
11,CAUCA,016,CALDONO,99,Zona 99,17,PLAN DE ZUÑIGA,6
11,CAUCA,016,CALDONO,99,Zona 99,21,PUEBLO NUEVO,9
11,CAUCA,016,CALDONO,99,Zona 99,25,SIBERIA (OVEJAS),14
11,CAUCA,016,CALDONO,99,Zona 99,26,ANDALUCIA,3
11,CAUCA,016,CALDONO,99,Zona 99,27,PALERMO,1
11,CAUCA,016,CALDONO,00,Zona 00,00,PUESTO CABECERA MUNICIPAL,21
11,CAUCA,022,CORINTO,99,Zona 99,01,EL JAGUAL,2
11,CAUCA,022,CORINTO,99,Zona 99,04,EL BARRANCO,1
11,CAUCA,022,CORINTO,99,Zona 99,07,LA COMINERA,2
11,CAUCA,022,CORINTO,99,Zona 99,13,LOS ANDES,5
11,CAUCA,022,CORINTO,99,Zona 99,17,MEDIA NARANJA,4
11,CAUCA,022,CORINTO,99,Zona 99,19,QUEBRADITAS,4
11,CAUCA,022,CORINTO,99,Zona 99,23,RIONEGRO,4
11,CAUCA,022,CORINTO,00,Zona 00,00,PUESTO CABECERA MUNICIPAL,37
11,CAUCA,025,EL TAMBO,99,Zona 99,01,ALTO DEL REY,3
11,CAUCA,025,EL TAMBO,99,Zona 99,04,BELEN LA CALERA,2
11,CAUCA,025,EL TAMBO,99,Zona 99,05,BARAYA,2
11,CAUCA,025,EL TAMBO,99,Zona 99,06,BUENAVISTA,1
11,CAUCA,025,EL TAMBO,99,Zona 99,07,BETANIA,1
11,CAUCA,025,EL TAMBO,99,Zona 99,08,CABUYAL,1
11,CAUCA,025,EL TAMBO,99,Zona 99,09,CHAPA,3
11,CAUCA,025,EL TAMBO,99,Zona 99,10,CIPRES PUEBLO NUEVO,2
11,CAUCA,025,EL TAMBO,99,Zona 99,13,CHISQUIO,3
11,CAUCA,025,EL TAMBO,99,Zona 99,14,EL CRUCERO DE PUEBLO NUEVO,2
11,CAUCA,025,EL TAMBO,99,Zona 99,15,CUATRO ESQUINAS,5
11,CAUCA,025,EL TAMBO,99,Zona 99,16,CALICHALES,1
11,CAUCA,025,EL TAMBO,99,Zona 99,17,EL PLACER,3
11,CAUCA,025,EL TAMBO,99,Zona 99,18,EL HIGUERON,1
11,CAUCA,025,EL TAMBO,99,Zona 99,19,EL PUENTE DEL RIO TIMBIO,1
11,CAUCA,025,EL TAMBO,99,Zona 99,21,EL ZARZAL,4
11,CAUCA,025,EL TAMBO,99,Zona 99,22,EL HOYO,1
11,CAUCA,025,EL TAMBO,99,Zona 99,23,EL OCHENTA Y UNO (LA GALLERA),1
11,CAUCA,025,EL TAMBO,99,Zona 99,25,GAMBOA (SAN ANTONIO),1
11,CAUCA,025,EL TAMBO,99,Zona 99,26,GUAZAVARITA,1
11,CAUCA,025,EL TAMBO,99,Zona 99,29,GRANADA,1
11,CAUCA,025,EL TAMBO,99,Zona 99,33,HUISITO,9
11,CAUCA,025,EL TAMBO,99,Zona 99,35,LA BANDA,1
11,CAUCA,025,EL TAMBO,99,Zona 99,36,LISBOA DAJUANDO,1
11,CAUCA,025,EL TAMBO,99,Zona 99,37,LA ALIANZA,2
11,CAUCA,025,EL TAMBO,99,Zona 99,38,LA CUCHILLA,1
11,CAUCA,025,EL TAMBO,99,Zona 99,39,LA ROMELIA,1
11,CAUCA,025,EL TAMBO,99,Zona 99,40,LAS PIEDRAS,3
11,CAUCA,025,EL TAMBO,99,Zona 99,41,LA PAZ,2
11,CAUCA,025,EL TAMBO,99,Zona 99,42,LOS ANDES,2
11,CAUCA,025,EL TAMBO,99,Zona 99,43,VILLA AL MAR (FONDAS),3
11,CAUCA,025,EL TAMBO,99,Zona 99,44,LOS ANGELES,3
11,CAUCA,025,EL TAMBO,99,Zona 99,45,LOS ANAYES,3
11,CAUCA,025,EL TAMBO,99,Zona 99,46,LIMONCITO MIRRINGA,1
11,CAUCA,025,EL TAMBO,99,Zona 99,47,MONTERREDONDO,1
11,CAUCA,025,EL TAMBO,99,Zona 99,49,MOSQUERA,1
11,CAUCA,025,EL TAMBO,99,Zona 99,50,LA LAGUNA,2
11,CAUCA,025,EL TAMBO,99,Zona 99,51,LA VENTA,1
11,CAUCA,025,EL TAMBO,99,Zona 99,52,LA VENTANA,1
11,CAUCA,025,EL TAMBO,99,Zona 99,53,PANDIGUANDO,2
11,CAUCA,025,EL TAMBO,99,Zona 99,55,LAS HUERTAS,1
11,CAUCA,025,EL TAMBO,99,Zona 99,57,PIAGUA,5
11,CAUCA,025,EL TAMBO,99,Zona 99,59,PLAYA RICA,3
11,CAUCA,025,EL TAMBO,99,Zona 99,60,PUERTA LLAVE,1
11,CAUCA,025,EL TAMBO,99,Zona 99,63,LOS LLANOS,1
11,CAUCA,025,EL TAMBO,99,Zona 99,65,QUILCACE,3
11,CAUCA,025,EL TAMBO,99,Zona 99,67,RIO HONDO,2
11,CAUCA,025,EL TAMBO,99,Zona 99,68,RIOSUCIO,2
11,CAUCA,025,EL TAMBO,99,Zona 99,69,RONDON (LA PALOMA),1
11,CAUCA,025,EL TAMBO,99,Zona 99,73,SABANETAS,1
11,CAUCA,025,EL TAMBO,99,Zona 99,75,MURGUEITIO,1
11,CAUCA,025,EL TAMBO,99,Zona 99,77,SAN JOAQUIN,5
11,CAUCA,025,EL TAMBO,99,Zona 99,81,SAN JUAN DE MECHENGUE,4
11,CAUCA,025,EL TAMBO,99,Zona 99,83,SEGUENGUE,2
11,CAUCA,025,EL TAMBO,99,Zona 99,85,URIBE,5
11,CAUCA,025,EL TAMBO,99,Zona 99,90,PEPITAL,1
11,CAUCA,025,EL TAMBO,99,Zona 99,91,LAS PALMAS,1
11,CAUCA,025,EL TAMBO,99,Zona 99,92,EL RECUERDO,1
11,CAUCA,025,EL TAMBO,99,Zona 99,93,EL JAGUAL,1
11,CAUCA,025,EL TAMBO,99,Zona 99,94,COSTA NUEVA,1
11,CAUCA,025,EL TAMBO,99,Zona 99,95,NAYITA,1
11,CAUCA,025,EL TAMBO,00,Zona 00,00,PUESTO CABECERA MUNICIPAL,22
11,CAUCA,027,FLORENCIA,99,Zona 99,25,EL ROSARIO,2
11,CAUCA,027,FLORENCIA,99,Zona 99,40,MARSELLA,2
11,CAUCA,027,FLORENCIA,00,Zona 00,00,PUESTO CABECERA MUNICIPAL,12
11,CAUCA,028,GUAPI,99,Zona 99,01,ALFONSO LOPEZ (BALSITAS),1
11,CAUCA,028,GUAPI,99,Zona 99,03,BOCA DE NAPI,1
11,CAUCA,028,GUAPI,99,Zona 99,05,NAPI (BELEN),2
11,CAUCA,028,GUAPI,99,Zona 99,07,CASCAJERO O SAN FRANCISCO,1
11,CAUCA,028,GUAPI,99,Zona 99,09,BENJAMIN HERRERA (SAN VICENTE,1
11,CAUCA,028,GUAPI,99,Zona 99,13,CALLE LARGA,1
11,CAUCA,028,GUAPI,99,Zona 99,14,EL ATAJO,2
11,CAUCA,028,GUAPI,99,Zona 99,15,EL CARMELO,2
11,CAUCA,028,GUAPI,99,Zona 99,17,CONCEPCION,1
11,CAUCA,028,GUAPI,99,Zona 99,19,CHAMON,3
11,CAUCA,028,GUAPI,99,Zona 99,20,CHANZARA,1
11,CAUCA,028,GUAPI,99,Zona 99,21,ROSARIO,1
11,CAUCA,028,GUAPI,99,Zona 99,25,ISLAS GORGONA Y GORGONILLA,1
11,CAUCA,028,GUAPI,99,Zona 99,26,LAS JUNTAS,1
11,CAUCA,028,GUAPI,99,Zona 99,27,LA SOLEDAD,1
11,CAUCA,028,GUAPI,99,Zona 99,29,LIMONES,3
11,CAUCA,028,GUAPI,99,Zona 99,31,LLANTIN,1
11,CAUCA,028,GUAPI,99,Zona 99,33,OLAYA HERRERA (GUARE),1
11,CAUCA,028,GUAPI,99,Zona 99,35,QUIROGA,2
11,CAUCA,028,GUAPI,99,Zona 99,36,SAN ANTONIO DEL NAPI,1
11,CAUCA,028,GUAPI,99,Zona 99,37,SAN ANTONIO (GUAJI),2
11,CAUCA,028,GUAPI,99,Zona 99,39,SAN AGUSTIN,1
11,CAUCA,028,GUAPI,99,Zona 99,41,SAN FRANCISCO (CHUARE),1
11,CAUCA,028,GUAPI,99,Zona 99,43,SANTA CLARA,1
11,CAUCA,028,GUAPI,99,Zona 99,45,URIBE URIBE (NARANJO),1
11,CAUCA,028,GUAPI,99,Zona 99,46,BELLAVISTA CHANZARA,1
11,CAUCA,028,GUAPI,99,Zona 99,47,SANTA ANA SAN FRANCISCO,1
11,CAUCA,028,GUAPI,99,Zona 99,48,CAIMITO,1
11,CAUCA,028,GUAPI,99,Zona 99,49,JOANICO,1
11,CAUCA,028,GUAPI,99,Zona 99,50,PENITENTE,1
11,CAUCA,028,GUAPI,00,Zona 00,00,PUESTO CABECERA MUNICIPAL,32
11,CAUCA,029,GUACHENE,99,Zona 99,03,CABAÑITAS,3
11,CAUCA,029,GUACHENE,99,Zona 99,05,VEREDAS UNIDAS(CAPONERA),4
11,CAUCA,029,GUACHENE,99,Zona 99,10,EL GUABAL,3
11,CAUCA,029,GUACHENE,99,Zona 99,15,EL SILENCIO,1
11,CAUCA,029,GUACHENE,99,Zona 99,20,LA CABAÑA,5
11,CAUCA,029,GUACHENE,99,Zona 99,30,LLANO DE TAULA,3
11,CAUCA,029,GUACHENE,99,Zona 99,35,OBANDO,3
11,CAUCA,029,GUACHENE,99,Zona 99,40,SABANETAS,2
11,CAUCA,029,GUACHENE,99,Zona 99,45,VEREDAS DEL SUR(SAN JACINTO),5
11,CAUCA,029,GUACHENE,99,Zona 99,50,SAN JOSE,2
11,CAUCA,029,GUACHENE,00,Zona 00,00,PUESTO CABECERA MUNICIPAL,16
11,CAUCA,031,INZA,99,Zona 99,01,CALDERAS,3
11,CAUCA,031,INZA,99,Zona 99,04,GUANACAS,3
11,CAUCA,031,INZA,99,Zona 99,05,SAN JOSE (LA LAGUNA),4
11,CAUCA,031,INZA,99,Zona 99,09,PEDREGAL,6
11,CAUCA,031,INZA,99,Zona 99,11,EL LAGO LA GAITANA,1
11,CAUCA,031,INZA,99,Zona 99,13,PUERTO VALENCIA,1
11,CAUCA,031,INZA,99,Zona 99,15,SAN MIGUEL,2
11,CAUCA,031,INZA,99,Zona 99,17,SAN ANDRES,5
11,CAUCA,031,INZA,99,Zona 99,21,SANTA ROSA,3
11,CAUCA,031,INZA,99,Zona 99,25,SANTA TERESA,2
11,CAUCA,031,INZA,99,Zona 99,29,TOPA,1
11,CAUCA,031,INZA,99,Zona 99,33,TUMBICHUCUE,2
11,CAUCA,031,INZA,99,Zona 99,35,SEGOVIA,2
11,CAUCA,031,INZA,99,Zona 99,37,TURMINA,6
11,CAUCA,031,INZA,99,Zona 99,38,SAN ISIDRO,1
11,CAUCA,031,INZA,99,Zona 99,39,SAN ANTONIO,1
11,CAUCA,031,INZA,99,Zona 99,40,LA PALMERA,1
11,CAUCA,031,INZA,99,Zona 99,41,YARUMAL,1
11,CAUCA,031,INZA,99,Zona 99,42,LA MILAGROSA,2
11,CAUCA,031,INZA,00,Zona 00,00,PUESTO CABECERA MUNICIPAL,18
11,CAUCA,034,JAMBALO,99,Zona 99,01,SALON COMUNAL,7
11,CAUCA,034,JAMBALO,99,Zona 99,03,CTRO DOC. RURAL MIXTO EL TRAPICHE,2
11,CAUCA,034,JAMBALO,99,Zona 99,05,ESCUELA RURAL MIXTA LOMA REDONDA,4
11,CAUCA,034,JAMBALO,99,Zona 99,09,CENTRO DOCENTE RURAL VALLES HONDOS,1
11,CAUCA,034,JAMBALO,99,Zona 99,30,ESCUELA RURAL MIXTA LA ESPERANZA,3
11,CAUCA,034,JAMBALO,99,Zona 99,31,CENTRO DOCENTE RURAL MIXTO PALETON,2
11,CAUCA,034,JAMBALO,99,Zona 99,32,ESCUELA RURAL MIXTA LOMA GORDA,2
11,CAUCA,034,JAMBALO,00,Zona 00,00,CENTRO DOCENTE URBANO MIXTO JAMBALO,12
11,CAUCA,037,LA SIERRA,99,Zona 99,05,LA DEPRESION,3
11,CAUCA,037,LA SIERRA,99,Zona 99,19,JUANA CASTAÑA,1
11,CAUCA,037,LA SIERRA,99,Zona 99,25,LOS ROBLES,1
11,CAUCA,037,LA SIERRA,99,Zona 99,70,SAN PEDRO,1
11,CAUCA,037,LA SIERRA,00,Zona 00,00,PUESTO CABECERA MUNICIPAL,23
11,CAUCA,040,LA VEGA,99,Zona 99,01,ALTAMIRA,4
11,CAUCA,040,LA VEGA,99,Zona 99,03,ALBANIA,2
11,CAUCA,040,LA VEGA,99,Zona 99,05,ARBELA,3
11,CAUCA,040,LA VEGA,99,Zona 99,09,EL DIVISO,1
11,CAUCA,040,LA VEGA,99,Zona 99,11,EL PALMAR,2
11,CAUCA,040,LA VEGA,99,Zona 99,13,GUACHICONO,6
11,CAUCA,040,LA VEGA,99,Zona 99,15,CHAUPILOMA,1
11,CAUCA,040,LA VEGA,99,Zona 99,17,PANCITARA,4
11,CAUCA,040,LA VEGA,99,Zona 99,21,SAN MIGUEL POLIDEPORTIVO,5
11,CAUCA,040,LA VEGA,99,Zona 99,22,SAN MIGUEL COLEGIO,3
11,CAUCA,040,LA VEGA,99,Zona 99,23,SANTA BARBARA,2
11,CAUCA,040,LA VEGA,99,Zona 99,24,DOMINICAL,1
11,CAUCA,040,LA VEGA,99,Zona 99,25,SANTA JUANA,2
11,CAUCA,040,LA VEGA,99,Zona 99,27,LA CARRERA,1
11,CAUCA,040,LA VEGA,99,Zona 99,29,PLACER (SANTA RITA),3
11,CAUCA,040,LA VEGA,99,Zona 99,43,LOS CIRUELOS,1
11,CAUCA,040,LA VEGA,99,Zona 99,45,LOS UVOS,3
11,CAUCA,040,LA VEGA,99,Zona 99,50,VILLAMARIA,2
11,CAUCA,040,LA VEGA,00,Zona 00,00,PUESTO CABECERA MUNICIPAL,7
11,CAUCA,043,LOPEZ (MICAY),99,Zona 99,01,AGUA CLARA (GOLONDRO),2
11,CAUCA,043,LOPEZ (MICAY),99,Zona 99,02,BAJO SIGUI,1
11,CAUCA,043,LOPEZ (MICAY),99,Zona 99,03,BETANIA,2
11,CAUCA,043,LOPEZ (MICAY),99,Zona 99,04,CACAO,1
11,CAUCA,043,LOPEZ (MICAY),99,Zona 99,06,CALLE LARGA (NAYA),1
11,CAUCA,043,LOPEZ (MICAY),99,Zona 99,07,CANDELARIA,1
11,CAUCA,043,LOPEZ (MICAY),99,Zona 99,08,EL COCO,1
11,CAUCA,043,LOPEZ (MICAY),99,Zona 99,09,RIO NAYA (DOS QUEBRADAS),1
11,CAUCA,043,LOPEZ (MICAY),99,Zona 99,10,CHIGUERO,1
11,CAUCA,043,LOPEZ (MICAY),99,Zona 99,11,BOCAGRANDE,2
11,CAUCA,043,LOPEZ (MICAY),99,Zona 99,13,EL PLAYON (EL SIGUI),2
11,CAUCA,043,LOPEZ (MICAY),99,Zona 99,14,EL TRUENO,1
11,CAUCA,043,LOPEZ (MICAY),99,Zona 99,15,EL TRAPICHE,1
11,CAUCA,043,LOPEZ (MICAY),99,Zona 99,16,GUAYABAL,2
11,CAUCA,043,LOPEZ (MICAY),99,Zona 99,17,JOLI,2
11,CAUCA,043,LOPEZ (MICAY),99,Zona 99,18,LAS CRUCES,1
11,CAUCA,043,LOPEZ (MICAY),99,Zona 99,19,LA CONCEPCION,2
11,CAUCA,043,LOPEZ (MICAY),99,Zona 99,20,LA SAGRADA FAMILIA,2
11,CAUCA,043,LOPEZ (MICAY),99,Zona 99,21,NOANAMITO,3
11,CAUCA,043,LOPEZ (MICAY),99,Zona 99,22,LAS PAVAS,1
11,CAUCA,043,LOPEZ (MICAY),99,Zona 99,23,PLAYA GRANDE,1
11,CAUCA,043,LOPEZ (MICAY),99,Zona 99,25,SAN ANTONIO DE CHUARE,3
11,CAUCA,043,LOPEZ (MICAY),99,Zona 99,26,SAN ANTONIO DE GURUMENDY,1
11,CAUCA,043,LOPEZ (MICAY),99,Zona 99,27,SAN BARTOLO,1
11,CAUCA,043,LOPEZ (MICAY),99,Zona 99,28,SAN FERNANDO,1
11,CAUCA,043,LOPEZ (MICAY),99,Zona 99,29,SAN ISIDRO,1
11,CAUCA,043,LOPEZ (MICAY),99,Zona 99,31,SAN FRANCISCO ADENTRO,2
11,CAUCA,043,LOPEZ (MICAY),99,Zona 99,33,SAN PEDRO DE NAYA,1
11,CAUCA,043,LOPEZ (MICAY),99,Zona 99,35,SANTA ANA,1
11,CAUCA,043,LOPEZ (MICAY),99,Zona 99,36,TAPARAL,1
11,CAUCA,043,LOPEZ (MICAY),99,Zona 99,37,ZARAGOZA,3
11,CAUCA,043,LOPEZ (MICAY),99,Zona 99,40,BRAZO DE LA ROTURA,1
11,CAUCA,043,LOPEZ (MICAY),99,Zona 99,41,CORRENTON,1
11,CAUCA,043,LOPEZ (MICAY),99,Zona 99,42,CACAHUAL,1
11,CAUCA,043,LOPEZ (MICAY),99,Zona 99,43,VALENTIN,1
11,CAUCA,043,LOPEZ (MICAY),99,Zona 99,44,ISLA DE GALLO,1
11,CAUCA,043,LOPEZ (MICAY),99,Zona 99,45,RIO VIEJO,1
11,CAUCA,043,LOPEZ (MICAY),99,Zona 99,46,REDONDITO,1
11,CAUCA,043,LOPEZ (MICAY),00,Zona 00,00,PUESTO CABECERA MUNICIPAL,8
11,CAUCA,046,MERCADERES,99,Zona 99,01,ALTO DE MAYO,1
11,CAUCA,046,MERCADERES,99,Zona 99,02,CURACAS,2
11,CAUCA,046,MERCADERES,99,Zona 99,03,CAJAMARCA,1
11,CAUCA,046,MERCADERES,99,Zona 99,04,EL BADO,1
11,CAUCA,046,MERCADERES,99,Zona 99,05,ARBOLEDAS,3
11,CAUCA,046,MERCADERES,99,Zona 99,06,TABLONES ALTOS (EL MERCADO DE,1
11,CAUCA,046,MERCADERES,99,Zona 99,07,EL PILON,1
11,CAUCA,046,MERCADERES,99,Zona 99,08,ESMERALDAS,3
11,CAUCA,046,MERCADERES,99,Zona 99,11,LA DESPENSA,1
11,CAUCA,046,MERCADERES,99,Zona 99,12,MOJARRAS,2
11,CAUCA,046,MERCADERES,99,Zona 99,13,SAN JOAQUIN,4
11,CAUCA,046,MERCADERES,99,Zona 99,15,LOS LLANOS,1
11,CAUCA,046,MERCADERES,99,Zona 99,16,LOS MEDIOS,1
11,CAUCA,046,MERCADERES,99,Zona 99,17,SAN JUANITO,1
11,CAUCA,046,MERCADERES,99,Zona 99,19,BUENOS AIRES,1
11,CAUCA,046,MERCADERES,99,Zona 99,23,EL CARBONERO,1
11,CAUCA,046,MERCADERES,99,Zona 99,30,SOMBRERILLOS,2
11,CAUCA,046,MERCADERES,99,Zona 99,80,VILLAMARIA,1
11,CAUCA,046,MERCADERES,00,Zona 00,00,PUESTO CABECERA MUNICIPAL,20
11,CAUCA,053,PADILLA,99,Zona 99,03,CUERNAVACA,2
11,CAUCA,053,PADILLA,99,Zona 99,05,EL CHAMIZO,1
11,CAUCA,053,PADILLA,99,Zona 99,07,LA PAILA,2
11,CAUCA,053,PADILLA,99,Zona 99,13,LAS COSECHAS,2
11,CAUCA,053,PADILLA,99,Zona 99,20,EL TETILLO,1
11,CAUCA,053,PADILLA,99,Zona 99,25,YARUMALES,3
11,CAUCA,053,PADILLA,00,Zona 00,00,PUESTO CABECERA MUNICIPAL,13
11,CAUCA,055,PAEZ (BELALCAZAR),99,Zona 99,01,ARAUJO,1
11,CAUCA,055,PAEZ (BELALCAZAR),99,Zona 99,03,ARANZAZU,1
11,CAUCA,055,PAEZ (BELALCAZAR),99,Zona 99,05,AVIRAMA,4
11,CAUCA,055,PAEZ (BELALCAZAR),99,Zona 99,07,CHINAS,2
11,CAUCA,055,PAEZ (BELALCAZAR),99,Zona 99,09,COHETANDO,3
11,CAUCA,055,PAEZ (BELALCAZAR),99,Zona 99,11,EL CANELO,2
11,CAUCA,055,PAEZ (BELALCAZAR),99,Zona 99,13,EL COLORADO,1
11,CAUCA,055,PAEZ (BELALCAZAR),99,Zona 99,17,HUILA (IRLANDA),4
11,CAUCA,055,PAEZ (BELALCAZAR),99,Zona 99,21,ITAIBE,4
11,CAUCA,055,PAEZ (BELALCAZAR),99,Zona 99,29,LAME,2
11,CAUCA,055,PAEZ (BELALCAZAR),99,Zona 99,33,LA PALMA,3
11,CAUCA,055,PAEZ (BELALCAZAR),99,Zona 99,35,LA TROJA,1
11,CAUCA,055,PAEZ (BELALCAZAR),99,Zona 99,37,MOSOCO,3
11,CAUCA,055,PAEZ (BELALCAZAR),99,Zona 99,41,RICAURTE,3
11,CAUCA,055,PAEZ (BELALCAZAR),99,Zona 99,42,RIOCHIQUITO,4
11,CAUCA,055,PAEZ (BELALCAZAR),99,Zona 99,45,SAN LUIS (POTRERILLO),3
11,CAUCA,055,PAEZ (BELALCAZAR),99,Zona 99,49,TALAGA,3
11,CAUCA,055,PAEZ (BELALCAZAR),99,Zona 99,50,TARAVIRA,2
11,CAUCA,055,PAEZ (BELALCAZAR),99,Zona 99,51,TOEZ,1
11,CAUCA,055,PAEZ (BELALCAZAR),99,Zona 99,53,TOGOIMA,4
11,CAUCA,055,PAEZ (BELALCAZAR),99,Zona 99,55,VILLA RODRIGUEZ (GUADUALEJO),2
11,CAUCA,055,PAEZ (BELALCAZAR),99,Zona 99,57,VITONCO,4
11,CAUCA,055,PAEZ (BELALCAZAR),99,Zona 99,58,EL CIPRES,1
11,CAUCA,055,PAEZ (BELALCAZAR),99,Zona 99,59,LA CEJA,2
11,CAUCA,055,PAEZ (BELALCAZAR),99,Zona 99,60,LA MURALLA,2
11,CAUCA,055,PAEZ (BELALCAZAR),99,Zona 99,61,EL CARMEN DEL SALADO,1
11,CAUCA,055,PAEZ (BELALCAZAR),99,Zona 99,62,GUAPIO,1
11,CAUCA,055,PAEZ (BELALCAZAR),99,Zona 99,63,BOTA TIERRA,1
11,CAUCA,055,PAEZ (BELALCAZAR),99,Zona 99,64,MONTE CRUZ,2
11,CAUCA,055,PAEZ (BELALCAZAR),00,Zona 00,00,PUESTO CABECERA MUNICIPAL,15
11,CAUCA,060,PIAMONTE,99,Zona 99,01,BAJO CONGOR,1
11,CAUCA,060,PIAMONTE,99,Zona 99,05,BOMBONAL,1
11,CAUCA,060,PIAMONTE,99,Zona 99,10,CAMPOALEGRE,1
11,CAUCA,060,PIAMONTE,99,Zona 99,20,EL CARAÑO,1
11,CAUCA,060,PIAMONTE,99,Zona 99,25,FRAGUA VIEJO,1
11,CAUCA,060,PIAMONTE,99,Zona 99,30,MIRAFLOR,4
11,CAUCA,060,PIAMONTE,99,Zona 99,40,NAPOLES,1
11,CAUCA,060,PIAMONTE,99,Zona 99,60,PUERTO BELLO,1
11,CAUCA,060,PIAMONTE,99,Zona 99,70,REMANSO,1
11,CAUCA,060,PIAMONTE,99,Zona 99,80,YAPURA,1
11,CAUCA,060,PIAMONTE,99,Zona 99,81,LA PALMERA,1
11,CAUCA,060,PIAMONTE,00,Zona 00,00,PUESTO CABECERA MUNICIPAL,12
11,CAUCA,067,PURACE (COCONUCO),99,Zona 99,01,PURACE,6
11,CAUCA,067,PURACE (COCONUCO),99,Zona 99,05,GUILLERMO VALENCIA (PALETARA),5
11,CAUCA,067,PURACE (COCONUCO),99,Zona 99,08,LA PLAYA,2
11,CAUCA,067,PURACE (COCONUCO),99,Zona 99,09,SANTA LETICIA,5
11,CAUCA,067,PURACE (COCONUCO),00,Zona 00,00,PUESTO CABECERA MUNICIPAL,13
11,CAUCA,070,ROSAS,99,Zona 99,01,PARRAGA,3
11,CAUCA,070,ROSAS,99,Zona 99,05,GUALOTO (EL SAUCE),3
11,CAUCA,070,ROSAS,99,Zona 99,36,MARQUES,1
11,CAUCA,070,ROSAS,99,Zona 99,38,LOMA BAJO,3
11,CAUCA,070,ROSAS,99,Zona 99,39,UFUGU,1
11,CAUCA,070,ROSAS,00,Zona 00,00,PUESTO CABECERA MUNICIPAL,17
11,CAUCA,073,SAN SEBASTIAN,99,Zona 99,01,EL ROSAL,5
11,CAUCA,073,SAN SEBASTIAN,99,Zona 99,05,MARMATO,2
11,CAUCA,073,SAN SEBASTIAN,99,Zona 99,07,PARAMILLOS,2
11,CAUCA,073,SAN SEBASTIAN,99,Zona 99,09,SANTIAGO,5
11,CAUCA,073,SAN SEBASTIAN,99,Zona 99,13,VALENCIA,3
11,CAUCA,073,SAN SEBASTIAN,99,Zona 99,17,VENECIA,2
11,CAUCA,073,SAN SEBASTIAN,00,Zona 00,00,PUESTO CABECERA MUNICIPAL,5
11,CAUCA,079,SANTA ROSA,99,Zona 99,01,DESCANSE,1
11,CAUCA,079,SANTA ROSA,99,Zona 99,05,EL CARMELO (CUARIACO),1
11,CAUCA,079,SANTA ROSA,99,Zona 99,08,LOS AZULES,1
11,CAUCA,079,SANTA ROSA,99,Zona 99,10,LA PRIMAVERA O LA PLANADA,1
11,CAUCA,079,SANTA ROSA,99,Zona 99,11,SAN JUAN VILLALOBOS,3
11,CAUCA,079,SANTA ROSA,99,Zona 99,12,SAN ANDRES,1
11,CAUCA,079,SANTA ROSA,99,Zona 99,13,SANTA CLARA,1
11,CAUCA,079,SANTA ROSA,99,Zona 99,15,SANTA MARTA,2
11,CAUCA,079,SANTA ROSA,99,Zona 99,16,VILLA MOSQUERA,2
11,CAUCA,079,SANTA ROSA,99,Zona 99,17,VILLALOBOS O SANTA MARIA,1
11,CAUCA,079,SANTA ROSA,00,Zona 00,00,PUESTO CABECERA MUNICIPAL,4
11,CAUCA,082,SILVIA,98,Zona 98,01,CARCEL,1
11,CAUCA,082,SILVIA,99,Zona 99,01,GUAMBIA,5
11,CAUCA,082,SILVIA,99,Zona 99,02,EL CACIQUE,3
11,CAUCA,082,SILVIA,99,Zona 99,03,MENDEZ,1
11,CAUCA,082,SILVIA,99,Zona 99,04,MIRAFLORES,1
11,CAUCA,082,SILVIA,99,Zona 99,05,PITAYO,7
11,CAUCA,082,SILVIA,99,Zona 99,06,ALTO GRANDE,1
11,CAUCA,082,SILVIA,99,Zona 99,07,LA AGUADA,1
11,CAUCA,082,SILVIA,99,Zona 99,08,EL JARDIN,1
11,CAUCA,082,SILVIA,99,Zona 99,09,PUEBLITO,4
11,CAUCA,082,SILVIA,99,Zona 99,10,EL SALADO,2
11,CAUCA,082,SILVIA,99,Zona 99,11,LA ESTRELLA,1
11,CAUCA,082,SILVIA,99,Zona 99,12,LAGUNA SECA,1
11,CAUCA,082,SILVIA,99,Zona 99,13,QUICHAYA,5
11,CAUCA,082,SILVIA,99,Zona 99,14,LOMA DEL CARMEN,2
11,CAUCA,082,SILVIA,99,Zona 99,15,SAN PEDRO DEL BOSQUE,2
11,CAUCA,082,SILVIA,99,Zona 99,16,TUMBURAO,1
11,CAUCA,082,SILVIA,99,Zona 99,17,USENDA,3
11,CAUCA,082,SILVIA,99,Zona 99,18,SAN ANTONIO,1
11,CAUCA,082,SILVIA,99,Zona 99,19,LA OVEJERA,3
11,CAUCA,082,SILVIA,99,Zona 99,20,MICHAMBE,1
11,CAUCA,082,SILVIA,99,Zona 99,21,VALLE NUEVO,1
11,CAUCA,082,SILVIA,00,Zona 00,00,PUESTO CABECERA MUNICIPAL,32
11,CAUCA,085,SOTARA (PAISPAMBA),99,Zona 99,01,CHAPA,1
11,CAUCA,085,SOTARA (PAISPAMBA),99,Zona 99,03,BUENAVISTA,1
11,CAUCA,085,SOTARA (PAISPAMBA),99,Zona 99,05,CHIRIBIO,1
11,CAUCA,085,SOTARA (PAISPAMBA),99,Zona 99,07,EL CARMEN,2
11,CAUCA,085,SOTARA (PAISPAMBA),99,Zona 99,09,EL CRUCERO,3
11,CAUCA,085,SOTARA (PAISPAMBA),99,Zona 99,13,HATO FRIO,1
11,CAUCA,085,SOTARA (PAISPAMBA),99,Zona 99,15,LA PAZ,2
11,CAUCA,085,SOTARA (PAISPAMBA),99,Zona 99,16,PIEDRELEON,2
11,CAUCA,085,SOTARA (PAISPAMBA),99,Zona 99,17,RIO BLANCO,5
11,CAUCA,085,SOTARA (PAISPAMBA),99,Zona 99,60,SACHACOCO,3
11,CAUCA,085,SOTARA (PAISPAMBA),99,Zona 99,61,EL PLATANILLAL,1
11,CAUCA,085,SOTARA (PAISPAMBA),99,Zona 99,62,LA ESPERANZA,1
11,CAUCA,085,SOTARA (PAISPAMBA),99,Zona 99,63,EL PEÑON LAS CORRALEJAS,1
11,CAUCA,085,SOTARA (PAISPAMBA),00,Zona 00,00,PUESTO CABECERA MUNICIPAL,5
11,CAUCA,086,SUCRE,99,Zona 99,15,EL PARAISO,2
11,CAUCA,086,SUCRE,99,Zona 99,20,LA CEJA,2
11,CAUCA,086,SUCRE,99,Zona 99,25,CRUCERO BELLO,2
11,CAUCA,086,SUCRE,99,Zona 99,30,LA CUMBRE,1
11,CAUCA,086,SUCRE,99,Zona 99,35,CASCADAS,1
11,CAUCA,086,SUCRE,99,Zona 99,45,EL TESORO,1
11,CAUCA,086,SUCRE,99,Zona 99,50,MAZAMORRAS,1
11,CAUCA,086,SUCRE,99,Zona 99,55,EL RETIRO,2
11,CAUCA,086,SUCRE,99,Zona 99,60,TEQUENDAMA,1
11,CAUCA,086,SUCRE,99,Zona 99,65,EL FRESNO,1
11,CAUCA,086,SUCRE,99,Zona 99,70,EL CARMELO,1
11,CAUCA,086,SUCRE,00,Zona 00,00,PUESTO CABECERA MUNICIPAL,7
11,CAUCA,087,SUAREZ,99,Zona 99,01,ALTAMIRA,2
11,CAUCA,087,SUAREZ,99,Zona 99,02,AGUA CLARA CANELAR,4
11,CAUCA,087,SUAREZ,99,Zona 99,05,ASNAZU,5
11,CAUCA,087,SUAREZ,99,Zona 99,10,BETULIA,5
11,CAUCA,087,SUAREZ,99,Zona 99,20,BELLAVISTA,3
11,CAUCA,087,SUAREZ,99,Zona 99,25,EL HATO (SANTA MARTA),1
11,CAUCA,087,SUAREZ,99,Zona 99,30,YOLOMBO,2
11,CAUCA,087,SUAREZ,99,Zona 99,40,LOS ROBLES,3
11,CAUCA,087,SUAREZ,99,Zona 99,45,LA MESETA,2
11,CAUCA,087,SUAREZ,99,Zona 99,50,LA TOMA,4
11,CAUCA,087,SUAREZ,99,Zona 99,55,MINDALA,2
11,CAUCA,087,SUAREZ,99,Zona 99,58,MATECAÑA,1
11,CAUCA,087,SUAREZ,99,Zona 99,59,SAN PABLO,1
11,CAUCA,087,SUAREZ,99,Zona 99,60,TAMBORAL,1
11,CAUCA,087,SUAREZ,99,Zona 99,61,PORTUGAL,1
11,CAUCA,087,SUAREZ,00,Zona 00,00,PUESTO CABECERA MUNICIPAL,25
11,CAUCA,091,TIMBIQUI,99,Zona 99,01,CAMARONES,1
11,CAUCA,091,TIMBIQUI,99,Zona 99,02,BOCA DE PATIA,1
11,CAUCA,091,TIMBIQUI,99,Zona 99,03,BUBUEY,2
11,CAUCA,091,TIMBIQUI,99,Zona 99,04,CHACON,1
11,CAUCA,091,TIMBIQUI,99,Zona 99,05,COTEJE,2
11,CAUCA,091,TIMBIQUI,99,Zona 99,06,CHETE,2
11,CAUCA,091,TIMBIQUI,99,Zona 99,07,ANGOSTURA,1
11,CAUCA,091,TIMBIQUI,99,Zona 99,08,EL CHARCO,1
11,CAUCA,091,TIMBIQUI,99,Zona 99,09,PETE,2
11,CAUCA,091,TIMBIQUI,99,Zona 99,10,COROZAL,2
11,CAUCA,091,TIMBIQUI,99,Zona 99,11,EL REALITO,1
11,CAUCA,091,TIMBIQUI,99,Zona 99,12,CUERVAL,1
11,CAUCA,091,TIMBIQUI,99,Zona 99,13,SAN BERNARDO,1
11,CAUCA,091,TIMBIQUI,99,Zona 99,14,CUPI,2
11,CAUCA,091,TIMBIQUI,99,Zona 99,15,GUANGUI,2
11,CAUCA,091,TIMBIQUI,99,Zona 99,16,BRAZO CORTO,2
11,CAUCA,091,TIMBIQUI,99,Zona 99,17,SAN JOSE,2
11,CAUCA,091,TIMBIQUI,99,Zona 99,18,LAS BREAS,1
11,CAUCA,091,TIMBIQUI,99,Zona 99,19,INFI,1
11,CAUCA,091,TIMBIQUI,99,Zona 99,20,PIZARES,1
11,CAUCA,091,TIMBIQUI,99,Zona 99,21,SANTA MARIA,3
11,CAUCA,091,TIMBIQUI,99,Zona 99,25,SANTA ROSA DE SAIJA,1
11,CAUCA,091,TIMBIQUI,99,Zona 99,30,CABECITAL,1
11,CAUCA,091,TIMBIQUI,99,Zona 99,34,SOLEDAD DE YANTIN,1
11,CAUCA,091,TIMBIQUI,99,Zona 99,40,SAN MIGUEL DE INFI,2
11,CAUCA,091,TIMBIQUI,99,Zona 99,55,LOS BRAZOS SAIJA,2
11,CAUCA,091,TIMBIQUI,99,Zona 99,70,PUERTO SAIJA,5
11,CAUCA,091,TIMBIQUI,99,Zona 99,85,SAN MIGUEL DEL RIO,1
11,CAUCA,091,TIMBIQUI,99,Zona 99,86,AGUA CLARITA,1
11,CAUCA,091,TIMBIQUI,99,Zona 99,87,CALLE DE SANTA ROSA,1
11,CAUCA,091,TIMBIQUI,00,Zona 00,00,PUESTO CABECERA MUNICIPAL,13
11,CAUCA,094,TORIBIO,99,Zona 99,01,LA PRIMICIA,2
11,CAUCA,094,TORIBIO,99,Zona 99,03,EL TABLAZO,3
11,CAUCA,094,TORIBIO,99,Zona 99,05,LA DESPENSA (RIONEGRO),3
11,CAUCA,094,TORIBIO,99,Zona 99,07,NATALA,4
11,CAUCA,094,TORIBIO,99,Zona 99,09,SAN FRANCISCO,7
11,CAUCA,094,TORIBIO,99,Zona 99,13,SANTO DOMINGO,1
11,CAUCA,094,TORIBIO,99,Zona 99,17,TACUEYO,19
11,CAUCA,094,TORIBIO,99,Zona 99,19,LOPEZ,1
11,CAUCA,094,TORIBIO,99,Zona 99,20,LA PLAYA,3
11,CAUCA,094,TORIBIO,00,Zona 00,00,PUESTO CABECERA MUNICIPAL,24
11,CAUCA,097,TOTORO,99,Zona 99,01,GABRIEL LOPEZ,4
11,CAUCA,097,TOTORO,99,Zona 99,02,BUENA VISTA,2
11,CAUCA,097,TOTORO,99,Zona 99,03,JEVALA,3
11,CAUCA,097,TOTORO,99,Zona 99,05,EL HATICO,1
11,CAUCA,097,TOTORO,99,Zona 99,07,FLORENCIA,2
11,CAUCA,097,TOTORO,99,Zona 99,09,NOVIRAO,2
11,CAUCA,097,TOTORO,99,Zona 99,13,PANIQUITA,6
11,CAUCA,097,TOTORO,99,Zona 99,15,POLINDARA,3
11,CAUCA,097,TOTORO,99,Zona 99,16,PORTACHUELO,3
11,CAUCA,097,TOTORO,99,Zona 99,25,SAN JOSE,1
11,CAUCA,097,TOTORO,99,Zona 99,26,PALACE,1
11,CAUCA,097,TOTORO,00,Zona 00,00,PUESTO CABECERA MUNICIPAL,17
11,CAUCA,019,CALOTO,99,Zona 99,02,CARPINTERO,1
11,CAUCA,019,CALOTO,99,Zona 99,03,EL PAJARITO,3
11,CAUCA,019,CALOTO,99,Zona 99,05,EL PALO,4
11,CAUCA,019,CALOTO,99,Zona 99,07,EL ALBA,1
11,CAUCA,019,CALOTO,99,Zona 99,08,EL PEDREGAL,2
11,CAUCA,019,CALOTO,99,Zona 99,09,EL PLACER,1
11,CAUCA,019,CALOTO,99,Zona 99,10,EL PILAMO,3
11,CAUCA,019,CALOTO,99,Zona 99,17,HUASANO,2
11,CAUCA,019,CALOTO,99,Zona 99,18,LA ARROBLEDA,5
11,CAUCA,019,CALOTO,99,Zona 99,20,LOMA PELADA,1
11,CAUCA,019,CALOTO,99,Zona 99,21,MIRAFLORES (HUELLA),2
11,CAUCA,019,CALOTO,99,Zona 99,25,PALOMERA,1
11,CAUCA,019,CALOTO,99,Zona 99,28,PARAMILLO O LA PLACA,2
11,CAUCA,019,CALOTO,99,Zona 99,32,QUINTERO,2
11,CAUCA,019,CALOTO,99,Zona 99,50,SAN NICOLAS,3
11,CAUCA,019,CALOTO,99,Zona 99,76,SANTA RITA,1
11,CAUCA,019,CALOTO,00,Zona 00,01,IE ESCIPION JARAMILLO,28
11,CAUCA,019,CALOTO,00,Zona 00,02,IE NUCLEO ESCOLAR RURAL,6
11,CAUCA,049,MIRANDA,98,Zona 98,01,CARCEL MUNICIPAL,1
11,CAUCA,049,MIRANDA,99,Zona 99,01,CARAQUEÑO,2
11,CAUCA,049,MIRANDA,99,Zona 99,05,EL CAÑON,1
11,CAUCA,049,MIRANDA,99,Zona 99,09,TULIPAN,1
11,CAUCA,049,MIRANDA,99,Zona 99,13,LA MUNDA,1
11,CAUCA,049,MIRANDA,99,Zona 99,17,MONTERREDONDO,2
11,CAUCA,049,MIRANDA,99,Zona 99,21,ORTIGAL,6
11,CAUCA,049,MIRANDA,99,Zona 99,25,POTRERITO,3
11,CAUCA,049,MIRANDA,99,Zona 99,29,SANTANA,2
11,CAUCA,049,MIRANDA,99,Zona 99,34,TIERRADURA,1
11,CAUCA,049,MIRANDA,99,Zona 99,38,SAN ANDRES,1
11,CAUCA,049,MIRANDA,00,Zona 00,01,I. E. LEOPOLDO PIZARRO GONZALEZ,38
11,CAUCA,049,MIRANDA,00,Zona 00,02,IE TECNICO MARISCAL SUCRE SEDE PRINCIPAL,11
11,CAUCA,052,MORALES,99,Zona 99,01,CARPINTERO,6
11,CAUCA,052,MORALES,99,Zona 99,05,CHIMBORAZO,5
11,CAUCA,052,MORALES,99,Zona 99,07,EL MEZON,4
11,CAUCA,052,MORALES,99,Zona 99,09,HONDURAS,4
11,CAUCA,052,MORALES,99,Zona 99,11,LOS CAFES,2
11,CAUCA,052,MORALES,99,Zona 99,13,LOS QUINGOS,1
11,CAUCA,052,MORALES,99,Zona 99,17,PAN DE AZUCAR (SAN GERARDO),3
11,CAUCA,052,MORALES,99,Zona 99,21,SAN ISIDRO (GUADUALITO),4
11,CAUCA,052,MORALES,99,Zona 99,23,SAN ROQUE,3
11,CAUCA,052,MORALES,99,Zona 99,25,TIERRADENTRO,3
11,CAUCA,052,MORALES,99,Zona 99,26,LA BONANZA,1
11,CAUCA,052,MORALES,99,Zona 99,27,MEDELLIN,1
11,CAUCA,052,MORALES,99,Zona 99,28,EL SOCORRO,1
11,CAUCA,052,MORALES,99,Zona 99,29,EL ROSARIO,1
11,CAUCA,052,MORALES,99,Zona 99,30,SANTA ROSA,2
11,CAUCA,052,MORALES,99,Zona 99,31,MATARREDONDA MORRO PLANO,1
11,CAUCA,052,MORALES,99,Zona 99,32,EL ROSAL,1
11,CAUCA,052,MORALES,00,Zona 00,01,IE FRANCISCO ANTONIO RADA,18
11,CAUCA,052,MORALES,00,Zona 00,02,COLISEO MUNICIPAL DE MORALES CAUCA,14
11,CAUCA,058,PATIA (EL BORDO),98,Zona 98,01,CARCEL,1
11,CAUCA,058,PATIA (EL BORDO),99,Zona 99,02,ANGULO,2
11,CAUCA,058,PATIA (EL BORDO),99,Zona 99,06,BELLO HORIZONTE,1
11,CAUCA,058,PATIA (EL BORDO),99,Zona 99,09,CHONTADURO O SANTA CRUZ,4
11,CAUCA,058,PATIA (EL BORDO),99,Zona 99,11,EL PLACER,4
11,CAUCA,058,PATIA (EL BORDO),99,Zona 99,13,DON ALONSO,2
11,CAUCA,058,PATIA (EL BORDO),99,Zona 99,14,EL HOYO,2
11,CAUCA,058,PATIA (EL BORDO),99,Zona 99,15,EL ESTRECHO,4
11,CAUCA,058,PATIA (EL BORDO),99,Zona 99,16,EL PURO,1
11,CAUCA,058,PATIA (EL BORDO),99,Zona 99,17,GALINDEZ,1
11,CAUCA,058,PATIA (EL BORDO),99,Zona 99,18,EL ZARZAL,1
11,CAUCA,058,PATIA (EL BORDO),99,Zona 99,19,LA FLORIDA,1
11,CAUCA,058,PATIA (EL BORDO),99,Zona 99,20,LA FONDA O PORTUGAL,3
11,CAUCA,058,PATIA (EL BORDO),99,Zona 99,21,LA MESA,4
11,CAUCA,058,PATIA (EL BORDO),99,Zona 99,23,MENDEZ,1
11,CAUCA,058,PATIA (EL BORDO),99,Zona 99,25,BRISAS,4
11,CAUCA,058,PATIA (EL BORDO),99,Zona 99,28,GUAYABAL,1
11,CAUCA,058,PATIA (EL BORDO),99,Zona 99,29,LAS TALLAS,1
11,CAUCA,058,PATIA (EL BORDO),99,Zona 99,32,PAN DE AZUCAR,3
11,CAUCA,058,PATIA (EL BORDO),99,Zona 99,37,PATIA,4
11,CAUCA,058,PATIA (EL BORDO),99,Zona 99,41,PIEDRASENTADA,3
11,CAUCA,058,PATIA (EL BORDO),99,Zona 99,45,QUEBRADA OSCURA,3
11,CAUCA,058,PATIA (EL BORDO),99,Zona 99,46,SACHAMATES,1
11,CAUCA,058,PATIA (EL BORDO),99,Zona 99,52,SANTA ROSA BAJA,3
11,CAUCA,058,PATIA (EL BORDO),99,Zona 99,56,VERSALLES (BOQUIRROTO),1
11,CAUCA,058,PATIA (EL BORDO),99,Zona 99,57,LA MANGUITA,1
11,CAUCA,058,PATIA (EL BORDO),00,Zona 00,01,BACHILLERATO PATIA,17
11,CAUCA,058,PATIA (EL BORDO),00,Zona 00,02,INSTITUCION EDUCATIVA SIMON BOLIVAR,21
11,CAUCA,061,PIENDAMO,99,Zona 99,01,TUNIA,7
11,CAUCA,061,PIENDAMO,99,Zona 99,05,CAMILO TORRES,2
11,CAUCA,061,PIENDAMO,99,Zona 99,09,CAÑADULCE,4
11,CAUCA,061,PIENDAMO,99,Zona 99,12,CORRALES,3
11,CAUCA,061,PIENDAMO,99,Zona 99,16,EL AGRADO,2
11,CAUCA,061,PIENDAMO,99,Zona 99,18,EL ARRAYAN,1
11,CAUCA,061,PIENDAMO,99,Zona 99,20,EL CARMEN,3
11,CAUCA,061,PIENDAMO,99,Zona 99,30,EL MANGO,2
11,CAUCA,061,PIENDAMO,99,Zona 99,37,MATARREDONDA,2
11,CAUCA,061,PIENDAMO,99,Zona 99,43,LA MARIA,2
11,CAUCA,061,PIENDAMO,99,Zona 99,45,LA UNION,1
11,CAUCA,061,PIENDAMO,99,Zona 99,48,LOMA CORTA,2
11,CAUCA,061,PIENDAMO,99,Zona 99,49,LOS FARALLONES,2
11,CAUCA,061,PIENDAMO,99,Zona 99,50,LOS UVALES,2
11,CAUCA,061,PIENDAMO,99,Zona 99,55,MELCHOR,1
11,CAUCA,061,PIENDAMO,99,Zona 99,56,SAN ISIDRO,2
11,CAUCA,061,PIENDAMO,99,Zona 99,58,SAN JOSE,3
11,CAUCA,061,PIENDAMO,99,Zona 99,61,SAN MIGUEL,2
11,CAUCA,061,PIENDAMO,99,Zona 99,66,SAN PEDRO,2
11,CAUCA,061,PIENDAMO,99,Zona 99,70,SANTA HELENA,3
11,CAUCA,061,PIENDAMO,99,Zona 99,71,RESGUARDO INDIGENA GUAMBIANO LA MARIA,2
11,CAUCA,061,PIENDAMO,99,Zona 99,72,RESGUARDO INDIGENA MISAK PICITAU,2
11,CAUCA,061,PIENDAMO,00,Zona 00,01,INSTITUCION EDUCATIVA INAMIX,29
11,CAUCA,061,PIENDAMO,00,Zona 00,02,INSTITUCION E MADRE DE DIOS BLOQUE 2,15
11,CAUCA,061,PIENDAMO,00,Zona 00,03,IE SIMON BOLIVAR,6
11,CAUCA,098,VILLA RICA,99,Zona 99,40,JUAN IGNACIO,5
11,CAUCA,098,VILLA RICA,00,Zona 00,01,IE TECNICA SIMON BOLIVAR,16
11,CAUCA,098,VILLA RICA,00,Zona 00,02,IE TECN. COMERC.SD MARIA INMACULADA,25
11,CAUCA,001,POPAYAN,90,Zona 90,01,INEM FRANCISCO JOSE DE CALDAS,28
11,CAUCA,001,POPAYAN,98,Zona 98,01,CARCEL DE HOMBRES SAN ISIDRO,1
11,CAUCA,001,POPAYAN,98,Zona 98,02,CARCEL DE MUJERES LA MAGDALENA,1
11,CAUCA,001,POPAYAN,99,Zona 99,01,LOS CERRILLOS,2
11,CAUCA,001,POPAYAN,99,Zona 99,04,SEDE LA CALERA IE LAS MERCEDES,1
11,CAUCA,001,POPAYAN,99,Zona 99,05,LAS MERCEDES,2
11,CAUCA,001,POPAYAN,99,Zona 99,06,LA MESETA,2
11,CAUCA,001,POPAYAN,99,Zona 99,09,SAN RAFAEL,2
11,CAUCA,001,POPAYAN,99,Zona 99,13,SANTA ROSA,5
11,CAUCA,001,POPAYAN,99,Zona 99,14,INSTITUCION NOROCCIDENTE LA TETILLA,2
11,CAUCA,001,POPAYAN,99,Zona 99,17,LA REJOYA,3
11,CAUCA,001,POPAYAN,99,Zona 99,19,JULUMITO,8
11,CAUCA,001,POPAYAN,99,Zona 99,21,SAN BERNARDINO,2
11,CAUCA,001,POPAYAN,99,Zona 99,25,CALIBIO,5
11,CAUCA,001,POPAYAN,99,Zona 99,27,LA YUNGA,1
11,CAUCA,001,POPAYAN,99,Zona 99,29,EL TABLON,1
11,CAUCA,001,POPAYAN,99,Zona 99,33,EL CHARCO,1
11,CAUCA,001,POPAYAN,99,Zona 99,37,CAJETE,8
11,CAUCA,001,POPAYAN,99,Zona 99,41,FIGUEROA,2
11,CAUCA,001,POPAYAN,99,Zona 99,43,VEREDA DE TORRES,8
11,CAUCA,001,POPAYAN,99,Zona 99,45,VEREDA PUELENJE,7
11,CAUCA,001,POPAYAN,99,Zona 99,53,EL SENDERO,3
11,CAUCA,001,POPAYAN,99,Zona 99,54,SEDE PUEBLILLO IE ALEJANDRO DE HUMBOLDT,1
11,CAUCA,001,POPAYAN,99,Zona 99,55,SAMANGA,1
11,CAUCA,001,POPAYAN,99,Zona 99,56,SEDE SILOE IE FRANCISCO ANTONIO DE ULLOA,1
11,CAUCA,001,POPAYAN,99,Zona 99,57,SANTA BARBARA,2
11,CAUCA,001,POPAYAN,99,Zona 99,58,POBLAZON,2
11,CAUCA,001,POPAYAN,99,Zona 99,59,SAMANGA BAJA,1
11,CAUCA,001,POPAYAN,99,Zona 99,60,PISOJE BAJO IE ALEJANDRO HUMBOLDT,1
11,CAUCA,001,POPAYAN,99,Zona 99,61,EL CANELO,1
11,CAUCA,001,POPAYAN,99,Zona 99,65,LAS PIEDRAS,4
11,CAUCA,001,POPAYAN,99,Zona 99,80,QUINTANA,2
11,CAUCA,001,POPAYAN,99,Zona 99,81,PISOJE ALTO,1
11,CAUCA,001,POPAYAN,01,Zona 01,01,COLEGIO CHAMPAGNAT,24
11,CAUCA,001,POPAYAN,01,Zona 01,02,COLEGIO SAGRADO CORAZON DE JES,31
11,CAUCA,001,POPAYAN,01,Zona 01,03,ESCUELA DE YANACONAS,12
11,CAUCA,001,POPAYAN,01,Zona 01,04,COLEGIO NUESTRA SEÑORA DEL CARMEN,23
11,CAUCA,001,POPAYAN,01,Zona 01,05,COLEGIO GABRIELA MISTRAL,9
11,CAUCA,001,POPAYAN,01,Zona 01,06,IE SEDE MERCEDES PARDO DE S.,2
11,CAUCA,001,POPAYAN,02,Zona 02,01,INST EDUC BICENTENARIO,37
11,CAUCA,001,POPAYAN,02,Zona 02,02,SENA ALTO DEL CAUCA,34
11,CAUCA,001,POPAYAN,02,Zona 02,03,COLEGIO TECNICO COMFACAUCA,16
11,CAUCA,001,POPAYAN,02,Zona 02,04,ESCUELA PEDRO ANTONIO TORRES,19
11,CAUCA,001,POPAYAN,02,Zona 02,05,ESCUELA URBANA MIXTA LOS UVOS,20
11,CAUCA,001,POPAYAN,02,Zona 02,06,COLEGIO COLOMBO FRANCES,24
11,CAUCA,001,POPAYAN,02,Zona 02,07,REAL COLEGIO SAN FRANCISCO DE ASIS,3
11,CAUCA,001,POPAYAN,02,Zona 02,08,COLEGIO COMERCIAL DEL NORTE,6
11,CAUCA,001,POPAYAN,03,Zona 03,01,UNICAUCA - FAC. HUMANIDADES,24
11,CAUCA,001,POPAYAN,03,Zona 03,02,COLEGIO MAYOR DEL CAUCA,21
11,CAUCA,001,POPAYAN,03,Zona 03,03,INSTITUTO MELVIN JONES,14
11,CAUCA,001,POPAYAN,03,Zona 03,04,IE TECNICO INDUSTRIAL,4
11,CAUCA,001,POPAYAN,04,Zona 04,01,COLEGIO FRANCISCO ANTONIO DE U,16
11,CAUCA,001,POPAYAN,04,Zona 04,02,INST. EDUCATIVA SAN AGUSTIN,26
11,CAUCA,001,POPAYAN,04,Zona 04,03,ESCUELA RAFAEL POMBO,16
11,CAUCA,001,POPAYAN,04,Zona 04,04,IE SEDE ANTONIO NARIÑO,1
11,CAUCA,001,POPAYAN,05,Zona 05,01,INST. EDUC. ALFEREZ REAL,20
11,CAUCA,001,POPAYAN,05,Zona 05,02,COLEGIO DON BOSCO,31
11,CAUCA,001,POPAYAN,05,Zona 05,03,COLEGIO NORMAL SUPERIOR,26
11,CAUCA,001,POPAYAN,05,Zona 05,04,INST EDUC LOS COMUNEROS,11
11,CAUCA,001,POPAYAN,05,Zona 05,05,IE  SEDE LOS SAUCES,2
11,CAUCA,001,POPAYAN,06,Zona 06,01,INST EDUC EL MIRADOR,31
11,CAUCA,001,POPAYAN,06,Zona 06,02,COLEGIO TOMAS CIPRIANO,16
11,CAUCA,001,POPAYAN,06,Zona 06,03,ESCUELA LOS CAMPOS,13
11,CAUCA,001,POPAYAN,06,Zona 06,04,ESCUELA MANUELA BELTRAN,3
11,CAUCA,001,POPAYAN,07,Zona 07,01,COLEGIO BIENESTAR SOC.DE LA PO,23
11,CAUCA,001,POPAYAN,07,Zona 07,02,INST EDUC JOHN F. KENNEDY,11
11,CAUCA,001,POPAYAN,07,Zona 07,03,PARQUE INFORM.DE CIENCIA ARTE,20
11,CAUCA,001,POPAYAN,07,Zona 07,04,ESCUELA JHON F.KENEDY JOSE MAR,7
11,CAUCA,001,POPAYAN,07,Zona 07,05,INST EDUC  JOSE EUSEBIO CARO,29
11,CAUCA,001,POPAYAN,07,Zona 07,06,COL.METROPOLITANO MARIA OCCIDE,24
11,CAUCA,001,POPAYAN,07,Zona 07,07,ESCUELA LOMAS DE GRANADA,21
11,CAUCA,001,POPAYAN,07,Zona 07,08,MEGACOLEGIO VALLE DEL ORTIGAL,3
11,CAUCA,064,PUERTO TEJADA,90,Zona 90,01,COLEGIO SAN PEDRO CLAVER,12
11,CAUCA,064,PUERTO TEJADA,98,Zona 98,01,CARCEL,1
11,CAUCA,064,PUERTO TEJADA,99,Zona 99,01,BOCAS DEL PALO,1
11,CAUCA,064,PUERTO TEJADA,99,Zona 99,05,LAS BRISAS,3
11,CAUCA,064,PUERTO TEJADA,99,Zona 99,06,LOS BANCOS,1
11,CAUCA,064,PUERTO TEJADA,99,Zona 99,07,PERICONEGRO,3
11,CAUCA,064,PUERTO TEJADA,99,Zona 99,09,SAN CARLOS,2
11,CAUCA,064,PUERTO TEJADA,99,Zona 99,13,ZANJON RICO,2
11,CAUCA,064,PUERTO TEJADA,01,Zona 01,01,COLEGIO NACIONAL JOSE HILARIO LOPEZ,22
11,CAUCA,064,PUERTO TEJADA,01,Zona 01,02,INST. EDUC. SAGRADO CORAZON,23
11,CAUCA,064,PUERTO TEJADA,01,Zona 01,03,LAS CEIBAS,3
11,CAUCA,064,PUERTO TEJADA,02,Zona 02,01,COLEGIO FIDELINA ECHEVERRI,18
11,CAUCA,064,PUERTO TEJADA,02,Zona 02,02,ESCUELA URBANA DE NIÑAS,11
11,CAUCA,064,PUERTO TEJADA,02,Zona 02,03,CIUDAD DEL SUR,2
11,CAUCA,076,SANTANDER DE QUILICHAO,90,Zona 90,01,INSTITUTO TECNICO,24
11,CAUCA,076,SANTANDER DE QUILICHAO,98,Zona 98,01,CARCEL,1
11,CAUCA,076,SANTANDER DE QUILICHAO,99,Zona 99,01,EL PALMAR,5
11,CAUCA,076,SANTANDER DE QUILICHAO,99,Zona 99,03,DOMINGILLO,4
11,CAUCA,076,SANTANDER DE QUILICHAO,99,Zona 99,05,EL TURCO,3
11,CAUCA,076,SANTANDER DE QUILICHAO,99,Zona 99,13,LA ARROBLEDA,4
11,CAUCA,076,SANTANDER DE QUILICHAO,99,Zona 99,15,LOMITAS,3
11,CAUCA,076,SANTANDER DE QUILICHAO,99,Zona 99,17,MAZAMORRERO,3
11,CAUCA,076,SANTANDER DE QUILICHAO,99,Zona 99,21,MONDOMO 1,13
11,CAUCA,076,SANTANDER DE QUILICHAO,99,Zona 99,22,MONDOMO 2,4
11,CAUCA,076,SANTANDER DE QUILICHAO,99,Zona 99,23,QUINAMAYO,11
11,CAUCA,076,SANTANDER DE QUILICHAO,99,Zona 99,25,PARAMILLO,4
11,CAUCA,076,SANTANDER DE QUILICHAO,99,Zona 99,26,SAN ISIDRO,3
11,CAUCA,076,SANTANDER DE QUILICHAO,99,Zona 99,27,SAN ANTONIO,6
11,CAUCA,076,SANTANDER DE QUILICHAO,99,Zona 99,29,SAN RAFAEL,4
11,CAUCA,076,SANTANDER DE QUILICHAO,99,Zona 99,33,TRES QUEBRADAS,6
11,CAUCA,076,SANTANDER DE QUILICHAO,99,Zona 99,34,SAN PEDRO,2
11,CAUCA,076,SANTANDER DE QUILICHAO,01,Zona 01,01,I.E. FERNANDEZ GUERRA,32
11,CAUCA,076,SANTANDER DE QUILICHAO,01,Zona 01,02,I.E. FRANCISCO JOSE DE CALDAS,12
11,CAUCA,076,SANTANDER DE QUILICHAO,01,Zona 01,03,IE LIMBANIA VELASCO,16
11,CAUCA,076,SANTANDER DE QUILICHAO,01,Zona 01,04,I.E. FRANCISCO DE PAULA SANTANDER,12
11,CAUCA,076,SANTANDER DE QUILICHAO,02,Zona 02,01,ESCUELA  LIBERTADOR,20
11,CAUCA,076,SANTANDER DE QUILICHAO,02,Zona 02,02,UNIVERSIDAD DEL VALLE SEDE NORTE CAUCA,29
11,CAUCA,076,SANTANDER DE QUILICHAO,02,Zona 02,03,ESCUELA JOSE VICENTE MINA,10
11,CAUCA,076,SANTANDER DE QUILICHAO,02,Zona 02,04,INSTITUCION EDUCATIVA RAFAEL TELLO,8
11,CAUCA,076,SANTANDER DE QUILICHAO,02,Zona 02,05,ANA JOSEFA MORALES DUQUE,5
11,CAUCA,076,SANTANDER DE QUILICHAO,02,Zona 02,06,EL JARDIN,4
11,CAUCA,076,SANTANDER DE QUILICHAO,02,Zona 02,07,UNIVERSIDAD DEL CAUCA SEDE NORTE,2
11,CAUCA,088,TIMBIO,99,Zona 99,01,CAMPOSANO,3
11,CAUCA,088,TIMBIO,99,Zona 99,02,ALTO SAN JOSE,3
11,CAUCA,088,TIMBIO,99,Zona 99,03,EL HATO,2
11,CAUCA,088,TIMBIO,99,Zona 99,05,IE CINCO DIAS,4
11,CAUCA,088,TIMBIO,99,Zona 99,07,EL GUAYABAL,2
11,CAUCA,088,TIMBIO,99,Zona 99,09,LA CABAÑA,3
11,CAUCA,088,TIMBIO,99,Zona 99,17,LAS CRUCES,3
11,CAUCA,088,TIMBIO,99,Zona 99,18,LAS PIEDRAS,2
11,CAUCA,088,TIMBIO,99,Zona 99,21,LA CHORRERA (LAS PIEDRAS),3
11,CAUCA,088,TIMBIO,99,Zona 99,23,CUEVITAS (LAS YESCAS),1
11,CAUCA,088,TIMBIO,99,Zona 99,24,SAMBONI,3
11,CAUCA,088,TIMBIO,99,Zona 99,25,URUBAMBA,3
11,CAUCA,088,TIMBIO,01,Zona 01,01,IE SAN ANTONIO DE PADUA,19
11,CAUCA,088,TIMBIO,01,Zona 01,02,I.E. COLEGIO SAN CAYETANO,11
11,CAUCA,088,TIMBIO,02,Zona 02,01,IE GUILLERMO VALENCIA,20
11,CAUCA,088,TIMBIO,02,Zona 02,02,IE COLEGIO CAMILO TORRES,7
12,CESAR,150,AGUSTIN CODAZZI,90,Zona 90,01,INST. EDUC. FCO. DE PAULA SANTANDER,12
12,CESAR,150,AGUSTIN CODAZZI,99,Zona 99,70,CASACARA,9
12,CESAR,150,AGUSTIN CODAZZI,99,Zona 99,80,LLERASCA,4
12,CESAR,150,AGUSTIN CODAZZI,99,Zona 99,87,SAN JACINTO,2
12,CESAR,150,AGUSTIN CODAZZI,99,Zona 99,88,ESCUELA LA PISTA,1
12,CESAR,150,AGUSTIN CODAZZI,99,Zona 99,89,SICARARE,2
12,CESAR,150,AGUSTIN CODAZZI,99,Zona 99,90,ESC. ALTO SICARARE,1
12,CESAR,150,AGUSTIN CODAZZI,99,Zona 99,91,ESC. SANTA CLARA,4
12,CESAR,150,AGUSTIN CODAZZI,01,Zona 01,01,VILLA OLIMPICA,33
12,CESAR,150,AGUSTIN CODAZZI,01,Zona 01,02,ESCUELA MIXTA CLUB DE LEONES,16
12,CESAR,150,AGUSTIN CODAZZI,02,Zona 02,01,MEGACOLEGIO NACIONAL,41
12,CESAR,150,AGUSTIN CODAZZI,02,Zona 02,02,ESC. MIXTA LAS FLORES,30
12,CESAR,170,ASTREA,99,Zona 99,10,ARJONA,8
12,CESAR,170,ASTREA,99,Zona 99,15,HEBRON,1
12,CESAR,170,ASTREA,99,Zona 99,20,LA YE,2
12,CESAR,170,ASTREA,99,Zona 99,25,MONTECRISTO,1
12,CESAR,170,ASTREA,99,Zona 99,30,NUEVA COLOMBIA,1
12,CESAR,170,ASTREA,99,Zona 99,75,SANTA CECILIA,2
12,CESAR,170,ASTREA,00,Zona 00,00,PUESTO CABECERA MUNICIPAL,36
12,CESAR,180,BECERRIL,99,Zona 99,60,ESTADOS UNIDOS,3
12,CESAR,180,BECERRIL,99,Zona 99,70,LA GUAJIRITA,3
12,CESAR,180,BECERRIL,00,Zona 00,00,PUESTO CABECERA MUNICIPAL,54
12,CESAR,200,BOSCONIA,99,Zona 99,45,LOMA COLORADA,2
12,CESAR,200,BOSCONIA,01,Zona 01,01,COL CARLOS RESTREPO ARAUJO,34
12,CESAR,200,BOSCONIA,01,Zona 01,02,COL MARIA AUXILIADORA,16
12,CESAR,200,BOSCONIA,02,Zona 02,01,CONC ESCOL SAN JUAN BOSCO,19
12,CESAR,200,BOSCONIA,02,Zona 02,02,CONC ESCOL ELOY QUINTERO ARAUJ,26
12,CESAR,225,CURUMANI,99,Zona 99,12,CHAMPAN,2
12,CESAR,225,CURUMANI,99,Zona 99,20,EL MAMEY LOS SERENOS,2
12,CESAR,225,CURUMANI,99,Zona 99,27,GUAIMARAL,1
12,CESAR,225,CURUMANI,99,Zona 99,35,INST. TECNICA CRISTIAN MORENO PALLARES,4
12,CESAR,225,CURUMANI,99,Zona 99,70,SAN ROQUE,9
12,CESAR,225,CURUMANI,99,Zona 99,75,ESCUELA SAN SEBASTIAN,2
12,CESAR,225,CURUMANI,99,Zona 99,80,SANTA ISABEL,3
12,CESAR,225,CURUMANI,01,Zona 01,01,I.E. CAMILO TORRES RESTREPO,24
12,CESAR,225,CURUMANI,01,Zona 01,02,INSTITUCIÓN EDUCATIVA SAN ISIDRO,15
12,CESAR,225,CURUMANI,01,Zona 01,03,CDI MUNDO DE MARIA SOFIA,5
12,CESAR,225,CURUMANI,02,Zona 02,01,INSTITUCIÓN EDUCATIVA SAN JOSE,19
12,CESAR,225,CURUMANI,02,Zona 02,02,ESC MIXTA LA CRUZ,10
12,CESAR,300,CHIMICHAGUA,99,Zona 99,10,BETEL,1
12,CESAR,300,CHIMICHAGUA,99,Zona 99,15,BUENOS AIRES,1
12,CESAR,300,CHIMICHAGUA,99,Zona 99,27,CANDELARIA,6
12,CESAR,300,CHIMICHAGUA,99,Zona 99,30,DIOS ME VE,2
12,CESAR,300,CHIMICHAGUA,99,Zona 99,34,EL GUAMO,2
12,CESAR,300,CHIMICHAGUA,99,Zona 99,35,EL TREBOL DE PAJONAL,1
12,CESAR,300,CHIMICHAGUA,99,Zona 99,36,HIGOAMARILLO,2
12,CESAR,300,CHIMICHAGUA,99,Zona 99,42,LA MATA,2
12,CESAR,300,CHIMICHAGUA,99,Zona 99,44,LAS FLORES,2
12,CESAR,300,CHIMICHAGUA,99,Zona 99,53,LAS VEGAS,2
12,CESAR,300,CHIMICHAGUA,99,Zona 99,60,MANDINGUILLA,5
12,CESAR,300,CHIMICHAGUA,99,Zona 99,65,PIEDRAS BLANCAS,1
12,CESAR,300,CHIMICHAGUA,99,Zona 99,66,SALOA,8
12,CESAR,300,CHIMICHAGUA,99,Zona 99,70,SAN MARTIN DE GUILLIN,1
12,CESAR,300,CHIMICHAGUA,99,Zona 99,79,SEMPEGUA,3
12,CESAR,300,CHIMICHAGUA,99,Zona 99,80,ULTIMO CASO,1
12,CESAR,300,CHIMICHAGUA,99,Zona 99,85,SABANA DE JUAN MARCOS,1
12,CESAR,300,CHIMICHAGUA,99,Zona 99,86,SOLEDAD,2
12,CESAR,300,CHIMICHAGUA,99,Zona 99,95,ESC. NUEVA DE PUEBLITO,1
12,CESAR,300,CHIMICHAGUA,99,Zona 99,96,ZAPATI,1
12,CESAR,300,CHIMICHAGUA,00,Zona 00,00,PUESTO CABECERA MUNICIPAL,39
12,CESAR,375,CHIRIGUANA,98,Zona 98,01,CARCEL,1
12,CESAR,375,CHIRIGUANA,99,Zona 99,10,LA AURORA,4
12,CESAR,375,CHIRIGUANA,99,Zona 99,15,LA SIERRA,4
12,CESAR,375,CHIRIGUANA,99,Zona 99,60,POPONTE,4
12,CESAR,375,CHIRIGUANA,99,Zona 99,80,RINCON HONDO,10
12,CESAR,375,CHIRIGUANA,00,Zona 00,00,PUESTO CABECERA MUNICIPAL,50
12,CESAR,410,EL COPEY,99,Zona 99,20,CARACOLICITO,7
12,CESAR,410,EL COPEY,99,Zona 99,30,CHIMILA,5
12,CESAR,410,EL COPEY,99,Zona 99,40,SAN FRANCISCO DE ASIS,2
12,CESAR,410,EL COPEY,01,Zona 01,01,I. E. AGRICOLA,21
12,CESAR,410,EL COPEY,01,Zona 01,02,CENTRO DE DESARROLLO INFANTIL SD COREA,13
12,CESAR,410,EL COPEY,01,Zona 01,03,IE MONTELIBANO SEDE COREA,1
12,CESAR,410,EL COPEY,02,Zona 02,01,I.E. AGRICOLA SEDE  LA ESPERANZA,17
12,CESAR,410,EL COPEY,02,Zona 02,02,I.E. AGRICOLA  SEDE SAN MARTIN,12
12,CESAR,415,EL PASO,99,Zona 99,03,CUATRO VIENTOS,7
12,CESAR,415,EL PASO,99,Zona 99,05,EL CARMEN,2
12,CESAR,415,EL PASO,99,Zona 99,07,EL VALLITO,2
12,CESAR,415,EL PASO,99,Zona 99,12,LA LOMA DE CALENTURA,50
12,CESAR,415,EL PASO,99,Zona 99,17,POTRERILLO,4
12,CESAR,415,EL PASO,00,Zona 00,00,PUESTO CABECERA MUNICIPAL,22
12,CESAR,450,GAMARRA,99,Zona 99,10,CASCAJAL,1
12,CESAR,450,GAMARRA,99,Zona 99,20,EL CONTENTO,2
12,CESAR,450,GAMARRA,99,Zona 99,30,ESTACION,3
12,CESAR,450,GAMARRA,99,Zona 99,40,MAHOMA,1
12,CESAR,450,GAMARRA,99,Zona 99,55,PALENQUILLO,3
12,CESAR,450,GAMARRA,99,Zona 99,70,PUERTO MOSQUITO,3
12,CESAR,450,GAMARRA,99,Zona 99,85,PUERTO VIEJO,1
12,CESAR,450,GAMARRA,00,Zona 00,01,ESCUELA URBANA MIXTA No 1,19
12,CESAR,450,GAMARRA,00,Zona 00,02,INSTITUCIÓN EDUCATIVA PROMOCION SOCIAL,5
12,CESAR,525,GONZALEZ,99,Zona 99,13,BUJARAVITA,1
12,CESAR,525,GONZALEZ,99,Zona 99,25,BURBURA,2
12,CESAR,525,GONZALEZ,99,Zona 99,38,CULEBRITA,1
12,CESAR,525,GONZALEZ,99,Zona 99,50,EL POTRERO,1
12,CESAR,525,GONZALEZ,99,Zona 99,62,LA FLORESTA,1
12,CESAR,525,GONZALEZ,99,Zona 99,70,MATA DE FIQUE,1
12,CESAR,525,GONZALEZ,99,Zona 99,74,MONTERA,1
12,CESAR,525,GONZALEZ,99,Zona 99,87,SAN ISIDRO,3
12,CESAR,525,GONZALEZ,99,Zona 99,89,VIJAGUAL,2
12,CESAR,525,GONZALEZ,00,Zona 00,00,CAB. MUNICIPAL/ IE JORGE ELICER GAITAN,7
12,CESAR,600,LA GLORIA,99,Zona 99,20,AYACUCHO,7
12,CESAR,600,LA GLORIA,99,Zona 99,28,BESOTE,3
12,CESAR,600,LA GLORIA,99,Zona 99,31,BUBETA,1
12,CESAR,600,LA GLORIA,99,Zona 99,35,CAROLINA,1
12,CESAR,600,LA GLORIA,99,Zona 99,50,LA MATA,5
12,CESAR,600,LA GLORIA,99,Zona 99,55,MOLINA,1
12,CESAR,600,LA GLORIA,99,Zona 99,70,SAN PABLO,1
12,CESAR,600,LA GLORIA,99,Zona 99,85,SIMAÑA,5
12,CESAR,600,LA GLORIA,00,Zona 00,00,PUESTO CABECERA MUNICIPAL,15
12,CESAR,608,LA JAGUA DE IBIRICO,99,Zona 99,05,BOQUERON,3
12,CESAR,608,LA JAGUA DE IBIRICO,99,Zona 99,10,LA PALMITA,7
12,CESAR,608,LA JAGUA DE IBIRICO,99,Zona 99,14,VICTORIA DE SAN ISIDRO,8
12,CESAR,608,LA JAGUA DE IBIRICO,01,Zona 01,01,IE JOSE GUILLERMO CASTRO CASTRO,23
12,CESAR,608,LA JAGUA DE IBIRICO,01,Zona 01,02,ESC URB MIXTA No 1 SED IE JGC,20
12,CESAR,608,LA JAGUA DE IBIRICO,02,Zona 02,01,IE LUIS CARLOS GALAN SARMIENTO,21
12,CESAR,608,LA JAGUA DE IBIRICO,02,Zona 02,02,ESC URB TIMOTEA MENESES SED IE LCG,15
12,CESAR,625,MANAURE BALCON DEL CESAR (MANA,99,Zona 99,50,JOSE CONCEPCION CAMPO URDIALE,1
12,CESAR,625,MANAURE BALCON DEL CESAR (MANA,99,Zona 99,60,LA TOMITA,1
12,CESAR,625,MANAURE BALCON DEL CESAR (MANA,99,Zona 99,65,PIE DEL CIELO,1
12,CESAR,625,MANAURE BALCON DEL CESAR (MANA,99,Zona 99,92,SABANA DE LEON,1
12,CESAR,625,MANAURE BALCON DEL CESAR (MANA,99,Zona 99,95,TIERRA GRATA,1
12,CESAR,625,MANAURE BALCON DEL CESAR (MANA,00,Zona 00,00,PUESTO CABECERA MUNICIPAL,25
12,CESAR,650,PAILITAS,99,Zona 99,05,EL BURRO,1
12,CESAR,650,PAILITAS,99,Zona 99,08,LA FLORESTA,1
12,CESAR,650,PAILITAS,99,Zona 99,10,PALESTINA,3
12,CESAR,650,PAILITAS,99,Zona 99,25,LOS LLANOS,1
12,CESAR,650,PAILITAS,99,Zona 99,80,RIVERA,2
12,CESAR,650,PAILITAS,00,Zona 00,00,PUESTO CABECERA MUNICIPAL,42
12,CESAR,700,PELAYA,99,Zona 99,30,COSTILLAS,4
12,CESAR,700,PELAYA,99,Zona 99,60,SAN BERNARDO,4
12,CESAR,700,PELAYA,00,Zona 00,00,PUESTO CABECERA MUNICIPAL,43
12,CESAR,720,PUEBLO BELLO,99,Zona 99,56,LA CAJA,6
12,CESAR,720,PUEBLO BELLO,99,Zona 99,60,LA HONDA,3
12,CESAR,720,PUEBLO BELLO,99,Zona 99,61,LAS MINAS DE HIRACAL,4
12,CESAR,720,PUEBLO BELLO,99,Zona 99,72,PALMARITO NUEVO COLON,4
12,CESAR,720,PUEBLO BELLO,99,Zona 99,80,NABUSIMAKE,9
12,CESAR,720,PUEBLO BELLO,99,Zona 99,86,SIMONORWA,2
12,CESAR,720,PUEBLO BELLO,00,Zona 00,00,PUESTO CABECERA MUNICIPAL,44
12,CESAR,750,RIO DE ORO,99,Zona 99,05,CORREGIMIENTO DE DIEGO HERNANDEZ,1
12,CESAR,750,RIO DE ORO,99,Zona 99,08,CORREGIMIENTO EL GITANO,1
12,CESAR,750,RIO DE ORO,99,Zona 99,10,CORREGIMIENTO EL HOBO,1
12,CESAR,750,RIO DE ORO,99,Zona 99,13,CORREGIMIENTO EL SALOBRE,2
12,CESAR,750,RIO DE ORO,99,Zona 99,18,CORREGIMIENTO DE HONDURAS,1
12,CESAR,750,RIO DE ORO,99,Zona 99,21,CORREGIMIENTO LA PALESTINA,2
12,CESAR,750,RIO DE ORO,99,Zona 99,23,CORREGIMIENTO EL LINDSAY,1
12,CESAR,750,RIO DE ORO,99,Zona 99,30,CORREGIMIENTO DE LOS ANGELES,4
12,CESAR,750,RIO DE ORO,99,Zona 99,33,CORREGIMIENTO EL MARQUEZ,2
12,CESAR,750,RIO DE ORO,99,Zona 99,40,CORREGIMIENTO DE MONTECITOS,2
12,CESAR,750,RIO DE ORO,99,Zona 99,45,CORREGIMIENTO DE MORRINSON,2
12,CESAR,750,RIO DE ORO,99,Zona 99,70,CORREGIMIENTO DE PUERTO NUEVO,2
12,CESAR,750,RIO DE ORO,00,Zona 00,00,CABECERA MUNICIPAL-IE NORMAL SUPERIOR,34
12,CESAR,800,SAN ALBERTO,99,Zona 99,12,IE RURAL EL LIBANO,2
12,CESAR,800,SAN ALBERTO,99,Zona 99,13,FUNDACION,1
12,CESAR,800,SAN ALBERTO,99,Zona 99,15,LA PALMA,2
12,CESAR,800,SAN ALBERTO,99,Zona 99,23,LA LLANA,3
12,CESAR,800,SAN ALBERTO,99,Zona 99,35,LA TRINIDAD,1
12,CESAR,800,SAN ALBERTO,99,Zona 99,40,MONTENEGRO BAJO,1
12,CESAR,800,SAN ALBERTO,99,Zona 99,65,PUERTO CARREÑO,2
12,CESAR,800,SAN ALBERTO,00,Zona 00,00,IE ANDRES BELLO,51
12,CESAR,825,LA PAZ,99,Zona 99,20,GUAYMARAL,1
12,CESAR,825,LA PAZ,99,Zona 99,30,LA LAGUNA DE LOS INDIOS,2
12,CESAR,825,LA PAZ,99,Zona 99,40,LOS ENCANTOS,2
12,CESAR,825,LA PAZ,99,Zona 99,50,MINGUILLO,2
12,CESAR,825,LA PAZ,99,Zona 99,85,SAN JOSE DE ORIENTE,11
12,CESAR,825,LA PAZ,99,Zona 99,90,VARASBLANCAS,2
12,CESAR,825,LA PAZ,00,Zona 00,00,PUESTO CABECERA MUNICIPAL,51
12,CESAR,850,SAN DIEGO,99,Zona 99,10,EL RINCON,1
12,CESAR,850,SAN DIEGO,99,Zona 99,13,LAS PITILLAS,2
12,CESAR,850,SAN DIEGO,99,Zona 99,16,LOS BRASILES,2
12,CESAR,850,SAN DIEGO,99,Zona 99,23,LOS TUPES,2
12,CESAR,850,SAN DIEGO,99,Zona 99,28,MEDIA LUNA,11
12,CESAR,850,SAN DIEGO,99,Zona 99,36,NUEVAS FLORES,2
12,CESAR,850,SAN DIEGO,99,Zona 99,85,TOCAYMO,2
12,CESAR,850,SAN DIEGO,00,Zona 00,00,PUESTO CABECERA MUNICIPAL,33
12,CESAR,875,SAN MARTIN,99,Zona 99,20,AGUAS BLANCAS,5
12,CESAR,875,SAN MARTIN,99,Zona 99,24,CUATRO BOCAS,2
12,CESAR,875,SAN MARTIN,99,Zona 99,30,LA CURVA,4
12,CESAR,875,SAN MARTIN,99,Zona 99,35,LOS BAGRES,1
12,CESAR,875,SAN MARTIN,99,Zona 99,40,MINAS,3
12,CESAR,875,SAN MARTIN,99,Zona 99,48,PITA LIMON,1
12,CESAR,875,SAN MARTIN,99,Zona 99,50,PUERTO OCULTO,1
12,CESAR,875,SAN MARTIN,99,Zona 99,70,SAN JOSE DE LAS AMERICAS,2
12,CESAR,875,SAN MARTIN,99,Zona 99,75,TERRAPLEN,2
12,CESAR,875,SAN MARTIN,99,Zona 99,85,TORCOROMA,2
12,CESAR,875,SAN MARTIN,00,Zona 00,00,PUESTO CABECERA MUNICIPAL,39
12,CESAR,900,TAMALAMEQUE,99,Zona 99,10,ANTEQUERA,3
12,CESAR,900,TAMALAMEQUE,99,Zona 99,15,BRISAS,1
12,CESAR,900,TAMALAMEQUE,99,Zona 99,40,LA BOCA,3
12,CESAR,900,TAMALAMEQUE,99,Zona 99,42,LAS PALMAS,2
12,CESAR,900,TAMALAMEQUE,99,Zona 99,43,MUNDO ALREVES,1
12,CESAR,900,TAMALAMEQUE,99,Zona 99,45,PASACORRIENDO,1
12,CESAR,900,TAMALAMEQUE,99,Zona 99,48,PALESTINA LA NUEVA,2
12,CESAR,900,TAMALAMEQUE,99,Zona 99,52,PUEBLO NUEVO,1
12,CESAR,900,TAMALAMEQUE,99,Zona 99,80,ZAPATOSA,5
12,CESAR,900,TAMALAMEQUE,00,Zona 00,00,PUESTO CABECERA MUNICIPAL,18
12,CESAR,001,VALLEDUPAR,90,Zona 90,01,IE TEC. INDUSTRIAL PEDRO CASTRO MONSALVO,17
12,CESAR,001,VALLEDUPAR,98,Zona 98,01,CARCEL JUDICIAL,1
12,CESAR,001,VALLEDUPAR,98,Zona 98,02,ESTABL PENITENC DE ALTA Y MEDIANA SEGUR.,1
12,CESAR,001,VALLEDUPAR,99,Zona 99,05,EL ALTO DE LA VUELTA,2
12,CESAR,001,VALLEDUPAR,99,Zona 99,10,I. E. DE AGUAS BLANCAS,9
12,CESAR,001,VALLEDUPAR,99,Zona 99,15,I. E. SAN ISIDRO LABRADOR - ATANQUEZ,10
12,CESAR,001,VALLEDUPAR,99,Zona 99,20,BADILLO,3
12,CESAR,001,VALLEDUPAR,99,Zona 99,30,CARACOLI,3
12,CESAR,001,VALLEDUPAR,99,Zona 99,32,CHEMESQUEMENA,2
12,CESAR,001,VALLEDUPAR,99,Zona 99,34,EL JABO,2
12,CESAR,001,VALLEDUPAR,99,Zona 99,38,EL PERRO,1
12,CESAR,001,VALLEDUPAR,99,Zona 99,40,GUACOCHITO,2
12,CESAR,001,VALLEDUPAR,99,Zona 99,50,GUACOCHE,6
12,CESAR,001,VALLEDUPAR,99,Zona 99,53,GUATAPURI,5
12,CESAR,001,VALLEDUPAR,99,Zona 99,55,GUAIMARAL,4
12,CESAR,001,VALLEDUPAR,99,Zona 99,58,LA VEGA ARRIBA,2
12,CESAR,001,VALLEDUPAR,99,Zona 99,60,LA MINA,3
12,CESAR,001,VALLEDUPAR,99,Zona 99,62,LOS CORAZONES,4
12,CESAR,001,VALLEDUPAR,99,Zona 99,63,LOS HATICOS,1
12,CESAR,001,VALLEDUPAR,99,Zona 99,65,LOS VENADOS,5
12,CESAR,001,VALLEDUPAR,99,Zona 99,68,LAS RAICES,2
12,CESAR,001,VALLEDUPAR,99,Zona 99,69,AZUCAR BUENA,6
12,CESAR,001,VALLEDUPAR,99,Zona 99,70,MARIANGOLA,11
12,CESAR,001,VALLEDUPAR,99,Zona 99,75,PATILLAL,6
12,CESAR,001,VALLEDUPAR,99,Zona 99,82,RIOSECO,2
12,CESAR,001,VALLEDUPAR,99,Zona 99,92,SABANA CRESPO,8
12,CESAR,001,VALLEDUPAR,99,Zona 99,95,VALENCIA DE JESUS,6
12,CESAR,001,VALLEDUPAR,99,Zona 99,97,VILLA GERMANIA,3
12,CESAR,001,VALLEDUPAR,99,Zona 99,98,ESCUELA NUEVA RAMALITO,1
12,CESAR,001,VALLEDUPAR,99,Zona 99,99,INSTI. ETNOEDUCATIVA TEC. KANZASINAMKE,1
12,CESAR,001,VALLEDUPAR,01,Zona 01,01,I.E. NACIONAL LOPERENA,38
12,CESAR,001,VALLEDUPAR,01,Zona 01,02,UNIVER. POP. DEL CESAR SD DE BELLAS ART.,12
12,CESAR,001,VALLEDUPAR,01,Zona 01,03,CENTRO EDUCATIVO DE SISTEMAS  UPARSISTEM,11
12,CESAR,001,VALLEDUPAR,01,Zona 01,04,"UNIVERSIDAD DE SANTANDER ""UDES",16
12,CESAR,001,VALLEDUPAR,01,Zona 01,05,IE PRUDENCIA DAZA,13
12,CESAR,001,VALLEDUPAR,01,Zona 01,06,IE NACIONAL LOPERENA SD SANTO DOMINGO,20
12,CESAR,001,VALLEDUPAR,01,Zona 01,07,COL PARROQUIAL EL CARMELO,8
12,CESAR,001,VALLEDUPAR,02,Zona 02,01,IE FRANCISCO MOLINA SANCHEZ,40
12,CESAR,001,VALLEDUPAR,02,Zona 02,02,IE LEONIDAS ACUÑA SD HOGAR DEL NIÑO,28
12,CESAR,001,VALLEDUPAR,02,Zona 02,03,I.E. MANUEL GERMAN CUELLO GUTIERREZ,24
12,CESAR,001,VALLEDUPAR,02,Zona 02,04,I.E. LEONIDAS ACUÑA,30
12,CESAR,001,VALLEDUPAR,02,Zona 02,05,IE LEONIDAS ACUÑA SD RAFAEL VALLE MEZA,8
12,CESAR,001,VALLEDUPAR,02,Zona 02,06,UNIVERSIDAD ABIERTA Y A DISTANCIA UNAD,6
12,CESAR,001,VALLEDUPAR,02,Zona 02,07,IE LEONIDAS ACUÑA SD SAN FERNANDO,7
12,CESAR,001,VALLEDUPAR,02,Zona 02,08,SD DE GESTION EMPRES. Y FORM. CULT. SENA,13
12,CESAR,001,VALLEDUPAR,03,Zona 03,01,IE MILCIADES CANTILLO COSTA,42
12,CESAR,001,VALLEDUPAR,03,Zona 03,02,IE ALFONSO ARAUJO COTES,24
12,CESAR,001,VALLEDUPAR,03,Zona 03,03,IE ENRIQUE PUPO MARTINEZ,23
12,CESAR,001,VALLEDUPAR,03,Zona 03,04,I.E. RAFAEL VALLE MEZA,27
12,CESAR,001,VALLEDUPAR,03,Zona 03,05,I.E. JOAQUIN OCHOA MAESTRE,23
12,CESAR,001,VALLEDUPAR,03,Zona 03,06,IE NELSON MANDELA,12
12,CESAR,001,VALLEDUPAR,03,Zona 03,07,IE OSWALDO QUINTANA QUINTANA,6
12,CESAR,001,VALLEDUPAR,04,Zona 04,01,IE MAYOR V/DUPAR CESAR POMPEYO MENDOZA,41
12,CESAR,001,VALLEDUPAR,04,Zona 04,02,UNIV. POPULAR DEL CESAR(SD SABANAS),60
12,CESAR,001,VALLEDUPAR,04,Zona 04,03,IE TECNICO UPAR SEDE JOSE ANTONIO GALAN,3
12,CESAR,001,VALLEDUPAR,04,Zona 04,04,IE VILLA CORELCA,20
12,CESAR,001,VALLEDUPAR,04,Zona 04,05,ESCUELA MIXTA No 4,22
12,CESAR,001,VALLEDUPAR,04,Zona 04,06,I.E. CONSUELO ARAUJO NOGUERA,33
12,CESAR,001,VALLEDUPAR,05,Zona 05,01,I.E. ALFONSO LOPEZ PUMAREJO,30
12,CESAR,001,VALLEDUPAR,05,Zona 05,02,I.E. LOPERENA GARUPAL,27
12,CESAR,001,VALLEDUPAR,05,Zona 05,03,IE EDUARDO SUAREZ ORCASITA,18
12,CESAR,001,VALLEDUPAR,05,Zona 05,04,INST. EDUC. TEC LA ESPERANZA,33
12,CESAR,001,VALLEDUPAR,05,Zona 05,05,IE RICARDO GONZALEZ,19
12,CESAR,001,VALLEDUPAR,05,Zona 05,06,I.E. BELLO HORIZONTE,28
12,CESAR,001,VALLEDUPAR,05,Zona 05,07,COL. COMFACESAR,34
12,CESAR,001,VALLEDUPAR,05,Zona 05,08,FUNDACION UNIVERSITARIA DEL AREA ANDINA,8
12,CESAR,001,VALLEDUPAR,06,Zona 06,01,COL. PABLO SEXTO,23
12,CESAR,001,VALLEDUPAR,06,Zona 06,02,IE SAN JOAQUIN,19
12,CESAR,001,VALLEDUPAR,06,Zona 06,03,COL. LA SAGRADA FAMILIA,15
12,CESAR,001,VALLEDUPAR,06,Zona 06,04,COLEGIO COLOMBO INGLES,1
12,CESAR,001,VALLEDUPAR,06,Zona 06,05,COLEGIO CALLEJA REAL,2
12,CESAR,075,AGUACHICA,90,Zona 90,01,ESCUELA URBANA MIXTA No 1,9
12,CESAR,075,AGUACHICA,98,Zona 98,01,CARCEL,1
12,CESAR,075,AGUACHICA,99,Zona 99,15,BARRANCALEBRIJA,4
12,CESAR,075,AGUACHICA,99,Zona 99,23,BOQUERON,2
12,CESAR,075,AGUACHICA,99,Zona 99,25,BUTURAMA,1
12,CESAR,075,AGUACHICA,99,Zona 99,26,CERRO BRAVO,1
12,CESAR,075,AGUACHICA,99,Zona 99,30,CERRO REDONDO,1
12,CESAR,075,AGUACHICA,99,Zona 99,36,EL JUNCAL,2
12,CESAR,075,AGUACHICA,99,Zona 99,38,LA MORENA,1
12,CESAR,075,AGUACHICA,99,Zona 99,41,LAS ADJUNTAS,1
12,CESAR,075,AGUACHICA,99,Zona 99,43,LA YEGUERA,1
12,CESAR,075,AGUACHICA,99,Zona 99,45,LOMA DE CORREDOR,2
12,CESAR,075,AGUACHICA,99,Zona 99,53,LUCAICAL,2
12,CESAR,075,AGUACHICA,99,Zona 99,57,MUCURAS,1
12,CESAR,075,AGUACHICA,99,Zona 99,59,NOREAN,3
12,CESAR,075,AGUACHICA,99,Zona 99,60,PATIÑO,2
12,CESAR,075,AGUACHICA,99,Zona 99,63,CAMPO AMALIA,1
12,CESAR,075,AGUACHICA,99,Zona 99,65,SAN MIGUEL,1
12,CESAR,075,AGUACHICA,99,Zona 99,71,SANTA BARBARA,1
12,CESAR,075,AGUACHICA,99,Zona 99,75,SANTA LUCIA,1
12,CESAR,075,AGUACHICA,99,Zona 99,80,SANTA ROSA DE CARACOL,1
12,CESAR,075,AGUACHICA,99,Zona 99,90,VILLA DE SN ANDRES DE TOTUMAL,3
12,CESAR,075,AGUACHICA,99,Zona 99,96,VILLANUEVA,1
12,CESAR,075,AGUACHICA,01,Zona 01,01,COL. GUILLERMO LEON VALENCIA,19
12,CESAR,075,AGUACHICA,01,Zona 01,02,I.E. JORGE ELIECER GAITAN,23
12,CESAR,075,AGUACHICA,01,Zona 01,03,COLEGIO NACIONAL JOSE Ma. CAMPO SERRANO,23
12,CESAR,075,AGUACHICA,01,Zona 01,04,I.E. SAGRADO CORAZON DE JESUS,26
12,CESAR,075,AGUACHICA,01,Zona 01,05,INSTITUCION EDUCATIVA GABRIELA MISTRAL,7
12,CESAR,075,AGUACHICA,01,Zona 01,06,INS TEC INDUSTRIAL LAUREANO GOMEZ CASTRO,4
12,CESAR,075,AGUACHICA,02,Zona 02,01,COLEGIO LA UNION,21
12,CESAR,075,AGUACHICA,02,Zona 02,02,COLEGIO LA VICTORIA,12
12,CESAR,075,AGUACHICA,02,Zona 02,03,COLEGIO NUESTRA SEÑORA DEL CARMEN,24
12,CESAR,075,AGUACHICA,02,Zona 02,04,INSTITUCIÓN EDUCATIVA SAN MIGUEL,25
12,CESAR,075,AGUACHICA,02,Zona 02,05,IE VILLA DE PARAGUAY,8
12,CESAR,075,AGUACHICA,02,Zona 02,06,SEDE JOSE ANDRES PADILLA CABARCAS,2
13,CORDOBA,009,CANALETE,99,Zona 99,02,BUENOS AIRES,3
13,CORDOBA,009,CANALETE,99,Zona 99,03,CORDOBITA FRONTERA,3
13,CORDOBA,009,CANALETE,99,Zona 99,04,CORDOBITA CENTRAL,1
13,CORDOBA,009,CANALETE,99,Zona 99,05,EL GUINEO,4
13,CORDOBA,009,CANALETE,99,Zona 99,06,EL LIMON,4
13,CORDOBA,009,CANALETE,99,Zona 99,07,CADILLO,3
13,CORDOBA,009,CANALETE,99,Zona 99,08,EL TOMATE,3
13,CORDOBA,009,CANALETE,99,Zona 99,10,LA LORENZA,2
13,CORDOBA,009,CANALETE,99,Zona 99,11,POPAYAN,6
13,CORDOBA,009,CANALETE,99,Zona 99,50,QUEBRADA DE URANGO,2
13,CORDOBA,009,CANALETE,99,Zona 99,70,SI SE VAN,4
13,CORDOBA,009,CANALETE,99,Zona 99,80,TIERRADENTRO,1
13,CORDOBA,009,CANALETE,00,Zona 00,00,PUESTO CABECERA MUNICIPAL,23
13,CORDOBA,014,COTORRA (BONGO),99,Zona 99,01,ABROJAL,3
13,CORDOBA,014,COTORRA (BONGO),99,Zona 99,05,EL PASO DE LAS FLORES,5
13,CORDOBA,014,COTORRA (BONGO),99,Zona 99,10,LA CULEBRA,3
13,CORDOBA,014,COTORRA (BONGO),99,Zona 99,15,LAS AREPAS,3
13,CORDOBA,014,COTORRA (BONGO),99,Zona 99,18,LOS CEDROS,4
13,CORDOBA,014,COTORRA (BONGO),99,Zona 99,20,LOS GOMEZ,2
13,CORDOBA,014,COTORRA (BONGO),99,Zona 99,25,MORALITO,4
13,CORDOBA,014,COTORRA (BONGO),99,Zona 99,40,TREMENTINO,1
13,CORDOBA,014,COTORRA (BONGO),00,Zona 00,00,PUESTO CABECERA MUNICIPAL,26
13,CORDOBA,016,CHIMA,99,Zona 99,01,ARACHE,7
13,CORDOBA,016,CHIMA,99,Zona 99,03,CAMPO BELLO,2
13,CORDOBA,016,CHIMA,99,Zona 99,05,CAROLINA,4
13,CORDOBA,016,CHIMA,99,Zona 99,09,COROZALITO,4
13,CORDOBA,016,CHIMA,99,Zona 99,13,PUNTA VERDE,2
13,CORDOBA,016,CHIMA,99,Zona 99,17,SITIO VIEJO,6
13,CORDOBA,016,CHIMA,99,Zona 99,30,PIMENTAL,3
13,CORDOBA,016,CHIMA,99,Zona 99,31,SABANA COSTA,1
13,CORDOBA,016,CHIMA,00,Zona 00,00,PUESTO CABECERA MUNICIPAL,14
13,CORDOBA,023,LOS CORDOBAS,99,Zona 99,02,BUENAVISTA,3
13,CORDOBA,023,LOS CORDOBAS,99,Zona 99,04,GUAIMARO,3
13,CORDOBA,023,LOS CORDOBAS,99,Zona 99,40,EL EBANO,5
13,CORDOBA,023,LOS CORDOBAS,99,Zona 99,45,JALISCO,2
13,CORDOBA,023,LOS CORDOBAS,99,Zona 99,48,LA PONDERANCIA,2
13,CORDOBA,023,LOS CORDOBAS,99,Zona 99,49,LA SALADA,2
13,CORDOBA,023,LOS CORDOBAS,99,Zona 99,50,MORINDO SANTANA,5
13,CORDOBA,023,LOS CORDOBAS,99,Zona 99,60,NUEVO NARIÑO,3
13,CORDOBA,023,LOS CORDOBAS,99,Zona 99,86,PUERTO REY,3
13,CORDOBA,023,LOS CORDOBAS,99,Zona 99,96,SANTA ROSA DE LA CAÑA,4
13,CORDOBA,023,LOS CORDOBAS,00,Zona 00,00,PUESTO CABECERA MUNICIPAL,24
13,CORDOBA,024,MOMIL,99,Zona 99,08,ESCUELA NVA DE GUAYMARAL,1
13,CORDOBA,024,MOMIL,99,Zona 99,15,SABANETA,5
13,CORDOBA,024,MOMIL,99,Zona 99,21,SACANA,3
13,CORDOBA,024,MOMIL,00,Zona 00,00,PUESTO CABECERA MUNICIPAL,35
13,CORDOBA,033,PUERTO ESCONDIDO,99,Zona 99,10,CONTENTO ARRIBA,2
13,CORDOBA,033,PUERTO ESCONDIDO,99,Zona 99,20,CRISTO REY,6
13,CORDOBA,033,PUERTO ESCONDIDO,99,Zona 99,32,EL ARIZAL,2
13,CORDOBA,033,PUERTO ESCONDIDO,99,Zona 99,36,EL PANTANO,6
13,CORDOBA,033,PUERTO ESCONDIDO,99,Zona 99,50,LA CAÑA DE CANALETE,1
13,CORDOBA,033,PUERTO ESCONDIDO,99,Zona 99,55,LAS MUJERES,4
13,CORDOBA,033,PUERTO ESCONDIDO,99,Zona 99,56,SABALITO,2
13,CORDOBA,033,PUERTO ESCONDIDO,99,Zona 99,60,MORINDO JARAMAGAL,1
13,CORDOBA,033,PUERTO ESCONDIDO,99,Zona 99,70,SANTA ISABEL,3
13,CORDOBA,033,PUERTO ESCONDIDO,99,Zona 99,84,SAN JOSE DE CANALETE,3
13,CORDOBA,033,PUERTO ESCONDIDO,99,Zona 99,87,CENTRO  DE SALUD SAN LUIS DE SEVILLA,5
13,CORDOBA,033,PUERTO ESCONDIDO,99,Zona 99,89,SAN MIGUEL,2
13,CORDOBA,033,PUERTO ESCONDIDO,99,Zona 99,90,SILENCIO,5
13,CORDOBA,033,PUERTO ESCONDIDO,99,Zona 99,91,VILLA ESTHER,3
13,CORDOBA,033,PUERTO ESCONDIDO,00,Zona 00,00,PUESTO CABECERA MUNICIPAL,18
13,CORDOBA,034,PURISIMA,99,Zona 99,01,ASERRADERO,3
13,CORDOBA,034,PURISIMA,99,Zona 99,20,EL HUESO,3
13,CORDOBA,034,PURISIMA,99,Zona 99,30,LOS CORRALES,5
13,CORDOBA,034,PURISIMA,99,Zona 99,35,SAN PEDRO,2
13,CORDOBA,034,PURISIMA,00,Zona 00,00,PUESTO CABECERA MUNICIPAL,32
13,CORDOBA,052,SAN JOSE DE URE,99,Zona 99,01,BOCAS DE URÉ,2
13,CORDOBA,052,SAN JOSE DE URE,99,Zona 99,03,BATATALITO,1
13,CORDOBA,052,SAN JOSE DE URE,99,Zona 99,04,BRAZO IZQUIERDO,1
13,CORDOBA,052,SAN JOSE DE URE,99,Zona 99,05,DORADAS,2
13,CORDOBA,052,SAN JOSE DE URE,99,Zona 99,10,FLECHAS,2
13,CORDOBA,052,SAN JOSE DE URE,99,Zona 99,12,LA CRISTALINA,1
13,CORDOBA,052,SAN JOSE DE URE,99,Zona 99,13,PUERTO COLOMBIA,1
13,CORDOBA,052,SAN JOSE DE URE,99,Zona 99,15,VERSALLES,2
13,CORDOBA,052,SAN JOSE DE URE,99,Zona 99,20,VIERA ABAJO,1
13,CORDOBA,052,SAN JOSE DE URE,99,Zona 99,21,IE SAGRADO CORAZON DE JESUS - SEDE MIAMI,1
13,CORDOBA,052,SAN JOSE DE URE,00,Zona 00,00,PUESTO CABECERA MUNICIPAL,16
13,CORDOBA,007,BUENAVISTA,99,Zona 99,10,CIENAGA DE LAS MARIAS,2
13,CORDOBA,007,BUENAVISTA,99,Zona 99,15,BELEN,4
13,CORDOBA,007,BUENAVISTA,99,Zona 99,23,EL VIAJANO,2
13,CORDOBA,007,BUENAVISTA,99,Zona 99,25,EL PARAISO,2
13,CORDOBA,007,BUENAVISTA,99,Zona 99,28,MEJOR ESQUINA,3
13,CORDOBA,007,BUENAVISTA,99,Zona 99,30,NUEVA ESTACION,4
13,CORDOBA,007,BUENAVISTA,99,Zona 99,45,PUERTO CORDOBA,2
13,CORDOBA,007,BUENAVISTA,99,Zona 99,50,SANTAFE DEL ARCIAL,2
13,CORDOBA,007,BUENAVISTA,99,Zona 99,70,TIERRA SANTA,4
13,CORDOBA,007,BUENAVISTA,99,Zona 99,80,VILLA FATIMA,5
13,CORDOBA,007,BUENAVISTA,00,Zona 00,01,I.E MARISCAL SUCRE,23
13,CORDOBA,007,BUENAVISTA,00,Zona 00,02,I.E SAGRADO CORAZON DE JESUS,10
13,CORDOBA,020,LA APARTADA (FRONTERA),99,Zona 99,01,CAMPO ALEGRE,1
13,CORDOBA,020,LA APARTADA (FRONTERA),99,Zona 99,02,LA BALSA,2
13,CORDOBA,020,LA APARTADA (FRONTERA),99,Zona 99,03,PUERTO CORDOBA,1
13,CORDOBA,020,LA APARTADA (FRONTERA),00,Zona 00,01,IE LUIS FERNANDO GONZALEZ BOTERO,25
13,CORDOBA,020,LA APARTADA (FRONTERA),00,Zona 00,02,IE SITIO NUEVO,10
13,CORDOBA,027,MOÑITOS,99,Zona 99,01,BAJO LIMON,3
13,CORDOBA,027,MOÑITOS,99,Zona 99,03,BROQUELES,4
13,CORDOBA,027,MOÑITOS,99,Zona 99,05,LA UNION,5
13,CORDOBA,027,MOÑITOS,99,Zona 99,08,LA RADA,3
13,CORDOBA,027,MOÑITOS,99,Zona 99,09,LAS MUJERES,4
13,CORDOBA,027,MOÑITOS,99,Zona 99,10,PERPETUO SOCORRO,4
13,CORDOBA,027,MOÑITOS,99,Zona 99,12,RIO CEDRO,5
13,CORDOBA,027,MOÑITOS,99,Zona 99,16,SANTANDER DE LA CRUZ,5
13,CORDOBA,027,MOÑITOS,99,Zona 99,20,SAN JOSE DE BELLA COHITA,6
13,CORDOBA,027,MOÑITOS,99,Zona 99,21,NARANJAL,2
13,CORDOBA,027,MOÑITOS,00,Zona 00,01,I.E. OBDULIO MAYO SCARPETA,16
13,CORDOBA,027,MOÑITOS,00,Zona 00,02,I.E .SAN JOSÉ,11
13,CORDOBA,031,PUEBLO NUEVO,99,Zona 99,01,ARENA DEL SUR,3
13,CORDOBA,031,PUEBLO NUEVO,99,Zona 99,03,ARROYO DE LA ARENA,2
13,CORDOBA,031,PUEBLO NUEVO,99,Zona 99,04,BETANIA,5
13,CORDOBA,031,PUEBLO NUEVO,99,Zona 99,05,CINTURA,3
13,CORDOBA,031,PUEBLO NUEVO,99,Zona 99,06,EL CONTENTO,2
13,CORDOBA,031,PUEBLO NUEVO,99,Zona 99,07,CORCOVADO,2
13,CORDOBA,031,PUEBLO NUEVO,99,Zona 99,08,EL POBLADO,7
13,CORDOBA,031,PUEBLO NUEVO,99,Zona 99,09,EL VARAL,5
13,CORDOBA,031,PUEBLO NUEVO,99,Zona 99,10,EL CAMPANO,3
13,CORDOBA,031,PUEBLO NUEVO,99,Zona 99,11,LA GRANJITA,4
13,CORDOBA,031,PUEBLO NUEVO,99,Zona 99,12,LA MAGDALENA,2
13,CORDOBA,031,PUEBLO NUEVO,99,Zona 99,13,LOS LIMONES,2
13,CORDOBA,031,PUEBLO NUEVO,99,Zona 99,14,EL CHIPAL,1
13,CORDOBA,031,PUEBLO NUEVO,99,Zona 99,15,EL ARCIAL,2
13,CORDOBA,031,PUEBLO NUEVO,99,Zona 99,16,LA ESPERANZA,2
13,CORDOBA,031,PUEBLO NUEVO,99,Zona 99,20,NEIVA,2
13,CORDOBA,031,PUEBLO NUEVO,99,Zona 99,23,NUEVA ESPERANZA N.1,1
13,CORDOBA,031,PUEBLO NUEVO,99,Zona 99,25,PUERTO SANTO,4
13,CORDOBA,031,PUEBLO NUEVO,99,Zona 99,30,PALMIRA,4
13,CORDOBA,031,PUEBLO NUEVO,99,Zona 99,35,PUEBLO REGAO,2
13,CORDOBA,031,PUEBLO NUEVO,00,Zona 00,01,INST EDUCATIVA JOSE FAUSTINO SARMIENTO,28
13,CORDOBA,031,PUEBLO NUEVO,00,Zona 00,02,IE TEC EN PROMOCION SOCIAL EL ROSARIO,3
13,CORDOBA,032,PUERTO LIBERTADOR,99,Zona 99,12,CENTRO AMERICA,2
13,CORDOBA,032,PUERTO LIBERTADOR,99,Zona 99,15,COROZALITO,2
13,CORDOBA,032,PUERTO LIBERTADOR,99,Zona 99,20,EL BRILLANTE,3
13,CORDOBA,032,PUERTO LIBERTADOR,99,Zona 99,40,JUAN JOSE,9
13,CORDOBA,032,PUERTO LIBERTADOR,99,Zona 99,45,NUEVA ESPERANZA,4
13,CORDOBA,032,PUERTO LIBERTADOR,99,Zona 99,50,LA RICA,3
13,CORDOBA,032,PUERTO LIBERTADOR,99,Zona 99,60,PICA PICA,3
13,CORDOBA,032,PUERTO LIBERTADOR,99,Zona 99,62,PUERTO BELEN,2
13,CORDOBA,032,PUERTO LIBERTADOR,99,Zona 99,63,PUERTO CAREPA,2
13,CORDOBA,032,PUERTO LIBERTADOR,99,Zona 99,64,PUERTO LOPEZ,1
13,CORDOBA,032,PUERTO LIBERTADOR,99,Zona 99,65,SAN JUAN,6
13,CORDOBA,032,PUERTO LIBERTADOR,99,Zona 99,70,SANTA FE DE LAS CLARAS,6
13,CORDOBA,032,PUERTO LIBERTADOR,99,Zona 99,75,TORNO ROJO,4
13,CORDOBA,032,PUERTO LIBERTADOR,99,Zona 99,80,VILLANUEVA,3
13,CORDOBA,032,PUERTO LIBERTADOR,00,Zona 00,01,IE GERMAN GOMEZ PELAEZ,34
13,CORDOBA,032,PUERTO LIBERTADOR,00,Zona 00,02,IE JOSE MARIA CORDOBA,15
13,CORDOBA,040,SAN ANDRES DE SOTAVENTO,99,Zona 99,05,CALLE LARGA,6
13,CORDOBA,040,SAN ANDRES DE SOTAVENTO,99,Zona 99,06,CRUZ DEL GUAYABO,11
13,CORDOBA,040,SAN ANDRES DE SOTAVENTO,99,Zona 99,09,EL BANCO,3
13,CORDOBA,040,SAN ANDRES DE SOTAVENTO,99,Zona 99,10,EL CONTENTO,4
13,CORDOBA,040,SAN ANDRES DE SOTAVENTO,99,Zona 99,11,EL HOYAL,2
13,CORDOBA,040,SAN ANDRES DE SOTAVENTO,99,Zona 99,15,LAS CASITAS,2
13,CORDOBA,040,SAN ANDRES DE SOTAVENTO,99,Zona 99,17,LOS CARRETOS,7
13,CORDOBA,040,SAN ANDRES DE SOTAVENTO,99,Zona 99,19,LOS CASTILLOS,4
13,CORDOBA,040,SAN ANDRES DE SOTAVENTO,99,Zona 99,31,PLAZA BONITA (MOCHA),5
13,CORDOBA,040,SAN ANDRES DE SOTAVENTO,99,Zona 99,33,PUEBLECITO,5
13,CORDOBA,040,SAN ANDRES DE SOTAVENTO,99,Zona 99,34,GARDENIAS,3
13,CORDOBA,040,SAN ANDRES DE SOTAVENTO,99,Zona 99,35,BERLIN,2
13,CORDOBA,040,SAN ANDRES DE SOTAVENTO,00,Zona 00,01,COLEGIO SAN SIMON,25
13,CORDOBA,040,SAN ANDRES DE SOTAVENTO,00,Zona 00,02,COLEGIO ALIANZA,18
13,CORDOBA,043,SAN ANTERO,99,Zona 99,03,BIJAITO,3
13,CORDOBA,043,SAN ANTERO,99,Zona 99,04,CERRO PETRONA,1
13,CORDOBA,043,SAN ANTERO,99,Zona 99,05,EL PORVENIR (EL BOBO),6
13,CORDOBA,043,SAN ANTERO,99,Zona 99,10,LAS NUBES,2
13,CORDOBA,043,SAN ANTERO,99,Zona 99,13,NUEVO AGRADO,4
13,CORDOBA,043,SAN ANTERO,99,Zona 99,17,SANTA ROSA DEL BALSAMO,2
13,CORDOBA,043,SAN ANTERO,99,Zona 99,20,SANTA CRUZ,2
13,CORDOBA,043,SAN ANTERO,99,Zona 99,21,TIJERETAS,2
13,CORDOBA,043,SAN ANTERO,00,Zona 00,01,I.E JULIO CESAR MIRANDA,32
13,CORDOBA,043,SAN ANTERO,00,Zona 00,02,COLEGIO LA INMACULADA BARRIO LAS AGUADAS,21
13,CORDOBA,046,SAN BERNARDO DEL VIENTO,99,Zona 99,02,CAÑO GRANDE,2
13,CORDOBA,046,SAN BERNARDO DEL VIENTO,99,Zona 99,03,CHIQUI,3
13,CORDOBA,046,SAN BERNARDO DEL VIENTO,99,Zona 99,04,EL CASTILLO,4
13,CORDOBA,046,SAN BERNARDO DEL VIENTO,99,Zona 99,05,JOSE MANUEL,7
13,CORDOBA,046,SAN BERNARDO DEL VIENTO,99,Zona 99,06,EL PARAISO,4
13,CORDOBA,046,SAN BERNARDO DEL VIENTO,99,Zona 99,07,LAS CAÑAS,2
13,CORDOBA,046,SAN BERNARDO DEL VIENTO,99,Zona 99,08,NUEVA ESTRELLA,2
13,CORDOBA,046,SAN BERNARDO DEL VIENTO,99,Zona 99,10,PAJONAL,3
13,CORDOBA,046,SAN BERNARDO DEL VIENTO,99,Zona 99,11,PLAYA DEL VIENTO,5
13,CORDOBA,046,SAN BERNARDO DEL VIENTO,99,Zona 99,13,PASO NUEVO,7
13,CORDOBA,046,SAN BERNARDO DEL VIENTO,99,Zona 99,60,SAN BLAS,3
13,CORDOBA,046,SAN BERNARDO DEL VIENTO,99,Zona 99,65,SICARA,5
13,CORDOBA,046,SAN BERNARDO DEL VIENTO,99,Zona 99,70,TINAJON COMPOSTELA,2
13,CORDOBA,046,SAN BERNARDO DEL VIENTO,99,Zona 99,75,TREMENTINO,3
13,CORDOBA,046,SAN BERNARDO DEL VIENTO,99,Zona 99,80,VILLA CLARA,3
13,CORDOBA,046,SAN BERNARDO DEL VIENTO,99,Zona 99,84,BARCELONA,2
13,CORDOBA,046,SAN BERNARDO DEL VIENTO,99,Zona 99,86,BARBASCAL,3
13,CORDOBA,046,SAN BERNARDO DEL VIENTO,00,Zona 00,01,ENRIQUE OLAYA HERRERA,19
13,CORDOBA,046,SAN BERNARDO DEL VIENTO,00,Zona 00,02,SAN FRANCISCO DE ASIS,13
13,CORDOBA,049,SAN CARLOS,99,Zona 99,01,CAMPANITO (CALLEMAR),5
13,CORDOBA,049,SAN CARLOS,99,Zona 99,05,CARRIZAL,9
13,CORDOBA,049,SAN CARLOS,99,Zona 99,06,CIENAGUITA,4
13,CORDOBA,049,SAN CARLOS,99,Zona 99,10,EL HATO,3
13,CORDOBA,049,SAN CARLOS,99,Zona 99,15,GUACHARACAL,4
13,CORDOBA,049,SAN CARLOS,99,Zona 99,16,SANTA ROSA,3
13,CORDOBA,049,SAN CARLOS,99,Zona 99,19,SAN MIGUEL ABAJO,5
13,CORDOBA,049,SAN CARLOS,00,Zona 00,01,I.E. EL PERPETUO SOCORRO SEDE COLOSINA,14
13,CORDOBA,049,SAN CARLOS,00,Zona 00,02,IE NUESTRA SEÑORA DEL PERPETUO SOCORRO,20
13,CORDOBA,055,SAN PELAYO,99,Zona 99,01,BUENOS AIRES,9
13,CORDOBA,055,SAN PELAYO,99,Zona 99,03,BONGA MELLA,8
13,CORDOBA,055,SAN PELAYO,99,Zona 99,05,CARRILLO,13
13,CORDOBA,055,SAN PELAYO,99,Zona 99,06,EL CHIQUI,3
13,CORDOBA,055,SAN PELAYO,99,Zona 99,07,EL OBLIGADO,3
13,CORDOBA,055,SAN PELAYO,99,Zona 99,09,LA MADERA,4
13,CORDOBA,055,SAN PELAYO,99,Zona 99,13,LAS GUAMAS,8
13,CORDOBA,055,SAN PELAYO,99,Zona 99,15,PELAYITO,8
13,CORDOBA,055,SAN PELAYO,99,Zona 99,17,SABANANUEVA,8
13,CORDOBA,055,SAN PELAYO,99,Zona 99,21,SAN ISIDRO (ABARCA),7
13,CORDOBA,055,SAN PELAYO,99,Zona 99,25,VALPARAISO (CAÑO VIEJO),8
13,CORDOBA,055,SAN PELAYO,99,Zona 99,30,PUERTO NUEVO,6
13,CORDOBA,055,SAN PELAYO,00,Zona 00,01,IE JOSE ANTONIO GALAN,17
13,CORDOBA,055,SAN PELAYO,00,Zona 00,02,IE SANTA TERESITA SEDE GENERAL SANTANDER,14
13,CORDOBA,060,TUCHIN,99,Zona 99,01,ALGODONCILLO,1
13,CORDOBA,060,TUCHIN,99,Zona 99,05,BARBACOAS,2
13,CORDOBA,060,TUCHIN,99,Zona 99,06,BOMBA,1
13,CORDOBA,060,TUCHIN,99,Zona 99,07,CRUZ CHIQUITA,2
13,CORDOBA,060,TUCHIN,99,Zona 99,10,FLECHAS,4
13,CORDOBA,060,TUCHIN,99,Zona 99,15,GUAIMARAL,1
13,CORDOBA,060,TUCHIN,99,Zona 99,20,MOLINA,5
13,CORDOBA,060,TUCHIN,99,Zona 99,21,NUEVA ESPERANZA,3
13,CORDOBA,060,TUCHIN,99,Zona 99,25,NUEVA ESTRELLA,3
13,CORDOBA,060,TUCHIN,99,Zona 99,30,SAN JUAN DE LA CRUZ,6
13,CORDOBA,060,TUCHIN,99,Zona 99,32,SANTANDER DE LA CRUZ,2
13,CORDOBA,060,TUCHIN,99,Zona 99,35,VIDALES,8
13,CORDOBA,060,TUCHIN,00,Zona 00,01,IE ALVARO ULCUE CHOCUE,35
13,CORDOBA,060,TUCHIN,00,Zona 00,02,COLEGIO MIXTO DE TUCHIN SD SAN PEDRO,13
13,CORDOBA,061,VALENCIA,99,Zona 99,01,EL REPOSO,3
13,CORDOBA,061,VALENCIA,99,Zona 99,02,C.E. MARIA AUXILIADORA,4
13,CORDOBA,061,VALENCIA,99,Zona 99,03,MATA DE MAIZ,3
13,CORDOBA,061,VALENCIA,99,Zona 99,05,GUADUAL CENTRAL,3
13,CORDOBA,061,VALENCIA,99,Zona 99,06,C.E. ANTONIA SANTOS,2
13,CORDOBA,061,VALENCIA,99,Zona 99,07,C.E.NTRA SEÑORA DEL CARMEN,3
13,CORDOBA,061,VALENCIA,99,Zona 99,08,I.E.DIVINO NIÑO,2
13,CORDOBA,061,VALENCIA,99,Zona 99,09,SANTO DOMINGO,2
13,CORDOBA,061,VALENCIA,99,Zona 99,10,I.E. LICEO VILLANUEVA,8
13,CORDOBA,061,VALENCIA,99,Zona 99,11,I.E. LOS VENADOS,2
13,CORDOBA,061,VALENCIA,99,Zona 99,12,LAS CRUCES,1
13,CORDOBA,061,VALENCIA,99,Zona 99,13,MANZANARES,2
13,CORDOBA,061,VALENCIA,99,Zona 99,14,I.E. DIVINO NIÑO,2
13,CORDOBA,061,VALENCIA,99,Zona 99,17,SAN RAFAEL,5
13,CORDOBA,061,VALENCIA,99,Zona 99,30,LAS NUBES,2
13,CORDOBA,061,VALENCIA,00,Zona 00,01,INST EDUC NUESTRA SEÑORA DEL ROSARIO,43
13,CORDOBA,061,VALENCIA,00,Zona 00,02,INST EDUCATIVA JOSE MARIA CARBONELL,3
13,CORDOBA,001,MONTERIA,90,Zona 90,01,CENSO - COLEGIO LA SALLE,25
13,CORDOBA,001,MONTERIA,98,Zona 98,01,CARCEL,1
13,CORDOBA,001,MONTERIA,99,Zona 99,01,IE MORINDO SANTA FE - MORINDO CENTRAL,4
13,CORDOBA,001,MONTERIA,99,Zona 99,06,SANTA LUCIA,16
13,CORDOBA,001,MONTERIA,99,Zona 99,07,IE SANTA CLARA DE ASIS - SEDE PRINCIPAL,8
13,CORDOBA,001,MONTERIA,99,Zona 99,13,CAÑO VIEJO PALOTAL,9
13,CORDOBA,001,MONTERIA,99,Zona 99,14,IE LETICIA  ESC RURAL MIX NUEVO PARAISO,2
13,CORDOBA,001,MONTERIA,99,Zona 99,15,MARTINICA,3
13,CORDOBA,001,MONTERIA,99,Zona 99,16,LETICIA,7
13,CORDOBA,001,MONTERIA,99,Zona 99,17,PUEBLO BUJO,6
13,CORDOBA,001,MONTERIA,99,Zona 99,18,LOMA VERDE,11
13,CORDOBA,001,MONTERIA,99,Zona 99,21,JARAQUIEL,6
13,CORDOBA,001,MONTERIA,99,Zona 99,25,IE LICEO MIGUEL ANTONIO CARO SED PPAL,9
13,CORDOBA,001,MONTERIA,99,Zona 99,27,GUASIMAL,4
13,CORDOBA,001,MONTERIA,99,Zona 99,29,EL SABANAL,18
13,CORDOBA,001,MONTERIA,99,Zona 99,31,EL CERRITO,4
13,CORDOBA,001,MONTERIA,99,Zona 99,32,PATIO BONITO,8
13,CORDOBA,001,MONTERIA,99,Zona 99,33,LA VICTORIA,4
13,CORDOBA,001,MONTERIA,99,Zona 99,34,IE GUATEQUE - SEDE PRINCIPAL,4
13,CORDOBA,001,MONTERIA,99,Zona 99,35,SAN ISIDRO,7
13,CORDOBA,001,MONTERIA,99,Zona 99,37,IE SAN ANTERITO SEDE PRINCIPAL,12
13,CORDOBA,001,MONTERIA,99,Zona 99,39,NUEVA LUCIA,6
13,CORDOBA,001,MONTERIA,99,Zona 99,40,SANTA ISABEL,6
13,CORDOBA,001,MONTERIA,99,Zona 99,41,TRES PALMAS,9
13,CORDOBA,001,MONTERIA,99,Zona 99,42,IE SANTAFE  ESC RURAL MIXTA TRES PIEDRAS,5
13,CORDOBA,001,MONTERIA,99,Zona 99,43,BUENOS AIRES,7
13,CORDOBA,001,MONTERIA,99,Zona 99,45,LA MANTA,4
13,CORDOBA,001,MONTERIA,99,Zona 99,46,NUEVA ESPERANZA,3
13,CORDOBA,001,MONTERIA,99,Zona 99,53,IE KM 12 - SEDE PRINCIPAL,10
13,CORDOBA,001,MONTERIA,99,Zona 99,54,IE AGUAS NEGRAS,6
13,CORDOBA,001,MONTERIA,99,Zona 99,55,SALON COMUNAL VEREDA BOCA DE LA CEIBA,3
13,CORDOBA,001,MONTERIA,99,Zona 99,56,IE JUAN XXIII  SEDE EL VIDRIAL,3
13,CORDOBA,001,MONTERIA,99,Zona 99,57,INST EDUC BESITO VOLAO SEDE LOS PERICOS,5
13,CORDOBA,001,MONTERIA,99,Zona 99,58,IE LOS GARZONES - ESC RUR MIX DE ARENAL,1
13,CORDOBA,001,MONTERIA,99,Zona 99,59,IE MORINDO SANTA FE - SEDE PRINCIPAL,2
13,CORDOBA,001,MONTERIA,99,Zona 99,60,IE GUATEQUE - ESC NUEVA MEDELLIN CORDOBA,1
13,CORDOBA,001,MONTERIA,99,Zona 99,61,IE GUASIMAL - ESC NUEVA EL CARMEN,1
13,CORDOBA,001,MONTERIA,01,Zona 01,01,IE RANCHO GRANDE,28
13,CORDOBA,001,MONTERIA,01,Zona 01,02,IE LA RIBERA,22
13,CORDOBA,001,MONTERIA,01,Zona 01,03,IE EL DORADO,26
13,CORDOBA,001,MONTERIA,01,Zona 01,04,IE ESCUELA NORMAL SUPERIOR - JUAN XXII,24
13,CORDOBA,001,MONTERIA,01,Zona 01,05,IE MINUTO DE DIOS,9
13,CORDOBA,001,MONTERIA,01,Zona 01,06,IE LOS COLORES,7
13,CORDOBA,001,MONTERIA,01,Zona 01,07,IE EL DORADO SEDE VALLEJO,18
13,CORDOBA,001,MONTERIA,01,Zona 01,08,IE JUAN XXIII,5
13,CORDOBA,001,MONTERIA,01,Zona 01,09,LICEO SAN FRANCISCO DE ASSIS,1
13,CORDOBA,001,MONTERIA,02,Zona 02,01,COLEGIO COMFACOR,27
13,CORDOBA,001,MONTERIA,02,Zona 02,02,LICEO MAXIMO MERCADO,15
13,CORDOBA,001,MONTERIA,02,Zona 02,03,IE CECILIA DE LLERAS,28
13,CORDOBA,001,MONTERIA,02,Zona 02,04,IE LICEO GUILLERMO VALENCIA,14
13,CORDOBA,001,MONTERIA,02,Zona 02,05,IE SANTA MARIA - SANTAFE,24
13,CORDOBA,001,MONTERIA,02,Zona 02,06,IE POLICARPA SALAVARRIETA,26
13,CORDOBA,001,MONTERIA,02,Zona 02,07,IE MERCEDES ABREGO,5
13,CORDOBA,001,MONTERIA,02,Zona 02,08,IE GENERAL SANTANDER,5
13,CORDOBA,001,MONTERIA,02,Zona 02,09,INSTITUCION EDUCATIVA ANTONIA SANTOS,2
13,CORDOBA,001,MONTERIA,03,Zona 03,01,IE MOGAMBO,23
13,CORDOBA,001,MONTERIA,03,Zona 03,02,IE SANTA MARIA GORETTI,27
13,CORDOBA,001,MONTERIA,03,Zona 03,03,IE VILLA MARGARITA,28
13,CORDOBA,001,MONTERIA,03,Zona 03,04,IE MANUEL RUIZ ALVAREZ,16
13,CORDOBA,001,MONTERIA,03,Zona 03,05,IE EL RECUERDO,12
13,CORDOBA,001,MONTERIA,03,Zona 03,06,IE LOS ARAUJOS,21
13,CORDOBA,001,MONTERIA,03,Zona 03,07,IE LOS NOGALES,16
13,CORDOBA,001,MONTERIA,03,Zona 03,08,IE MOGAMBO - E.MIXTA PANZENU-JAIME ELIAS,7
13,CORDOBA,001,MONTERIA,03,Zona 03,09,IE MOGAMBO SEDE LA ESPERANZA,4
13,CORDOBA,001,MONTERIA,03,Zona 03,10,IE ROBINSON PITALUA SEDE VILLA LOS ALPES,3
13,CORDOBA,001,MONTERIA,04,Zona 04,01,IE LA INMACULADA,12
13,CORDOBA,001,MONTERIA,04,Zona 04,02,COLEGIO JUAN PABLO II,18
13,CORDOBA,001,MONTERIA,04,Zona 04,03,IE ISABEL LA CATOLICA SD JOSE A.GALAN,11
13,CORDOBA,001,MONTERIA,04,Zona 04,04,IE SANTA ROSA DE LIMA,12
13,CORDOBA,001,MONTERIA,04,Zona 04,05,SENA,13
13,CORDOBA,001,MONTERIA,04,Zona 04,06,IE SANTA ROSA DE LIMA SD SAGRADO CORAZON,3
13,CORDOBA,001,MONTERIA,04,Zona 04,07,GIMNASIO MI ALEGRE INFANCIA,14
13,CORDOBA,001,MONTERIA,05,Zona 05,01,IE LA PRADERA,32
13,CORDOBA,001,MONTERIA,05,Zona 05,02,IE VICTORIA MANZUR,30
13,CORDOBA,001,MONTERIA,05,Zona 05,03,COL MILITAR ALMIRANTE COLON,22
13,CORDOBA,001,MONTERIA,05,Zona 05,04,COLEGIO SEVERO J GARCIA,20
13,CORDOBA,001,MONTERIA,05,Zona 05,05,COLEGIO LATINO,11
13,CORDOBA,001,MONTERIA,05,Zona 05,06,COLEGIO VISION MUNDIAL,6
13,CORDOBA,001,MONTERIA,05,Zona 05,07,IE JOSE MARIA CORDOBA SD CAMILO LAMADRID,2
13,CORDOBA,001,MONTERIA,05,Zona 05,08,IE VICTORIA MANZUR SEDE PARAISO,3
13,CORDOBA,001,MONTERIA,05,Zona 05,09,IE VICTORIA MANZUR SEDE JORGE ELIECER G.,3
13,CORDOBA,001,MONTERIA,06,Zona 06,01,IE ANTONIO NARIÑO - SUCRE,23
13,CORDOBA,001,MONTERIA,06,Zona 06,02,COLEGIO BRITANICO DE MONTERIA,16
13,CORDOBA,001,MONTERIA,06,Zona 06,03,COLEGIO GIMNASIO VALLEGRANDE,22
13,CORDOBA,001,MONTERIA,06,Zona 06,04,IE SAN JOSE - LA FLORESTA,30
13,CORDOBA,001,MONTERIA,06,Zona 06,05,IE VILLA CIELO,15
13,CORDOBA,001,MONTERIA,06,Zona 06,08,IE JOSE MARIA CORDOBA,10
13,CORDOBA,001,MONTERIA,06,Zona 06,09,COLEGIO LA SAGRADA FAMILIA,3
13,CORDOBA,001,MONTERIA,06,Zona 06,10,COLEGIO GIMNASIO EL RECREO,3
13,CORDOBA,001,MONTERIA,06,Zona 06,11,IE INEM LORENZO MARIA LLERAS,1
13,CORDOBA,001,MONTERIA,06,Zona 06,12,CENTRO COMERCIAL ALAMEDAS,8
13,CORDOBA,001,MONTERIA,06,Zona 06,13,CENTRO COMERCIAL  NUESTRO DE MONTERIA,7
13,CORDOBA,001,MONTERIA,07,Zona 07,01,IE CAMILO TORRES - MOCARI,34
13,CORDOBA,001,MONTERIA,07,Zona 07,02,GARZONES,22
13,CORDOBA,001,MONTERIA,07,Zona 07,03,INSTITUCION EDUCATIVA GARZONES SEDE 1,1
13,CORDOBA,004,AYAPEL,99,Zona 99,01,ALFONSO LOPEZ,3
13,CORDOBA,004,AYAPEL,99,Zona 99,02,CAÑO PESCADO NUMERO UNO,1
13,CORDOBA,004,AYAPEL,99,Zona 99,05,EL TOTUMO,2
13,CORDOBA,004,AYAPEL,99,Zona 99,09,CECILIA,3
13,CORDOBA,004,AYAPEL,99,Zona 99,13,EL CEDRO,5
13,CORDOBA,004,AYAPEL,99,Zona 99,15,LAS DELICIAS,3
13,CORDOBA,004,AYAPEL,99,Zona 99,16,MARRALU,2
13,CORDOBA,004,AYAPEL,99,Zona 99,17,NARIÑO,2
13,CORDOBA,004,AYAPEL,99,Zona 99,21,PALOTAL,3
13,CORDOBA,004,AYAPEL,99,Zona 99,23,POPALES,4
13,CORDOBA,004,AYAPEL,99,Zona 99,80,SINCELEJITO,2
13,CORDOBA,004,AYAPEL,01,Zona 01,01,IE INMACULADA SEDE SAGRADO COR,14
13,CORDOBA,004,AYAPEL,01,Zona 01,02,IE  PABLO SEXTO,27
13,CORDOBA,004,AYAPEL,01,Zona 01,03,SEDE MARIA MONTESSORI,2
13,CORDOBA,004,AYAPEL,01,Zona 01,04,SEDE SIMON BOLIVAR,2
13,CORDOBA,004,AYAPEL,01,Zona 01,05,SEDE MARIA AUXILIADORA VILLA ESPERANZA,2
13,CORDOBA,004,AYAPEL,02,Zona 02,01,IE CARLOS ADOLFO URUETA,22
13,CORDOBA,004,AYAPEL,02,Zona 02,02,IE MARCOS FIDEL SUAREZ,14
13,CORDOBA,010,CERETE,99,Zona 99,04,ESCUELA CUERO CURTIDO,2
13,CORDOBA,010,CERETE,99,Zona 99,05,I.E. CRISTOBAL COLON,7
13,CORDOBA,010,CERETE,99,Zona 99,06,I.E GERMAN VARGAS CANTILLO MANGUELITO,7
13,CORDOBA,010,CERETE,99,Zona 99,09,I.E ALFONSO SPATH SPATH DE MARTINEZ,18
13,CORDOBA,010,CERETE,99,Zona 99,13,I.E JULIAN PINTO BUENDIA BTO MATEO GOMEZ,14
13,CORDOBA,010,CERETE,99,Zona 99,21,IE JOSE ANTONIO GALAN DE RABOLARGO SD B,12
13,CORDOBA,010,CERETE,99,Zona 99,23,I.E RETIRO DE LOS INDIOS,17
13,CORDOBA,010,CERETE,99,Zona 99,24,I.E SAN JOSÉ DEL QUEMADO,4
13,CORDOBA,010,CERETE,99,Zona 99,33,I.E SEVERA,5
13,CORDOBA,010,CERETE,99,Zona 99,40,I.E TRES MARIA,2
13,CORDOBA,010,CERETE,01,Zona 01,01,I.E MARCELIANO POLO,30
13,CORDOBA,010,CERETE,01,Zona 01,02,COL. MILITAR ALMIRANTE COLON,17
13,CORDOBA,010,CERETE,01,Zona 01,03,NVA SEDE ESCUELA DEL PRADO,14
13,CORDOBA,010,CERETE,01,Zona 01,04,ESCUELA DE CARACAS,1
13,CORDOBA,010,CERETE,02,Zona 02,01,IE SANTA TERESA,29
13,CORDOBA,010,CERETE,02,Zona 02,02,I.E 24 DE MAYO,32
13,CORDOBA,010,CERETE,02,Zona 02,03,I.E DOLORES GARRIDO DE GONZALEZ,17
13,CORDOBA,010,CERETE,02,Zona 02,04,I.E CAÑITO DE LOS SÁBALOS,2
13,CORDOBA,013,CIENAGA DE ORO,99,Zona 99,01,BERASTEGUI,10
13,CORDOBA,013,CIENAGA DE ORO,99,Zona 99,02,BUGRE,4
13,CORDOBA,013,CIENAGA DE ORO,99,Zona 99,03,EL SIGLO,8
13,CORDOBA,013,CIENAGA DE ORO,99,Zona 99,04,CAMPO BONITO,2
13,CORDOBA,013,CIENAGA DE ORO,99,Zona 99,05,LAGUNETA,3
13,CORDOBA,013,CIENAGA DE ORO,99,Zona 99,06,BARRO PRIETO,2
13,CORDOBA,013,CIENAGA DE ORO,99,Zona 99,07,LAS PALMITAS,4
13,CORDOBA,013,CIENAGA DE ORO,99,Zona 99,08,LAS PIEDRAS,3
13,CORDOBA,013,CIENAGA DE ORO,99,Zona 99,09,LOS MIMBRES,7
13,CORDOBA,013,CIENAGA DE ORO,99,Zona 99,10,EL SALADO,2
13,CORDOBA,013,CIENAGA DE ORO,99,Zona 99,11,INST EDUCATIVA JOSE MARIA BERASTEGUI,5
13,CORDOBA,013,CIENAGA DE ORO,99,Zona 99,12,PIJIGUAYAL,4
13,CORDOBA,013,CIENAGA DE ORO,99,Zona 99,13,PUNTA DE YANEZ,5
13,CORDOBA,013,CIENAGA DE ORO,99,Zona 99,16,SAN ANTONIO DEL TACHIRA,3
13,CORDOBA,013,CIENAGA DE ORO,99,Zona 99,20,SANTIAGO DEL SUR,1
13,CORDOBA,013,CIENAGA DE ORO,01,Zona 01,01,I.E. ALIANZA PARA EL PROGRESO,19
13,CORDOBA,013,CIENAGA DE ORO,01,Zona 01,02,ESC. SAN JOSE,13
13,CORDOBA,013,CIENAGA DE ORO,01,Zona 01,03,INST EDUC MARCO FIDEL SUAREZ,15
13,CORDOBA,013,CIENAGA DE ORO,02,Zona 02,01,I.E. SAN ISIDRO,22
13,CORDOBA,013,CIENAGA DE ORO,02,Zona 02,02,I.E.MADRE BERNARDA SEDE CENTR,15
13,CORDOBA,019,CHINU,99,Zona 99,01,AGUAS VIVAS,2
13,CORDOBA,019,CHINU,99,Zona 99,03,ANDALUCIA,1
13,CORDOBA,019,CHINU,99,Zona 99,04,ARRIMADERO,2
13,CORDOBA,019,CHINU,99,Zona 99,05,CACAOTAL,6
13,CORDOBA,019,CHINU,99,Zona 99,06,CEJA GRANDE,2
13,CORDOBA,019,CHINU,99,Zona 99,08,LA FLORESTA,1
13,CORDOBA,019,CHINU,99,Zona 99,09,CARBONERO,2
13,CORDOBA,019,CHINU,99,Zona 99,10,EL CHORRILLO,2
13,CORDOBA,019,CHINU,99,Zona 99,11,EL DESEO,2
13,CORDOBA,019,CHINU,99,Zona 99,12,EL PARAISO,1
13,CORDOBA,019,CHINU,99,Zona 99,13,EL PITAL,1
13,CORDOBA,019,CHINU,99,Zona 99,14,EL TIGRE,2
13,CORDOBA,019,CHINU,99,Zona 99,15,FLECHAS SABANAS,2
13,CORDOBA,019,CHINU,99,Zona 99,16,GARBADO,1
13,CORDOBA,019,CHINU,99,Zona 99,17,HEREDIA,3
13,CORDOBA,019,CHINU,99,Zona 99,18,LA PANAMA,1
13,CORDOBA,019,CHINU,99,Zona 99,19,LOS ANGELES,2
13,CORDOBA,019,CHINU,99,Zona 99,20,LA PILONA,1
13,CORDOBA,019,CHINU,99,Zona 99,21,NUEVO ORIENTE,3
13,CORDOBA,019,CHINU,99,Zona 99,22,PALMITAL,2
13,CORDOBA,019,CHINU,99,Zona 99,23,RETIRO DE LOS PEREZ,2
13,CORDOBA,019,CHINU,99,Zona 99,24,PISABONITO,1
13,CORDOBA,019,CHINU,99,Zona 99,25,SAN MATEO,4
13,CORDOBA,019,CHINU,99,Zona 99,26,JERICO,1
13,CORDOBA,019,CHINU,99,Zona 99,27,PAJONAL,2
13,CORDOBA,019,CHINU,99,Zona 99,29,SAN RAFAEL,1
13,CORDOBA,019,CHINU,99,Zona 99,33,SANTA CECILIA,1
13,CORDOBA,019,CHINU,99,Zona 99,37,SANTA FE,1
13,CORDOBA,019,CHINU,99,Zona 99,41,SANTA ROSA,4
13,CORDOBA,019,CHINU,99,Zona 99,45,SEVILLA (FLECHAS),2
13,CORDOBA,019,CHINU,99,Zona 99,49,TIERRA GRATA,3
13,CORDOBA,019,CHINU,99,Zona 99,60,NOVA,1
13,CORDOBA,019,CHINU,99,Zona 99,70,VILLA FATIMA,2
13,CORDOBA,019,CHINU,99,Zona 99,71,BLEO VERDINAL,2
13,CORDOBA,019,CHINU,99,Zona 99,72,LAS PIÑUELAS,1
13,CORDOBA,019,CHINU,99,Zona 99,73,TERMOELECTRICA,1
13,CORDOBA,019,CHINU,99,Zona 99,74,LAS LOMAS,1
13,CORDOBA,019,CHINU,99,Zona 99,75,RAICERO,1
13,CORDOBA,019,CHINU,99,Zona 99,76,SAN QUIRRE,1
13,CORDOBA,019,CHINU,01,Zona 01,01,COLEGIO SAN FRANCISCO DE ASIS,18
13,CORDOBA,019,CHINU,01,Zona 01,02,CENTRO EDUCATIVO LAS MERCEDES,12
13,CORDOBA,019,CHINU,02,Zona 02,01,CTRO EDUC. MARIA AUXILIADORA,16
13,CORDOBA,019,CHINU,02,Zona 02,02,CTRO EDUC. JOSE YANCES MUTIS,15
13,CORDOBA,022,LORICA,90,Zona 90,01,I.E.DAVID SANCHEZ JULIAO,5
13,CORDOBA,022,LORICA,98,Zona 98,01,CARCEL REGIONAL DEL DISTRITO,1
13,CORDOBA,022,LORICA,99,Zona 99,02,CAMPANO DE LOS INDIOS,3
13,CORDOBA,022,LORICA,99,Zona 99,03,COTOCA ARRIBA,3
13,CORDOBA,022,LORICA,99,Zona 99,04,CAMPO ALEGRE,2
13,CORDOBA,022,LORICA,99,Zona 99,05,EL CARITO,6
13,CORDOBA,022,LORICA,99,Zona 99,06,MATA DE CAÑA,4
13,CORDOBA,022,LORICA,99,Zona 99,07,EL LAZO,5
13,CORDOBA,022,LORICA,99,Zona 99,08,EL RODEO,7
13,CORDOBA,022,LORICA,99,Zona 99,09,LA DOCTRINA,8
13,CORDOBA,022,LORICA,99,Zona 99,10,CASTILLERAL,6
13,CORDOBA,022,LORICA,99,Zona 99,12,LA PEINADA,4
13,CORDOBA,022,LORICA,99,Zona 99,13,LAS FLORES,6
13,CORDOBA,022,LORICA,99,Zona 99,14,LA SUBIDA,4
13,CORDOBA,022,LORICA,99,Zona 99,15,COTOCA ABAJO,8
13,CORDOBA,022,LORICA,99,Zona 99,17,LOS GOMEZ,4
13,CORDOBA,022,LORICA,99,Zona 99,18,LOS HIGALES,3
13,CORDOBA,022,LORICA,99,Zona 99,19,LOS MONOS,11
13,CORDOBA,022,LORICA,99,Zona 99,20,LOS MORALES,4
13,CORDOBA,022,LORICA,99,Zona 99,21,NARIÑO,7
13,CORDOBA,022,LORICA,99,Zona 99,23,LAS CAMORRAS,2
13,CORDOBA,022,LORICA,99,Zona 99,25,PALO DE AGUA,8
13,CORDOBA,022,LORICA,99,Zona 99,26,REMOLINO,5
13,CORDOBA,022,LORICA,99,Zona 99,27,SAN ANTERITO,4
13,CORDOBA,022,LORICA,99,Zona 99,28,SAN NICOLAS DE BARI,5
13,CORDOBA,022,LORICA,99,Zona 99,29,SAN SEBASTIAN,9
13,CORDOBA,022,LORICA,99,Zona 99,30,MANANTIAL ARRIBA,3
13,CORDOBA,022,LORICA,99,Zona 99,38,TIERRALTA,9
13,CORDOBA,022,LORICA,99,Zona 99,45,VILLA CONCEPCION,3
13,CORDOBA,022,LORICA,99,Zona 99,52,CANDELARIA,6
13,CORDOBA,022,LORICA,99,Zona 99,60,EL GUANABANO,2
13,CORDOBA,022,LORICA,99,Zona 99,90,SANTA LUCIA,5
13,CORDOBA,022,LORICA,99,Zona 99,91,CENTRO POBLADO LA PALMA,3
13,CORDOBA,022,LORICA,99,Zona 99,92,VDA NUEVO CAMPO ALEGRE,1
13,CORDOBA,022,LORICA,99,Zona 99,93,LAS ESTANCIAS,1
13,CORDOBA,022,LORICA,01,Zona 01,01,NORMAL SUPERIOR SANTA TERESITA,17
13,CORDOBA,022,LORICA,01,Zona 01,02,IE DAVID SANCHEZ J. SEDE SANTA TERESITA,9
13,CORDOBA,022,LORICA,01,Zona 01,03,INST. CIUDAD LORICA - ICIL,12
13,CORDOBA,022,LORICA,01,Zona 01,04,COLEGIO EL ENCANTO,2
13,CORDOBA,022,LORICA,01,Zona 01,05,INSTITUTO NIÑO JESUS DE PRAGA,2
13,CORDOBA,022,LORICA,02,Zona 02,01,IE SANTA CRUZ,16
13,CORDOBA,022,LORICA,02,Zona 02,02,UNV. DE CORDOBA SEDE LORICA,11
13,CORDOBA,022,LORICA,02,Zona 02,03,IE LACIDES C. BERSAL,10
13,CORDOBA,022,LORICA,02,Zona 02,04,IE ANTONIO DE LA TORRE Y MIRANDA S CONAL,10
13,CORDOBA,022,LORICA,02,Zona 02,05,I.E PAULO VI,11
13,CORDOBA,022,LORICA,02,Zona 02,06,COLEGIO CENTRAL MILITAR ALMIRANTE COLON,12
13,CORDOBA,025,MONTELIBANO,90,Zona 90,01,ESCUELA URBANA MIXTA,8
13,CORDOBA,025,MONTELIBANO,99,Zona 99,01,EL ANCLAR,3
13,CORDOBA,025,MONTELIBANO,99,Zona 99,05,COLEGIO SIMON BOLIVAR,2
13,CORDOBA,025,MONTELIBANO,99,Zona 99,10,PALMAR,4
13,CORDOBA,025,MONTELIBANO,99,Zona 99,11,PICA PICA NUEVO,4
13,CORDOBA,025,MONTELIBANO,99,Zona 99,12,PUERTO ANCHICA,2
13,CORDOBA,025,MONTELIBANO,99,Zona 99,13,PUERTO NUEVO,1
13,CORDOBA,025,MONTELIBANO,99,Zona 99,15,SAN FRANCISCO,6
13,CORDOBA,025,MONTELIBANO,99,Zona 99,16,TIERRADENTRO,11
13,CORDOBA,025,MONTELIBANO,99,Zona 99,18,IE NUESTRA SEÑORA DEL CARMEN,1
13,CORDOBA,025,MONTELIBANO,01,Zona 01,01,COLEGIO MARIA GORETTI,26
13,CORDOBA,025,MONTELIBANO,01,Zona 01,02,COLEGIO PABLO VI,13
13,CORDOBA,025,MONTELIBANO,01,Zona 01,03,IE SAN ANTONIO MARIA CLARET SAMAC,4
13,CORDOBA,025,MONTELIBANO,02,Zona 02,01,IE VILLAMATOSO,15
13,CORDOBA,025,MONTELIBANO,02,Zona 02,02,MEGACOLEGIO CESUM,41
13,CORDOBA,025,MONTELIBANO,02,Zona 02,03,IE BELEN,31
13,CORDOBA,025,MONTELIBANO,02,Zona 02,04,IE SAN BERNARDO,6
13,CORDOBA,028,PLANETA RICA,90,Zona 90,01,COL.DIOCESANO JUAN PABLO II P,10
13,CORDOBA,028,PLANETA RICA,99,Zona 99,01,ARENOSO,5
13,CORDOBA,028,PLANETA RICA,99,Zona 99,03,CAMPOBELLO,5
13,CORDOBA,028,PLANETA RICA,99,Zona 99,05,CAROLINA,3
13,CORDOBA,028,PLANETA RICA,99,Zona 99,09,CENTRO ALEGRE,9
13,CORDOBA,028,PLANETA RICA,99,Zona 99,10,EL ALMENDRO,3
13,CORDOBA,028,PLANETA RICA,99,Zona 99,11,MARAÑONAL,3
13,CORDOBA,028,PLANETA RICA,99,Zona 99,12,PLAZA BONITA,4
13,CORDOBA,028,PLANETA RICA,99,Zona 99,13,PROVIDENCIA,4
13,CORDOBA,028,PLANETA RICA,99,Zona 99,20,LAS PELONAS,2
13,CORDOBA,028,PLANETA RICA,01,Zona 01,01,COL NUESTRA SEÑORA DE LA CANDE,34
13,CORDOBA,028,PLANETA RICA,01,Zona 01,02,COL SIMON BOLIVAR,35
13,CORDOBA,028,PLANETA RICA,02,Zona 02,01,COL ALIANZA PARA EL PROGRESO,20
13,CORDOBA,028,PLANETA RICA,02,Zona 02,02,CENTRO EDUCATIVO MARIA INMACUL,18
13,CORDOBA,037,SAHAGUN,90,Zona 90,01,NORMAL SUP. LACIDES A IRIARTE,3
13,CORDOBA,037,SAHAGUN,99,Zona 99,01,ARENA DEL NORTE,5
13,CORDOBA,037,SAHAGUN,99,Zona 99,02,AGUAS VIVAS,3
13,CORDOBA,037,SAHAGUN,99,Zona 99,05,BAJO GRANDE,6
13,CORDOBA,037,SAHAGUN,99,Zona 99,09,CATALINA,4
13,CORDOBA,037,SAHAGUN,99,Zona 99,11,GUAYABAL LA YE,4
13,CORDOBA,037,SAHAGUN,99,Zona 99,12,EL ROBLE,2
13,CORDOBA,037,SAHAGUN,99,Zona 99,13,COLOMBOY,8
13,CORDOBA,037,SAHAGUN,99,Zona 99,14,EL KILOMETRO 34,2
13,CORDOBA,037,SAHAGUN,99,Zona 99,15,CRUCERO,5
13,CORDOBA,037,SAHAGUN,99,Zona 99,16,EL DIVIDIVI,5
13,CORDOBA,037,SAHAGUN,99,Zona 99,17,EL VIEJANO,7
13,CORDOBA,037,SAHAGUN,99,Zona 99,18,EL GUAIMARO,2
13,CORDOBA,037,SAHAGUN,99,Zona 99,19,LAS BOCAS,3
13,CORDOBA,037,SAHAGUN,99,Zona 99,20,GUAIMARITO,2
13,CORDOBA,037,SAHAGUN,99,Zona 99,21,LA QUEBRADA,1
13,CORDOBA,037,SAHAGUN,99,Zona 99,22,LAS AGUADITAS,2
13,CORDOBA,037,SAHAGUN,99,Zona 99,23,LOS GALANES,5
13,CORDOBA,037,SAHAGUN,99,Zona 99,24,LOS AMARILLOS,3
13,CORDOBA,037,SAHAGUN,99,Zona 99,25,LLANADAS,5
13,CORDOBA,037,SAHAGUN,99,Zona 99,29,LA YE,9
13,CORDOBA,037,SAHAGUN,99,Zona 99,33,MORROCOY,3
13,CORDOBA,037,SAHAGUN,99,Zona 99,35,PISA FLORES,3
13,CORDOBA,037,SAHAGUN,99,Zona 99,36,RANCHERIA,15
13,CORDOBA,037,SAHAGUN,99,Zona 99,37,RODACULO,2
13,CORDOBA,037,SAHAGUN,99,Zona 99,39,SABANETA,4
13,CORDOBA,037,SAHAGUN,99,Zona 99,40,SALGUERITO,5
13,CORDOBA,037,SAHAGUN,99,Zona 99,41,SALITRAL,3
13,CORDOBA,037,SAHAGUN,99,Zona 99,43,SAN ANDRESITO,3
13,CORDOBA,037,SAHAGUN,99,Zona 99,45,SAN ANTONIO,3
13,CORDOBA,037,SAHAGUN,99,Zona 99,49,SANTIAGO ABAJO,2
13,CORDOBA,037,SAHAGUN,99,Zona 99,50,TREMENTINO BULERO,2
13,CORDOBA,037,SAHAGUN,99,Zona 99,55,LOS CHIBOLOS,2
13,CORDOBA,037,SAHAGUN,99,Zona 99,60,LAS MANUELITAS,4
13,CORDOBA,037,SAHAGUN,99,Zona 99,70,EL OLIVO,3
13,CORDOBA,037,SAHAGUN,99,Zona 99,75,EL REMOLINO,3
13,CORDOBA,037,SAHAGUN,01,Zona 01,01,COL ANDRES RODRIGUEZ,21
13,CORDOBA,037,SAHAGUN,01,Zona 01,02,COL CONALSA,13
13,CORDOBA,037,SAHAGUN,01,Zona 01,03,COL SAN ROQUE,10
13,CORDOBA,037,SAHAGUN,01,Zona 01,04,COL LA CRUZ,13
13,CORDOBA,037,SAHAGUN,02,Zona 02,01,COL SAN JOSE,14
13,CORDOBA,037,SAHAGUN,02,Zona 02,02,COL SAN PEDRO,10
13,CORDOBA,037,SAHAGUN,02,Zona 02,03,I.E. SIMON BOLIVAR,15
13,CORDOBA,037,SAHAGUN,02,Zona 02,04,I.E. EL CARMEN,8
13,CORDOBA,037,SAHAGUN,02,Zona 02,05,CONCENTRACIÓN EDUCATIVA DEL NORTE,4
13,CORDOBA,037,SAHAGUN,02,Zona 02,06,NUESTRA SEÑORA DE LA SALUD,10
13,CORDOBA,058,TIERRALTA,99,Zona 99,02,BONITO VIENTO,2
13,CORDOBA,058,TIERRALTA,99,Zona 99,05,CALLEJAS,5
13,CORDOBA,058,TIERRALTA,99,Zona 99,09,CARAMELO,5
13,CORDOBA,058,TIERRALTA,99,Zona 99,11,CRUCITO,3
13,CORDOBA,058,TIERRALTA,99,Zona 99,12,BATATA,6
13,CORDOBA,058,TIERRALTA,99,Zona 99,13,PALMIRA,8
13,CORDOBA,058,TIERRALTA,99,Zona 99,14,NUEVA GRANADA,2
13,CORDOBA,058,TIERRALTA,99,Zona 99,15,MANTAGORDAL,2
13,CORDOBA,058,TIERRALTA,99,Zona 99,16,LA OSSA,1
13,CORDOBA,058,TIERRALTA,99,Zona 99,17,CAMPO BELLO,7
13,CORDOBA,058,TIERRALTA,99,Zona 99,18,LOS MORALES,8
13,CORDOBA,058,TIERRALTA,99,Zona 99,19,DIAMANTE,2
13,CORDOBA,058,TIERRALTA,99,Zona 99,20,EL ROSARIO,4
13,CORDOBA,058,TIERRALTA,99,Zona 99,21,SEVERINERA,1
13,CORDOBA,058,TIERRALTA,99,Zona 99,22,NUEVO CEIBAL,3
13,CORDOBA,058,TIERRALTA,99,Zona 99,23,SANTA FE,4
13,CORDOBA,058,TIERRALTA,99,Zona 99,24,SANTA MARTA,3
13,CORDOBA,058,TIERRALTA,99,Zona 99,25,LAS DELICIAS,6
13,CORDOBA,058,TIERRALTA,99,Zona 99,26,VILLA PROVIDENCIA,3
13,CORDOBA,058,TIERRALTA,99,Zona 99,27,VOLADOR,2
13,CORDOBA,058,TIERRALTA,99,Zona 99,28,LOS POLLOS,6
13,CORDOBA,058,TIERRALTA,99,Zona 99,40,FRASQUILLO NUEVO,6
13,CORDOBA,058,TIERRALTA,99,Zona 99,41,NAWA NUEVO,2
13,CORDOBA,058,TIERRALTA,99,Zona 99,42,SAIZA,2
13,CORDOBA,058,TIERRALTA,99,Zona 99,43,RIO VERDE,1
13,CORDOBA,058,TIERRALTA,99,Zona 99,70,SAN FELIPE DE CADILLO,2
13,CORDOBA,058,TIERRALTA,01,Zona 01,01,INSTITUCION EDUCATIVA EL PARAISO,17
13,CORDOBA,058,TIERRALTA,01,Zona 01,02,INST. EDUCATIVA BENICIO AGUDELO,23
13,CORDOBA,058,TIERRALTA,01,Zona 01,03,INST. EDUCATIVA MADRE LAURA,18
13,CORDOBA,058,TIERRALTA,01,Zona 01,04,INST EDUC BENICIO AGUDELO SEDE EL RECREO,1
13,CORDOBA,058,TIERRALTA,01,Zona 01,05,DIVINO NIÑO - SEDE YIRET,1
13,CORDOBA,058,TIERRALTA,02,Zona 02,01,INSTITUCIÓN EDUCATIVA JUNIN,18
13,CORDOBA,058,TIERRALTA,02,Zona 02,02,INSTITUCION EDUCATIVA SAN CARLOS,17
13,CORDOBA,058,TIERRALTA,02,Zona 02,03,INST. EDUCATIVA 19 DE MARZO,10
13,CORDOBA,058,TIERRALTA,02,Zona 02,04,CAMPAMENTO,1
13,CORDOBA,058,TIERRALTA,02,Zona 02,05,INST EDUCATIVA LA INMACULADA,21
15,CUNDINAMARCA,100,GACHANCIPA,00,Zona 00,01,COL. CARLOS GARAVITO - SEDE CIUDADELA,30
15,CUNDINAMARCA,100,GACHANCIPA,00,Zona 00,02,AULA MULTIPLE COLEGIO SEDE CIUDADELA,8
15,CUNDINAMARCA,103,GACHETA,98,Zona 98,01,CARCEL,1
15,CUNDINAMARCA,103,GACHETA,99,Zona 99,48,LOS LOPEZ,1
15,CUNDINAMARCA,103,GACHETA,00,Zona 00,01,CAMPO DEPORTIVO LA COLOMBIA,15
15,CUNDINAMARCA,103,GACHETA,00,Zona 00,02,ESCUELA JHON F KENNEDY,9
15,CUNDINAMARCA,106,GAMA,99,Zona 99,15,SAN ROQUE,1
15,CUNDINAMARCA,106,GAMA,00,Zona 00,00,PUESTO CABECERA MUNICIPAL,8
15,CUNDINAMARCA,109,GIRARDOT,90,Zona 90,01,COLISEO DEFERIAS Y EXPOSICION,11
15,CUNDINAMARCA,109,GIRARDOT,98,Zona 98,01,PENITENCIARIA NACIONAL,1
15,CUNDINAMARCA,109,GIRARDOT,99,Zona 99,01,BARZALOSA Y PIAMONTE,10
15,CUNDINAMARCA,109,GIRARDOT,99,Zona 99,02,SAN LORENZO,1
15,CUNDINAMARCA,109,GIRARDOT,01,Zona 01,01,COLEGIO AMERICANO,21
15,CUNDINAMARCA,109,GIRARDOT,01,Zona 01,02,COLEGIO LA PRESENTACION,16
15,CUNDINAMARCA,109,GIRARDOT,01,Zona 01,03,COLEGIO NUESTRA SEÑORA DEL PILAR,14
15,CUNDINAMARCA,109,GIRARDOT,01,Zona 01,04,CASA DE LA CULTURA,4
15,CUNDINAMARCA,109,GIRARDOT,01,Zona 01,05,IE FUNDADORES RAMON BUENO Y JOSE TRIANA,1
15,CUNDINAMARCA,109,GIRARDOT,02,Zona 02,01,I.E. NUEVO HORIZONTE,21
15,CUNDINAMARCA,109,GIRARDOT,02,Zona 02,02,LICEO LOS ANDES,7
15,CUNDINAMARCA,109,GIRARDOT,02,Zona 02,03,SEDE FRANCISCO J DE CALDAS,12
15,CUNDINAMARCA,109,GIRARDOT,02,Zona 02,04,CTRO EDU ANTONIO NARIÑO,11
15,CUNDINAMARCA,109,GIRARDOT,02,Zona 02,05,COL MAYOR MARTHA CATALINA,18
15,CUNDINAMARCA,109,GIRARDOT,02,Zona 02,06,JARDIN INFANTIL CHIQUITOS,2
15,CUNDINAMARCA,109,GIRARDOT,02,Zona 02,07,JARDIN INFANTIL CHEPITA MENDEZ,4
15,CUNDINAMARCA,109,GIRARDOT,02,Zona 02,08,IET FRANCISCO MANZANERA HENRIQUEZ,6
15,CUNDINAMARCA,109,GIRARDOT,02,Zona 02,09,COLISEO CENTENARIO,4
15,CUNDINAMARCA,109,GIRARDOT,03,Zona 03,01,ESC. NORMAL SUPERIOR MARIA AUX,18
15,CUNDINAMARCA,109,GIRARDOT,03,Zona 03,02,COLEGIO ATANASIO GIRARDOT,16
15,CUNDINAMARCA,109,GIRARDOT,03,Zona 03,03,COLISEO BARRIO SAN JORGE,14
15,CUNDINAMARCA,109,GIRARDOT,03,Zona 03,04,COLISEO BARRIO KENNEDY,10
15,CUNDINAMARCA,109,GIRARDOT,03,Zona 03,05,IE POLICARPA SALAVARRIETA,17
15,CUNDINAMARCA,109,GIRARDOT,03,Zona 03,06,SENA,6
15,CUNDINAMARCA,109,GIRARDOT,03,Zona 03,07,IE SEDE INTEGRADORA,2
15,CUNDINAMARCA,109,GIRARDOT,03,Zona 03,08,FUNDACION CAMPESTRE EL PEÑON,3
15,CUNDINAMARCA,109,GIRARDOT,03,Zona 03,09,COLEGIO ESPIRITU SANTO,6
15,CUNDINAMARCA,112,GUACHETA,99,Zona 99,50,MONROY,1
15,CUNDINAMARCA,112,GUACHETA,00,Zona 00,00,PUESTO CABECERA MUNICIPAL,27
15,CUNDINAMARCA,115,GUADUAS,98,Zona 98,01,PENIT. DE MEDIANA SEG. LA ESPERANZA,1
15,CUNDINAMARCA,115,GUADUAS,99,Zona 99,01,LA PAZ,3
15,CUNDINAMARCA,115,GUADUAS,99,Zona 99,02,CUATRO ESQUINAS,1
15,CUNDINAMARCA,115,GUADUAS,99,Zona 99,03,GUADUERO,1
15,CUNDINAMARCA,115,GUADUAS,99,Zona 99,04,SEDE RURAL CEDRALES,1
15,CUNDINAMARCA,115,GUADUAS,99,Zona 99,05,IED PUERTO BOGOTA SEDE PRINCIPAL,8
15,CUNDINAMARCA,115,GUADUAS,99,Zona 99,06,VEREDA TAUCHIRAL ESCUELA SEDE SAN GIL,1
15,CUNDINAMARCA,115,GUADUAS,99,Zona 99,07,EL ESCRITORIO,1
15,CUNDINAMARCA,115,GUADUAS,99,Zona 99,08,MALAMBO,1
15,CUNDINAMARCA,115,GUADUAS,99,Zona 99,09,ESCUELA RURAL MADRIGAL Y CHAPAIMA,1
15,CUNDINAMARCA,115,GUADUAS,00,Zona 00,01,IED MIGUEL SAMPER AGUDELO,33
15,CUNDINAMARCA,115,GUADUAS,00,Zona 00,02,IED MIGUEL SAMPER SEDE BENJAMIN HERRERA,16
15,CUNDINAMARCA,115,GUADUAS,00,Zona 00,03,JARDIN INFANTIL MI PEQUEÑO MUNDO-MIMOS1,3
15,CUNDINAMARCA,115,GUADUAS,00,Zona 00,04,IED MIGUEL SAMPER AGUDELO SD URB. FJM,2
15,CUNDINAMARCA,118,GUASCA,99,Zona 99,01,INSTITUCION EDUCATIVA EL CARMEN,1
15,CUNDINAMARCA,118,GUASCA,00,Zona 00,00,PUESTO CABECERA MUNICIPAL,36
15,CUNDINAMARCA,121,GUATAQUI,00,Zona 00,00,PUESTO CABECERA MUNICIPAL,8
15,CUNDINAMARCA,124,GUATAVITA,00,Zona 00,00,PUESTO CABECERA MUNICIPAL,16
15,CUNDINAMARCA,127,GUAYABAL DE SIQUIMA,99,Zona 99,01,SALON COMUNAL EL TRIGO,1
15,CUNDINAMARCA,127,GUAYABAL DE SIQUIMA,99,Zona 99,02,ESCUELA RURAL LA CONCORDIA,1
15,CUNDINAMARCA,127,GUAYABAL DE SIQUIMA,00,Zona 00,00,PUESTO CABECERA MUNICIPAL,13
15,CUNDINAMARCA,128,GUAYABETAL,99,Zona 99,80,TUNQUE DEL NARANJAL (TUNQUE),1
15,CUNDINAMARCA,128,GUAYABETAL,00,Zona 00,00,PUESTO CABECERA MUNICIPAL,13
15,CUNDINAMARCA,130,GUTIERREZ,00,Zona 00,00,PUESTO CABECERA MUNICIPAL,9
15,CUNDINAMARCA,132,GRANADA,00,Zona 00,00,PUESTO CABECERA MUNICIPAL,20
15,CUNDINAMARCA,133,JERUSALEN,00,Zona 00,00,PUESTO CABECERA MUNICIPAL,9
15,CUNDINAMARCA,136,JUNIN,99,Zona 99,01,CLARAVAL,1
15,CUNDINAMARCA,136,JUNIN,99,Zona 99,05,CHUSCALES,2
15,CUNDINAMARCA,136,JUNIN,99,Zona 99,09,EL SALITRICO (SUEVA),3
15,CUNDINAMARCA,136,JUNIN,00,Zona 00,00,PUESTO CABECERA MUNICIPAL,11
15,CUNDINAMARCA,139,LA CALERA,99,Zona 99,01,MUNDO NUEVO,2
15,CUNDINAMARCA,139,LA CALERA,99,Zona 99,02,TREINTA Y SEIS,2
15,CUNDINAMARCA,139,LA CALERA,01,Zona 01,01,POLIDEPORTIVO  LA PORTADA,16
15,CUNDINAMARCA,139,LA CALERA,01,Zona 01,02,SALON COMUNAL MARQUEZ,3
15,CUNDINAMARCA,139,LA CALERA,02,Zona 02,01,ESCUELA JUAN XXIII,37
15,CUNDINAMARCA,139,LA CALERA,02,Zona 02,02,ESCUELA EL SALITRE,5
15,CUNDINAMARCA,139,LA CALERA,02,Zona 02,03,POLIDEPORTIVO PASEO REAL,8
15,CUNDINAMARCA,139,LA CALERA,02,Zona 02,04,CASA DE LA CULTURA,4
15,CUNDINAMARCA,142,LA MESA,98,Zona 98,01,CARCEL,1
15,CUNDINAMARCA,142,LA MESA,99,Zona 99,01,LA ESPERANZA,5
15,CUNDINAMARCA,142,LA MESA,99,Zona 99,02,SAN JOAQUIN,8
15,CUNDINAMARCA,142,LA MESA,99,Zona 99,03,SAN JAVIER,4
15,CUNDINAMARCA,142,LA MESA,01,Zona 01,01,POLIDEP. LUIS CARLOS GALAN SARMIENTO,16
15,CUNDINAMARCA,142,LA MESA,01,Zona 01,02,I.E. D. FRANCISCO JULIAN OLAYA SEDE A,15
15,CUNDINAMARCA,142,LA MESA,02,Zona 02,01,SABIO MUTIS SEDE ANTIGUA,19
15,CUNDINAMARCA,142,LA MESA,02,Zona 02,02,I.E. D. FRANCISCO JULIAN OLAYA SEDE C,18
15,CUNDINAMARCA,145,LA PALMA,99,Zona 99,09,MINIPI QUIJANO,2
15,CUNDINAMARCA,145,LA PALMA,99,Zona 99,10,ESCUELA RURAL HINCHE BAJO,1
15,CUNDINAMARCA,145,LA PALMA,99,Zona 99,12,MURCA,2
15,CUNDINAMARCA,145,LA PALMA,99,Zona 99,13,LA HOYA DE TUDELA,1
15,CUNDINAMARCA,145,LA PALMA,00,Zona 00,00,ESC. NORMAL SUPERIOR DIVINA PROVIDENCIA,20
15,CUNDINAMARCA,148,LA PEÑA,99,Zona 99,01,CASA DE LA MUJER,1
15,CUNDINAMARCA,148,LA PEÑA,99,Zona 99,02,COLEGIO POLIDEPORTIVO AGUA BLANCA,1
15,CUNDINAMARCA,148,LA PEÑA,00,Zona 00,00,PUESTO CABECERA MUNICIPAL,17
15,CUNDINAMARCA,151,LA VEGA,99,Zona 99,01,EL VINO,2
15,CUNDINAMARCA,151,LA VEGA,00,Zona 00,00,PUESTO CABECERA MUNICIPAL,40
15,CUNDINAMARCA,154,LENGUAZAQUE,99,Zona 99,01,IE DEPARTAMENTAL RURAL SIMON BOLIVAR,2
15,CUNDINAMARCA,154,LENGUAZAQUE,00,Zona 00,00,PUESTO CABECERA MUNICIPAL,21
15,CUNDINAMARCA,157,MACHETA,00,Zona 00,00,PUESTO CABECERA MUNICIPAL,19
15,CUNDINAMARCA,160,MADRID,99,Zona 99,01,IE DEPTAL SAN PATRICIO PUENTE DE  PIEDRA,10
15,CUNDINAMARCA,160,MADRID,01,Zona 01,01,COLISEO  CUBIERTO MUNICIPAL,20
15,CUNDINAMARCA,160,MADRID,01,Zona 01,02,COLEGIO SAN PEDRO,16
15,CUNDINAMARCA,160,MADRID,01,Zona 01,03,SALON  COMUNAL  ALCAPARROS,8
15,CUNDINAMARCA,160,MADRID,01,Zona 01,04,COLEGIO LA MAGNOLIA,8
15,CUNDINAMARCA,160,MADRID,01,Zona 01,05,LICEO HACIENDA CASABLANCA,17
15,CUNDINAMARCA,160,MADRID,01,Zona 01,06,COLEGIO TIBAITATA,23
15,CUNDINAMARCA,160,MADRID,01,Zona 01,07,COLEGIO PEDAGOGICO INGLES,9
15,CUNDINAMARCA,160,MADRID,01,Zona 01,08,JARDIN INFANTIL CAMPO DE ILUSIONES,6
15,CUNDINAMARCA,160,MADRID,01,Zona 01,09,PARQUE DE LAS FLORES,9
15,CUNDINAMARCA,160,MADRID,01,Zona 01,10,CONCENTRACION URBANA EL CORTIJO,10
15,CUNDINAMARCA,160,MADRID,01,Zona 01,11,COLEGIO GABRIEL ECHAVARRIA,12
15,CUNDINAMARCA,160,MADRID,02,Zona 02,01,COLEGIO DEPTAL SERREZUELA,20
15,CUNDINAMARCA,160,MADRID,02,Zona 02,02,COLEGIO TECNOLOGICO DE MADRID,12
15,CUNDINAMARCA,160,MADRID,02,Zona 02,03,I.E.NUESTA SRA DEL LORETO,11
15,CUNDINAMARCA,160,MADRID,02,Zona 02,04,COLEGIO MARIA TERESA ORTIZ,18
15,CUNDINAMARCA,160,MADRID,02,Zona 02,05,COLEGIO  SAN  JOSE,15
15,CUNDINAMARCA,160,MADRID,02,Zona 02,06,BLOQUE 2 - COLEGIO TECNOLOGICO,15
15,CUNDINAMARCA,160,MADRID,02,Zona 02,07,COLEGIO SANTO TOMAS,10
15,CUNDINAMARCA,160,MADRID,02,Zona 02,08,COLEGIO LA PROSPERIDAD,21
15,CUNDINAMARCA,160,MADRID,02,Zona 02,09,CONCENTRACION URBANA ANTONIO NARIÑO,4
15,CUNDINAMARCA,163,MANTA,00,Zona 00,00,PUESTO CABECERA MUNICIPAL,12
15,CUNDINAMARCA,166,MEDINA,99,Zona 99,01,EL ARENAL,1
15,CUNDINAMARCA,166,MEDINA,99,Zona 99,02,LA ESMERALDA,1
15,CUNDINAMARCA,166,MEDINA,99,Zona 99,03,GAZATAVENA,1
15,CUNDINAMARCA,166,MEDINA,99,Zona 99,04,SAN MARCOS,1
15,CUNDINAMARCA,166,MEDINA,99,Zona 99,05,PERIQUITO,1
15,CUNDINAMARCA,166,MEDINA,99,Zona 99,06,LOS ALPES,1
15,CUNDINAMARCA,166,MEDINA,99,Zona 99,07,LA MESA DE LOS REYES,1
15,CUNDINAMARCA,166,MEDINA,99,Zona 99,08,SAN FRANCISCO DE GAZADUJE,1
15,CUNDINAMARCA,166,MEDINA,99,Zona 99,10,SAN PEDRO DE GUAJARAY,1
15,CUNDINAMARCA,166,MEDINA,99,Zona 99,12,SANTA TERESITA,1
15,CUNDINAMARCA,166,MEDINA,00,Zona 00,00,PUESTO CABECERA MUNICIPAL,15
15,CUNDINAMARCA,169,MOSQUERA,01,Zona 01,01,NUEVO COLISEO MUNICIPAL,20
15,CUNDINAMARCA,169,MOSQUERA,01,Zona 01,02,IE JUAN LUIS LONDOÑO,19
15,CUNDINAMARCA,169,MOSQUERA,01,Zona 01,03,COLEGIO LA PAZ,23
15,CUNDINAMARCA,169,MOSQUERA,01,Zona 01,04,ESCUELA EL DIAMANTE,8
15,CUNDINAMARCA,169,MOSQUERA,01,Zona 01,05,COL MAYOR DE MOSQUERA,13
15,CUNDINAMARCA,169,MOSQUERA,01,Zona 01,06,IE LA AMISTAD,10
15,CUNDINAMARCA,169,MOSQUERA,01,Zona 01,07,ESCUELA LOS PUENTES,1
15,CUNDINAMARCA,169,MOSQUERA,01,Zona 01,08,IE LA MERCED,15
15,CUNDINAMARCA,169,MOSQUERA,01,Zona 01,09,IE ANTONIO NARIÑO,5
15,CUNDINAMARCA,169,MOSQUERA,01,Zona 01,10,SECTOR NOVATERRA,14
15,CUNDINAMARCA,169,MOSQUERA,02,Zona 02,01,COLEGIO ROBERTO VELANDIA,26
15,CUNDINAMARCA,169,MOSQUERA,02,Zona 02,02,IE LA ARMONIA,24
15,CUNDINAMARCA,169,MOSQUERA,02,Zona 02,03,JARDIN INF VILLA MARCELA,24
15,CUNDINAMARCA,169,MOSQUERA,02,Zona 02,04,EL TREBOL COL COMPARTIR,27
15,CUNDINAMARCA,169,MOSQUERA,02,Zona 02,05,COL LA FRATERNIDAD,21
15,CUNDINAMARCA,169,MOSQUERA,02,Zona 02,06,IE FRANCISCO DE PAULA SANTANDER,7
15,CUNDINAMARCA,169,MOSQUERA,02,Zona 02,07,IE NUEVO MILENIO,12
15,CUNDINAMARCA,169,MOSQUERA,02,Zona 02,08,CC ECOPLAZA,20
15,CUNDINAMARCA,172,NARIÑO,00,Zona 00,00,PUESTO CABECERA MUNICIPAL,9
15,CUNDINAMARCA,175,NEMOCON,99,Zona 99,01,VEREDA PATIO BONITO,6
15,CUNDINAMARCA,175,NEMOCON,00,Zona 00,01,POLIDEPORTIVO FRAY IGNACIO MARIÑO,19
15,CUNDINAMARCA,175,NEMOCON,00,Zona 00,02,IE DEPARTAMENTAL ALFONSO LOPEZ PUMAREJO,9
15,CUNDINAMARCA,178,NILO,99,Zona 99,01,IED PUEBLO NUEVO,3
15,CUNDINAMARCA,178,NILO,99,Zona 99,02,IED LA ESMERALDA,3
15,CUNDINAMARCA,178,NILO,00,Zona 00,00,PUESTO CABECERA MUNICIPAL,13
15,CUNDINAMARCA,181,NIMAIMA,99,Zona 99,01,TOBIA,3
15,CUNDINAMARCA,181,NIMAIMA,99,Zona 99,05,EL CERRO,1
15,CUNDINAMARCA,181,NIMAIMA,00,Zona 00,00,PUESTO CABECERA MUNICIPAL,7
15,CUNDINAMARCA,184,NOCAIMA,00,Zona 00,00,PUESTO CABECERA MUNICIPAL,16
15,CUNDINAMARCA,190,PACHO,99,Zona 99,01,INSTITUCION EDUCATIVA PASUNCHA,3
15,CUNDINAMARCA,190,PACHO,01,Zona 01,01,COLISEO CUBIERTO LORENZO DE TERRONES,21
15,CUNDINAMARCA,190,PACHO,01,Zona 01,02,I.E.D. AQUILEO PARRA,14
15,CUNDINAMARCA,190,PACHO,01,Zona 01,03,IED ANA FRANCISCA LARA SD ANTONIO NARIÑO,5
15,CUNDINAMARCA,190,PACHO,02,Zona 02,01,I.E. D. ANA FRANCISCA LARA SD SAN JOSE,15
15,CUNDINAMARCA,190,PACHO,02,Zona 02,02,I.E.D. ANA FRANCISCA LARA SEDE BOLIVAR,8
15,CUNDINAMARCA,190,PACHO,02,Zona 02,03,IED INST TEC AGRIC SD CNIA ALBERTO NIETO,5
15,CUNDINAMARCA,193,PAIME,99,Zona 99,01,CUATRO CAMINOS,2
15,CUNDINAMARCA,193,PAIME,99,Zona 99,03,EL PLOMO (EL PARAISO),1
15,CUNDINAMARCA,193,PAIME,99,Zona 99,05,TUDELA,5
15,CUNDINAMARCA,193,PAIME,99,Zona 99,50,VENECIA,1
15,CUNDINAMARCA,193,PAIME,00,Zona 00,00,PUESTO CABECERA MUNICIPAL,8
15,CUNDINAMARCA,196,PANDI,00,Zona 00,00,PUESTO CABECERA MUNICIPAL,13
15,CUNDINAMARCA,198,PARATEBUENO (LA NAGUAYA),99,Zona 99,40,EL ENGAÑO,1
15,CUNDINAMARCA,198,PARATEBUENO (LA NAGUAYA),99,Zona 99,50,GUAICARAMO,1
15,CUNDINAMARCA,198,PARATEBUENO (LA NAGUAYA),99,Zona 99,60,MAYA,5
15,CUNDINAMARCA,198,PARATEBUENO (LA NAGUAYA),99,Zona 99,70,SANTA CECILIA,2
15,CUNDINAMARCA,198,PARATEBUENO (LA NAGUAYA),99,Zona 99,80,VILLA PACHELLY,1
15,CUNDINAMARCA,198,PARATEBUENO (LA NAGUAYA),99,Zona 99,81,CENTRO POBLADO JAPON,1
15,CUNDINAMARCA,198,PARATEBUENO (LA NAGUAYA),00,Zona 00,00,PUESTO CABECERA MUNICIPAL,15
15,CUNDINAMARCA,199,PASCA,00,Zona 00,00,PUESTO CABECERA MUNICIPAL,25
15,CUNDINAMARCA,202,PUERTO SALGAR,99,Zona 99,01,COLORADOS,1
15,CUNDINAMARCA,202,PUERTO SALGAR,99,Zona 99,02,LA REINES,1
15,CUNDINAMARCA,202,PUERTO SALGAR,99,Zona 99,03,PUERTO LIBRE,3
15,CUNDINAMARCA,202,PUERTO SALGAR,00,Zona 00,01,COLEGIO TECNICO DEPARTAMENTAL MIXTO,24
15,CUNDINAMARCA,202,PUERTO SALGAR,00,Zona 00,02,IED POLICARPA SALAVARRIETA,11
15,CUNDINAMARCA,205,PULI,99,Zona 99,01,VALPARAISO,1
15,CUNDINAMARCA,205,PULI,99,Zona 99,02,PALESTINA,2
15,CUNDINAMARCA,205,PULI,99,Zona 99,03,ESCUELA RURAL CABRERA,1
15,CUNDINAMARCA,205,PULI,00,Zona 00,00,PUESTO CABECERA MUNICIPAL,7
15,CUNDINAMARCA,208,QUEBRADANEGRA,99,Zona 99,01,LA MAGDALENA,6
15,CUNDINAMARCA,208,QUEBRADANEGRA,99,Zona 99,02,SAN CARLOS,2
15,CUNDINAMARCA,208,QUEBRADANEGRA,99,Zona 99,03,TOBIA,1
15,CUNDINAMARCA,208,QUEBRADANEGRA,00,Zona 00,00,PUESTO CABECERA MUNICIPAL,5
15,CUNDINAMARCA,211,QUETAME,99,Zona 99,50,PUENTE QUETAME - PUENTE CLAVIJO,9
15,CUNDINAMARCA,211,QUETAME,00,Zona 00,00,PUESTO CABECERA MUNICIPAL,9
15,CUNDINAMARCA,214,QUIPILE,99,Zona 99,01,LA SIERRA,3
15,CUNDINAMARCA,214,QUIPILE,99,Zona 99,05,LA VIRGEN,3
15,CUNDINAMARCA,214,QUIPILE,99,Zona 99,07,LA BOTICA,3
15,CUNDINAMARCA,214,QUIPILE,99,Zona 99,09,SANTA MARTA,2
15,CUNDINAMARCA,214,QUIPILE,00,Zona 00,00,PUESTO CABECERA MUNICIPAL,9
15,CUNDINAMARCA,217,APULO,00,Zona 00,01,POLIDEPORTIVO MUNICIPAL APULO,17
15,CUNDINAMARCA,217,APULO,00,Zona 00,02,IED ANTONIO NARIÑO,5
15,CUNDINAMARCA,218,RICAURTE,99,Zona 99,01,CIC SACUDETE VEREDA LLANO DEL POZO,2
15,CUNDINAMARCA,218,RICAURTE,00,Zona 00,01,MEGA COLEGIO ANTONIO RICAURTE,21
15,CUNDINAMARCA,218,RICAURTE,00,Zona 00,02,UNIDAD DEPORTIVA,17
15,CUNDINAMARCA,220,SAN ANTONIO DEL TEQUENDAMA,99,Zona 99,01,SANTANDERCITO,13
15,CUNDINAMARCA,220,SAN ANTONIO DEL TEQUENDAMA,00,Zona 00,00,PUESTO CABECERA MUNICIPAL,15
15,CUNDINAMARCA,223,SAN BERNARDO,99,Zona 99,60,CASA DE GOBIERNO PORTONES,2
15,CUNDINAMARCA,223,SAN BERNARDO,00,Zona 00,00,PUESTO CABECERA MUNICIPAL,22
15,CUNDINAMARCA,226,SAN CAYETANO,99,Zona 99,01,CAMANCHA,1
15,CUNDINAMARCA,226,SAN CAYETANO,99,Zona 99,02,CUIBUCO,2
15,CUNDINAMARCA,226,SAN CAYETANO,99,Zona 99,03,LAGUNA VERDE,1
15,CUNDINAMARCA,226,SAN CAYETANO,99,Zona 99,04,LAS MERCEDES,2
15,CUNDINAMARCA,226,SAN CAYETANO,99,Zona 99,05,PINIPAY,2
15,CUNDINAMARCA,226,SAN CAYETANO,99,Zona 99,06,REMANSO,1
15,CUNDINAMARCA,226,SAN CAYETANO,99,Zona 99,07,EL ALBERGUE,1
15,CUNDINAMARCA,226,SAN CAYETANO,00,Zona 00,00,PUESTO CABECERA MUNICIPAL,6
15,CUNDINAMARCA,229,SAN FRANCISCO,99,Zona 99,09,ESCUELA RURAL EL BOSQUE,1
15,CUNDINAMARCA,229,SAN FRANCISCO,99,Zona 99,10,ESCUELA RURAL SAN LUIS,1
15,CUNDINAMARCA,229,SAN FRANCISCO,99,Zona 99,11,ESCUELA RURAL SAN MIGUEL,1
15,CUNDINAMARCA,229,SAN FRANCISCO,99,Zona 99,12,ESCUELA RURAL SAN ANTONIO,1
15,CUNDINAMARCA,229,SAN FRANCISCO,00,Zona 00,00,PUESTO CABECERA MUNICIPAL,27
15,CUNDINAMARCA,232,SAN JUAN DE RIOSECO,99,Zona 99,01,IERD DIEGO URIBE VARGAS DE CAMBAO,4
15,CUNDINAMARCA,232,SAN JUAN DE RIOSECO,99,Zona 99,02,SAN NICOLAS,2
15,CUNDINAMARCA,232,SAN JUAN DE RIOSECO,99,Zona 99,03,I.E.D RURAL LAGUNITAS,1
15,CUNDINAMARCA,232,SAN JUAN DE RIOSECO,00,Zona 00,01,CIC ANTIGUO POLIDEPORTIVO,16
15,CUNDINAMARCA,232,SAN JUAN DE RIOSECO,00,Zona 00,02,IED SAN JUAN DE RIOSECO ESCUELA ANEXA,6
15,CUNDINAMARCA,235,SASAIMA,99,Zona 99,50,LA VICTORIA,4
15,CUNDINAMARCA,235,SASAIMA,00,Zona 00,01,AUDITORIO MUNICIPAL,18
15,CUNDINAMARCA,235,SASAIMA,00,Zona 00,02,IED NUESTRA SEÑORA DE FATIMA,7
15,CUNDINAMARCA,238,SESQUILE,00,Zona 00,01,COLISEO MUNICIPAL,22
15,CUNDINAMARCA,238,SESQUILE,00,Zona 00,02,COMPLEJO DEPORTIVO,7
15,CUNDINAMARCA,239,SIBATE,01,Zona 01,01,IED GRAL SANTANDER SEDE BTO,21
15,CUNDINAMARCA,239,SIBATE,01,Zona 01,02,IED PABLO NERUDA,13
15,CUNDINAMARCA,239,SIBATE,01,Zona 01,03,COLISEO XIUA,8
15,CUNDINAMARCA,239,SIBATE,01,Zona 01,04,POLIDEPORTIVO SANTA ISABEL,5
15,CUNDINAMARCA,239,SIBATE,02,Zona 02,01,C.I.C BALCONES DE SAN JOSE,16
15,CUNDINAMARCA,239,SIBATE,02,Zona 02,02,POLIDEPORTIVO SAN RAFAEL,13
15,CUNDINAMARCA,239,SIBATE,02,Zona 02,03,IED GRAL SANTANDER SEDE PRIMARIA,7
15,CUNDINAMARCA,241,SILVANIA,99,Zona 99,01,AGUA BONITA,4
15,CUNDINAMARCA,241,SILVANIA,99,Zona 99,02,SUBIA,10
15,CUNDINAMARCA,241,SILVANIA,00,Zona 00,01,COLISEO MUNICIPAL,27
15,CUNDINAMARCA,241,SILVANIA,00,Zona 00,02,COLEGIO NUEVO SANTA INES,20
15,CUNDINAMARCA,244,SIMIJACA,99,Zona 99,01,EL SALITRE,1
15,CUNDINAMARCA,244,SIMIJACA,00,Zona 00,01,COLEGIO AGUSTIN PARRA SEDE PRIMARIA,15
15,CUNDINAMARCA,244,SIMIJACA,00,Zona 00,02,COLEGIO AGUSTIN PARRA SEDE BACHILLERATO,15
15,CUNDINAMARCA,247,SOACHA,90,Zona 90,01,COLEGIO BOLIVAR PRIMARIA,10
15,CUNDINAMARCA,247,SOACHA,99,Zona 99,02,I. E. EUGENIO DIAZ CASTRO SEDE CHACUA,2
15,CUNDINAMARCA,247,SOACHA,99,Zona 99,03,I. E. EUGENIO DIAZ CASTRO SAN JORGE,3
15,CUNDINAMARCA,247,SOACHA,99,Zona 99,04,SALON COMUNAL VEREDA FUSUNGA,1
15,CUNDINAMARCA,247,SOACHA,99,Zona 99,05,I. E. EUGENIO DIAZ CASTRO SEDE PRIMARIA,4
15,CUNDINAMARCA,247,SOACHA,99,Zona 99,06,SALON COMUNAL SAN FRANCISCO,1
15,CUNDINAMARCA,247,SOACHA,01,Zona 01,01,I. E. SANTA ANA - ANTONIO NARIÑO,22
15,CUNDINAMARCA,247,SOACHA,01,Zona 01,02,I.E. COMPARTIR,30
15,CUNDINAMARCA,247,SOACHA,01,Zona 01,03,I.E. CIUDAD LATINA,29
15,CUNDINAMARCA,247,SOACHA,01,Zona 01,04,IE. NUEVO COMPARTIR,14
15,CUNDINAMARCA,247,SOACHA,01,Zona 01,05,CONCENTRACION ESCOLAR SAN NICOLAS,15
15,CUNDINAMARCA,247,SOACHA,01,Zona 01,06,I.E. COMPARTIR PRIMARIA,30
15,CUNDINAMARCA,247,SOACHA,01,Zona 01,07,COLEGIO MILITAR ALMIRANTE PADILLA,15
15,CUNDINAMARCA,247,SOACHA,01,Zona 01,08,COLEGIO COLSUBSIDIO - MAIPORE,8
15,CUNDINAMARCA,247,SOACHA,01,Zona 01,09,I.E. PAZ Y ESPERANZA,10
15,CUNDINAMARCA,247,SOACHA,01,Zona 01,10,SALON COMUNAL VILLA ITALIA,3
15,CUNDINAMARCA,247,SOACHA,01,Zona 01,11,COLEGIO MILITAR LICEO SOCIAL COMPARTIR,17
15,CUNDINAMARCA,247,SOACHA,02,Zona 02,01,I.E. GENERAL SANTANDER,32
15,CUNDINAMARCA,247,SOACHA,02,Zona 02,02,IE GENERAL SANTANDER SD MI TIERNA EDAD,17
15,CUNDINAMARCA,247,SOACHA,02,Zona 02,03,I.E. INTEGRADO DE SOACHA,29
15,CUNDINAMARCA,247,SOACHA,02,Zona 02,04,COLISEO GENERAL SANTANDER,19
15,CUNDINAMARCA,247,SOACHA,02,Zona 02,05,CONCENTRACION CAMILO TORRES,16
15,CUNDINAMARCA,247,SOACHA,02,Zona 02,06,I E GENERAL SANTANDER SEDE LA VEREDITA,6
15,CUNDINAMARCA,247,SOACHA,02,Zona 02,07,SALON COMUNAL CIUDAD SATELITE,12
15,CUNDINAMARCA,247,SOACHA,02,Zona 02,08,UNIVER. DE CUNDINAMARCA EXTENSION SOACHA,25
15,CUNDINAMARCA,247,SOACHA,02,Zona 02,09,CENTRO DE DESARROLLO INFANTIL COMPENSAR,6
15,CUNDINAMARCA,247,SOACHA,02,Zona 02,10,I.E. VIDA NUEVA,27
15,CUNDINAMARCA,247,SOACHA,02,Zona 02,11,CDI JARDIN SOCIAL SOL Y LUNA,10
15,CUNDINAMARCA,247,SOACHA,02,Zona 02,13,IE LUIS HENRIQUEZ,7
15,CUNDINAMARCA,247,SOACHA,02,Zona 02,14,COLEGIO COOPERATIVO EUGENIO DIAZ CASTRO,6
15,CUNDINAMARCA,247,SOACHA,02,Zona 02,15,CENTRO DEPORTIVO PARQUE DE LOS LOCOS,30
15,CUNDINAMARCA,247,SOACHA,03,Zona 03,01,I.E. LA DESPENSA,9
15,CUNDINAMARCA,247,SOACHA,03,Zona 03,02,I.E. MANUELA BELTRAN,7
15,CUNDINAMARCA,247,SOACHA,03,Zona 03,03,I.E. LEON XIII,26
15,CUNDINAMARCA,247,SOACHA,03,Zona 03,04,CENTRO COMERCIAL GRAN PLAZA,28
15,CUNDINAMARCA,247,SOACHA,03,Zona 03,05,COLISEO LEON XIII,23
15,CUNDINAMARCA,247,SOACHA,03,Zona 03,06,I.E. LA DESPENSA - CIUDAD VERDE,15
15,CUNDINAMARCA,247,SOACHA,03,Zona 03,07,I.E. LEON XIII - CHILOE,30
15,CUNDINAMARCA,247,SOACHA,03,Zona 03,08,I.E. LA DESPENSA - MARCO FIDEL SUAREZ,4
15,CUNDINAMARCA,247,SOACHA,03,Zona 03,09,I.E. SOACHA AVANZA LA UNIDAD,31
15,CUNDINAMARCA,247,SOACHA,03,Zona 03,10,COLEGIO MINUTO DE DIOS CIUDAD VERDE,42
15,CUNDINAMARCA,247,SOACHA,03,Zona 03,11,IE BENEDICTO XVI,3
15,CUNDINAMARCA,247,SOACHA,03,Zona 03,12,CENTRO COMERCIAL MERCURIO,30
15,CUNDINAMARCA,247,SOACHA,04,Zona 04,01,I.E. LUIS CARLOS GALAN,9
15,CUNDINAMARCA,247,SOACHA,04,Zona 04,02,I.E. CIUDADELA SUCRE,22
15,CUNDINAMARCA,247,SOACHA,04,Zona 04,03,I.E. LA ISLA,9
15,CUNDINAMARCA,247,SOACHA,04,Zona 04,04,I E JULIO CESAR TURBAY AYALA,20
15,CUNDINAMARCA,247,SOACHA,04,Zona 04,05,I. E. GABRIEL GARCIA MARQUEZ,4
15,CUNDINAMARCA,247,SOACHA,04,Zona 04,06,IE LUIS C. GALAN-SD VILLAS DE CASALOMA,3
15,CUNDINAMARCA,247,SOACHA,04,Zona 04,07,BIBLIOTECA MUNICIPAL LA ISLA,4
15,CUNDINAMARCA,247,SOACHA,04,Zona 04,08,IE BUENOS AIRES SEDE A,6
15,CUNDINAMARCA,247,SOACHA,04,Zona 04,09,LICEO NUEVA VIDA,1
15,CUNDINAMARCA,247,SOACHA,04,Zona 04,10,CTRO REG. DE ATENCION A VICTIMAS CRAV,2
15,CUNDINAMARCA,247,SOACHA,05,Zona 05,01,CENTRO COMERCIAL VENTURA TERREROS,37
15,CUNDINAMARCA,247,SOACHA,05,Zona 05,02,I.E. EL BOSQUE,25
15,CUNDINAMARCA,247,SOACHA,05,Zona 05,03,I.E. SAN MATEO SEDE A,26
15,CUNDINAMARCA,247,SOACHA,05,Zona 05,04,I.E. SAN MATEO SEDE B,19
15,CUNDINAMARCA,247,SOACHA,05,Zona 05,05,I.E. LICEO MAYOR DE SOACHA,26
15,CUNDINAMARCA,247,SOACHA,05,Zona 05,06,CTRO DE ATENCION A PERSONAS CON DISCAP.,1
15,CUNDINAMARCA,247,SOACHA,05,Zona 05,07,CENTRO COMERCIAL UNISUR,14
15,CUNDINAMARCA,247,SOACHA,06,Zona 06,01,I.E. LAS VILLAS- SEDE BARON DEL SOL,25
15,CUNDINAMARCA,247,SOACHA,06,Zona 06,02,I.E. LAS VILLAS - SEDE LIBERTADORES,6
15,CUNDINAMARCA,247,SOACHA,06,Zona 06,03,I.E. SOL NACIENTE,21
15,CUNDINAMARCA,247,SOACHA,06,Zona 06,04,I.E. SAN MATEO - MARISCAL SUCRE,13
15,CUNDINAMARCA,247,SOACHA,06,Zona 06,05,I E EDUARDO SANTOS SEDE PANAMERICANA,15
15,CUNDINAMARCA,247,SOACHA,06,Zona 06,06,I.E. SOACHA PARA VIVIR MEJOR,6
15,CUNDINAMARCA,247,SOACHA,06,Zona 06,07,SALON COMUNAL ALTOS DE LA FLORIDA,3
15,CUNDINAMARCA,247,SOACHA,06,Zona 06,08,LICEO CRISTIANO VIDA NUEVA,6
15,CUNDINAMARCA,247,SOACHA,06,Zona 06,09,IE EDUARDO SANTOS,6
15,CUNDINAMARCA,247,SOACHA,06,Zona 06,10,IE RICAURTE SEDE PORVENIR,2
15,CUNDINAMARCA,247,SOACHA,06,Zona 06,11,IE RICAURTE SEDE ESPAÑA,11
15,CUNDINAMARCA,250,SOPO,99,Zona 99,25,BRICEÑO,6
15,CUNDINAMARCA,250,SOPO,99,Zona 99,26,LA VIOLETA,2
15,CUNDINAMARCA,250,SOPO,00,Zona 00,01,COLISEO MUNICIPAL,22
15,CUNDINAMARCA,250,SOPO,00,Zona 00,02,C ACONDICIONAMIENTO Y PRE FISICA CAPF II,24
15,CUNDINAMARCA,250,SOPO,00,Zona 00,03,ESCENARIO COMUN. INTEGRAL EL CHUSCAL,6
15,CUNDINAMARCA,250,SOPO,00,Zona 00,04,COLEGIO COOPERATIVO SOPO,4
15,CUNDINAMARCA,256,SUBACHOQUE,99,Zona 99,05,LA PRADERA,4
15,CUNDINAMARCA,256,SUBACHOQUE,99,Zona 99,15,EL GUAMAL,1
15,CUNDINAMARCA,256,SUBACHOQUE,00,Zona 00,01,IED RICARDO GONZALEZ SEDE A,24
15,CUNDINAMARCA,256,SUBACHOQUE,00,Zona 00,02,COLISEO MUNICIPAL SUBACHOQUE,11
15,CUNDINAMARCA,259,SUESCA,99,Zona 99,01,HATO GRANDE,2
15,CUNDINAMARCA,259,SUESCA,99,Zona 99,02,SANTA ROSITA,2
15,CUNDINAMARCA,259,SUESCA,99,Zona 99,03,IE DPTAL CACICAZGO,1
15,CUNDINAMARCA,259,SUESCA,00,Zona 00,00,PUESTO CABECERA MUNICIPAL,31
15,CUNDINAMARCA,262,SUPATA,00,Zona 00,00,PUESTO CABECERA MUNICIPAL,14
15,CUNDINAMARCA,265,SUSA,00,Zona 00,00,PUESTO CABECERA MUNICIPAL,16
15,CUNDINAMARCA,268,SUTATAUSA,99,Zona 99,01,LAS PEÑAS,2
15,CUNDINAMARCA,268,SUTATAUSA,00,Zona 00,00,PUESTO CABECERA MUNICIPAL,11
15,CUNDINAMARCA,271,TABIO,99,Zona 99,01,IEDR DIEGO GOMEZ DE MENA,2
15,CUNDINAMARCA,271,TABIO,00,Zona 00,01,POLIDEPORTIVO MUNICIPAL - TABIO,23
15,CUNDINAMARCA,271,TABIO,00,Zona 00,02,CASA DE LA CULTURA,15
15,CUNDINAMARCA,271,TABIO,00,Zona 00,03,COLEGIO GIMNASIO MODERNO SANTA BARBARA,13
15,CUNDINAMARCA,271,TABIO,00,Zona 00,04,IED JOSE DE SAN MARTIN,4
15,CUNDINAMARCA,274,TAUSA,99,Zona 99,01,EL SALITRE,1
15,CUNDINAMARCA,274,TAUSA,99,Zona 99,02,PARAMO ALTO,1
15,CUNDINAMARCA,274,TAUSA,00,Zona 00,01,POLIDEPORTIVO MUNICIPAL,13
15,CUNDINAMARCA,274,TAUSA,00,Zona 00,02,IEDIT-IE DPTAL INTEGRADA DE TAUSA,5
15,CUNDINAMARCA,277,TENA,99,Zona 99,50,PUESTO INSPECCION LA GRAN VIA,10
15,CUNDINAMARCA,277,TENA,00,Zona 00,00,PUESTO CABECERA MUNICIPAL,14
15,CUNDINAMARCA,280,TENJO,99,Zona 99,10,LA PUNTA,4
15,CUNDINAMARCA,280,TENJO,00,Zona 00,01,POLIDEPORTIVO MUNICIPAL,25
15,CUNDINAMARCA,280,TENJO,00,Zona 00,02,IED GENERAL SANTANDER,18
15,CUNDINAMARCA,280,TENJO,00,Zona 00,03,SALON MULTIFUNCIONAL CASA DE LA MUJER,9
15,CUNDINAMARCA,283,TIBACUY,99,Zona 99,01,CUMACA,5
15,CUNDINAMARCA,283,TIBACUY,99,Zona 99,50,SALON COMUNAL BATEAS,3
15,CUNDINAMARCA,283,TIBACUY,00,Zona 00,00,PUESTO CABECERA MUNICIPAL,6
15,CUNDINAMARCA,286,TIBIRITA,00,Zona 00,00,PUESTO CABECERA MUNICIPAL,9
15,CUNDINAMARCA,289,TOCAIMA,99,Zona 99,01,PUBENZA,1
15,CUNDINAMARCA,289,TOCAIMA,00,Zona 00,01,POLIDEPORTIVO PEPE ZABALA,19
15,CUNDINAMARCA,289,TOCAIMA,00,Zona 00,02,CENTRO DE INTEGRACION CIUDADANA,18
15,CUNDINAMARCA,292,TOCANCIPA,99,Zona 99,01,ESCUELA RURAL LA ESMERALDA,3
15,CUNDINAMARCA,292,TOCANCIPA,99,Zona 99,02,SALON COMUNAL LA ESMERALDA,1
15,CUNDINAMARCA,292,TOCANCIPA,01,Zona 01,01,COLEGIO SAN LUIS GONZAGA,22
15,CUNDINAMARCA,292,TOCANCIPA,01,Zona 01,02,INS. EDUCATIVA LA FUENTE,13
15,CUNDINAMARCA,292,TOCANCIPA,01,Zona 01,03,INST EDU DEPARTAMENTAL TECNICO COMERCIAL,15
15,CUNDINAMARCA,292,TOCANCIPA,01,Zona 01,04,COLISEO MUNICIPAL DE TOCANCIPA,9
15,CUNDINAMARCA,292,TOCANCIPA,02,Zona 02,01,I. E. DPTAL TECNICO INDUSTRIAL,17
15,CUNDINAMARCA,292,TOCANCIPA,02,Zona 02,02,INSTITUCION EDUCATIVA CANAVITA,10
15,CUNDINAMARCA,292,TOCANCIPA,02,Zona 02,03,CENTRO DE INTEGRACION CIUDADANA CIC,25
15,CUNDINAMARCA,292,TOCANCIPA,02,Zona 02,04,SALON COMUNAL DE CANAVITA,5
15,CUNDINAMARCA,292,TOCANCIPA,02,Zona 02,05,SALON COMUNAL TORRES DE SAN JUAN,7
15,CUNDINAMARCA,295,TOPAIPI,99,Zona 99,01,SAN ANTONIO DE AGUILERA,3
15,CUNDINAMARCA,295,TOPAIPI,99,Zona 99,02,EL NARANJAL,2
15,CUNDINAMARCA,295,TOPAIPI,00,Zona 00,00,PUESTO CABECERA MUNICIPAL,8
15,CUNDINAMARCA,298,UBALA,99,Zona 99,01,VEREDA SANTA BARBARA,1
15,CUNDINAMARCA,298,UBALA,99,Zona 99,02,LA PLAYA,1
15,CUNDINAMARCA,298,UBALA,99,Zona 99,03,LAGUNA AZUL,2
15,CUNDINAMARCA,298,UBALA,99,Zona 99,04,VEREDA SAN PEDRO,1
15,CUNDINAMARCA,298,UBALA,99,Zona 99,05,MAMBITA,3
15,CUNDINAMARCA,298,UBALA,99,Zona 99,06,VEREDA SAN JUAN,1
15,CUNDINAMARCA,298,UBALA,99,Zona 99,07,PEÑAS BLANCAS,1
15,CUNDINAMARCA,298,UBALA,99,Zona 99,08,VEREDA RIO NEGRO,1
15,CUNDINAMARCA,298,UBALA,99,Zona 99,09,SAN PEDRO DE JAGUA,2
15,CUNDINAMARCA,298,UBALA,99,Zona 99,10,LA MESA,1
15,CUNDINAMARCA,298,UBALA,99,Zona 99,11,SANTA ROSA,2
15,CUNDINAMARCA,298,UBALA,99,Zona 99,12,INSTITUCION EDUCATIVA SOYA,1
15,CUNDINAMARCA,298,UBALA,99,Zona 99,13,INSTITUCION EDUCATIVA LAS MARGARITAS,1
15,CUNDINAMARCA,298,UBALA,00,Zona 00,00,PUESTO CABECERA MUNICIPAL,15
15,CUNDINAMARCA,301,UBAQUE,99,Zona 99,01,PUESTO VEREDA SABANILLA,1
15,CUNDINAMARCA,301,UBAQUE,00,Zona 00,00,PUESTO CABECERA MUNICIPAL,18
15,CUNDINAMARCA,304,UBATE,98,Zona 98,01,CARCEL,1
15,CUNDINAMARCA,304,UBATE,99,Zona 99,01,VIENTO LIBRE,2
15,CUNDINAMARCA,304,UBATE,99,Zona 99,02,BRUSELAS,1
15,CUNDINAMARCA,304,UBATE,99,Zona 99,03,VOLCAN DOS,1
15,CUNDINAMARCA,304,UBATE,99,Zona 99,04,ESCUELA RURAL TAUSAVITA,1
15,CUNDINAMARCA,304,UBATE,99,Zona 99,28,GUATANCUY,3
15,CUNDINAMARCA,304,UBATE,01,Zona 01,01,UNIVERSIDAD CUNDINAMARCA,21
15,CUNDINAMARCA,304,UBATE,01,Zona 01,02,CENTRO COMERCIAL LA SEGUNDA,13
15,CUNDINAMARCA,304,UBATE,01,Zona 01,03,MEGA COLEGIO BARRIO SAN JOSE,8
15,CUNDINAMARCA,304,UBATE,01,Zona 01,04,UNIDAD BASICA,13
15,CUNDINAMARCA,304,UBATE,01,Zona 01,05,ESCUELA NORMAL SUPERIOR,3
15,CUNDINAMARCA,304,UBATE,02,Zona 02,01,INSTITUTO BOLIVAR,19
15,CUNDINAMARCA,304,UBATE,02,Zona 02,02,COLISEO MUNICIPAL,25
15,CUNDINAMARCA,304,UBATE,02,Zona 02,03,COLEGIO SANTA MARIA,2
15,CUNDINAMARCA,307,UNE,99,Zona 99,01,INSPECCION DE POLICIA EL RAMAL,1
15,CUNDINAMARCA,307,UNE,00,Zona 00,01,COLISEO POLIDEPORTIVO GUSTAVO MOYA ANGEL,19
15,CUNDINAMARCA,307,UNE,00,Zona 00,02,ESCUELA PEDRO ELISEO CRUZ,1
15,CUNDINAMARCA,316,UTICA,00,Zona 00,00,PUESTO CABECERA MUNICIPAL,15
15,CUNDINAMARCA,318,VENECIA,99,Zona 99,04,ESCUELA SAN ANTONIO,1
15,CUNDINAMARCA,318,VENECIA,99,Zona 99,08,APOSENTOS,1
15,CUNDINAMARCA,318,VENECIA,99,Zona 99,09,ESCUELA LAS BRISAS,1
15,CUNDINAMARCA,318,VENECIA,00,Zona 00,00,COLISEO DE DEPORTES,10
15,CUNDINAMARCA,319,VERGARA,99,Zona 99,01,CERINZA,1
15,CUNDINAMARCA,319,VERGARA,99,Zona 99,02,CORCEGA,1
15,CUNDINAMARCA,319,VERGARA,99,Zona 99,03,CHONTEGRANDE,2
15,CUNDINAMARCA,319,VERGARA,99,Zona 99,04,GUACAMAYAS,1
15,CUNDINAMARCA,319,VERGARA,99,Zona 99,05,LLANO GRANDE,2
15,CUNDINAMARCA,319,VERGARA,99,Zona 99,06,VILLA OLARTE (FLANDES),1
15,CUNDINAMARCA,319,VERGARA,00,Zona 00,00,PUESTO CABECERA MUNICIPAL,15
15,CUNDINAMARCA,322,VIANI,00,Zona 00,00,PUESTO CABECERA MUNICIPAL,13
15,CUNDINAMARCA,323,VILLAGOMEZ,99,Zona 99,01,CERRO AZUL,1
15,CUNDINAMARCA,323,VILLAGOMEZ,00,Zona 00,00,PUESTO CABECERA MUNICIPAL,6
15,CUNDINAMARCA,325,VILLAPINZON,00,Zona 00,01,PLAZA DE MERCADO,31
15,CUNDINAMARCA,325,VILLAPINZON,00,Zona 00,02,COL. MPAL FRANCISCO DE VARGAS FIGUEROA,11
15,CUNDINAMARCA,328,VILLETA,98,Zona 98,01,CARCEL MUNICIPAL,1
15,CUNDINAMARCA,328,VILLETA,99,Zona 99,01,IED COLEGIO CUNE,1
15,CUNDINAMARCA,328,VILLETA,99,Zona 99,20,BAGAZAL,3
15,CUNDINAMARCA,328,VILLETA,99,Zona 99,30,CHAPAIMA,1
15,CUNDINAMARCA,328,VILLETA,99,Zona 99,40,ILO GRANDE,1
15,CUNDINAMARCA,328,VILLETA,01,Zona 01,01,ESCUELA LA VALENCIA,18
15,CUNDINAMARCA,328,VILLETA,01,Zona 01,02,SENA,17
15,CUNDINAMARCA,328,VILLETA,02,Zona 02,01,CONC. POLICARPA SALAVARRIETA,17
15,CUNDINAMARCA,328,VILLETA,02,Zona 02,02,ESCUELA CARLOS LLERAS,13
15,CUNDINAMARCA,328,VILLETA,02,Zona 02,03,IED PROMOCION SOCIAL,5
15,CUNDINAMARCA,331,VIOTA,99,Zona 99,01,SAN GABRIEL,4
15,CUNDINAMARCA,331,VIOTA,99,Zona 99,02,BRASIL,3
15,CUNDINAMARCA,331,VIOTA,99,Zona 99,03,EL PIÑAL,2
15,CUNDINAMARCA,331,VIOTA,99,Zona 99,04,IED BAJO PALMAR,1
15,CUNDINAMARCA,331,VIOTA,00,Zona 00,01,CENTRO POLIDEPORTIVO MUNICIPAL,16
15,CUNDINAMARCA,331,VIOTA,00,Zona 00,02,ESCUELA MARIA INMACULADA,11
15,CUNDINAMARCA,334,YACOPI,99,Zona 99,01,ALSACIA,2
15,CUNDINAMARCA,334,YACOPI,99,Zona 99,02,ALTO DE CAÑAS,1
15,CUNDINAMARCA,334,YACOPI,99,Zona 99,03,APOSENTOS,1
15,CUNDINAMARCA,334,YACOPI,99,Zona 99,04,EL CHAPON (LAS LOMAS),1
15,CUNDINAMARCA,334,YACOPI,99,Zona 99,05,GUADUALITO,2
15,CUNDINAMARCA,334,YACOPI,99,Zona 99,06,CABO VERDE,1
15,CUNDINAMARCA,334,YACOPI,99,Zona 99,09,ESCUELA GUAYABALES,2
15,CUNDINAMARCA,334,YACOPI,99,Zona 99,13,IBAMA,2
15,CUNDINAMARCA,334,YACOPI,99,Zona 99,21,LLANO MATEO,3
15,CUNDINAMARCA,334,YACOPI,99,Zona 99,23,PATEVACA,2
15,CUNDINAMARCA,334,YACOPI,99,Zona 99,25,PUEBLO NUEVO,1
15,CUNDINAMARCA,334,YACOPI,99,Zona 99,29,TERAN,2
15,CUNDINAMARCA,334,YACOPI,99,Zona 99,30,VEREDA EL CASTILLO,1
15,CUNDINAMARCA,334,YACOPI,00,Zona 00,00,PUESTO CABECERA MUNICIPAL,16
15,CUNDINAMARCA,337,ZIPACON,99,Zona 99,01,EL OCASO,3
15,CUNDINAMARCA,337,ZIPACON,00,Zona 00,00,PUESTO CABECERA MUNICIPAL,10
15,CUNDINAMARCA,340,ZIPAQUIRA,99,Zona 99,01,CORREGIMIENTO 1 ESC SAN ISIDRO,4
15,CUNDINAMARCA,340,ZIPAQUIRA,99,Zona 99,02,CORREGIMIENTO 2 (ESC BARANDILLAS),18
15,CUNDINAMARCA,340,ZIPAQUIRA,99,Zona 99,03,CORREGIMIENTO 3 (ESC SAN JORGE),4
15,CUNDINAMARCA,340,ZIPAQUIRA,99,Zona 99,04,CORREGIMIENTO 2 ESCUELA SAN MIGUEL,3
15,CUNDINAMARCA,340,ZIPAQUIRA,01,Zona 01,01,IEM CUNDINAMARCA,30
15,CUNDINAMARCA,340,ZIPAQUIRA,01,Zona 01,02,COLEGIO RAFAEL POMBO,11
15,CUNDINAMARCA,340,ZIPAQUIRA,01,Zona 01,03,ESCUELA QUEVEDO Z,40
15,CUNDINAMARCA,340,ZIPAQUIRA,01,Zona 01,04,SEDE EDU SIMON BOLIVAR,29
15,CUNDINAMARCA,340,ZIPAQUIRA,01,Zona 01,05,IEM SAN JUAN BAUTISTA DE SALLE SD PRIMAR,18
15,CUNDINAMARCA,340,ZIPAQUIRA,01,Zona 01,06,SALON COMUNAL SANJUANITO,8
15,CUNDINAMARCA,340,ZIPAQUIRA,01,Zona 01,07,IEM TEC LUIS ORJUELA SEDE MARISCAL SUCRE,3
15,CUNDINAMARCA,340,ZIPAQUIRA,01,Zona 01,08,ESCUELA FRANCISCO DE PAULA SANTANDER,3
15,CUNDINAMARCA,340,ZIPAQUIRA,01,Zona 01,09,IEM GUILLERMO QUEVEDO Z SD LA 14,4
15,CUNDINAMARCA,340,ZIPAQUIRA,01,Zona 01,10,CIC DE PRADOS DEL MIRADOR,6
15,CUNDINAMARCA,340,ZIPAQUIRA,02,Zona 02,01,COLEGIO LICEO INTEGRADO,33
15,CUNDINAMARCA,340,ZIPAQUIRA,02,Zona 02,02,INST.EDUC.SANTIAGO PEREZ,34
15,CUNDINAMARCA,340,ZIPAQUIRA,02,Zona 02,03,GABRIELA MISTRAL SEDE NUEVA,25
15,CUNDINAMARCA,340,ZIPAQUIRA,02,Zona 02,04,CAMI PAUZ,7
15,CUNDINAMARCA,340,ZIPAQUIRA,02,Zona 02,05,COLEGIO DE LA PRESENTACION,13
15,CUNDINAMARCA,340,ZIPAQUIRA,02,Zona 02,06,COLISEO ARENA DE SAL,17
15,CUNDINAMARCA,340,ZIPAQUIRA,02,Zona 02,07,CIC DE BARANDILLAS,3
15,CUNDINAMARCA,340,ZIPAQUIRA,02,Zona 02,08,I.E. DPTAL TECNICO INDUSTRIAL,19
15,CUNDINAMARCA,007,ALBAN,99,Zona 99,01,COLEGIO CHIMBE,2
15,CUNDINAMARCA,007,ALBAN,00,Zona 00,00,PUESTO CABECERA MUNICIPAL,15
15,CUNDINAMARCA,013,ANOLAIMA,99,Zona 99,05,LA FLORIDA,5
15,CUNDINAMARCA,013,ANOLAIMA,99,Zona 99,07,CORRALEJAS,1
15,CUNDINAMARCA,013,ANOLAIMA,99,Zona 99,09,REVENTONES,3
15,CUNDINAMARCA,013,ANOLAIMA,00,Zona 00,00,PUESTO CABECERA MUNICIPAL,27
15,CUNDINAMARCA,019,BELTRAN,99,Zona 99,01,PAQUILO,3
15,CUNDINAMARCA,019,BELTRAN,99,Zona 99,50,PUERTO DE GRAMALOTAL,1
15,CUNDINAMARCA,019,BELTRAN,00,Zona 00,00,PUESTO CABECERA MUNICIPAL,3
15,CUNDINAMARCA,022,BITUIMA,99,Zona 99,20,LA PLAZUELA,1
15,CUNDINAMARCA,022,BITUIMA,99,Zona 99,21,BOQUERON DE ILO (VDA RINCON SANTO),1
15,CUNDINAMARCA,022,BITUIMA,00,Zona 00,00,PUESTO CABECERA MUNICIPAL,8
15,CUNDINAMARCA,025,BOJACA,00,Zona 00,00,PUESTO CABECERA MUNICIPAL,22
15,CUNDINAMARCA,029,CABRERA,99,Zona 99,80,SALON COMUNAL,1
15,CUNDINAMARCA,029,CABRERA,00,Zona 00,00,PUESTO CABECERA MUNICIPAL,10
15,CUNDINAMARCA,030,CACHIPAY,99,Zona 99,50,PEÑA NEGRA,4
15,CUNDINAMARCA,030,CACHIPAY,00,Zona 00,00,PUESTO CABECERA MUNICIPAL,25
15,CUNDINAMARCA,034,CAPARRAPI,99,Zona 99,01,CAMBRAS,1
15,CUNDINAMARCA,034,CAPARRAPI,99,Zona 99,02,CANCHIMAY,1
15,CUNDINAMARCA,034,CAPARRAPI,99,Zona 99,03,CACERES,1
15,CUNDINAMARCA,034,CAPARRAPI,99,Zona 99,04,CORDOBA,1
15,CUNDINAMARCA,034,CAPARRAPI,99,Zona 99,05,EL CAMBULO,2
15,CUNDINAMARCA,034,CAPARRAPI,99,Zona 99,06,EL DINDAL,2
15,CUNDINAMARCA,034,CAPARRAPI,99,Zona 99,07,LA AZAUNCHA,1
15,CUNDINAMARCA,034,CAPARRAPI,99,Zona 99,08,SAN CARLOS,3
15,CUNDINAMARCA,034,CAPARRAPI,99,Zona 99,09,SAN PEDRO,3
15,CUNDINAMARCA,034,CAPARRAPI,99,Zona 99,10,TATI,1
15,CUNDINAMARCA,034,CAPARRAPI,99,Zona 99,11,SAN RAMON ALTO,1
15,CUNDINAMARCA,034,CAPARRAPI,00,Zona 00,00,PUESTO CABECERA MUNICIPAL,18
15,CUNDINAMARCA,040,CARMEN DE CARUPA,99,Zona 99,01,HATO,2
15,CUNDINAMARCA,040,CARMEN DE CARUPA,99,Zona 99,02,SUCRE (CAPILLA DE SUCRE),1
15,CUNDINAMARCA,040,CARMEN DE CARUPA,00,Zona 00,00,PUESTO CABECERA MUNICIPAL,16
15,CUNDINAMARCA,052,CHAGUANI,00,Zona 00,00,PUESTO CABECERA MUNICIPAL,12
15,CUNDINAMARCA,058,CHIPAQUE,00,Zona 00,00,PUESTO CABECERA MUNICIPAL,25
15,CUNDINAMARCA,070,EL PEÑON,99,Zona 99,01,GUAYABAL DE TOLEDO,2
15,CUNDINAMARCA,070,EL PEÑON,99,Zona 99,05,TALAUTA,4
15,CUNDINAMARCA,070,EL PEÑON,00,Zona 00,00,PUESTO CABECERA MUNICIPAL,9
15,CUNDINAMARCA,085,FOSCA,99,Zona 99,01,PUEBLO VIEJO,1
15,CUNDINAMARCA,085,FOSCA,99,Zona 99,02,SANAME,3
15,CUNDINAMARCA,085,FOSCA,00,Zona 00,00,PUESTO CABECERA MUNICIPAL,13
15,CUNDINAMARCA,091,FUQUENE,99,Zona 99,01,CAPELLANIA,6
15,CUNDINAMARCA,091,FUQUENE,99,Zona 99,02,NUEVO FUQUENE,1
15,CUNDINAMARCA,091,FUQUENE,00,Zona 00,00,PUESTO CABECERA MUNICIPAL,6
15,CUNDINAMARCA,097,GACHALA,99,Zona 99,07,INSPECCION LOS ALPES,3
15,CUNDINAMARCA,097,GACHALA,99,Zona 99,15,CORREGIMIENTO  MONTECRISTO,1
15,CUNDINAMARCA,097,GACHALA,99,Zona 99,25,CORREGIMIENTO  SANTA RITA DE RIONEGRO,1
15,CUNDINAMARCA,097,GACHALA,99,Zona 99,35,VEREDA MURCA,1
15,CUNDINAMARCA,097,GACHALA,00,Zona 00,00,PUESTO CABECERA MUNICIPAL,12
15,CUNDINAMARCA,004,AGUA DE DIOS,00,Zona 00,01,IED SALESIANO MIGUEL UNIA,18
15,CUNDINAMARCA,004,AGUA DE DIOS,00,Zona 00,02,CEN. CULTURAL ARMANDO RODRIGUEZ JIMENEZ,10
15,CUNDINAMARCA,010,ANAPOIMA,99,Zona 99,01,LA PAZ,4
15,CUNDINAMARCA,010,ANAPOIMA,99,Zona 99,02,SAN ANTONIO,4
15,CUNDINAMARCA,010,ANAPOIMA,00,Zona 00,01,POLIDEPORTIVO JULIO CESAR SANCHEZ,21
15,CUNDINAMARCA,010,ANAPOIMA,00,Zona 00,02,CASA DE LA CULTURA,10
15,CUNDINAMARCA,016,ARBELAEZ,00,Zona 00,01,CTRO COLISEO RAFAEL DIONISIO PARRA REYES,26
15,CUNDINAMARCA,016,ARBELAEZ,00,Zona 00,02,IE DEPARTAMENTAL JOHN F. KENNEDY,3
15,CUNDINAMARCA,037,CAQUEZA,98,Zona 98,01,CARCEL,1
15,CUNDINAMARCA,037,CAQUEZA,99,Zona 99,01,SALON COMUNAL GIRON DE BLANCOS,1
15,CUNDINAMARCA,037,CAQUEZA,00,Zona 00,01,COLISEO GERMAN ROJAS URREGO,26
15,CUNDINAMARCA,037,CAQUEZA,00,Zona 00,02,CONCENTRACION MARILANDA,16
15,CUNDINAMARCA,043,COGUA,99,Zona 99,01,VEREDA LA PLAZUELA,2
15,CUNDINAMARCA,043,COGUA,00,Zona 00,01,COLEGIO LAS VILLAS,30
15,CUNDINAMARCA,043,COGUA,00,Zona 00,02,POLIDEPORTIVO MUNICIPAL,18
15,CUNDINAMARCA,049,CUCUNUBA,99,Zona 99,40,PEÑAS (LA PLUMA),2
15,CUNDINAMARCA,049,CUCUNUBA,00,Zona 00,01,POLIDEPORTIVO MUNICIPAL,11
15,CUNDINAMARCA,049,CUCUNUBA,00,Zona 00,02,CENTRO  INTERACTIVO CULTURAL CILAB,3
15,CUNDINAMARCA,061,CHOACHI,99,Zona 99,01,EL ALTO DEL PALO,2
15,CUNDINAMARCA,061,CHOACHI,99,Zona 99,02,POTRERO GRANDE,1
15,CUNDINAMARCA,061,CHOACHI,00,Zona 00,01,IED IGNACIO PESCADOR,27
15,CUNDINAMARCA,061,CHOACHI,00,Zona 00,02,COLISEO POLIDEPORTIVO EL BOSQUE,6
15,CUNDINAMARCA,064,CHOCONTA,98,Zona 98,01,CARCEL,1
15,CUNDINAMARCA,064,CHOCONTA,00,Zona 00,01,IED AGROINDUSTRIAL SANTIAGO DE CHOCONTA,31
15,CUNDINAMARCA,064,CHOCONTA,00,Zona 00,02,IED RUFINO CUERVO,18
15,CUNDINAMARCA,067,EL COLEGIO,99,Zona 99,01,EL TRIUNFO,5
15,CUNDINAMARCA,067,EL COLEGIO,99,Zona 99,05,IED LA VICTORIA,7
15,CUNDINAMARCA,067,EL COLEGIO,99,Zona 99,09,INSPECCION PRADILLA SALON COMUNAL,4
15,CUNDINAMARCA,067,EL COLEGIO,00,Zona 00,01,ESC. URB. FRANCISCO JULIAN OLAYA,26
15,CUNDINAMARCA,067,EL COLEGIO,00,Zona 00,02,VILLA OLIMPICA,21
15,CUNDINAMARCA,067,EL COLEGIO,00,Zona 00,03,JARDIN INFANTIL DEPTAL CARLOS JIMENEZ G.,8
15,CUNDINAMARCA,079,FOMEQUE,99,Zona 99,01,LA UNION,2
15,CUNDINAMARCA,079,FOMEQUE,99,Zona 99,02,SAN LORENZO,1
15,CUNDINAMARCA,079,FOMEQUE,00,Zona 00,01,IED MONSEÑOR AGUSTIN GUTIERREZ,22
15,CUNDINAMARCA,079,FOMEQUE,00,Zona 00,02,POLIDEPORTIVO MUNICIPAL,5
15,CUNDINAMARCA,031,CAJICA,01,Zona 01,01,ESCUELA EL MISTERIO,18
15,CUNDINAMARCA,031,CAJICA,01,Zona 01,02,COLEGIO RINCON SANTO,19
15,CUNDINAMARCA,031,CAJICA,01,Zona 01,03,COLEGIO PABLO HERRERA,21
15,CUNDINAMARCA,031,CAJICA,01,Zona 01,04,I.E.D CAPELLANIA,10
15,CUNDINAMARCA,031,CAJICA,02,Zona 02,01,COLISEO FORTALEZA DE PIEDRA,17
15,CUNDINAMARCA,031,CAJICA,02,Zona 02,02,CENTRO CULTURAL CAJICA,24
15,CUNDINAMARCA,031,CAJICA,02,Zona 02,03,COLEGIO ANTONIO NARIÑO,22
15,CUNDINAMARCA,031,CAJICA,02,Zona 02,04,SALON COMUNAL LAS PALMAS,14
15,CUNDINAMARCA,031,CAJICA,02,Zona 02,05,SALON COMUNAL BARRIO GRANJITAS,7
15,CUNDINAMARCA,031,CAJICA,02,Zona 02,06,IED POMPILIO MARTINEZ,18
15,CUNDINAMARCA,031,CAJICA,02,Zona 02,07,CLUB EDAD DE ORO,24
15,CUNDINAMARCA,031,CAJICA,02,Zona 02,08,IE DEPARTAMENTAL SAN GABRIEL,5
15,CUNDINAMARCA,046,COTA,01,Zona 01,01,IED ENRIQUE PARDO PARRA SD BACHILLERATO,25
15,CUNDINAMARCA,046,COTA,01,Zona 01,02,IE DEPARTAMENTAL CAMILO TORRES,24
15,CUNDINAMARCA,046,COTA,01,Zona 01,03,IE DEPARTAMENTAL PARCELAS,9
15,CUNDINAMARCA,046,COTA,02,Zona 02,01,I.E.PUEBLO VIEJO,18
15,CUNDINAMARCA,046,COTA,02,Zona 02,02,I.E LA MOYA,14
15,CUNDINAMARCA,055,CHIA,90,Zona 90,01,INST.EDUC.LAURA VICUÑA,27
15,CUNDINAMARCA,055,CHIA,01,Zona 01,01,INST. EDUC. DIVERSIFICADA SANTA LUCIA,26
15,CUNDINAMARCA,055,CHIA,01,Zona 01,02,COLEGIO NACIONAL DIVERSIFICADO,30
15,CUNDINAMARCA,055,CHIA,01,Zona 01,03,COLEGIO STELLA MATUTINA,18
15,CUNDINAMARCA,055,CHIA,01,Zona 01,04,COLEGIO MARIA AUXILIADORA,19
15,CUNDINAMARCA,055,CHIA,01,Zona 01,05,VEREDA LA BALSA,8
15,CUNDINAMARCA,055,CHIA,01,Zona 01,06,INSTITUCION EDUCATIVA CERCA DE PIEDRA,7
15,CUNDINAMARCA,055,CHIA,01,Zona 01,07,INSTITUCION EDUCATIVA FONQUETA,4
15,CUNDINAMARCA,055,CHIA,01,Zona 01,08,IE JOSE ESCRIVA DE BALAGUER SEDE SAMARIA,6
15,CUNDINAMARCA,055,CHIA,02,Zona 02,01,COLISEO DE LA LUNA,25
15,CUNDINAMARCA,055,CHIA,02,Zona 02,02,IE JOSE ESCRIVA BALAGUER,21
15,CUNDINAMARCA,055,CHIA,02,Zona 02,03,UNIVERSIDAD DE CUNDINAMARCA,25
15,CUNDINAMARCA,055,CHIA,02,Zona 02,04,IE EL CERRO,5
15,CUNDINAMARCA,055,CHIA,02,Zona 02,05,CONCHA ACUSTICA,30
15,CUNDINAMARCA,055,CHIA,02,Zona 02,06,INST. EDUCATIVA FAGUA SECTOR TIQUIZA,9
15,CUNDINAMARCA,055,CHIA,02,Zona 02,07,CENTRO COMERCIAL FONTANAR,29
15,CUNDINAMARCA,055,CHIA,02,Zona 02,08,INSTITUCION EDUCATIVA DIOSA CHIA,5
15,CUNDINAMARCA,055,CHIA,02,Zona 02,09,COLEGIO JOSE JOAQUIN CASAS,12
15,CUNDINAMARCA,055,CHIA,02,Zona 02,10,COLEGIO CELESTIN FREINET,12
15,CUNDINAMARCA,055,CHIA,02,Zona 02,11,CENTRO  COMERCIAL CENTRO CHIA,16
15,CUNDINAMARCA,055,CHIA,02,Zona 02,12,CENTRO CULTURAL Y ARTISTICO JUMBO,14
15,CUNDINAMARCA,055,CHIA,02,Zona 02,13,UNIDAD DEPORTIVA LA LORENA,4
15,CUNDINAMARCA,055,CHIA,02,Zona 02,14,UNIDAD DEPORTIVA FAGUA,3
15,CUNDINAMARCA,072,EL ROSAL,01,Zona 01,01,COLISEO MUNICIPAL,26
15,CUNDINAMARCA,072,EL ROSAL,01,Zona 01,02,IED CAMPO ALEGRE,4
15,CUNDINAMARCA,072,EL ROSAL,02,Zona 02,01,MEGA COLEGIO,31
15,CUNDINAMARCA,072,EL ROSAL,02,Zona 02,02,ESCUELA RURAL LA PIÑUELA,1
15,CUNDINAMARCA,076,FACATATIVA,98,Zona 98,01,CTRO RECLUSION POLICIA NAL,1
15,CUNDINAMARCA,076,FACATATIVA,99,Zona 99,01,COLEGIO JUAN XXIII,2
15,CUNDINAMARCA,076,FACATATIVA,99,Zona 99,02,ESCUELA ANTIGUA MANCILLA,1
15,CUNDINAMARCA,076,FACATATIVA,01,Zona 01,01,COLEGIO DEPTAL CARTAGENITA,21
15,CUNDINAMARCA,076,FACATATIVA,01,Zona 01,02,COLEGIO MANABLANCA,8
15,CUNDINAMARCA,076,FACATATIVA,01,Zona 01,03,COLEGIO JOHN F. KENNEDY,22
15,CUNDINAMARCA,076,FACATATIVA,01,Zona 01,04,CENTRO DE DESARROLLO SOCIAL,15
15,CUNDINAMARCA,076,FACATATIVA,01,Zona 01,05,COLEGIO SAN AGUSTIN,15
15,CUNDINAMARCA,076,FACATATIVA,01,Zona 01,06,COLEGIO SILVERIA ESPINOSA,18
15,CUNDINAMARCA,076,FACATATIVA,01,Zona 01,07,EL PORTAL DE TUS SUEÑOS,10
15,CUNDINAMARCA,076,FACATATIVA,01,Zona 01,08,ESC. PRIM. SD SAN CRIST. JOHN F KENNEDY,4
15,CUNDINAMARCA,076,FACATATIVA,01,Zona 01,09,COLEGIO SD MOLINOS - MANUELA AYALA,2
15,CUNDINAMARCA,076,FACATATIVA,01,Zona 01,10,COL. CARTAGENITA BLOQUE D SEDE PRIMARIA,6
15,CUNDINAMARCA,076,FACATATIVA,01,Zona 01,11,CTRO DE DISCAPACIDAD MANUEL GONZALEZ C.,1
15,CUNDINAMARCA,076,FACATATIVA,02,Zona 02,01,INSTITUTO  TECNICO  INDUSTRIAL,25
15,CUNDINAMARCA,076,FACATATIVA,02,Zona 02,02,ESCUELA RAFAEL POMBO,20
15,CUNDINAMARCA,076,FACATATIVA,02,Zona 02,03,COLEGIO MANUELA AYALA DE GAITAN,25
15,CUNDINAMARCA,076,FACATATIVA,02,Zona 02,04,COLEGIO SANTA RITA,25
15,CUNDINAMARCA,076,FACATATIVA,02,Zona 02,05,COLEGIO NACIONAL EMILIO CIFUENTES,24
15,CUNDINAMARCA,076,FACATATIVA,02,Zona 02,06,INDUSTRIAL SEDE TALLERES,19
15,CUNDINAMARCA,076,FACATATIVA,02,Zona 02,07,CTRO EDU LA CONCEPCION,8
15,CUNDINAMARCA,076,FACATATIVA,02,Zona 02,08,UNIVERSIDAD CUNDINAMARCA,9
15,CUNDINAMARCA,076,FACATATIVA,02,Zona 02,09,COLEGIO ARBOLEDA SEDE ARBOLEDA,7
15,CUNDINAMARCA,076,FACATATIVA,02,Zona 02,10,COLEGIO ARBOLEDA S  JUAN PABLO II,18
15,CUNDINAMARCA,088,FUNZA,98,Zona 98,01,CARCEL MUNICIPAL FUNZA,1
15,CUNDINAMARCA,088,FUNZA,01,Zona 01,01,COL MIL CNEL JUAN JOSE RONDON,24
15,CUNDINAMARCA,088,FUNZA,01,Zona 01,02,COL TEC IND CORAZON DE MARIA,10
15,CUNDINAMARCA,088,FUNZA,01,Zona 01,03,IED JARDIN SOCIAL SERREZUELITA,8
15,CUNDINAMARCA,088,FUNZA,01,Zona 01,04,COL MIGUEL ANTONIO CARO,22
15,CUNDINAMARCA,088,FUNZA,01,Zona 01,05,COL FURATENA,13
15,CUNDINAMARCA,088,FUNZA,01,Zona 01,06,COLISEO MUNICIPAL,13
15,CUNDINAMARCA,088,FUNZA,01,Zona 01,07,I E SERREZUELITA,10
15,CUNDINAMARCA,088,FUNZA,01,Zona 01,08,I E EL HATO,5
15,CUNDINAMARCA,088,FUNZA,01,Zona 01,09,IE DEPARTAMENTAL DE FUNZA,3
15,CUNDINAMARCA,088,FUNZA,02,Zona 02,01,COL SAN JOSE,16
15,CUNDINAMARCA,088,FUNZA,02,Zona 02,02,COL NUESTRA SEÑORA DEL ROSARIO,9
15,CUNDINAMARCA,088,FUNZA,02,Zona 02,03,COL SANTANA,6
15,CUNDINAMARCA,088,FUNZA,02,Zona 02,04,COL PARROQUIAL SANTIAGO APOSTOL,5
15,CUNDINAMARCA,088,FUNZA,02,Zona 02,05,COL CRISTIANO INTEGRAL,12
15,CUNDINAMARCA,088,FUNZA,02,Zona 02,06,ESC SAN ANDRES,7
15,CUNDINAMARCA,088,FUNZA,02,Zona 02,07,COL COOPERATIVO COMUNAL,20
15,CUNDINAMARCA,088,FUNZA,02,Zona 02,08,COL LA UNIDAD BASICA,17
15,CUNDINAMARCA,088,FUNZA,02,Zona 02,09,I E SAN MARCOS,4
15,CUNDINAMARCA,088,FUNZA,02,Zona 02,10,COL BICENTENARIO,19
15,CUNDINAMARCA,088,FUNZA,02,Zona 02,11,JARDIN INFANTIL VILLA PAUL,5
15,CUNDINAMARCA,088,FUNZA,02,Zona 02,12,JARDIN INFANTIL LA AURORA,3
15,CUNDINAMARCA,088,FUNZA,02,Zona 02,13,IE MARIA INMACULADA,10
15,CUNDINAMARCA,094,FUSAGASUGA,90,Zona 90,01,COL.TEODORO AYA VILLAVECES,12
15,CUNDINAMARCA,094,FUSAGASUGA,98,Zona 98,01,CARCEL CIRCUITO JUDICIAL,1
15,CUNDINAMARCA,094,FUSAGASUGA,99,Zona 99,01,LA AGUADITA,6
15,CUNDINAMARCA,094,FUSAGASUGA,99,Zona 99,25,LOS SAUCES,5
15,CUNDINAMARCA,094,FUSAGASUGA,99,Zona 99,30,CUCHARAL,13
15,CUNDINAMARCA,094,FUSAGASUGA,99,Zona 99,32,COLEGIO AGRICOLA VALSALICE,2
15,CUNDINAMARCA,094,FUSAGASUGA,99,Zona 99,36,BOCHICA (LA TRINIDAD),9
15,CUNDINAMARCA,094,FUSAGASUGA,99,Zona 99,37,COLEGIO ESPINALITO ALTO,2
15,CUNDINAMARCA,094,FUSAGASUGA,99,Zona 99,38,EL TRIUNFO (BOQUERON),3
15,CUNDINAMARCA,094,FUSAGASUGA,99,Zona 99,50,LA PUERTA (CHINAUTA),12
15,CUNDINAMARCA,094,FUSAGASUGA,01,Zona 01,01,ESCUELA JULIO SABOGAL,15
15,CUNDINAMARCA,094,FUSAGASUGA,01,Zona 01,02,COLEGIO ACCION COMUNAL,18
15,CUNDINAMARCA,094,FUSAGASUGA,01,Zona 01,03,COLEGIO MANUEL HUMBERTO CARDENAS VELEZ,5
15,CUNDINAMARCA,094,FUSAGASUGA,01,Zona 01,04,ESCUELA MANUELA BELTRAN,3
15,CUNDINAMARCA,094,FUSAGASUGA,01,Zona 01,05,CTRO DE INNOVACION E INTEGRACION SOCIAL,8
15,CUNDINAMARCA,094,FUSAGASUGA,01,Zona 01,06,COLISEO FUTSAL COBURGO,22
15,CUNDINAMARCA,094,FUSAGASUGA,01,Zona 01,07,ESCUELA GUSTAVO VEGA,13
15,CUNDINAMARCA,094,FUSAGASUGA,01,Zona 01,08,ESCUELA CAMILO TORRES,6
15,CUNDINAMARCA,094,FUSAGASUGA,01,Zona 01,09,ESCUELA GENERAL SANTANDER,2
15,CUNDINAMARCA,094,FUSAGASUGA,01,Zona 01,10,PARROQUIA NTRA.SRA.DE BELEN,13
15,CUNDINAMARCA,094,FUSAGASUGA,01,Zona 01,11,FUND.DE EDUC.EN SALUD MARIE POUSSEPIN,18
15,CUNDINAMARCA,094,FUSAGASUGA,01,Zona 01,12,CENTRO DE DESARROLLO INFANTIL,7
15,CUNDINAMARCA,094,FUSAGASUGA,02,Zona 02,01,ESCUELA FUSACATAN,12
15,CUNDINAMARCA,094,FUSAGASUGA,02,Zona 02,02,COL CARLOS LOZANO Y LOZANO,20
15,CUNDINAMARCA,094,FUSAGASUGA,02,Zona 02,03,COL JOSE C MUTIS,12
15,CUNDINAMARCA,094,FUSAGASUGA,02,Zona 02,04,ESC. SUPERIOR DE ADMON PUBLICA-ESAP,12
15,CUNDINAMARCA,094,FUSAGASUGA,02,Zona 02,05,COL. JOSE CELESTINO MUTIS SD LUSITANIA,11
15,CUNDINAMARCA,094,FUSAGASUGA,02,Zona 02,06,UNIVERSIDAD DE CUNDINAMARCA,22
15,CUNDINAMARCA,094,FUSAGASUGA,02,Zona 02,07,COLEGIO RICAURTE,26
15,CUNDINAMARCA,094,FUSAGASUGA,02,Zona 02,08,UNIVERSIDAD ABIERTA Y A DISTANCIA UNAD,2
15,CUNDINAMARCA,094,FUSAGASUGA,02,Zona 02,09,CENTRO ACADEMICO DEPORTIVO CERCUN,5
15,CUNDINAMARCA,094,FUSAGASUGA,02,Zona 02,10,ESC REFUGIO INFANTIL,15
15,CUNDINAMARCA,094,FUSAGASUGA,02,Zona 02,11,POLIDEPORTIVO EBENEZER,9
15,CUNDINAMARCA,094,FUSAGASUGA,02,Zona 02,12,CENTRO DE INTEGRACION CIUDADANA,7
15,CUNDINAMARCA,094,FUSAGASUGA,02,Zona 02,13,IEM CIUDAD EBEN-EZER,14
15,CUNDINAMARCA,094,FUSAGASUGA,02,Zona 02,14,POLIDEPORTIVO LLANO LARGO,5
16,BOGOTA D.C.,001,BOGOTA. D.C.,10,Zona 10,01,BOYACA,34
16,BOGOTA D.C.,001,BOGOTA. D.C.,10,Zona 10,02,ENGATIVA,52
16,BOGOTA D.C.,001,BOGOTA. D.C.,10,Zona 10,03,NORMANDIA,31
16,BOGOTA D.C.,001,BOGOTA. D.C.,10,Zona 10,04,BOSQUE POPULAR,25
16,BOGOTA D.C.,001,BOGOTA. D.C.,10,Zona 10,05,EL GUALI,12
16,BOGOTA D.C.,001,BOGOTA. D.C.,10,Zona 10,06,EL LUJAN,24
16,BOGOTA D.C.,001,BOGOTA. D.C.,10,Zona 10,07,VILLA LUZ,26
16,BOGOTA D.C.,001,BOGOTA. D.C.,10,Zona 10,08,LOS ALAMOS,20
16,BOGOTA D.C.,001,BOGOTA. D.C.,10,Zona 10,09,VILLA AMALIA,31
16,BOGOTA D.C.,001,BOGOTA. D.C.,10,Zona 10,10,VILLAS DE GRANADA,35
16,BOGOTA D.C.,001,BOGOTA. D.C.,10,Zona 10,11,GARCES NAVAS,45
16,BOGOTA D.C.,001,BOGOTA. D.C.,10,Zona 10,12,BOCHICA,46
16,BOGOTA D.C.,001,BOGOTA. D.C.,10,Zona 10,13,LOS ALAMOS NORTE,26
16,BOGOTA D.C.,001,BOGOTA. D.C.,10,Zona 10,14,LA SALINA,30
16,BOGOTA D.C.,001,BOGOTA. D.C.,10,Zona 10,15,LA FLORIDA,20
16,BOGOTA D.C.,001,BOGOTA. D.C.,10,Zona 10,16,SANTA HELENITA,27
16,BOGOTA D.C.,001,BOGOTA. D.C.,10,Zona 10,17,LA EUROPA,11
16,BOGOTA D.C.,001,BOGOTA. D.C.,10,Zona 10,18,LA ESTRADA,25
16,BOGOTA D.C.,001,BOGOTA. D.C.,10,Zona 10,19,LA ESTRADITA,34
16,BOGOTA D.C.,001,BOGOTA. D.C.,10,Zona 10,20,LAS FERIAS,20
16,BOGOTA D.C.,001,BOGOTA. D.C.,10,Zona 10,21,BONANZA,37
16,BOGOTA D.C.,001,BOGOTA. D.C.,10,Zona 10,22,STA. MARIA DEL LAGO,14
16,BOGOTA D.C.,001,BOGOTA. D.C.,10,Zona 10,23,LA GRANJA,21
16,BOGOTA D.C.,001,BOGOTA. D.C.,10,Zona 10,24,FLORENCIA,12
16,BOGOTA D.C.,001,BOGOTA. D.C.,10,Zona 10,25,SANTA ROSITA,42
16,BOGOTA D.C.,001,BOGOTA. D.C.,10,Zona 10,26,QUIRIGUA,32
16,BOGOTA D.C.,001,BOGOTA. D.C.,10,Zona 10,27,LA ESPAÑOLA,16
16,BOGOTA D.C.,001,BOGOTA. D.C.,10,Zona 10,28,MINUTO DE DIOS,28
16,BOGOTA D.C.,001,BOGOTA. D.C.,10,Zona 10,29,LA SERENA,14
16,BOGOTA D.C.,001,BOGOTA. D.C.,10,Zona 10,30,BACHUE,43
16,BOGOTA D.C.,001,BOGOTA. D.C.,10,Zona 10,31,QUIRIGUA (PLAZA DE MERCADO),26
16,BOGOTA D.C.,001,BOGOTA. D.C.,10,Zona 10,32,BACHUE II - BOCHICA I,19
16,BOGOTA D.C.,001,BOGOTA. D.C.,10,Zona 10,33,VILLA GLADYS,23
16,BOGOTA D.C.,001,BOGOTA. D.C.,10,Zona 10,34,EL CORTIJO ENGATIVA,35
16,BOGOTA D.C.,001,BOGOTA. D.C.,10,Zona 10,35,SAN MARCOS,30
16,BOGOTA D.C.,001,BOGOTA. D.C.,10,Zona 10,36,SAN IGNACIO,7
16,BOGOTA D.C.,001,BOGOTA. D.C.,10,Zona 10,37,TABORA,32
16,BOGOTA D.C.,001,BOGOTA. D.C.,10,Zona 10,38,EL MORISCO,17
16,BOGOTA D.C.,001,BOGOTA. D.C.,10,Zona 10,39,LOS CEREZOS,14
16,BOGOTA D.C.,001,BOGOTA. D.C.,10,Zona 10,40,CIUDADELA COLSUBSIDIO,40
16,BOGOTA D.C.,001,BOGOTA. D.C.,10,Zona 10,41,FERIAS II,20
16,BOGOTA D.C.,001,BOGOTA. D.C.,10,Zona 10,42,EL MUELLE,42
16,BOGOTA D.C.,001,BOGOTA. D.C.,10,Zona 10,43,LA CABAÑA,14
16,BOGOTA D.C.,001,BOGOTA. D.C.,10,Zona 10,44,TISQUESUSA,5
16,BOGOTA D.C.,001,BOGOTA. D.C.,10,Zona 10,45,SANTA CECILIA,8
16,BOGOTA D.C.,001,BOGOTA. D.C.,10,Zona 10,46,PLAZUELAS DEL VIRREY,17
16,BOGOTA D.C.,001,BOGOTA. D.C.,10,Zona 10,47,CIUDAD DE HONDA,7
16,BOGOTA D.C.,001,BOGOTA. D.C.,10,Zona 10,48,ZARZAMORA,15
16,BOGOTA D.C.,001,BOGOTA. D.C.,10,Zona 10,49,VILLA CONSTANZA,6
16,BOGOTA D.C.,001,BOGOTA. D.C.,10,Zona 10,50,MORTIÑO,7
16,BOGOTA D.C.,001,BOGOTA. D.C.,10,Zona 10,51,PALO BLANCO,9
16,BOGOTA D.C.,001,BOGOTA. D.C.,10,Zona 10,52,SAN JOAQUIN,5
16,BOGOTA D.C.,001,BOGOTA. D.C.,10,Zona 10,53,PRIMAVERA,10
16,BOGOTA D.C.,001,BOGOTA. D.C.,10,Zona 10,54,BOLIVIA,35
16,BOGOTA D.C.,001,BOGOTA. D.C.,10,Zona 10,55,GRAN GRANADA,43
16,BOGOTA D.C.,001,BOGOTA. D.C.,10,Zona 10,56,EL CEDRO,8
16,BOGOTA D.C.,001,BOGOTA. D.C.,10,Zona 10,57,TORQUIGUA,27
16,BOGOTA D.C.,001,BOGOTA. D.C.,10,Zona 10,58,ALMAZAN ENGATIVA,37
16,BOGOTA D.C.,001,BOGOTA. D.C.,10,Zona 10,59,UNICENTRO DE OCCIDENTE,26
16,BOGOTA D.C.,001,BOGOTA. D.C.,10,Zona 10,60,SALON COMUNAL ALAMOS,11
16,BOGOTA D.C.,001,BOGOTA. D.C.,10,Zona 10,61,LEON VALENCIA,4
16,BOGOTA D.C.,001,BOGOTA. D.C.,10,Zona 10,62,LA CLARITA,8
16,BOGOTA D.C.,001,BOGOTA. D.C.,10,Zona 10,63,CENTRO EDUCATIVO SCALAS,6
16,BOGOTA D.C.,001,BOGOTA. D.C.,10,Zona 10,64,NACIONES UNIDAS SEDE B,4
16,BOGOTA D.C.,001,BOGOTA. D.C.,10,Zona 10,65,COLEGIO NORTE ADVENTISTA,4
16,BOGOTA D.C.,001,BOGOTA. D.C.,10,Zona 10,66,ALCALA SEDE B,4
16,BOGOTA D.C.,001,BOGOTA. D.C.,10,Zona 10,67,DIVERPLAZA,40
16,BOGOTA D.C.,001,BOGOTA. D.C.,10,Zona 10,68,MARGARITA BOSCO,14
16,BOGOTA D.C.,001,BOGOTA. D.C.,10,Zona 10,69,COLEGIO COPES,5
16,BOGOTA D.C.,001,BOGOTA. D.C.,10,Zona 10,70,SOLEDAD NORTE,5
16,BOGOTA D.C.,001,BOGOTA. D.C.,10,Zona 10,71,SIDAUTO,2
16,BOGOTA D.C.,001,BOGOTA. D.C.,10,Zona 10,72,PARIS GAITAN,6
16,BOGOTA D.C.,001,BOGOTA. D.C.,10,Zona 10,73,LA PALESTINA,7
16,BOGOTA D.C.,001,BOGOTA. D.C.,10,Zona 10,74,EL ENCANTO,7
16,BOGOTA D.C.,001,BOGOTA. D.C.,10,Zona 10,75,EL REAL,3
16,BOGOTA D.C.,001,BOGOTA. D.C.,10,Zona 10,76,SALON COMUNAL PROTECHO VILLA AMALIA,10
16,BOGOTA D.C.,001,BOGOTA. D.C.,10,Zona 10,77,COLEGIO LESTONAC,5
16,BOGOTA D.C.,001,BOGOTA. D.C.,10,Zona 10,78,COMUNIDAD COLEGIO FE Y ALEGRIA,4
16,BOGOTA D.C.,001,BOGOTA. D.C.,10,Zona 10,79,CENTRO COMERCIAL PUNTO 72,7
16,BOGOTA D.C.,001,BOGOTA. D.C.,10,Zona 10,80,UNIMINUTO ESCUELA DE CONVENCIONES,7
16,BOGOTA D.C.,001,BOGOTA. D.C.,10,Zona 10,81,PARQUE SAN ANDRES,19
16,BOGOTA D.C.,001,BOGOTA. D.C.,10,Zona 10,82,SALON COMUNAL EL VERDUM,11
16,BOGOTA D.C.,001,BOGOTA. D.C.,10,Zona 10,83,LA FAENA,11
16,BOGOTA D.C.,001,BOGOTA. D.C.,10,Zona 10,84,BOSQUES DE MARIANA,13
16,BOGOTA D.C.,001,BOGOTA. D.C.,10,Zona 10,85,CENTRO COMERCIAL NUESTRO BOGOTA,27
16,BOGOTA D.C.,001,BOGOTA. D.C.,10,Zona 10,86,UNIVERSIDAD UDCA ENGATIVA,7
16,BOGOTA D.C.,001,BOGOTA. D.C.,10,Zona 10,87,GIMNASIO SANTA MARIA DEL ALCAZAR,4
16,BOGOTA D.C.,001,BOGOTA. D.C.,10,Zona 10,88,COLEGIO RR OBLATAS AL DIVINO AMOR,6
16,BOGOTA D.C.,001,BOGOTA. D.C.,10,Zona 10,89,COLEGIO ANTONIO NARIÑO SEDE 2,4
16,BOGOTA D.C.,001,BOGOTA. D.C.,10,Zona 10,90,CUR DE COMPENSAR,3
16,BOGOTA D.C.,001,BOGOTA. D.C.,10,Zona 10,91,COLEGIO GARCES NAVAS SEDE B,6
16,BOGOTA D.C.,001,BOGOTA. D.C.,10,Zona 10,92,COLEGIO FLORIDABLANCA (IED) SEDE B,2
16,BOGOTA D.C.,001,BOGOTA. D.C.,10,Zona 10,93,COL INST TEC LAUREANO GOMEZ (IED) SEDE A,5
16,BOGOTA D.C.,001,BOGOTA. D.C.,10,Zona 10,94,COLEGIO LUCILA RUBIO DE LAVERDE (IED),15
16,BOGOTA D.C.,001,BOGOTA. D.C.,10,Zona 10,95,SALON COMUNAL VILLAS DE GRANADA,20
16,BOGOTA D.C.,001,BOGOTA. D.C.,10,Zona 10,96,COLEGIO ANTONIO VILLAVICENCIO SEDE B,8
16,BOGOTA D.C.,001,BOGOTA. D.C.,10,Zona 10,97,COLEGIO FLORIDABLANCA (IED) SEDE C,3
16,BOGOTA D.C.,001,BOGOTA. D.C.,10,Zona 10,98,COLEGIO DISTRITAL RODOLFO LLINAS SEDE B,4
16,BOGOTA D.C.,001,BOGOTA. D.C.,11,Zona 11,01,PARQUE FUNDACIONAL DE SUBA,76
16,BOGOTA D.C.,001,BOGOTA. D.C.,11,Zona 11,02,COLEGIO SAN JOSE DE CALASANZ,26
16,BOGOTA D.C.,001,BOGOTA. D.C.,11,Zona 11,03,VILLA ELISA SEDE C - IED,21
16,BOGOTA D.C.,001,BOGOTA. D.C.,11,Zona 11,04,GERARDO PAREDES - IED,53
16,BOGOTA D.C.,001,BOGOTA. D.C.,11,Zona 11,05,ALBERTO LLERAS CAMARGO - IED,39
16,BOGOTA D.C.,001,BOGOTA. D.C.,11,Zona 11,06,TIBABUYES UNIVERSAL SEDE A - IED,33
16,BOGOTA D.C.,001,BOGOTA. D.C.,11,Zona 11,07,CASABLANCA SUBA,11
16,BOGOTA D.C.,001,BOGOTA. D.C.,11,Zona 11,08,VILLA DEL PRADO UNIAGRARIA,33
16,BOGOTA D.C.,001,BOGOTA. D.C.,11,Zona 11,09,PRADO PINZON,20
16,BOGOTA D.C.,001,BOGOTA. D.C.,11,Zona 11,10,PRADO CIUDAD JARDIN,17
16,BOGOTA D.C.,001,BOGOTA. D.C.,11,Zona 11,11,CENTRO COMERCIAL BULEVAR NIZA,56
16,BOGOTA D.C.,001,BOGOTA. D.C.,11,Zona 11,12,PONTEVEDRA,26
16,BOGOTA D.C.,001,BOGOTA. D.C.,11,Zona 11,13,SAN NICOLAS-AGUSTINIANO NORTE,19
16,BOGOTA D.C.,001,BOGOTA. D.C.,11,Zona 11,14,LA CONEJERA,9
16,BOGOTA D.C.,001,BOGOTA. D.C.,11,Zona 11,15,PRADO VERANIEGO,24
16,BOGOTA D.C.,001,BOGOTA. D.C.,11,Zona 11,16,NIZA IX,17
16,BOGOTA D.C.,001,BOGOTA. D.C.,11,Zona 11,17,LA ALHAMBRA CARULLA,32
16,BOGOTA D.C.,001,BOGOTA. D.C.,11,Zona 11,18,PUENTE LARGO-EMMANUEL D.ALZON,35
16,BOGOTA D.C.,001,BOGOTA. D.C.,11,Zona 11,19,FLORESTA NORTE-JULIO FLOREZ,18
16,BOGOTA D.C.,001,BOGOTA. D.C.,11,Zona 11,20,PASADENA-LOS TRES ELEFANTES,19
16,BOGOTA D.C.,001,BOGOTA. D.C.,11,Zona 11,21,NUEVA ZELANDIA,20
16,BOGOTA D.C.,001,BOGOTA. D.C.,11,Zona 11,22,EL SALITRE SEDE C - IED,28
16,BOGOTA D.C.,001,BOGOTA. D.C.,11,Zona 11,23,SAN CIPRIANO,18
16,BOGOTA D.C.,001,BOGOTA. D.C.,11,Zona 11,24,FUNDACION UNIVERSITARIA LUIS AMIGO,22
16,BOGOTA D.C.,001,BOGOTA. D.C.,11,Zona 11,25,LA GAITANA SEDE A - IED,35
16,BOGOTA D.C.,001,BOGOTA. D.C.,11,Zona 11,26,DON BOSCO - IED,39
16,BOGOTA D.C.,001,BOGOTA. D.C.,11,Zona 11,27,COLEGIO HIJAS DE CRISTO REY,41
16,BOGOTA D.C.,001,BOGOTA. D.C.,11,Zona 11,28,CENTRO COMERCIAL MAZUREN,41
16,BOGOTA D.C.,001,BOGOTA. D.C.,11,Zona 11,29,TEJARES NORTE,19
16,BOGOTA D.C.,001,BOGOTA. D.C.,11,Zona 11,30,COLEGIO CELESTIN FREINET,20
16,BOGOTA D.C.,001,BOGOTA. D.C.,11,Zona 11,31,ALVARO GOMEZ HURTADO SEDE A - IED,41
16,BOGOTA D.C.,001,BOGOTA. D.C.,11,Zona 11,32,DELIA ZAPATA OLIVELLA - IED,36
16,BOGOTA D.C.,001,BOGOTA. D.C.,11,Zona 11,33,HUNZA SEDE B - IED,9
16,BOGOTA D.C.,001,BOGOTA. D.C.,11,Zona 11,34,VILLA ELISA SEDE A - IED,14
16,BOGOTA D.C.,001,BOGOTA. D.C.,11,Zona 11,35,REPUBLICA DOMINICANA SEDE A - IED,35
16,BOGOTA D.C.,001,BOGOTA. D.C.,11,Zona 11,36,LA TOSCANA LISBOA SEDE B - IED,27
16,BOGOTA D.C.,001,BOGOTA. D.C.,11,Zona 11,37,UNIVERSIDAD UDCA SUBA,3
16,BOGOTA D.C.,001,BOGOTA. D.C.,11,Zona 11,38,GIMNASIO COLOMBO BRITANICO (GCB),5
16,BOGOTA D.C.,001,BOGOTA. D.C.,11,Zona 11,39,PRADO SUR,28
16,BOGOTA D.C.,001,BOGOTA. D.C.,11,Zona 11,40,SUPERCADE SUBA,29
16,BOGOTA D.C.,001,BOGOTA. D.C.,11,Zona 11,41,NICOLAS BUENAVENTURA - IED,29
16,BOGOTA D.C.,001,BOGOTA. D.C.,11,Zona 11,42,SALON COMUNAL SAN FRANCISCO,5
16,BOGOTA D.C.,001,BOGOTA. D.C.,11,Zona 11,43,FUNDACION SAN FELIPE NERI,4
16,BOGOTA D.C.,001,BOGOTA. D.C.,11,Zona 11,44,SIMON BOLIVAR - IED,18
16,BOGOTA D.C.,001,BOGOTA. D.C.,11,Zona 11,45,COLEGIO EUCARISTICO MERCEDARIO,18
16,BOGOTA D.C.,001,BOGOTA. D.C.,11,Zona 11,46,RAMON DE ZUBIRIA SEDE B - IED,16
16,BOGOTA D.C.,001,BOGOTA. D.C.,11,Zona 11,47,RAMON DE ZUBIRIA SEDE A - IED,29
16,BOGOTA D.C.,001,BOGOTA. D.C.,11,Zona 11,48,VIRGINIA GUTIERREZ DE PINEDA - IED,18
16,BOGOTA D.C.,001,BOGOTA. D.C.,11,Zona 11,49,GONZALO ARANGO - IED,24
16,BOGOTA D.C.,001,BOGOTA. D.C.,11,Zona 11,50,NUEVA COLOMBIA - IED,27
16,BOGOTA D.C.,001,BOGOTA. D.C.,11,Zona 11,51,FE Y ALEGRIA JOSE MARIA VELAZ - IED,32
16,BOGOTA D.C.,001,BOGOTA. D.C.,11,Zona 11,52,COLEGIO PEDAGOGICO DULCE MARIA,22
16,BOGOTA D.C.,001,BOGOTA. D.C.,11,Zona 11,53,COMPARTIR SEDE A - IED,39
16,BOGOTA D.C.,001,BOGOTA. D.C.,11,Zona 11,54,GERARDO MOLINA RAMIREZ - IED,40
16,BOGOTA D.C.,001,BOGOTA. D.C.,11,Zona 11,55,EL BATAN,11
16,BOGOTA D.C.,001,BOGOTA. D.C.,11,Zona 11,56,NIZA CENTRO COMERCIAL NIZA,45
16,BOGOTA D.C.,001,BOGOTA. D.C.,11,Zona 11,57,CENTRO COMERCIAL PASEO SAN RAFAEL,61
16,BOGOTA D.C.,001,BOGOTA. D.C.,11,Zona 11,58,ALMACEN ÉXITO LA COLINA,43
16,BOGOTA D.C.,001,BOGOTA. D.C.,11,Zona 11,59,CARULLA RINCON DE LA COLINA,18
16,BOGOTA D.C.,001,BOGOTA. D.C.,11,Zona 11,60,COLSUBSIDIO MAZUREN,21
16,BOGOTA D.C.,001,BOGOTA. D.C.,11,Zona 11,61,CANCHA MULTIPLE VILLA DELIA,17
16,BOGOTA D.C.,001,BOGOTA. D.C.,11,Zona 11,62,BIBLIOTECA JULIO MARIO SANTODOMINGO,22
16,BOGOTA D.C.,001,BOGOTA. D.C.,11,Zona 11,63,COLEGIO RAFAEL MAYA,8
16,BOGOTA D.C.,001,BOGOTA. D.C.,11,Zona 11,64,SALON COMUNAL SANTA CECILIA,11
16,BOGOTA D.C.,001,BOGOTA. D.C.,11,Zona 11,65,INSTITUTO SAN BASILIO,7
16,BOGOTA D.C.,001,BOGOTA. D.C.,11,Zona 11,66,FILARMONICO JORGE MARIO BERGOGLIO - IED,18
16,BOGOTA D.C.,001,BOGOTA. D.C.,11,Zona 11,67,VEINTIUN ANGELES SEDE A - IED,9
16,BOGOTA D.C.,001,BOGOTA. D.C.,11,Zona 11,68,CHORRILLOS,2
16,BOGOTA D.C.,001,BOGOTA. D.C.,11,Zona 11,69,HUNZA SEDE A - IED,6
16,BOGOTA D.C.,001,BOGOTA. D.C.,11,Zona 11,70,COLEGIO MAXIMINO POITIERS,24
16,BOGOTA D.C.,001,BOGOTA. D.C.,11,Zona 11,71,SALON COMUNAL AURES II,10
16,BOGOTA D.C.,001,BOGOTA. D.C.,11,Zona 11,72,SALON COMUNAL VILLA MARIA,6
16,BOGOTA D.C.,001,BOGOTA. D.C.,11,Zona 11,73,SALON COMUNAL VILLA CINDY,9
16,BOGOTA D.C.,001,BOGOTA. D.C.,11,Zona 11,74,FLORESTA OUTLET,25
16,BOGOTA D.C.,001,BOGOTA. D.C.,11,Zona 11,75,COLEGIO JOHN DEWEY,8
16,BOGOTA D.C.,001,BOGOTA. D.C.,11,Zona 11,76,CANCHA MULTIPLE LA VICTORIA NORTE,21
16,BOGOTA D.C.,001,BOGOTA. D.C.,11,Zona 11,77,CC PORTOALEGRE,6
16,BOGOTA D.C.,001,BOGOTA. D.C.,11,Zona 11,78,CC PARQUE LA COLINA,45
16,BOGOTA D.C.,001,BOGOTA. D.C.,11,Zona 11,79,CANCHAS MULTIPLES CAMINOS DE SAN LORENZO,41
16,BOGOTA D.C.,001,BOGOTA. D.C.,11,Zona 11,80,COLEGIO MARYMOUNT,17
16,BOGOTA D.C.,001,BOGOTA. D.C.,11,Zona 11,81,SAN JOSE BAVARIA-ABRAHAM LINCOLN,14
16,BOGOTA D.C.,001,BOGOTA. D.C.,11,Zona 11,82,COLEGIO DEL BOSQUE,3
16,BOGOTA D.C.,001,BOGOTA. D.C.,11,Zona 11,83,COLEGIO SANTIAGO ALBERIONI,7
16,BOGOTA D.C.,001,BOGOTA. D.C.,11,Zona 11,84,COLEGIO VISTA BELLA,15
16,BOGOTA D.C.,001,BOGOTA. D.C.,11,Zona 11,85,MIRANDELA - NUEVA ZELANDIA,21
16,BOGOTA D.C.,001,BOGOTA. D.C.,11,Zona 11,86,CENTRO COMERCIAL SANTAFE,43
16,BOGOTA D.C.,001,BOGOTA. D.C.,11,Zona 11,87,TIBABUYES UNIVERSAL SEDE B - IED,10
16,BOGOTA D.C.,001,BOGOTA. D.C.,11,Zona 11,88,LA TOSCANA LISBOA SEDE A - IED,15
16,BOGOTA D.C.,001,BOGOTA. D.C.,11,Zona 11,89,CENTRO COMERCIAL CENTRO SUBA,52
16,BOGOTA D.C.,001,BOGOTA. D.C.,11,Zona 11,90,ALVARO GOMEZ HURTADO SEDE B - IED,14
16,BOGOTA D.C.,001,BOGOTA. D.C.,11,Zona 11,91,JUAN LOZANO Y LOZANO SEDE B - IED,20
16,BOGOTA D.C.,001,BOGOTA. D.C.,11,Zona 11,92,LA GAITANA SEDE B - IED,17
16,BOGOTA D.C.,001,BOGOTA. D.C.,11,Zona 11,93,COLEGIO ELISA MUJICA VELASQUEZ,3
16,BOGOTA D.C.,001,BOGOTA. D.C.,11,Zona 11,94,REPUBLICA DOMINICANA SEDE B - IED,15
16,BOGOTA D.C.,001,BOGOTA. D.C.,11,Zona 11,95,CENTRO COMERCIAL PLAZA IMPERIAL,44
16,BOGOTA D.C.,001,BOGOTA. D.C.,11,Zona 11,96,SALON COMUNAL EL SOLAR,8
16,BOGOTA D.C.,001,BOGOTA. D.C.,11,Zona 11,97,SALON COMUNAL SAN PEDRO DE TIBABUYES,8
16,BOGOTA D.C.,001,BOGOTA. D.C.,11,Zona 11,98,SALON COMUNAL COMPARTIR 1,5
16,BOGOTA D.C.,001,BOGOTA. D.C.,11,Zona 11,99,COMPARTIR SEDE B IED,18
16,BOGOTA D.C.,001,BOGOTA. D.C.,11,Zona 11,A1,VILLA ELISA SEDE B IED,12
16,BOGOTA D.C.,001,BOGOTA. D.C.,11,Zona 11,A2,SALON COMUNAL CIUDAD JARDIN NORTE,9
16,BOGOTA D.C.,001,BOGOTA. D.C.,11,Zona 11,A3,CENTRO COMERCIAL BIMA,7
16,BOGOTA D.C.,001,BOGOTA. D.C.,11,Zona 11,A4,COLEGIO HELVETIA,5
16,BOGOTA D.C.,001,BOGOTA. D.C.,11,Zona 11,A5,CENTRO DE FELICIDAD LAS COMETAS,4
16,BOGOTA D.C.,001,BOGOTA. D.C.,11,Zona 11,A6,TUNA ALTA,2
16,BOGOTA D.C.,001,BOGOTA. D.C.,11,Zona 11,A7,COLISEO TIBABUYES,8
16,BOGOTA D.C.,001,BOGOTA. D.C.,11,Zona 11,A8,CENTRO FELICIDAD FONTANAR DEL RÍO,7
16,BOGOTA D.C.,001,BOGOTA. D.C.,11,Zona 11,A9,COLEGIO JAIME NIÑO DIEZ,20
16,BOGOTA D.C.,001,BOGOTA. D.C.,11,Zona 11,B1,SALON COMUNAL ALCAPARROS,8
16,BOGOTA D.C.,001,BOGOTA. D.C.,11,Zona 11,B2,SALÓN COMUNAL AMBERES,5
16,BOGOTA D.C.,001,BOGOTA. D.C.,11,Zona 11,B3,SALÓN COMUNAL BILBAO,4
16,BOGOTA D.C.,001,BOGOTA. D.C.,11,Zona 11,B4,SALÓN COMUNAL LISBOA,5
16,BOGOTA D.C.,001,BOGOTA. D.C.,11,Zona 11,B5,SALÓN COMUNAL EL PÓRTICO,12
16,BOGOTA D.C.,001,BOGOTA. D.C.,11,Zona 11,B6,SALÓN COMUNAL VILLA HERMOSA,4
16,BOGOTA D.C.,001,BOGOTA. D.C.,12,Zona 12,01,LA CASTELLANA,20
16,BOGOTA D.C.,001,BOGOTA. D.C.,12,Zona 12,02,RIONEGRO,21
16,BOGOTA D.C.,001,BOGOTA. D.C.,12,Zona 12,03,PATRIA,7
16,BOGOTA D.C.,001,BOGOTA. D.C.,12,Zona 12,04,GAITAN,17
16,BOGOTA D.C.,001,BOGOTA. D.C.,12,Zona 12,05,ENTRE RIOS,14
16,BOGOTA D.C.,001,BOGOTA. D.C.,12,Zona 12,06,METROPOLIS,22
16,BOGOTA D.C.,001,BOGOTA. D.C.,12,Zona 12,07,SIMON BOLIVAR,28
16,BOGOTA D.C.,001,BOGOTA. D.C.,12,Zona 12,08,JOSE JOAQUIN VARGAS,24
16,BOGOTA D.C.,001,BOGOTA. D.C.,12,Zona 12,09,SAN FERNANDO,23
16,BOGOTA D.C.,001,BOGOTA. D.C.,12,Zona 12,10,POPULAR MODELO,25
16,BOGOTA D.C.,001,BOGOTA. D.C.,12,Zona 12,11,12 DE OCTUBRE,11
16,BOGOTA D.C.,001,BOGOTA. D.C.,12,Zona 12,12,SANTA SOFIA,13
16,BOGOTA D.C.,001,BOGOTA. D.C.,12,Zona 12,13,POLO CLUB,12
16,BOGOTA D.C.,001,BOGOTA. D.C.,12,Zona 12,14,PARQUE JUAN XXIII,8
16,BOGOTA D.C.,001,BOGOTA. D.C.,12,Zona 12,15,LOS ALCAZARES,15
16,BOGOTA D.C.,001,BOGOTA. D.C.,12,Zona 12,16,LA PAZ,9
16,BOGOTA D.C.,001,BOGOTA. D.C.,12,Zona 12,17,COLOMBIA,11
16,BOGOTA D.C.,001,BOGOTA. D.C.,12,Zona 12,18,LA MUEQUETA,6
16,BOGOTA D.C.,001,BOGOTA. D.C.,12,Zona 12,19,SIETE DE AGOSTO,21
16,BOGOTA D.C.,001,BOGOTA. D.C.,12,Zona 12,20,BENJAMIN HERRERA,11
16,BOGOTA D.C.,001,BOGOTA. D.C.,12,Zona 12,21,POLIDEPORTIVO  POLO,7
16,BOGOTA D.C.,001,BOGOTA. D.C.,12,Zona 12,22,ISERRA 100,17
16,BOGOTA D.C.,001,BOGOTA. D.C.,12,Zona 12,23,SAN MIGUEL,7
16,BOGOTA D.C.,001,BOGOTA. D.C.,12,Zona 12,24,PLAZA DE LOS ARTESANOS,10
16,BOGOTA D.C.,001,BOGOTA. D.C.,12,Zona 12,25,CAFAM AV. 68,34
16,BOGOTA D.C.,001,BOGOTA. D.C.,12,Zona 12,26,JORGE ELIECER GAITAN SEDE B PRIMARIA,11
16,BOGOTA D.C.,001,BOGOTA. D.C.,12,Zona 12,27,REPUBLICA DE PANAMA SEDE C,6
16,BOGOTA D.C.,001,BOGOTA. D.C.,12,Zona 12,28,LORENCITA VILLEGAS DE SANTOS,1
16,BOGOTA D.C.,001,BOGOTA. D.C.,12,Zona 12,29,HELADIA MEJIA SEDE A,2
16,BOGOTA D.C.,001,BOGOTA. D.C.,12,Zona 12,30,DOMINGO FAUSTINO SARMIENTO SEDE B,4
16,BOGOTA D.C.,001,BOGOTA. D.C.,12,Zona 12,31,11 DE NOVIEMBRE,2
16,BOGOTA D.C.,001,BOGOTA. D.C.,12,Zona 12,32,RAFAEL BERNAL JIMENEZ SEDE A,2
16,BOGOTA D.C.,001,BOGOTA. D.C.,12,Zona 12,33,UNITEC,1
16,BOGOTA D.C.,001,BOGOTA. D.C.,12,Zona 12,34,PARQUE SAN FERNANDO,1
16,BOGOTA D.C.,001,BOGOTA. D.C.,12,Zona 12,35,COL. LICEO FORMACIÓN - ALBERT SCHWEITZER,1
16,BOGOTA D.C.,001,BOGOTA. D.C.,12,Zona 12,36,FUNDACION UNIVERSITARIA LOS LIBERTADORES,2
16,BOGOTA D.C.,001,BOGOTA. D.C.,12,Zona 12,37,CASA COMUNAL Y CULTURAL RIONEGRO,3
16,BOGOTA D.C.,001,BOGOTA. D.C.,13,Zona 13,01,DIVINO SALVADOR,18
16,BOGOTA D.C.,001,BOGOTA. D.C.,13,Zona 13,02,SAN LUIS,16
16,BOGOTA D.C.,001,BOGOTA. D.C.,13,Zona 13,04,NICOLAS DE FEDERMAN,21
16,BOGOTA D.C.,001,BOGOTA. D.C.,13,Zona 13,05,PABLO VI,20
16,BOGOTA D.C.,001,BOGOTA. D.C.,13,Zona 13,06,EL SALITRE,8
16,BOGOTA D.C.,001,BOGOTA. D.C.,13,Zona 13,07,LA ESMERALDA,20
16,BOGOTA D.C.,001,BOGOTA. D.C.,13,Zona 13,08,CAFAM CALLE 51,15
16,BOGOTA D.C.,001,BOGOTA. D.C.,13,Zona 13,09,PALERMO,22
16,BOGOTA D.C.,001,BOGOTA. D.C.,13,Zona 13,10,COLEGIO AMERICANO,22
16,BOGOTA D.C.,001,BOGOTA. D.C.,13,Zona 13,11,COLEGIO MONTEHELENA,10
16,BOGOTA D.C.,001,BOGOTA. D.C.,13,Zona 13,12,HEMEROTECA NACIONAL,9
16,BOGOTA D.C.,001,BOGOTA. D.C.,13,Zona 13,13,GIMNASIO WILLIAM MACKINLEY,23
16,BOGOTA D.C.,001,BOGOTA. D.C.,13,Zona 13,14,CENTRO NARIÑO,12
16,BOGOTA D.C.,001,BOGOTA. D.C.,13,Zona 13,15,RESIDENCIAS B.C.H.,10
16,BOGOTA D.C.,001,BOGOTA. D.C.,13,Zona 13,16,SANTA TERESITA,5
16,BOGOTA D.C.,001,BOGOTA. D.C.,13,Zona 13,17,LA MAGDALENA,11
16,BOGOTA D.C.,001,BOGOTA. D.C.,13,Zona 13,18,TEUSAQUILLO,17
16,BOGOTA D.C.,001,BOGOTA. D.C.,13,Zona 13,19,PABLO VI II ETAPA,7
16,BOGOTA D.C.,001,BOGOTA. D.C.,13,Zona 13,20,RAFAEL NUÑEZ,17
16,BOGOTA D.C.,001,BOGOTA. D.C.,13,Zona 13,21,CIUDAD SALITRE,19
16,BOGOTA D.C.,001,BOGOTA. D.C.,13,Zona 13,22,LICEO PARROQUIAL SARA ZAPATA,7
16,BOGOTA D.C.,001,BOGOTA. D.C.,13,Zona 13,23,ACEVEDO TEJADA,6
16,BOGOTA D.C.,001,BOGOTA. D.C.,13,Zona 13,24,BIBLIOTECA VIRGILIO BARCO,10
16,BOGOTA D.C.,001,BOGOTA. D.C.,13,Zona 13,25,IMPRENTA NACIONAL VIA PUBLICA,19
16,BOGOTA D.C.,001,BOGOTA. D.C.,13,Zona 13,26,COLEGIO DEL PILAR,16
16,BOGOTA D.C.,001,BOGOTA. D.C.,13,Zona 13,27,UNIVERSIDAD ECCI - SEDE G,9
16,BOGOTA D.C.,001,BOGOTA. D.C.,13,Zona 13,28,COLEGIO SANTA CLARA,11
16,BOGOTA D.C.,001,BOGOTA. D.C.,13,Zona 13,29,CIRCULO COLOMBIANO DE ARTISTAS,3
16,BOGOTA D.C.,001,BOGOTA. D.C.,13,Zona 13,30,UNIVERSIDAD NACIONAL AUD ALFONSO LOPEZ,7
16,BOGOTA D.C.,001,BOGOTA. D.C.,13,Zona 13,31,SUPERCADE CAD,8
16,BOGOTA D.C.,001,BOGOTA. D.C.,13,Zona 13,32,CENTRO COMERCIAL GALERIAS,24
16,BOGOTA D.C.,001,BOGOTA. D.C.,13,Zona 13,33,UNIV  ANTONIO NARIÑO TEUSAQUILLO,5
16,BOGOTA D.C.,001,BOGOTA. D.C.,13,Zona 13,34,UNIEMPRESARIAL,2
16,BOGOTA D.C.,001,BOGOTA. D.C.,13,Zona 13,35,CENTRO DE INTEGRACION SOCIAL,1
16,BOGOTA D.C.,001,BOGOTA. D.C.,13,Zona 13,36,JARDIN INF. AFRO EL MUNDO DE LOS ORIXAS,4
16,BOGOTA D.C.,001,BOGOTA. D.C.,13,Zona 13,37,UNINPAHU,2
16,BOGOTA D.C.,001,BOGOTA. D.C.,13,Zona 13,38,UNIVERSIDAD DE ANTIOQUIA,2
16,BOGOTA D.C.,001,BOGOTA. D.C.,13,Zona 13,39,SALON COMUNAL LA ESMERALDA,3
16,BOGOTA D.C.,001,BOGOTA. D.C.,14,Zona 14,01,SANTA FE,19
16,BOGOTA D.C.,001,BOGOTA. D.C.,14,Zona 14,02,IED REPUBLICA BOLIVARIANA SEDE B,14
16,BOGOTA D.C.,001,BOGOTA. D.C.,14,Zona 14,03,COLSEGUROS,9
16,BOGOTA D.C.,001,BOGOTA. D.C.,14,Zona 14,04,ESTACION DE LA SABANA,17
16,BOGOTA D.C.,001,BOGOTA. D.C.,14,Zona 14,05,RICAURTE,22
16,BOGOTA D.C.,001,BOGOTA. D.C.,14,Zona 14,06,LA ESTANZUELA - IED ANTONIA SANTOS,25
16,BOGOTA D.C.,001,BOGOTA. D.C.,14,Zona 14,07,VERAGUAS,11
16,BOGOTA D.C.,001,BOGOTA. D.C.,14,Zona 14,08,CENTRO CRECER,16
16,BOGOTA D.C.,001,BOGOTA. D.C.,14,Zona 14,09,EL VERGEL,15
16,BOGOTA D.C.,001,BOGOTA. D.C.,14,Zona 14,10,EDUARDO SANTOS,13
16,BOGOTA D.C.,001,BOGOTA. D.C.,14,Zona 14,11,SAN FASON,7
16,BOGOTA D.C.,001,BOGOTA. D.C.,14,Zona 14,12,LA REBECA,4
16,BOGOTA D.C.,001,BOGOTA. D.C.,14,Zona 14,13,PANAMERICANO,5
16,BOGOTA D.C.,001,BOGOTA. D.C.,14,Zona 14,14,ANTONIO RICAURTE,5
16,BOGOTA D.C.,001,BOGOTA. D.C.,14,Zona 14,15,COLEGIO DISTRITAL TECNICO MENORAH,8
16,BOGOTA D.C.,001,BOGOTA. D.C.,14,Zona 14,16,CENTRO MEMORIA,5
16,BOGOTA D.C.,001,BOGOTA. D.C.,14,Zona 14,17,SALON COMUNAL SANTA ISABEL,8
16,BOGOTA D.C.,001,BOGOTA. D.C.,14,Zona 14,18,MALLPLAZA,19
16,BOGOTA D.C.,001,BOGOTA. D.C.,14,Zona 14,19,COLEGIO BILINGUE CEDAM,6
16,BOGOTA D.C.,001,BOGOTA. D.C.,14,Zona 14,20,SALON COMUNAL SAMPER MENDOZA,3
16,BOGOTA D.C.,001,BOGOTA. D.C.,14,Zona 14,21,SALON COMUNAL USATAMA,3
16,BOGOTA D.C.,001,BOGOTA. D.C.,14,Zona 14,22,FUNDACION UNIVERSITARIA SAN MATEO,1
16,BOGOTA D.C.,001,BOGOTA. D.C.,14,Zona 14,23,SAN VICENTE PLAZA,3
16,BOGOTA D.C.,001,BOGOTA. D.C.,14,Zona 14,24,EL CASTILLO DE LAS ARTES,1
16,BOGOTA D.C.,001,BOGOTA. D.C.,14,Zona 14,25,COL SAN JOSE MARTIRES,1
16,BOGOTA D.C.,001,BOGOTA. D.C.,15,Zona 15,01,POLICARPA,23
16,BOGOTA D.C.,001,BOGOTA. D.C.,15,Zona 15,02,CIUDAD BERNA,17
16,BOGOTA D.C.,001,BOGOTA. D.C.,15,Zona 15,03,SAN ANTONIO,19
16,BOGOTA D.C.,001,BOGOTA. D.C.,15,Zona 15,04,LUNA PARK,8
16,BOGOTA D.C.,001,BOGOTA. D.C.,15,Zona 15,05,CIUDAD JARDIN,24
16,BOGOTA D.C.,001,BOGOTA. D.C.,15,Zona 15,06,RESTREPO A,34
16,BOGOTA D.C.,001,BOGOTA. D.C.,15,Zona 15,07,RESTREPO B,31
16,BOGOTA D.C.,001,BOGOTA. D.C.,15,Zona 15,08,SALON COMUNAL LA FRAGUITA,10
16,BOGOTA D.C.,001,BOGOTA. D.C.,15,Zona 15,09,LA FRAGUA,18
16,BOGOTA D.C.,001,BOGOTA. D.C.,15,Zona 15,10,SANTANDER,12
16,BOGOTA D.C.,001,BOGOTA. D.C.,15,Zona 15,11,SANTANDER SUR,10
16,BOGOTA D.C.,001,BOGOTA. D.C.,15,Zona 15,12,VILLA MAYOR,23
16,BOGOTA D.C.,001,BOGOTA. D.C.,15,Zona 15,13,SENA,19
16,BOGOTA D.C.,001,BOGOTA. D.C.,15,Zona 15,14,LA VALVANERA,15
16,BOGOTA D.C.,001,BOGOTA. D.C.,15,Zona 15,15,SALÓN COMUNAL SAN ANTONIO,3
16,BOGOTA D.C.,001,BOGOTA. D.C.,15,Zona 15,16,COLEGIO ADVENTISTA EMMANUEL,4
16,BOGOTA D.C.,001,BOGOTA. D.C.,15,Zona 15,17,SALON COMUNAL VILLA MAYOR,7
16,BOGOTA D.C.,001,BOGOTA. D.C.,15,Zona 15,18,CINCO DE NOVIEMBRE,6
16,BOGOTA D.C.,001,BOGOTA. D.C.,15,Zona 15,19,CASA COMUNAL CIUDAD JARDIN,5
16,BOGOTA D.C.,001,BOGOTA. D.C.,15,Zona 15,20,SALON COMUNAL SEVILLA SUR,2
16,BOGOTA D.C.,001,BOGOTA. D.C.,15,Zona 15,21,SALON COMUNAL EDUARDO FREI,2
16,BOGOTA D.C.,001,BOGOTA. D.C.,15,Zona 15,22,COLEGIO NUESTRA SEÑORA DE LA PAZ,3
16,BOGOTA D.C.,001,BOGOTA. D.C.,15,Zona 15,23,SALON COMUNAL CIUDAD BERNA,4
16,BOGOTA D.C.,001,BOGOTA. D.C.,15,Zona 15,24,COLEGIO ATANASIO GIRARDOT SEDE B,2
16,BOGOTA D.C.,001,BOGOTA. D.C.,16,Zona 16,01,DELICIAS MUZU,24
16,BOGOTA D.C.,001,BOGOTA. D.C.,16,Zona 16,02,CIUDAD MONTES,28
16,BOGOTA D.C.,001,BOGOTA. D.C.,16,Zona 16,03,SANTA MATILDE,18
16,BOGOTA D.C.,001,BOGOTA. D.C.,16,Zona 16,04,LA ASUNCION,16
16,BOGOTA D.C.,001,BOGOTA. D.C.,16,Zona 16,05,ALCALDIA PUENTE ARANDA,23
16,BOGOTA D.C.,001,BOGOTA. D.C.,16,Zona 16,06,LA PRIMAVERA,23
16,BOGOTA D.C.,001,BOGOTA. D.C.,16,Zona 16,07,CUNDINAMARCA,7
16,BOGOTA D.C.,001,BOGOTA. D.C.,16,Zona 16,08,LA FRANCIA,10
16,BOGOTA D.C.,001,BOGOTA. D.C.,16,Zona 16,09,PUENTE ARANDA,10
16,BOGOTA D.C.,001,BOGOTA. D.C.,16,Zona 16,10,SALAZAR GOMEZ,13
16,BOGOTA D.C.,001,BOGOTA. D.C.,16,Zona 16,11,LA TRINIDAD,10
16,BOGOTA D.C.,001,BOGOTA. D.C.,16,Zona 16,12,LA PRADERA,17
16,BOGOTA D.C.,001,BOGOTA. D.C.,16,Zona 16,13,COLON,28
16,BOGOTA D.C.,001,BOGOTA. D.C.,16,Zona 16,14,SAN RAFAEL,17
16,BOGOTA D.C.,001,BOGOTA. D.C.,16,Zona 16,15,EL JAZMIN,18
16,BOGOTA D.C.,001,BOGOTA. D.C.,16,Zona 16,16,LA PONDEROSA,16
16,BOGOTA D.C.,001,BOGOTA. D.C.,16,Zona 16,17,GALAN,25
16,BOGOTA D.C.,001,BOGOTA. D.C.,16,Zona 16,18,MILENTA,13
16,BOGOTA D.C.,001,BOGOTA. D.C.,16,Zona 16,19,EL TEJAR,17
16,BOGOTA D.C.,001,BOGOTA. D.C.,16,Zona 16,20,ALQUERIA,20
16,BOGOTA D.C.,001,BOGOTA. D.C.,16,Zona 16,21,ALCALA,28
16,BOGOTA D.C.,001,BOGOTA. D.C.,16,Zona 16,22,SANTA RITA,23
16,BOGOTA D.C.,001,BOGOTA. D.C.,16,Zona 16,23,AUTOPISTA SUR,8
16,BOGOTA D.C.,001,BOGOTA. D.C.,16,Zona 16,24,LOS SAUCES,15
16,BOGOTA D.C.,001,BOGOTA. D.C.,16,Zona 16,25,CARRERA CENTRO COMERCIAL,10
16,BOGOTA D.C.,001,BOGOTA. D.C.,16,Zona 16,26,SAN ANDRESITO,10
16,BOGOTA D.C.,001,BOGOTA. D.C.,16,Zona 16,27,SALÓN COMUNAL COLÓN,8
16,BOGOTA D.C.,001,BOGOTA. D.C.,16,Zona 16,28,COLONIA ORIENTAL,7
16,BOGOTA D.C.,001,BOGOTA. D.C.,16,Zona 16,29,SALÓN COMUNAL LA TRINIDAD,5
16,BOGOTA D.C.,001,BOGOTA. D.C.,16,Zona 16,30,PRIMAVERA Y GORGONZOLA,8
16,BOGOTA D.C.,001,BOGOTA. D.C.,16,Zona 16,31,SALON COMUNAL CIUDAD MONTES II,8
16,BOGOTA D.C.,001,BOGOTA. D.C.,16,Zona 16,32,SALON COMUNAL EL REMANSO SUR,4
16,BOGOTA D.C.,001,BOGOTA. D.C.,16,Zona 16,33,SALON COMUNAL VERAGUAS,6
16,BOGOTA D.C.,001,BOGOTA. D.C.,16,Zona 16,34,INSTITUTO DE INTEGRACION CULTURAL,6
16,BOGOTA D.C.,001,BOGOTA. D.C.,16,Zona 16,35,COLEGIO DISTRITAL SORRENTO,13
16,BOGOTA D.C.,001,BOGOTA. D.C.,16,Zona 16,36,LUIS CARLOS GALAN SARMIENTO,12
16,BOGOTA D.C.,001,BOGOTA. D.C.,16,Zona 16,37,CULTURA POPULAR SEDE C,6
16,BOGOTA D.C.,001,BOGOTA. D.C.,16,Zona 16,38,SAN EUSEBIO,6
16,BOGOTA D.C.,001,BOGOTA. D.C.,16,Zona 16,39,LOS ANGELES,5
16,BOGOTA D.C.,001,BOGOTA. D.C.,16,Zona 16,40,C.C. OUTLET FACTORY,12
16,BOGOTA D.C.,001,BOGOTA. D.C.,16,Zona 16,41,JORGE GAITAN CORTES,2
16,BOGOTA D.C.,001,BOGOTA. D.C.,16,Zona 16,42,CENTRO PARA CIEGOS  CRAC,5
16,BOGOTA D.C.,001,BOGOTA. D.C.,16,Zona 16,43,JOSE JOAQUIN CASAS SEDE B,2
16,BOGOTA D.C.,001,BOGOTA. D.C.,16,Zona 16,44,CENTRO EDUCATIVO DISTRITAL ESPAÑA,2
16,BOGOTA D.C.,001,BOGOTA. D.C.,16,Zona 16,45,SALON COMUNAL TORREMOLINOS I,4
16,BOGOTA D.C.,001,BOGOTA. D.C.,16,Zona 16,46,SALON COMUNAL JOSE ANTONIO GALAN,11
16,BOGOTA D.C.,001,BOGOTA. D.C.,16,Zona 16,47,SALON COMUNAL RAFAEL EUCALIPTOS,3
16,BOGOTA D.C.,001,BOGOTA. D.C.,16,Zona 16,48,SALON COMUNAL NUEVA PRIMAVERA,8
16,BOGOTA D.C.,001,BOGOTA. D.C.,16,Zona 16,49,SALON COMUNAL VILLA INES,4
16,BOGOTA D.C.,001,BOGOTA. D.C.,16,Zona 16,50,SALON COMUNAL BOCHICA CENTRAL,4
16,BOGOTA D.C.,001,BOGOTA. D.C.,16,Zona 16,51,SENA CRA 30 HOTEL,1
16,BOGOTA D.C.,001,BOGOTA. D.C.,16,Zona 16,52,JULIO GARAVITO SEDE C,2
16,BOGOTA D.C.,001,BOGOTA. D.C.,16,Zona 16,53,BENJAMIN HERRERA SEDE C,2
16,BOGOTA D.C.,001,BOGOTA. D.C.,16,Zona 16,54,COLISEO EL JAZMIN,4
16,BOGOTA D.C.,001,BOGOTA. D.C.,16,Zona 16,55,SALON COMUNAL EL JAZMIN,2
16,BOGOTA D.C.,001,BOGOTA. D.C.,16,Zona 16,56,SALON COMUNAL CIUDAD MONTES III,2
16,BOGOTA D.C.,001,BOGOTA. D.C.,16,Zona 16,57,MOVILIDAD CALLE 13,2
16,BOGOTA D.C.,001,BOGOTA. D.C.,16,Zona 16,58,UNIVERSIDAD DISTRITAL CALLE 13,1
16,BOGOTA D.C.,001,BOGOTA. D.C.,16,Zona 16,59,SALON COMUNAL SALAZAR GOMEZ,1
16,BOGOTA D.C.,001,BOGOTA. D.C.,16,Zona 16,60,SALON COMUNAL MILENTA,5
16,BOGOTA D.C.,001,BOGOTA. D.C.,16,Zona 16,61,SALON COMUNAL CUNDINAMARCA,2
16,BOGOTA D.C.,001,BOGOTA. D.C.,16,Zona 16,62,CASA DE LA CULTURA LA ASUNCION,3
16,BOGOTA D.C.,001,BOGOTA. D.C.,16,Zona 16,63,SALON COMUNAL SANTA RITA,4
16,BOGOTA D.C.,001,BOGOTA. D.C.,17,Zona 17,01,LA CONCORDIA,23
16,BOGOTA D.C.,001,BOGOTA. D.C.,17,Zona 17,02,ALCALDIA MAYOR,28
16,BOGOTA D.C.,001,BOGOTA. D.C.,17,Zona 17,03,EGIPTO,15
16,BOGOTA D.C.,001,BOGOTA. D.C.,17,Zona 17,04,ARCHIVO DISTRITAL,20
16,BOGOTA D.C.,001,BOGOTA. D.C.,17,Zona 17,05,MURILLO TORO,15
16,BOGOTA D.C.,001,BOGOTA. D.C.,17,Zona 17,06,COLEGIO MAYOR SAN BARTOLOME,10
16,BOGOTA D.C.,001,BOGOTA. D.C.,17,Zona 17,07,AUTONOMA DE COLOMBIA,4
16,BOGOTA D.C.,001,BOGOTA. D.C.,17,Zona 17,08,EGIPTO ESCUELA QUINTA DIAZ,4
16,BOGOTA D.C.,001,BOGOTA. D.C.,17,Zona 17,09,LA SALLE CANDELARIA,4
16,BOGOTA D.C.,001,BOGOTA. D.C.,17,Zona 17,10,NEOS CENTRO,2
16,BOGOTA D.C.,001,BOGOTA. D.C.,18,Zona 18,01,CLARET,23
16,BOGOTA D.C.,001,BOGOTA. D.C.,18,Zona 18,02,INGLES,21
16,BOGOTA D.C.,001,BOGOTA. D.C.,18,Zona 18,03,BRAVO PAEZ,12
16,BOGOTA D.C.,001,BOGOTA. D.C.,18,Zona 18,04,LIBERTADOR II,18
16,BOGOTA D.C.,001,BOGOTA. D.C.,18,Zona 18,05,CENTENARIO,16
16,BOGOTA D.C.,001,BOGOTA. D.C.,18,Zona 18,06,OLAYA,17
16,BOGOTA D.C.,001,BOGOTA. D.C.,18,Zona 18,07,SAN JOSE RAFAEL URIBE,21
16,BOGOTA D.C.,001,BOGOTA. D.C.,18,Zona 18,08,ALEJANDRO OBREGON GUSTAVO REST,16
16,BOGOTA D.C.,001,BOGOTA. D.C.,18,Zona 18,09,QUIROGA,22
16,BOGOTA D.C.,001,BOGOTA. D.C.,18,Zona 18,10,ALCALDIA QUIROGA,24
16,BOGOTA D.C.,001,BOGOTA. D.C.,18,Zona 18,11,CENTRAL QUIROGA,15
16,BOGOTA D.C.,001,BOGOTA. D.C.,18,Zona 18,12,SANTA LUCIA,25
16,BOGOTA D.C.,001,BOGOTA. D.C.,18,Zona 18,13,LAS COLINAS,14
16,BOGOTA D.C.,001,BOGOTA. D.C.,18,Zona 18,14,COUNTRY SUR,37
16,BOGOTA D.C.,001,BOGOTA. D.C.,18,Zona 18,15,LAS LOMAS,20
16,BOGOTA D.C.,001,BOGOTA. D.C.,18,Zona 18,16,ALEXANDER FLEMING SAN JORGE,19
16,BOGOTA D.C.,001,BOGOTA. D.C.,18,Zona 18,17,REINO DE HOLANDA,13
16,BOGOTA D.C.,001,BOGOTA. D.C.,18,Zona 18,18,MARCO FIDEL SUAREZ,21
16,BOGOTA D.C.,001,BOGOTA. D.C.,18,Zona 18,19,EL SOCORRO SUR,10
16,BOGOTA D.C.,001,BOGOTA. D.C.,18,Zona 18,20,MOLINOS DEL SUR,41
16,BOGOTA D.C.,001,BOGOTA. D.C.,18,Zona 18,21,CIUDAD BOCHICA SUR,28
16,BOGOTA D.C.,001,BOGOTA. D.C.,18,Zona 18,22,LOS MOLINOS II SECTOR,23
16,BOGOTA D.C.,001,BOGOTA. D.C.,18,Zona 18,23,PALERMO SUR,19
16,BOGOTA D.C.,001,BOGOTA. D.C.,18,Zona 18,24,VILLA MAYOR LA NUEVA,10
16,BOGOTA D.C.,001,BOGOTA. D.C.,18,Zona 18,25,GRANJAS DE SAN PABLO,11
16,BOGOTA D.C.,001,BOGOTA. D.C.,18,Zona 18,26,RESURRECCION,10
16,BOGOTA D.C.,001,BOGOTA. D.C.,18,Zona 18,27,RAFAEL URIBE LA PAZ,8
16,BOGOTA D.C.,001,BOGOTA. D.C.,18,Zona 18,28,SAN AGUSTIN SUR,30
16,BOGOTA D.C.,001,BOGOTA. D.C.,18,Zona 18,29,COVIVIENDA DEL SUR ORIENTE,21
16,BOGOTA D.C.,001,BOGOTA. D.C.,18,Zona 18,30,MARRUECOS APARTAMENTOS,11
16,BOGOTA D.C.,001,BOGOTA. D.C.,18,Zona 18,31,SALON COMUNAL LA MARQUEZA,5
16,BOGOTA D.C.,001,BOGOTA. D.C.,18,Zona 18,32,MIRADOR DE MARROCOS,4
16,BOGOTA D.C.,001,BOGOTA. D.C.,18,Zona 18,33,SAN JUANITO,4
16,BOGOTA D.C.,001,BOGOTA. D.C.,18,Zona 18,34,PROVIDENCIA,6
16,BOGOTA D.C.,001,BOGOTA. D.C.,18,Zona 18,35,GUSTAVO RESTREPO,21
16,BOGOTA D.C.,001,BOGOTA. D.C.,18,Zona 18,36,SALÓN COMUNAL INGLES,5
16,BOGOTA D.C.,001,BOGOTA. D.C.,18,Zona 18,37,SALÓN COMUNAL CLARET,10
16,BOGOTA D.C.,001,BOGOTA. D.C.,18,Zona 18,38,SAN JORGE,7
16,BOGOTA D.C.,001,BOGOTA. D.C.,18,Zona 18,39,LICEO SAN PABLO,3
16,BOGOTA D.C.,001,BOGOTA. D.C.,18,Zona 18,40,SALÓN COMUNAL CEBADAL,1
16,BOGOTA D.C.,001,BOGOTA. D.C.,18,Zona 18,41,LA MARQUEZA,5
16,BOGOTA D.C.,001,BOGOTA. D.C.,18,Zona 18,42,RAFAEL DELGADO SEDE C,3
16,BOGOTA D.C.,001,BOGOTA. D.C.,18,Zona 18,43,SALÓN COMUNAL LA PAZ NARANJOS,4
16,BOGOTA D.C.,001,BOGOTA. D.C.,18,Zona 18,44,INTEG. RAFAEL DELGADO SALGUERO,5
16,BOGOTA D.C.,001,BOGOTA. D.C.,18,Zona 18,45,PARROQUIAL SAN JOSE,6
16,BOGOTA D.C.,001,BOGOTA. D.C.,18,Zona 18,46,LICEO PSICOPEDAGOGICO MARCO FIDEL SUAREZ,7
16,BOGOTA D.C.,001,BOGOTA. D.C.,18,Zona 18,47,MARIA CANO,14
16,BOGOTA D.C.,001,BOGOTA. D.C.,18,Zona 18,48,CAFAM SANTA LUCIA,11
16,BOGOTA D.C.,001,BOGOTA. D.C.,18,Zona 18,49,COLEGIO DISTRITAL DIANA TURBAY SEDE B,21
16,BOGOTA D.C.,001,BOGOTA. D.C.,18,Zona 18,50,ALIANZA QUIROGA,15
16,BOGOTA D.C.,001,BOGOTA. D.C.,18,Zona 18,51,ESTADOS UNIDOS DE AMERICA,6
16,BOGOTA D.C.,001,BOGOTA. D.C.,18,Zona 18,52,TORRE MAYOR,2
16,BOGOTA D.C.,001,BOGOTA. D.C.,18,Zona 18,53,LICEO FEMENINO MERCEDES NARIÑO,4
16,BOGOTA D.C.,001,BOGOTA. D.C.,18,Zona 18,54,COLEGIO  TORIBIO DE MOGROVEJO,2
16,BOGOTA D.C.,001,BOGOTA. D.C.,18,Zona 18,55,COLEGIO JOSE MARTI LUIS LOPEZ DE MESA,2
16,BOGOTA D.C.,001,BOGOTA. D.C.,18,Zona 18,56,COLEGIO  RESTREPO MILLAN SEDE  A,8
16,BOGOTA D.C.,001,BOGOTA. D.C.,18,Zona 18,57,FE Y ALEGRIA ONG,7
16,BOGOTA D.C.,001,BOGOTA. D.C.,18,Zona 18,58,EL MIRADOR RAFAEL URIBE,3
16,BOGOTA D.C.,001,BOGOTA. D.C.,18,Zona 18,59,SALON COMUNAL DIANAT SECTOR AYACUCHO,2
16,BOGOTA D.C.,001,BOGOTA. D.C.,18,Zona 18,60,COL PARROQUIAL INMACULADO CORAZON MARIA,2
16,BOGOTA D.C.,001,BOGOTA. D.C.,18,Zona 18,61,INSTITUTO SAN ANTONIO DE PADUA,1
16,BOGOTA D.C.,001,BOGOTA. D.C.,18,Zona 18,62,CENTRO COMUNITARIO CHAMPAGNAT,1
16,BOGOTA D.C.,001,BOGOTA. D.C.,18,Zona 18,63,POLIDEPORTIVO MOLINOS II,7
16,BOGOTA D.C.,001,BOGOTA. D.C.,18,Zona 18,64,COLEGIO LA PAZ IED SEDE B FE Y ALEGRIA,1
16,BOGOTA D.C.,001,BOGOTA. D.C.,19,Zona 19,01,LUCERO DEL SUR,34
16,BOGOTA D.C.,001,BOGOTA. D.C.,19,Zona 19,02,SAN JOAQUIN DEL VATICANO,27
16,BOGOTA D.C.,001,BOGOTA. D.C.,19,Zona 19,03,PASQUILLA,5
16,BOGOTA D.C.,001,BOGOTA. D.C.,19,Zona 19,04,EL TESORO,34
16,BOGOTA D.C.,001,BOGOTA. D.C.,19,Zona 19,05,MEXICO,37
16,BOGOTA D.C.,001,BOGOTA. D.C.,19,Zona 19,06,LUCERO MEDIO,17
16,BOGOTA D.C.,001,BOGOTA. D.C.,19,Zona 19,07,VISTAHERMOSA,34
16,BOGOTA D.C.,001,BOGOTA. D.C.,19,Zona 19,08,LA ACACIA,36
16,BOGOTA D.C.,001,BOGOTA. D.C.,19,Zona 19,09,JERUSALEN (EL TANQUE),25
16,BOGOTA D.C.,001,BOGOTA. D.C.,19,Zona 19,10,JUAN PABLO II,21
16,BOGOTA D.C.,001,BOGOTA. D.C.,19,Zona 19,11,SAN FRANCISCO,48
16,BOGOTA D.C.,001,BOGOTA. D.C.,19,Zona 19,12,CANDELARIA LA NUEVA,50
16,BOGOTA D.C.,001,BOGOTA. D.C.,19,Zona 19,13,ARBORIZADORA BAJA,35
16,BOGOTA D.C.,001,BOGOTA. D.C.,19,Zona 19,14,MADELENA,32
16,BOGOTA D.C.,001,BOGOTA. D.C.,19,Zona 19,15,ISMAEL PERDOMO,45
16,BOGOTA D.C.,001,BOGOTA. D.C.,19,Zona 19,16,MOCHUELO ALTO,4
16,BOGOTA D.C.,001,BOGOTA. D.C.,19,Zona 19,17,MOCHUELO BAJO,9
16,BOGOTA D.C.,001,BOGOTA. D.C.,19,Zona 19,18,CORDILLERA,6
16,BOGOTA D.C.,001,BOGOTA. D.C.,19,Zona 19,19,NUEVA ARGENTINA,8
16,BOGOTA D.C.,001,BOGOTA. D.C.,19,Zona 19,20,LA ESTANCIA,46
16,BOGOTA D.C.,001,BOGOTA. D.C.,19,Zona 19,21,EL PARAISO,20
16,BOGOTA D.C.,001,BOGOTA. D.C.,19,Zona 19,22,VEREDA QUIBA,5
16,BOGOTA D.C.,001,BOGOTA. D.C.,19,Zona 19,23,MANUELA BELTRAN,15
16,BOGOTA D.C.,001,BOGOTA. D.C.,19,Zona 19,24,SIERRA MORENA,36
16,BOGOTA D.C.,001,BOGOTA. D.C.,19,Zona 19,25,SOTAVENTO,30
16,BOGOTA D.C.,001,BOGOTA. D.C.,19,Zona 19,26,SANTO DOMINGO,20
16,BOGOTA D.C.,001,BOGOTA. D.C.,19,Zona 19,27,VILLA GLORIA SUR,7
16,BOGOTA D.C.,001,BOGOTA. D.C.,19,Zona 19,28,GALICIA,48
16,BOGOTA D.C.,001,BOGOTA. D.C.,19,Zona 19,29,COLEGIO DISTRITAL GIMNASIO SABIO CALDAS,44
16,BOGOTA D.C.,001,BOGOTA. D.C.,19,Zona 19,30,CASAVIANCA - UNIVERSIDAD ECCI,12
16,BOGOTA D.C.,001,BOGOTA. D.C.,19,Zona 19,31,CASONA LIBERTADOR COL DIS MARIA CURREA M,36
16,BOGOTA D.C.,001,BOGOTA. D.C.,19,Zona 19,32,MEISSEN,19
16,BOGOTA D.C.,001,BOGOTA. D.C.,19,Zona 19,33,POTOSI (LA LAGUNA),15
16,BOGOTA D.C.,001,BOGOTA. D.C.,19,Zona 19,34,ALTOS DE JALISCO,4
16,BOGOTA D.C.,001,BOGOTA. D.C.,19,Zona 19,35,ESTRELLA DEL SUR,15
16,BOGOTA D.C.,001,BOGOTA. D.C.,19,Zona 19,36,CARACOLI,8
16,BOGOTA D.C.,001,BOGOTA. D.C.,19,Zona 19,37,SANTA ROSA,1
16,BOGOTA D.C.,001,BOGOTA. D.C.,19,Zona 19,38,BRISAS DEL VOLADOR,8
16,BOGOTA D.C.,001,BOGOTA. D.C.,19,Zona 19,39,DIVINO NIÑO,5
16,BOGOTA D.C.,001,BOGOTA. D.C.,19,Zona 19,40,CASA GRANDE - COL DIST AGUDELO RESTREPO,11
16,BOGOTA D.C.,001,BOGOTA. D.C.,19,Zona 19,41,MONTREAL,5
16,BOGOTA D.C.,001,BOGOTA. D.C.,19,Zona 19,42,UNION EUROPEA,7
16,BOGOTA D.C.,001,BOGOTA. D.C.,19,Zona 19,43,SAN FRANCISCO SEDE B,13
16,BOGOTA D.C.,001,BOGOTA. D.C.,19,Zona 19,44,SAN FRANCISCO SEDE A,37
16,BOGOTA D.C.,001,BOGOTA. D.C.,19,Zona 19,45,JOSE CELESTINO MUTIS,20
16,BOGOTA D.C.,001,BOGOTA. D.C.,19,Zona 19,46,BONAVISTA,32
16,BOGOTA D.C.,001,BOGOTA. D.C.,19,Zona 19,47,BELLA FLOR,7
16,BOGOTA D.C.,001,BOGOTA. D.C.,19,Zona 19,48,EL MIRADOR CIUDAD BOLIVAR,16
16,BOGOTA D.C.,001,BOGOTA. D.C.,19,Zona 19,49,LAS QUINTAS,10
16,BOGOTA D.C.,001,BOGOTA. D.C.,19,Zona 19,50,COLEGIO FANNY MIKEY,15
16,BOGOTA D.C.,001,BOGOTA. D.C.,19,Zona 19,51,MARANDU,4
16,BOGOTA D.C.,001,BOGOTA. D.C.,19,Zona 19,52,COL DIST ARBORIZADORA ALTA SEDE A,8
16,BOGOTA D.C.,001,BOGOTA. D.C.,19,Zona 19,53,BALMORAL,7
16,BOGOTA D.C.,001,BOGOTA. D.C.,19,Zona 19,54,LA CORUÑA - LICEO CONTADORA,8
16,BOGOTA D.C.,001,BOGOTA. D.C.,19,Zona 19,55,TANQUE-SIERRA MORENA,12
16,BOGOTA D.C.,001,BOGOTA. D.C.,19,Zona 19,56,ICES LAS BRISAS,3
16,BOGOTA D.C.,001,BOGOTA. D.C.,19,Zona 19,57,ALTOS DE LA ESTANCIA,7
16,BOGOTA D.C.,001,BOGOTA. D.C.,19,Zona 19,58,SALON COMUNAL LOS SAUCES,3
16,BOGOTA D.C.,001,BOGOTA. D.C.,19,Zona 19,59,GRAN PLAZA EL ENSUEÑO,49
16,BOGOTA D.C.,001,BOGOTA. D.C.,19,Zona 19,60,CASA LINDA TUNAL UNIDAD 2,6
16,BOGOTA D.C.,001,BOGOTA. D.C.,19,Zona 19,61,ARBORIZADORA BAJA SALON COMUNAL,9
16,BOGOTA D.C.,001,BOGOTA. D.C.,19,Zona 19,62,SALON COMUNAL SIERRA MORENA I,7
16,BOGOTA D.C.,001,BOGOTA. D.C.,19,Zona 19,63,POLIDEPORTIVO LA ESTANCIA,13
16,BOGOTA D.C.,001,BOGOTA. D.C.,19,Zona 19,64,CALASANZ BUENAVISTA,5
16,BOGOTA D.C.,001,BOGOTA. D.C.,19,Zona 19,65,SALON COMUNAL SAN  FRANCISCO I SECTOR,6
16,BOGOTA D.C.,001,BOGOTA. D.C.,19,Zona 19,66,CASA DE LA CULTURA CIUDAD BOLIVAR,9
16,BOGOTA D.C.,001,BOGOTA. D.C.,19,Zona 19,67,COLEGIO CIUDAD BOLIVAR ARGENTINA IED,11
16,BOGOTA D.C.,001,BOGOTA. D.C.,19,Zona 19,68,ROGELIO SALMONA,18
16,BOGOTA D.C.,001,BOGOTA. D.C.,19,Zona 19,69,JARDIN INFANTIL LARA BONILLA,5
16,BOGOTA D.C.,001,BOGOTA. D.C.,19,Zona 19,70,CENTRO COMERCIAL PASEO DEL RIO,13
16,BOGOTA D.C.,001,BOGOTA. D.C.,19,Zona 19,71,JARDIN INFANTIL CANDELARIA LA NUEVA,6
16,BOGOTA D.C.,001,BOGOTA. D.C.,19,Zona 19,72,SALON COMUNAL LAS HUERTAS,2
16,BOGOTA D.C.,001,BOGOTA. D.C.,19,Zona 19,73,COLEGIO DISTRITAL EL NOGAL,1
16,BOGOTA D.C.,001,BOGOTA. D.C.,19,Zona 19,74,COL DIST PARAISO MIRADOR SEDE CASETAS,4
16,BOGOTA D.C.,001,BOGOTA. D.C.,19,Zona 19,75,UNIVERSIDAD MINUTO DE DIOS SEDE SUR,5
16,BOGOTA D.C.,001,BOGOTA. D.C.,19,Zona 19,76,SALON COMUNAL LA ESTANCIA,9
16,BOGOTA D.C.,001,BOGOTA. D.C.,19,Zona 19,77,COL DIST PARAISO MANUELA BELTRAN SEDE B,3
16,BOGOTA D.C.,001,BOGOTA. D.C.,20,Zona 20,01,SAN JUAN DE SUMAPAZ,3
16,BOGOTA D.C.,001,BOGOTA. D.C.,20,Zona 20,02,NAZARETH,4
16,BOGOTA D.C.,001,BOGOTA. D.C.,20,Zona 20,03,BETANIA,3
16,BOGOTA D.C.,001,BOGOTA. D.C.,20,Zona 20,04,LA UNION,2
16,BOGOTA D.C.,001,BOGOTA. D.C.,20,Zona 20,05,LA Y SANTA ROSA,2
16,BOGOTA D.C.,001,BOGOTA. D.C.,20,Zona 20,06,NUEVA GRANADA SUMAPAZ,1
16,BOGOTA D.C.,001,BOGOTA. D.C.,90,Zona 90,01,PUESTO CENSO(FERIA EXPOSICION),228
16,BOGOTA D.C.,001,BOGOTA. D.C.,98,Zona 98,01,PENITENCIARIA LA PICOTA,2
16,BOGOTA D.C.,001,BOGOTA. D.C.,98,Zona 98,02,CARCEL DISTRITAL JUDICIAL MODELO,1
16,BOGOTA D.C.,001,BOGOTA. D.C.,98,Zona 98,03,RECLUSION DE MUJERES EL BUEN PASTOR,1
16,BOGOTA D.C.,001,BOGOTA. D.C.,98,Zona 98,04,CARCEL DISTRITAL,1
16,BOGOTA D.C.,001,BOGOTA. D.C.,01,Zona 01,01,USAQUÉN,68
16,BOGOTA D.C.,001,BOGOTA. D.C.,01,Zona 01,02,SERVITA,59
16,BOGOTA D.C.,001,BOGOTA. D.C.,01,Zona 01,03,CALAZANS,24
16,BOGOTA D.C.,001,BOGOTA. D.C.,01,Zona 01,04,COLEGIO AQUILEO PARRA SEDE BACHILLERATO,36
16,BOGOTA D.C.,001,BOGOTA. D.C.,01,Zona 01,05,LIJACA,29
16,BOGOTA D.C.,001,BOGOTA. D.C.,01,Zona 01,06,SAN ANTONIO UNIÓN COLOMBIA,28
16,BOGOTA D.C.,001,BOGOTA. D.C.,01,Zona 01,07,COLEGIO AGUSTIN FERNANDEZ SEDE A,31
16,BOGOTA D.C.,001,BOGOTA. D.C.,01,Zona 01,08,CENTRO COMERCIAL CEDRITOS 151,49
16,BOGOTA D.C.,001,BOGOTA. D.C.,01,Zona 01,09,UNIVERSIDAD EL BOSQUE,36
16,BOGOTA D.C.,001,BOGOTA. D.C.,01,Zona 01,10,SANTO TOMAS DE AQUINO,33
16,BOGOTA D.C.,001,BOGOTA. D.C.,01,Zona 01,11,INSTITUTO PEDAGOGICO NACIONAL,30
16,BOGOTA D.C.,001,BOGOTA. D.C.,01,Zona 01,12,CENTRO COMERCIAL UNICENTRO,72
16,BOGOTA D.C.,001,BOGOTA. D.C.,01,Zona 01,13,PLAZA MEXICO,27
16,BOGOTA D.C.,001,BOGOTA. D.C.,01,Zona 01,14,SANTA PAULA,22
16,BOGOTA D.C.,001,BOGOTA. D.C.,01,Zona 01,15,CENTRO COMERCIAL HACIENDA SANTA BARBARA,32
16,BOGOTA D.C.,001,BOGOTA. D.C.,01,Zona 01,16,COLEGIO MONTERROSALES,6
16,BOGOTA D.C.,001,BOGOTA. D.C.,01,Zona 01,17,COLEGIO DISTRITAL TOBERIN SEDE A,31
16,BOGOTA D.C.,001,BOGOTA. D.C.,01,Zona 01,18,PARQUE CEDRITOS,26
16,BOGOTA D.C.,001,BOGOTA. D.C.,01,Zona 01,19,CEDRO GOLF,25
16,BOGOTA D.C.,001,BOGOTA. D.C.,01,Zona 01,20,BUENAVISTA,20
16,BOGOTA D.C.,001,BOGOTA. D.C.,01,Zona 01,21,CANAIMA,12
16,BOGOTA D.C.,001,BOGOTA. D.C.,01,Zona 01,22,ALESSANDRO VOLTA,27
16,BOGOTA D.C.,001,BOGOTA. D.C.,01,Zona 01,23,COLEGIO DISTRITAL USAQUEN SEDE A,32
16,BOGOTA D.C.,001,BOGOTA. D.C.,01,Zona 01,24,COLEGIO DISTRITAL CRISTOBAL COLON,14
16,BOGOTA D.C.,001,BOGOTA. D.C.,01,Zona 01,25,COLEGIO DISTRITAL DIVINO MAESTRO SEDE A,16
16,BOGOTA D.C.,001,BOGOTA. D.C.,01,Zona 01,26,COLEGIO DISTRITAL DIVINO MAESTRO SEDE B,15
16,BOGOTA D.C.,001,BOGOTA. D.C.,01,Zona 01,27,COLEGIO COLSUBSIDIO NORTE USAQUEN,28
16,BOGOTA D.C.,001,BOGOTA. D.C.,01,Zona 01,28,COLEGIO GENERAL SANTANDER USAQUEN,21
16,BOGOTA D.C.,001,BOGOTA. D.C.,01,Zona 01,29,"COLEGIO TOBERIN ""B""",15
16,BOGOTA D.C.,001,BOGOTA. D.C.,01,Zona 01,30,COLEGIO FRIEDRICH NAUMANN SEDE A,7
16,BOGOTA D.C.,001,BOGOTA. D.C.,01,Zona 01,31,COLEGIO FRIEDRICH NAUMANN SEDE B,7
16,BOGOTA D.C.,001,BOGOTA. D.C.,01,Zona 01,32,VERBENAL SANTA MARIA,20
16,BOGOTA D.C.,001,BOGOTA. D.C.,01,Zona 01,33,COLEGIO DISTRITAL SALUDCOOP NORTE,20
16,BOGOTA D.C.,001,BOGOTA. D.C.,01,Zona 01,34,COLEGIO NUEVO HORIZONTE SEDE D TORCA,2
16,BOGOTA D.C.,001,BOGOTA. D.C.,01,Zona 01,35,CARULLA 140,17
16,BOGOTA D.C.,001,BOGOTA. D.C.,01,Zona 01,36,COLEGIO SAN FRANCISCO CL 186,15
16,BOGOTA D.C.,001,BOGOTA. D.C.,01,Zona 01,37,COLEGIO BUEN CONSEJO,21
16,BOGOTA D.C.,001,BOGOTA. D.C.,01,Zona 01,38,UNIVERSIDAD MILITAR,18
16,BOGOTA D.C.,001,BOGOTA. D.C.,01,Zona 01,39,COLEGIO LA ESTRELLITA,12
16,BOGOTA D.C.,001,BOGOTA. D.C.,01,Zona 01,40,COLEGIO ESCLAVAS DEL SAGRADO CORAZON,13
16,BOGOTA D.C.,001,BOGOTA. D.C.,01,Zona 01,41,COLEGIO CARDENAL SANCHA,12
16,BOGOTA D.C.,001,BOGOTA. D.C.,01,Zona 01,42,COLEGIO CAMPESTRE SAN JOSE,24
16,BOGOTA D.C.,001,BOGOTA. D.C.,01,Zona 01,43,COLEGIO PROVINMA,17
16,BOGOTA D.C.,001,BOGOTA. D.C.,01,Zona 01,44,COLEGIO EUCARISTICO VILLA GUADALUPE,10
16,BOGOTA D.C.,001,BOGOTA. D.C.,01,Zona 01,45,ANGLO AMERICANO,10
16,BOGOTA D.C.,001,BOGOTA. D.C.,01,Zona 01,46,COLEGIO PUREZA DE MARIA,26
16,BOGOTA D.C.,001,BOGOTA. D.C.,01,Zona 01,47,CENTRO COMERCIAL BELAIRE PLAZA,13
16,BOGOTA D.C.,001,BOGOTA. D.C.,01,Zona 01,48,CENTRO COMERCIAL PALATINO,24
16,BOGOTA D.C.,001,BOGOTA. D.C.,01,Zona 01,49,FUNDACION ANA RESTREPO DEL CORRAL,3
16,BOGOTA D.C.,001,BOGOTA. D.C.,01,Zona 01,50,SALON COMUNAL TIBABITA,5
16,BOGOTA D.C.,001,BOGOTA. D.C.,01,Zona 01,51,I E AQUILEO PARRA SEDE PRIMARIA,6
16,BOGOTA D.C.,001,BOGOTA. D.C.,01,Zona 01,52,COLEGIO MAYOR JOSE CELESTINO MUTIS,8
16,BOGOTA D.C.,001,BOGOTA. D.C.,01,Zona 01,53,COLEGIO MARIA AUXILIADORA NORTE,14
16,BOGOTA D.C.,001,BOGOTA. D.C.,01,Zona 01,54,SALON COMUNAL SAN CRISTOBAL NORTE,5
16,BOGOTA D.C.,001,BOGOTA. D.C.,01,Zona 01,55,SALON COMUNAL VILLA NIDIA,3
16,BOGOTA D.C.,001,BOGOTA. D.C.,01,Zona 01,56,COLEGIO AGUSTIN FERNANDEZ SEDE D,3
16,BOGOTA D.C.,001,BOGOTA. D.C.,01,Zona 01,57,ESCUELA COLOMBIANA DE REHABILITACION,12
16,BOGOTA D.C.,001,BOGOTA. D.C.,01,Zona 01,58,UNIVERSIDAD DE AMERICA SEDE POSGRADOS,17
16,BOGOTA D.C.,001,BOGOTA. D.C.,01,Zona 01,59,COLEGIO USAQUEN SEDE B,26
16,BOGOTA D.C.,001,BOGOTA. D.C.,01,Zona 01,60,COLEGIO ANGLO COLOMBIANO,23
16,BOGOTA D.C.,001,BOGOTA. D.C.,01,Zona 01,61,THE ENGLISH SCHOOL,6
16,BOGOTA D.C.,001,BOGOTA. D.C.,01,Zona 01,62,UNISANITAS 170,5
16,BOGOTA D.C.,001,BOGOTA. D.C.,02,Zona 02,01,CHICO NORTE,53
16,BOGOTA D.C.,001,BOGOTA. D.C.,02,Zona 02,02,CHICO RESERVADO,34
16,BOGOTA D.C.,001,BOGOTA. D.C.,02,Zona 02,03,CHICO LICEO FRANCES LOUIS PASTEUR,32
16,BOGOTA D.C.,001,BOGOTA. D.C.,02,Zona 02,04,ANTIGUO COUNTRY PLAZOLETA CARULLA,24
16,BOGOTA D.C.,001,BOGOTA. D.C.,02,Zona 02,05,UNIVERSIDAD EAN,26
16,BOGOTA D.C.,001,BOGOTA. D.C.,02,Zona 02,06,UNIVERSIDAD SERGIO ARBOLEDA,17
16,BOGOTA D.C.,001,BOGOTA. D.C.,02,Zona 02,07,UNIVERSIDAD PEDAGOGICA NACIONAL,20
16,BOGOTA D.C.,001,BOGOTA. D.C.,02,Zona 02,08,GRANADA COLEGIO SIMON RODRIGUEZ SEDE B,10
16,BOGOTA D.C.,001,BOGOTA. D.C.,02,Zona 02,09,SENA CALLE 65,15
16,BOGOTA D.C.,001,BOGOTA. D.C.,02,Zona 02,10,UNIVERSIDAD KONRAD LORENZ,20
16,BOGOTA D.C.,001,BOGOTA. D.C.,02,Zona 02,11,SENA CALLE 52,18
16,BOGOTA D.C.,001,BOGOTA. D.C.,02,Zona 02,12,UNIVERSIDAD PILOTO,13
16,BOGOTA D.C.,001,BOGOTA. D.C.,02,Zona 02,13,COL CAMPESTRE MONTEVERDE SAN LUIS SD A,19
16,BOGOTA D.C.,001,BOGOTA. D.C.,02,Zona 02,14,COLEGIO SIMON RODRIGUEZ SEDE A,14
16,BOGOTA D.C.,001,BOGOTA. D.C.,02,Zona 02,15,UNIVERSIDAD DISTRITAL,18
16,BOGOTA D.C.,001,BOGOTA. D.C.,02,Zona 02,16,CENTRO COMERCIAL DE LA 93,8
16,BOGOTA D.C.,001,BOGOTA. D.C.,02,Zona 02,17,MUSEO DEL CHICO,9
16,BOGOTA D.C.,001,BOGOTA. D.C.,02,Zona 02,18,SALON COMUNAL PARAISO EL TROPIHUECO,3
16,BOGOTA D.C.,001,BOGOTA. D.C.,02,Zona 02,19,COLEGIO SAN MARTIN DE PORRES SEDE B,2
16,BOGOTA D.C.,001,BOGOTA. D.C.,02,Zona 02,20,BETHLEMITAS-CALLE 65,17
16,BOGOTA D.C.,001,BOGOTA. D.C.,02,Zona 02,21,U. SANTO TOMAS CLAUSTRO,14
16,BOGOTA D.C.,001,BOGOTA. D.C.,02,Zona 02,22,EL AQUINATE U. SANTO TOMAS,7
16,BOGOTA D.C.,001,BOGOTA. D.C.,02,Zona 02,23,COLEGIO NUEVO GIMNASIO,5
16,BOGOTA D.C.,001,BOGOTA. D.C.,02,Zona 02,24,UNIVERSIDAD CATOLICA,13
16,BOGOTA D.C.,001,BOGOTA. D.C.,02,Zona 02,25,UNIVERSIDAD DE LA SALLE,16
16,BOGOTA D.C.,001,BOGOTA. D.C.,02,Zona 02,26,COLEGIO LICEO DE CERVANTES EL RETIRO,13
16,BOGOTA D.C.,001,BOGOTA. D.C.,02,Zona 02,27,COLEGIO DEL ROSARIO DE SANTO DOMINGO,4
16,BOGOTA D.C.,001,BOGOTA. D.C.,02,Zona 02,28,PARQUEADERO CHICO CALLE 90,6
16,BOGOTA D.C.,001,BOGOTA. D.C.,02,Zona 02,29,UNIVERSIDAD AREA ANDINA,3
16,BOGOTA D.C.,001,BOGOTA. D.C.,02,Zona 02,30,CHICO 97,9
16,BOGOTA D.C.,001,BOGOTA. D.C.,02,Zona 02,31,UNIVERSIDAD JAVERIANA,10
16,BOGOTA D.C.,001,BOGOTA. D.C.,02,Zona 02,32,CENTRO FELICIDAD CHAPINERO,10
16,BOGOTA D.C.,001,BOGOTA. D.C.,02,Zona 02,33,SALON COMUNAL SAN ISIDRO,1
16,BOGOTA D.C.,001,BOGOTA. D.C.,02,Zona 02,34,UNIVERSIDAD SAN MARTIN,1
16,BOGOTA D.C.,001,BOGOTA. D.C.,02,Zona 02,35,COLEGIO CAMPESTRE MONTEVERDE SEDE B,1
16,BOGOTA D.C.,001,BOGOTA. D.C.,02,Zona 02,36,COLEGIO SAN MARTIN DE PORRES SEDE A,1
16,BOGOTA D.C.,001,BOGOTA. D.C.,02,Zona 02,37,COMPENSAR CALLE 94,6
16,BOGOTA D.C.,001,BOGOTA. D.C.,03,Zona 03,01,CAMILO TORRES,22
16,BOGOTA D.C.,001,BOGOTA. D.C.,03,Zona 03,02,LA PERSEVERANCIA,15
16,BOGOTA D.C.,001,BOGOTA. D.C.,03,Zona 03,03,POLICARPA SALAVARRIETA,12
16,BOGOTA D.C.,001,BOGOTA. D.C.,03,Zona 03,04,PALACIO SAN FRANCISCO,22
16,BOGOTA D.C.,001,BOGOTA. D.C.,03,Zona 03,05,FACULTAD DE ARTES - ASAB,12
16,BOGOTA D.C.,001,BOGOTA. D.C.,03,Zona 03,06,LOS LACHES,24
16,BOGOTA D.C.,001,BOGOTA. D.C.,03,Zona 03,07,CENTRO ORIENTE,11
16,BOGOTA D.C.,001,BOGOTA. D.C.,03,Zona 03,08,SAN BERNARDO,13
16,BOGOTA D.C.,001,BOGOTA. D.C.,03,Zona 03,09,LAS CRUCES,22
16,BOGOTA D.C.,001,BOGOTA. D.C.,03,Zona 03,10,GIRARDOT,15
16,BOGOTA D.C.,001,BOGOTA. D.C.,03,Zona 03,11,EL CONSUELO,16
16,BOGOTA D.C.,001,BOGOTA. D.C.,03,Zona 03,12,MEDICINA LEGAL,14
16,BOGOTA D.C.,001,BOGOTA. D.C.,03,Zona 03,13,LAS AGUAS,9
16,BOGOTA D.C.,001,BOGOTA. D.C.,03,Zona 03,14,LAS NIEVES,13
16,BOGOTA D.C.,001,BOGOTA. D.C.,03,Zona 03,15,EL VERJON,2
16,BOGOTA D.C.,001,BOGOTA. D.C.,03,Zona 03,16,EL GRAN SAN,9
16,BOGOTA D.C.,001,BOGOTA. D.C.,03,Zona 03,17,COLEGIO RAMON JIMENO,2
16,BOGOTA D.C.,001,BOGOTA. D.C.,03,Zona 03,18,COLEGIO LA GIRALDA,13
16,BOGOTA D.C.,001,BOGOTA. D.C.,03,Zona 03,19,UNIVERSIDAD JORGE TADEO LOZANO,14
16,BOGOTA D.C.,001,BOGOTA. D.C.,03,Zona 03,20,UNIVERSIDAD INCCA DE COLOMBIA,4
16,BOGOTA D.C.,001,BOGOTA. D.C.,03,Zona 03,21,CENTRO COMERCIAL SAN MARTIN,11
16,BOGOTA D.C.,001,BOGOTA. D.C.,03,Zona 03,22,UNIV ANTONIO NARIÑO SANTA FE,5
16,BOGOTA D.C.,001,BOGOTA. D.C.,03,Zona 03,23,UNIVERSIDAD CENTRAL,12
16,BOGOTA D.C.,001,BOGOTA. D.C.,03,Zona 03,24,COLEGIO LOS PINOS I.E.D. SEDE A,2
16,BOGOTA D.C.,001,BOGOTA. D.C.,04,Zona 04,01,LAS BRISAS,15
16,BOGOTA D.C.,001,BOGOTA. D.C.,04,Zona 04,02,SANTA ANA SUR,18
16,BOGOTA D.C.,001,BOGOTA. D.C.,04,Zona 04,03,SAN CRISTOBAL SUR,31
16,BOGOTA D.C.,001,BOGOTA. D.C.,04,Zona 04,04,LAS MERCEDES,22
16,BOGOTA D.C.,001,BOGOTA. D.C.,04,Zona 04,05,SAN BLAS,34
16,BOGOTA D.C.,001,BOGOTA. D.C.,04,Zona 04,06,PRIMERA DE MAYO,20
16,BOGOTA D.C.,001,BOGOTA. D.C.,04,Zona 04,07,SOSIEGO,13
16,BOGOTA D.C.,001,BOGOTA. D.C.,04,Zona 04,08,JUAN DEL RIZZO,33
16,BOGOTA D.C.,001,BOGOTA. D.C.,04,Zona 04,09,MONTEBELLO,28
16,BOGOTA D.C.,001,BOGOTA. D.C.,04,Zona 04,10,RAMAJAL,12
16,BOGOTA D.C.,001,BOGOTA. D.C.,04,Zona 04,11,BELLO HORIZONTE,24
16,BOGOTA D.C.,001,BOGOTA. D.C.,04,Zona 04,12,SAN ISIDRO,31
16,BOGOTA D.C.,001,BOGOTA. D.C.,04,Zona 04,13,PARQUEADERO GUACAMAYAS,16
16,BOGOTA D.C.,001,BOGOTA. D.C.,04,Zona 04,14,SAN MARTIN DE LOBA SUR,27
16,BOGOTA D.C.,001,BOGOTA. D.C.,04,Zona 04,15,BELLAVISTA SAN CRISTOBAL,21
16,BOGOTA D.C.,001,BOGOTA. D.C.,04,Zona 04,16,CDC LA VICTORIA,49
16,BOGOTA D.C.,001,BOGOTA. D.C.,04,Zona 04,17,ALTAMIRA,30
16,BOGOTA D.C.,001,BOGOTA. D.C.,04,Zona 04,18,EL QUINDIO,10
16,BOGOTA D.C.,001,BOGOTA. D.C.,04,Zona 04,19,REPUBLICA DEL CANADA,14
16,BOGOTA D.C.,001,BOGOTA. D.C.,04,Zona 04,20,LA GLORIA,21
16,BOGOTA D.C.,001,BOGOTA. D.C.,04,Zona 04,21,JUAN REY,23
16,BOGOTA D.C.,001,BOGOTA. D.C.,04,Zona 04,22,VILLA DE LOS ALPES,23
16,BOGOTA D.C.,001,BOGOTA. D.C.,04,Zona 04,23,LOS LIBERTADORES,20
16,BOGOTA D.C.,001,BOGOTA. D.C.,04,Zona 04,24,SAN PEDRO SUR ORIENTAL,13
16,BOGOTA D.C.,001,BOGOTA. D.C.,04,Zona 04,25,VILLA DEL CERRO,10
16,BOGOTA D.C.,001,BOGOTA. D.C.,04,Zona 04,26,CANADA GUIRA,7
16,BOGOTA D.C.,001,BOGOTA. D.C.,04,Zona 04,27,ARBOLEDA SUR,15
16,BOGOTA D.C.,001,BOGOTA. D.C.,04,Zona 04,28,20 DE JULIO SEDE A,26
16,BOGOTA D.C.,001,BOGOTA. D.C.,04,Zona 04,29,COLISEO DEPORTIVO PRIMERA DE MAYO,13
16,BOGOTA D.C.,001,BOGOTA. D.C.,04,Zona 04,30,SAN GERONIMO,3
16,BOGOTA D.C.,001,BOGOTA. D.C.,04,Zona 04,31,SURAMERICA,5
16,BOGOTA D.C.,001,BOGOTA. D.C.,04,Zona 04,32,SAN VICENTE COLSUBSIDIO,10
16,BOGOTA D.C.,001,BOGOTA. D.C.,04,Zona 04,33,GUACAMAYAS II,16
16,BOGOTA D.C.,001,BOGOTA. D.C.,04,Zona 04,34,ESCUELA LA VICTORIA B,14
16,BOGOTA D.C.,001,BOGOTA. D.C.,04,Zona 04,35,JUANA ESCOBAR SEDE A,10
16,BOGOTA D.C.,001,BOGOTA. D.C.,04,Zona 04,36,ROMA COLSUBSIDIO,4
16,BOGOTA D.C.,001,BOGOTA. D.C.,04,Zona 04,37,LA GLORIA- ESCUELA ALTAMIRA,19
16,BOGOTA D.C.,001,BOGOTA. D.C.,04,Zona 04,38,RAMAJAL AMAPOLAS,5
16,BOGOTA D.C.,001,BOGOTA. D.C.,04,Zona 04,39,EL RODEO SEDE B LA GLORIA,6
16,BOGOTA D.C.,001,BOGOTA. D.C.,04,Zona 04,40,EL PORTAL,19
16,BOGOTA D.C.,001,BOGOTA. D.C.,04,Zona 04,41,LA CASTAÑA,5
16,BOGOTA D.C.,001,BOGOTA. D.C.,04,Zona 04,42,SALON COMUNAL ATENAS,7
16,BOGOTA D.C.,001,BOGOTA. D.C.,04,Zona 04,43,ASOCIACION NAL DE UNION CAMPESINA ACNU,9
16,BOGOTA D.C.,001,BOGOTA. D.C.,04,Zona 04,44,LA BELLEZA,10
16,BOGOTA D.C.,001,BOGOTA. D.C.,04,Zona 04,45,AGUAS CLARAS,5
16,BOGOTA D.C.,001,BOGOTA. D.C.,04,Zona 04,46,SALON COMUNAL LA ROCA,5
16,BOGOTA D.C.,001,BOGOTA. D.C.,04,Zona 04,47,LAS MERCEDES II,7
16,BOGOTA D.C.,001,BOGOTA. D.C.,04,Zona 04,48,MONTEBELLO SEDE B,8
16,BOGOTA D.C.,001,BOGOTA. D.C.,04,Zona 04,49,EL RODEO SEDE A,4
16,BOGOTA D.C.,001,BOGOTA. D.C.,04,Zona 04,50,MORALBA,4
16,BOGOTA D.C.,001,BOGOTA. D.C.,04,Zona 04,51,NUEVA DELHI,5
16,BOGOTA D.C.,001,BOGOTA. D.C.,04,Zona 04,52,TOMAS RUEDA VARGAS SEDE B,7
16,BOGOTA D.C.,001,BOGOTA. D.C.,04,Zona 04,53,ENTRE NUBES SEDE A,4
16,BOGOTA D.C.,001,BOGOTA. D.C.,04,Zona 04,54,SALON COMUNAL SAN ISIDRO II SECTOR,6
16,BOGOTA D.C.,001,BOGOTA. D.C.,04,Zona 04,55,COLEGIO LA VICTORIA SEDE A,13
16,BOGOTA D.C.,001,BOGOTA. D.C.,04,Zona 04,56,COLEGIO ATENAS IED,3
16,BOGOTA D.C.,001,BOGOTA. D.C.,04,Zona 04,57,COLEGIO RAFAEL NUÑEZ IED SEDE B,3
16,BOGOTA D.C.,001,BOGOTA. D.C.,04,Zona 04,58,IED GLORIA VALENCIA DE CASTAÑO,2
16,BOGOTA D.C.,001,BOGOTA. D.C.,05,Zona 05,01,USME,30
16,BOGOTA D.C.,001,BOGOTA. D.C.,05,Zona 05,02,EL DESTINO,6
16,BOGOTA D.C.,001,BOGOTA. D.C.,05,Zona 05,03,MONTEBLANCO,27
16,BOGOTA D.C.,001,BOGOTA. D.C.,05,Zona 05,04,SANTA MARTA,20
16,BOGOTA D.C.,001,BOGOTA. D.C.,05,Zona 05,05,SANTA LIBRADA,38
16,BOGOTA D.C.,001,BOGOTA. D.C.,05,Zona 05,06,ALMIRANTE PADILLA,31
16,BOGOTA D.C.,001,BOGOTA. D.C.,05,Zona 05,07,USMINIA,17
16,BOGOTA D.C.,001,BOGOTA. D.C.,05,Zona 05,08,MARICHUELA,26
16,BOGOTA D.C.,001,BOGOTA. D.C.,05,Zona 05,09,LA AURORA,38
16,BOGOTA D.C.,001,BOGOTA. D.C.,05,Zona 05,10,CHUNIZA,26
16,BOGOTA D.C.,001,BOGOTA. D.C.,05,Zona 05,11,LA FLORA,16
16,BOGOTA D.C.,001,BOGOTA. D.C.,05,Zona 05,12,EL HATO,6
16,BOGOTA D.C.,001,BOGOTA. D.C.,05,Zona 05,13,LOS COMUNEROS,26
16,BOGOTA D.C.,001,BOGOTA. D.C.,05,Zona 05,14,EL VIRREY,26
16,BOGOTA D.C.,001,BOGOTA. D.C.,05,Zona 05,15,EL DANUBIO AZUL,20
16,BOGOTA D.C.,001,BOGOTA. D.C.,05,Zona 05,16,JUAN JOSE RONDON,12
16,BOGOTA D.C.,001,BOGOTA. D.C.,05,Zona 05,17,LA FORTALEZA,18
16,BOGOTA D.C.,001,BOGOTA. D.C.,05,Zona 05,18,EL BOSQUE,20
16,BOGOTA D.C.,001,BOGOTA. D.C.,05,Zona 05,19,VILLA HERMOSA,19
16,BOGOTA D.C.,001,BOGOTA. D.C.,05,Zona 05,20,VALLES DE CAFAM,20
16,BOGOTA D.C.,001,BOGOTA. D.C.,05,Zona 05,21,LA FISCALA,23
16,BOGOTA D.C.,001,BOGOTA. D.C.,05,Zona 05,22,PORTAL USME,28
16,BOGOTA D.C.,001,BOGOTA. D.C.,05,Zona 05,23,BRASILIA,18
16,BOGOTA D.C.,001,BOGOTA. D.C.,05,Zona 05,24,EL CORTIJO USME,11
16,BOGOTA D.C.,001,BOGOTA. D.C.,05,Zona 05,25,TENERIFE,9
16,BOGOTA D.C.,001,BOGOTA. D.C.,05,Zona 05,26,GRAN YOMASA,23
16,BOGOTA D.C.,001,BOGOTA. D.C.,05,Zona 05,27,CABAÑAS,6
16,BOGOTA D.C.,001,BOGOTA. D.C.,05,Zona 05,28,LOS TEJARES,8
16,BOGOTA D.C.,001,BOGOTA. D.C.,05,Zona 05,29,COLEGIO FERNANDO GONZALEZ OCHOA,10
16,BOGOTA D.C.,001,BOGOTA. D.C.,05,Zona 05,30,ALFONSO LOPEZ,22
16,BOGOTA D.C.,001,BOGOTA. D.C.,05,Zona 05,31,LA ALBORADA,9
16,BOGOTA D.C.,001,BOGOTA. D.C.,05,Zona 05,32,UVAL - PUERTA AL LLANO,14
16,BOGOTA D.C.,001,BOGOTA. D.C.,05,Zona 05,33,VILLA ALEMANIA,12
16,BOGOTA D.C.,001,BOGOTA. D.C.,05,Zona 05,34,USME - CENTRO,10
16,BOGOTA D.C.,001,BOGOTA. D.C.,05,Zona 05,35,BRAZUELOS,9
16,BOGOTA D.C.,001,BOGOTA. D.C.,05,Zona 05,36,CDC JULIO CESAR SANCHEZ,15
16,BOGOTA D.C.,001,BOGOTA. D.C.,05,Zona 05,37,VIA AL LLANO,4
16,BOGOTA D.C.,001,BOGOTA. D.C.,05,Zona 05,38,NUSADAL,7
16,BOGOTA D.C.,001,BOGOTA. D.C.,05,Zona 05,39,JARDIN INFANTIL LA FORTALEZA DEL OSO,8
16,BOGOTA D.C.,001,BOGOTA. D.C.,05,Zona 05,40,COLEGIO RURAL EL UVAL,1
16,BOGOTA D.C.,001,BOGOTA. D.C.,05,Zona 05,41,BOLONIA,7
16,BOGOTA D.C.,001,BOGOTA. D.C.,05,Zona 05,42,COLEGIO JOSE EUSTASIO RIVERA,9
16,BOGOTA D.C.,001,BOGOTA. D.C.,05,Zona 05,43,COLEGIO ANDRES ESCOBAR,5
16,BOGOTA D.C.,001,BOGOTA. D.C.,05,Zona 05,44,CENTRO COMERCIAL ALTAVISTA,24
16,BOGOTA D.C.,001,BOGOTA. D.C.,05,Zona 05,45,SANTA LIBRADA 2,3
16,BOGOTA D.C.,001,BOGOTA. D.C.,05,Zona 05,46,MIRAVALLE,2
16,BOGOTA D.C.,001,BOGOTA. D.C.,05,Zona 05,47,NUEVO PORVENIR,2
16,BOGOTA D.C.,001,BOGOTA. D.C.,05,Zona 05,48,SALON COMUNAL ALFONSO LOPEZ 1 y 2,4
16,BOGOTA D.C.,001,BOGOTA. D.C.,05,Zona 05,49,SALON COMUNAL LOS COMUNEROS,4
16,BOGOTA D.C.,001,BOGOTA. D.C.,05,Zona 05,50,S. COMUNAL URBANIZACION NUEVA COSTARICA,3
16,BOGOTA D.C.,001,BOGOTA. D.C.,05,Zona 05,51,SALON COMUNAL CENTRAL SANTAMARTA,2
16,BOGOTA D.C.,001,BOGOTA. D.C.,05,Zona 05,52,COLEGIO JUAN LUIS LONDOÑO - IED,2
16,BOGOTA D.C.,001,BOGOTA. D.C.,05,Zona 05,53,COLEGIO ISIDRO MOLINA,2
16,BOGOTA D.C.,001,BOGOTA. D.C.,06,Zona 06,01,TUNJUELITO A,29
16,BOGOTA D.C.,001,BOGOTA. D.C.,06,Zona 06,02,"FATIMA ""A""",29
16,BOGOTA D.C.,001,BOGOTA. D.C.,06,Zona 06,03,ABRAHAM LINCOLN,12
16,BOGOTA D.C.,001,BOGOTA. D.C.,06,Zona 06,04,SAN CARLOS,30
16,BOGOTA D.C.,001,BOGOTA. D.C.,06,Zona 06,05,SAN BENITO,25
16,BOGOTA D.C.,001,BOGOTA. D.C.,06,Zona 06,06,"EL TUNAL ""A""",30
16,BOGOTA D.C.,001,BOGOTA. D.C.,06,Zona 06,07,"EL CARMEN SUR ""A""",24
16,BOGOTA D.C.,001,BOGOTA. D.C.,06,Zona 06,08,SAN VICENTE FERRER,29
16,BOGOTA D.C.,001,BOGOTA. D.C.,06,Zona 06,09,VENECIA A,31
16,BOGOTA D.C.,001,BOGOTA. D.C.,06,Zona 06,10,"NUEVO MUZU ""A""",12
16,BOGOTA D.C.,001,BOGOTA. D.C.,06,Zona 06,11,ISLA DEL SOL,18
16,BOGOTA D.C.,001,BOGOTA. D.C.,06,Zona 06,12,VENECIA B,11
16,BOGOTA D.C.,001,BOGOTA. D.C.,06,Zona 06,13,TUNJUELITO B,6
16,BOGOTA D.C.,001,BOGOTA. D.C.,06,Zona 06,14,"EL TUNAL ""B""",24
16,BOGOTA D.C.,001,BOGOTA. D.C.,06,Zona 06,15,"EL CARMEN SUR ""B""",9
16,BOGOTA D.C.,001,BOGOTA. D.C.,06,Zona 06,16,"FATIMA ""B""",10
16,BOGOTA D.C.,001,BOGOTA. D.C.,06,Zona 06,17,"NUEVO MUZO ""B""",6
16,BOGOTA D.C.,001,BOGOTA. D.C.,06,Zona 06,18,JARDIN INFANTIL ISLA DEL SOL,5
16,BOGOTA D.C.,001,BOGOTA. D.C.,06,Zona 06,19,LICEO SANTA BERNARDITA,5
16,BOGOTA D.C.,001,BOGOTA. D.C.,06,Zona 06,20,COLEGIO COOPERATIVO VENECIA,11
16,BOGOTA D.C.,001,BOGOTA. D.C.,06,Zona 06,21,COOPERATIVO NUEVO MUZU,6
16,BOGOTA D.C.,001,BOGOTA. D.C.,06,Zona 06,22,LICEO CAMPESTRE CAFAM,2
16,BOGOTA D.C.,001,BOGOTA. D.C.,06,Zona 06,23,NUESTRA SEÑORA LAS VICTORIAS,2
16,BOGOTA D.C.,001,BOGOTA. D.C.,06,Zona 06,24,SANTA CECILIA DE TUNJUELITO,7
16,BOGOTA D.C.,001,BOGOTA. D.C.,06,Zona 06,25,CASA DE JUSTICIA DE TUNJUELITO,13
16,BOGOTA D.C.,001,BOGOTA. D.C.,06,Zona 06,26,PORFIRIO BARBA JACOB,5
16,BOGOTA D.C.,001,BOGOTA. D.C.,06,Zona 06,27,SAN BENITO ABAD,3
16,BOGOTA D.C.,001,BOGOTA. D.C.,06,Zona 06,28,CIUDAD BOGOTA SEDE B,12
16,BOGOTA D.C.,001,BOGOTA. D.C.,06,Zona 06,29,PARROQUIAL SAN CARLOS,18
16,BOGOTA D.C.,001,BOGOTA. D.C.,06,Zona 06,30,JARDIN INFANTIL CARMEN SUR,8
16,BOGOTA D.C.,001,BOGOTA. D.C.,06,Zona 06,31,INSTITUTO TECNICO PILOTO SEDE C,12
16,BOGOTA D.C.,001,BOGOTA. D.C.,06,Zona 06,32,SALON COMUNAL ISLA DEL SOL,4
16,BOGOTA D.C.,001,BOGOTA. D.C.,06,Zona 06,33,JARDIN INFANTIL PABLO DE TARSO,4
16,BOGOTA D.C.,001,BOGOTA. D.C.,06,Zona 06,34,COLEGIO DISTRITAL MARCO FIDEL ZUAREZ,3
16,BOGOTA D.C.,001,BOGOTA. D.C.,06,Zona 06,35,SALON COMUNAL BARRIO EL CARMEN,1
16,BOGOTA D.C.,001,BOGOTA. D.C.,06,Zona 06,36,SALON COMUNAL VENECIA,6
16,BOGOTA D.C.,001,BOGOTA. D.C.,06,Zona 06,37,CENTRO FELICIDAD,1
16,BOGOTA D.C.,001,BOGOTA. D.C.,07,Zona 07,01,BOSA,64
16,BOGOTA D.C.,001,BOGOTA. D.C.,07,Zona 07,02,VILLA DEL RIO,27
16,BOGOTA D.C.,001,BOGOTA. D.C.,07,Zona 07,03,JOSE ANTONIO GALAN,25
16,BOGOTA D.C.,001,BOGOTA. D.C.,07,Zona 07,04,LA AMISTAD,24
16,BOGOTA D.C.,001,BOGOTA. D.C.,07,Zona 07,05,CARLOS ALBAN,36
16,BOGOTA D.C.,001,BOGOTA. D.C.,07,Zona 07,06,LA LIBERTAD,54
16,BOGOTA D.C.,001,BOGOTA. D.C.,07,Zona 07,07,PIAMONTE,38
16,BOGOTA D.C.,001,BOGOTA. D.C.,07,Zona 07,08,LA ESTACION,31
16,BOGOTA D.C.,001,BOGOTA. D.C.,07,Zona 07,09,LAURELES,29
16,BOGOTA D.C.,001,BOGOTA. D.C.,07,Zona 07,10,PALESTINA,23
16,BOGOTA D.C.,001,BOGOTA. D.C.,07,Zona 07,11,ORLANDO HIGUITA,31
16,BOGOTA D.C.,001,BOGOTA. D.C.,07,Zona 07,12,BOSA PAULO VI,19
16,BOGOTA D.C.,001,BOGOTA. D.C.,07,Zona 07,13,BOSA BRASILIA,30
16,BOGOTA D.C.,001,BOGOTA. D.C.,07,Zona 07,14,ISLANDIA,21
16,BOGOTA D.C.,001,BOGOTA. D.C.,07,Zona 07,15,JIMENEZ DE QUESADA,15
16,BOGOTA D.C.,001,BOGOTA. D.C.,07,Zona 07,16,SAN BERNARDINO,21
16,BOGOTA D.C.,001,BOGOTA. D.C.,07,Zona 07,17,BOSA SAN JOSE,17
16,BOGOTA D.C.,001,BOGOTA. D.C.,07,Zona 07,18,SURBANA,9
16,BOGOTA D.C.,001,BOGOTA. D.C.,07,Zona 07,19,NUEVO CHILE,26
16,BOGOTA D.C.,001,BOGOTA. D.C.,07,Zona 07,20,SANTA FE DE BOSA,17
16,BOGOTA D.C.,001,BOGOTA. D.C.,07,Zona 07,21,EL PORVENIR,35
16,BOGOTA D.C.,001,BOGOTA. D.C.,07,Zona 07,22,EL RECREO,33
16,BOGOTA D.C.,001,BOGOTA. D.C.,07,Zona 07,23,LA ESPERANZA,28
16,BOGOTA D.C.,001,BOGOTA. D.C.,07,Zona 07,24,FRANCISCO DE PAULA SANTANDER,10
16,BOGOTA D.C.,001,BOGOTA. D.C.,07,Zona 07,25,PABLO DE TARSO,24
16,BOGOTA D.C.,001,BOGOTA. D.C.,07,Zona 07,26,ATALAYAS,24
16,BOGOTA D.C.,001,BOGOTA. D.C.,07,Zona 07,27,EL RECUERDO SANTAFE,17
16,BOGOTA D.C.,001,BOGOTA. D.C.,07,Zona 07,28,FE Y ALEGRIA SAN IGNACIO,33
16,BOGOTA D.C.,001,BOGOTA. D.C.,07,Zona 07,29,CIUDADELA EL PORVENIR,43
16,BOGOTA D.C.,001,BOGOTA. D.C.,07,Zona 07,30,CARLOS PIZARRO LEON GOMEZ,26
16,BOGOTA D.C.,001,BOGOTA. D.C.,07,Zona 07,31,NUEVO CARLOS ALBAN,17
16,BOGOTA D.C.,001,BOGOTA. D.C.,07,Zona 07,32,LAURELES II,22
16,BOGOTA D.C.,001,BOGOTA. D.C.,07,Zona 07,33,NUEVA ESTACION,13
16,BOGOTA D.C.,001,BOGOTA. D.C.,07,Zona 07,34,LA INDEPENDENCIA,10
16,BOGOTA D.C.,001,BOGOTA. D.C.,07,Zona 07,35,BOSANOVA,7
16,BOGOTA D.C.,001,BOGOTA. D.C.,07,Zona 07,36,LLANO ORIENTAL,12
16,BOGOTA D.C.,001,BOGOTA. D.C.,07,Zona 07,37,CARBONELL,8
16,BOGOTA D.C.,001,BOGOTA. D.C.,07,Zona 07,38,NUEVA GRANADA BOSA,5
16,BOGOTA D.C.,001,BOGOTA. D.C.,07,Zona 07,39,NARANJOS,17
16,BOGOTA D.C.,001,BOGOTA. D.C.,07,Zona 07,40,CAMPO VERDE - POTRERITOS,25
16,BOGOTA D.C.,001,BOGOTA. D.C.,07,Zona 07,41,CLARETIANO,38
16,BOGOTA D.C.,001,BOGOTA. D.C.,07,Zona 07,42,VILLA DEL RIO II,16
16,BOGOTA D.C.,001,BOGOTA. D.C.,07,Zona 07,43,HOLANDA,8
16,BOGOTA D.C.,001,BOGOTA. D.C.,07,Zona 07,44,PORTAL DE BRASIL,8
16,BOGOTA D.C.,001,BOGOTA. D.C.,07,Zona 07,45,RECREO MICHELSEN,32
16,BOGOTA D.C.,001,BOGOTA. D.C.,07,Zona 07,46,CEDID SAN PABLO,31
16,BOGOTA D.C.,001,BOGOTA. D.C.,07,Zona 07,47,LA ACUARELA,8
16,BOGOTA D.C.,001,BOGOTA. D.C.,07,Zona 07,48,MIGUEL ANGEL ASTURIAS,6
16,BOGOTA D.C.,001,BOGOTA. D.C.,07,Zona 07,49,COLISEO LA PALESTINA,10
16,BOGOTA D.C.,001,BOGOTA. D.C.,07,Zona 07,50,ALFREDO NOBEL,9
16,BOGOTA D.C.,001,BOGOTA. D.C.,07,Zona 07,51,MANUEL ELKIN PATARROYO,12
16,BOGOTA D.C.,001,BOGOTA. D.C.,07,Zona 07,52,PARQUE AUTOPISTA SUR PAVCO,11
16,BOGOTA D.C.,001,BOGOTA. D.C.,07,Zona 07,53,JARDIN INFANTIL OLARTE,8
16,BOGOTA D.C.,001,BOGOTA. D.C.,07,Zona 07,54,GIMNASIO LOS SAUCES,13
16,BOGOTA D.C.,001,BOGOTA. D.C.,07,Zona 07,55,CLARETIANO EL LIBERTADOR,6
16,BOGOTA D.C.,001,BOGOTA. D.C.,07,Zona 07,56,GIMNASIO REAL AMERICANO,12
16,BOGOTA D.C.,001,BOGOTA. D.C.,07,Zona 07,57,LICEO CIUDAD CAPITAL,11
16,BOGOTA D.C.,001,BOGOTA. D.C.,07,Zona 07,58,JUAN MAXIMILIANO AMBROSIO,8
16,BOGOTA D.C.,001,BOGOTA. D.C.,07,Zona 07,59,INSTITUTO GUIMARC,6
16,BOGOTA D.C.,001,BOGOTA. D.C.,07,Zona 07,60,COLEGIO COLSUBSIDIO CHICALA,30
16,BOGOTA D.C.,001,BOGOTA. D.C.,07,Zona 07,61,COLEGIO CIUDADANOS DEL FUTURO,20
16,BOGOTA D.C.,001,BOGOTA. D.C.,07,Zona 07,62,CC GRAN PLAZA BOSA,40
16,BOGOTA D.C.,001,BOGOTA. D.C.,07,Zona 07,63,LA CONCEPCION,9
16,BOGOTA D.C.,001,BOGOTA. D.C.,07,Zona 07,64,VILLAS DEL PROGRESO,8
16,BOGOTA D.C.,001,BOGOTA. D.C.,07,Zona 07,65,LICEO LOPEZ OSORIO,6
16,BOGOTA D.C.,001,BOGOTA. D.C.,07,Zona 07,66,SOLEDAD ACOSTA DE SAMPER,12
16,BOGOTA D.C.,001,BOGOTA. D.C.,07,Zona 07,67,CLARELANDIA,4
16,BOGOTA D.C.,001,BOGOTA. D.C.,07,Zona 07,68,COLEGIO JORGE ISAACS,11
16,BOGOTA D.C.,001,BOGOTA. D.C.,07,Zona 07,69,GIMNASIO GARABATOS DE COLORES,1
16,BOGOTA D.C.,001,BOGOTA. D.C.,07,Zona 07,70,PARQUES DE BOGOTA,23
16,BOGOTA D.C.,001,BOGOTA. D.C.,07,Zona 07,71,BICENTENARIO DE LA INDEPENDENCIA,8
16,BOGOTA D.C.,001,BOGOTA. D.C.,07,Zona 07,72,ESMERALDA ARBOLEDA,4
16,BOGOTA D.C.,001,BOGOTA. D.C.,07,Zona 07,73,EL MOTORISTA,1
16,BOGOTA D.C.,001,BOGOTA. D.C.,07,Zona 07,74,CHARLES DE GAULLE,2
16,BOGOTA D.C.,001,BOGOTA. D.C.,07,Zona 07,75,LAURA HERRERA,4
16,BOGOTA D.C.,001,BOGOTA. D.C.,07,Zona 07,76,RODRIGO DE BASTIDAS,2
16,BOGOTA D.C.,001,BOGOTA. D.C.,07,Zona 07,77,SONIA OSORIO,5
16,BOGOTA D.C.,001,BOGOTA. D.C.,07,Zona 07,78,VILLAS DEL PROGRESO PRIMERA INFANCIA,4
16,BOGOTA D.C.,001,BOGOTA. D.C.,07,Zona 07,79,SENDEROS DE PORVENIR PRIMERA INFANCIA,7
16,BOGOTA D.C.,001,BOGOTA. D.C.,07,Zona 07,80,JUMBO AUTOPISTA SUR,4
16,BOGOTA D.C.,001,BOGOTA. D.C.,08,Zona 08,01,COLEGIO DISTRITAL CLASS SEDE A,31
16,BOGOTA D.C.,001,BOGOTA. D.C.,08,Zona 08,02,COL. CLASS IED SEDE C,47
16,BOGOTA D.C.,001,BOGOTA. D.C.,08,Zona 08,03,COLEGIO DISTRITAL VILLA RICA - SEDE A,23
16,BOGOTA D.C.,001,BOGOTA. D.C.,08,Zona 08,04,CATALINA,24
16,BOGOTA D.C.,001,BOGOTA. D.C.,08,Zona 08,05,CASABLANCA 32,32
16,BOGOTA D.C.,001,BOGOTA. D.C.,08,Zona 08,06,BRITALIA,33
16,BOGOTA D.C.,001,BOGOTA. D.C.,08,Zona 08,07,COLEGIO DISTRITAL SAN JOSE IED SEDE A,21
16,BOGOTA D.C.,001,BOGOTA. D.C.,08,Zona 08,08,LOS PERIODISTAS,20
16,BOGOTA D.C.,001,BOGOTA. D.C.,08,Zona 08,09,CARLOS ARTURO TORRES,26
16,BOGOTA D.C.,001,BOGOTA. D.C.,08,Zona 08,10,LA CHUCUA,29
16,BOGOTA D.C.,001,BOGOTA. D.C.,08,Zona 08,11,COLEGIO ALFONSO LOPEZ PUMAREJO,32
16,BOGOTA D.C.,001,BOGOTA. D.C.,08,Zona 08,12,FRANCISCO MIRANDA,34
16,BOGOTA D.C.,001,BOGOTA. D.C.,08,Zona 08,13,LAS AMERICAS SEDE A,21
16,BOGOTA D.C.,001,BOGOTA. D.C.,08,Zona 08,14,COLEGIO TOM ADAMS,20
16,BOGOTA D.C.,001,BOGOTA. D.C.,08,Zona 08,15,JOHN F. KENNEDY,22
16,BOGOTA D.C.,001,BOGOTA. D.C.,08,Zona 08,16,EL JAPON,35
16,BOGOTA D.C.,001,BOGOTA. D.C.,08,Zona 08,17,POLIDEPORTIVO CAYETANO CAÑIZARES,22
16,BOGOTA D.C.,001,BOGOTA. D.C.,08,Zona 08,18,EL SAUCEDAL,13
16,BOGOTA D.C.,001,BOGOTA. D.C.,08,Zona 08,19,COLEGIO DISTRITAL MANUEL ZAPATA OLIVELLA,55
16,BOGOTA D.C.,001,BOGOTA. D.C.,08,Zona 08,20,FRANCISCO JOSE DE CALDAS - INEM SEDE B,21
16,BOGOTA D.C.,001,BOGOTA. D.C.,08,Zona 08,21,COLEGIO C.E.L.C.O. SAN LUCAS,16
16,BOGOTA D.C.,001,BOGOTA. D.C.,08,Zona 08,22,PROSPERO PINZON,26
16,BOGOTA D.C.,001,BOGOTA. D.C.,08,Zona 08,23,COLEGIO LA AMISTAD,32
16,BOGOTA D.C.,001,BOGOTA. D.C.,08,Zona 08,24,LOS HEROES,12
16,BOGOTA D.C.,001,BOGOTA. D.C.,08,Zona 08,25,COLEGIO OEA,20
16,BOGOTA D.C.,001,BOGOTA. D.C.,08,Zona 08,26,FLORALIA,16
16,BOGOTA D.C.,001,BOGOTA. D.C.,08,Zona 08,27,CARVAJAL II SEDE ANTONIA SANTOS I,13
16,BOGOTA D.C.,001,BOGOTA. D.C.,08,Zona 08,28,VILLA ADRIANA,11
16,BOGOTA D.C.,001,BOGOTA. D.C.,08,Zona 08,29,SUPERIOR AMERICANO,32
16,BOGOTA D.C.,001,BOGOTA. D.C.,08,Zona 08,30,LA FLORESTA SUR,23
16,BOGOTA D.C.,001,BOGOTA. D.C.,08,Zona 08,31,MARSELLA,23
16,BOGOTA D.C.,001,BOGOTA. D.C.,08,Zona 08,32,ALOHA,7
16,BOGOTA D.C.,001,BOGOTA. D.C.,08,Zona 08,33,MANDALAY - COLEGIO KENNEDY,28
16,BOGOTA D.C.,001,BOGOTA. D.C.,08,Zona 08,34,PIO XII - SEDE COLEGIO ISABEL II,15
16,BOGOTA D.C.,001,BOGOTA. D.C.,08,Zona 08,35,COLEGIO NUEVA CASTILLA,38
16,BOGOTA D.C.,001,BOGOTA. D.C.,08,Zona 08,36,VILLANUEVA,13
16,BOGOTA D.C.,001,BOGOTA. D.C.,08,Zona 08,37,COL.  DISTRITAL JAIRO ANIBAL NIÑO,48
16,BOGOTA D.C.,001,BOGOTA. D.C.,08,Zona 08,38,VISION DE COLOMBIA,30
16,BOGOTA D.C.,001,BOGOTA. D.C.,08,Zona 08,39,SALÓN COMUNAL ALMENAR,13
16,BOGOTA D.C.,001,BOGOTA. D.C.,08,Zona 08,40,COLEGIO ALQUERIA,22
16,BOGOTA D.C.,001,BOGOTA. D.C.,08,Zona 08,41,BOITA,19
16,BOGOTA D.C.,001,BOGOTA. D.C.,08,Zona 08,42,COL DE TIMIZA,26
16,BOGOTA D.C.,001,BOGOTA. D.C.,08,Zona 08,43,COL. DIS. HERNANDO DURÁN DUSSAN,29
16,BOGOTA D.C.,001,BOGOTA. D.C.,08,Zona 08,44,COL. DIS. RODRIGO DE TRIANA - SEDE B,17
16,BOGOTA D.C.,001,BOGOTA. D.C.,08,Zona 08,45,COL. DIS. EDUARDO UMAÑA LUNA,33
16,BOGOTA D.C.,001,BOGOTA. D.C.,08,Zona 08,46,LICEO EL CASTILLO,10
16,BOGOTA D.C.,001,BOGOTA. D.C.,08,Zona 08,47,MILENIO PLAZA,16
16,BOGOTA D.C.,001,BOGOTA. D.C.,08,Zona 08,48,COL. GABRIEL BETANCOURT MEJIA,38
16,BOGOTA D.C.,001,BOGOTA. D.C.,08,Zona 08,49,MARIA PAZ,17
16,BOGOTA D.C.,001,BOGOTA. D.C.,08,Zona 08,50,COLEGIO NELSON MANDELA,23
16,BOGOTA D.C.,001,BOGOTA. D.C.,08,Zona 08,51,COLEGIO GUSTAVO ROJAS PINILLA,29
16,BOGOTA D.C.,001,BOGOTA. D.C.,08,Zona 08,52,COLEGIO CLASS I D E SEDE B ROMA,22
16,BOGOTA D.C.,001,BOGOTA. D.C.,08,Zona 08,53,GEMA,3
16,BOGOTA D.C.,001,BOGOTA. D.C.,08,Zona 08,54,COL. DISTRITAL VILLA RICA - SEDE B,17
16,BOGOTA D.C.,001,BOGOTA. D.C.,08,Zona 08,55,COLEGIO JAIME GARZON,37
16,BOGOTA D.C.,001,BOGOTA. D.C.,08,Zona 08,56,COLEGIO DEBORA ARANGO,12
16,BOGOTA D.C.,001,BOGOTA. D.C.,08,Zona 08,57,COL. DIS. CAFAM BELLAVISTA,30
16,BOGOTA D.C.,001,BOGOTA. D.C.,08,Zona 08,58,COL. DIST SALUDCOOP SUR,26
16,BOGOTA D.C.,001,BOGOTA. D.C.,08,Zona 08,59,MANUEL CEPEDA,23
16,BOGOTA D.C.,001,BOGOTA. D.C.,08,Zona 08,60,CENTRO COMERCIAL EL EDEN,47
16,BOGOTA D.C.,001,BOGOTA. D.C.,08,Zona 08,61,SANTA MARIA DE KENNEDY,18
16,BOGOTA D.C.,001,BOGOTA. D.C.,08,Zona 08,62,COLEGIO PAULO VI SEDE A,7
16,BOGOTA D.C.,001,BOGOTA. D.C.,08,Zona 08,63,CENTRO DE DESARROLLO COMUNITARIO KENNEDY,17
16,BOGOTA D.C.,001,BOGOTA. D.C.,08,Zona 08,64,COLEGIO RODRIGO DE TRIANA,39
16,BOGOTA D.C.,001,BOGOTA. D.C.,08,Zona 08,65,COLEGIO DARIO ECHANDIA,27
16,BOGOTA D.C.,001,BOGOTA. D.C.,08,Zona 08,66,SAN FRANCISCO EN EL TINTAL,19
16,BOGOTA D.C.,001,BOGOTA. D.C.,08,Zona 08,67,CENTRO COMERCIAL CIUDAD TINTAL,11
16,BOGOTA D.C.,001,BOGOTA. D.C.,08,Zona 08,68,UNIVERSIDAD UNIAGUSTINIANA,22
16,BOGOTA D.C.,001,BOGOTA. D.C.,08,Zona 08,69,SAN JOSE DE CASTILLA SEDE A,20
16,BOGOTA D.C.,001,BOGOTA. D.C.,08,Zona 08,70,COLEGIO FE Y ALEGRIA,21
16,BOGOTA D.C.,001,BOGOTA. D.C.,08,Zona 08,71,COLEGIO JEAN PIAGET,7
16,BOGOTA D.C.,001,BOGOTA. D.C.,08,Zona 08,72,COLEGIO SAN PEDRO CLAVER SEDE A,12
16,BOGOTA D.C.,001,BOGOTA. D.C.,08,Zona 08,73,COL. TERESA MARTINEZ DE VARELA,11
16,BOGOTA D.C.,001,BOGOTA. D.C.,08,Zona 08,74,COLEGIO DISTRITAL JACKELINE,5
16,BOGOTA D.C.,001,BOGOTA. D.C.,08,Zona 08,75,COLEGIO LUZ Y VIDA,7
16,BOGOTA D.C.,001,BOGOTA. D.C.,08,Zona 08,76,FERNANDO SOTO APARICIO SEDE B,6
16,BOGOTA D.C.,001,BOGOTA. D.C.,08,Zona 08,77,SALON COMUNAL MONTERREY,8
16,BOGOTA D.C.,001,BOGOTA. D.C.,08,Zona 08,78,CENTRO COMERCIAL TINTAL PLAZA,54
16,BOGOTA D.C.,001,BOGOTA. D.C.,08,Zona 08,79,SAGRADO CORAZON,3
16,BOGOTA D.C.,001,BOGOTA. D.C.,08,Zona 08,80,COLEGIO DIST. CODEMA,30
16,BOGOTA D.C.,001,BOGOTA. D.C.,08,Zona 08,81,SALON COMUNAL ROMA IV,11
16,BOGOTA D.C.,001,BOGOTA. D.C.,08,Zona 08,82,INEM FRANCISCO DE PAULA SANTANDER SEDE A,32
16,BOGOTA D.C.,001,BOGOTA. D.C.,08,Zona 08,83,FERNANDO SOTO APARICIO,4
16,BOGOTA D.C.,001,BOGOTA. D.C.,08,Zona 08,84,SALON COMUNAL CARVAJAL OSORIO,6
16,BOGOTA D.C.,001,BOGOTA. D.C.,08,Zona 08,85,SALON COMUNAL CARVAJAL II SECTOR,3
16,BOGOTA D.C.,001,BOGOTA. D.C.,08,Zona 08,86,NICOLAS ESGUERRA,2
16,BOGOTA D.C.,001,BOGOTA. D.C.,08,Zona 08,87,SALON COMUNAL MARSELLA,12
16,BOGOTA D.C.,001,BOGOTA. D.C.,08,Zona 08,88,ISABEL II,7
16,BOGOTA D.C.,001,BOGOTA. D.C.,08,Zona 08,89,LICEO REYNEL,2
16,BOGOTA D.C.,001,BOGOTA. D.C.,08,Zona 08,90,COLEGIO OEA ANTONIA SANTOS,3
16,BOGOTA D.C.,001,BOGOTA. D.C.,08,Zona 08,91,SALON COMUNAL BOITA II SECTOR,5
16,BOGOTA D.C.,001,BOGOTA. D.C.,08,Zona 08,92,SALON COMUNAL SANTA CATALINA,3
16,BOGOTA D.C.,001,BOGOTA. D.C.,08,Zona 08,93,COLEGIO INTEGRACION MODERNA,5
16,BOGOTA D.C.,001,BOGOTA. D.C.,08,Zona 08,94,COLEGIO COOPERATIVO TIMIZA,9
16,BOGOTA D.C.,001,BOGOTA. D.C.,08,Zona 08,95,FLORESTA SUR SEDE B,7
16,BOGOTA D.C.,001,BOGOTA. D.C.,08,Zona 08,96,CARLOS ARANGO VELEZ SEDE A,8
16,BOGOTA D.C.,001,BOGOTA. D.C.,08,Zona 08,97,COLEGIO SAN RAFAEL SEDE A,4
16,BOGOTA D.C.,001,BOGOTA. D.C.,08,Zona 08,98,SALON COMUNAL VILLA CLAUDIA,3
16,BOGOTA D.C.,001,BOGOTA. D.C.,08,Zona 08,99,COLEGIO SAN PEDRO CLAVER SEDE B,7
16,BOGOTA D.C.,001,BOGOTA. D.C.,08,Zona 08,A1,COLEGIO ERNESTO GUHL,3
16,BOGOTA D.C.,001,BOGOTA. D.C.,08,Zona 08,A2,COLEGIO CIUDAD DE FOMEQUE,4
16,BOGOTA D.C.,001,BOGOTA. D.C.,08,Zona 08,A3,ESC.TECNOLOGICA INST. TECNICO CENTRAL,19
16,BOGOTA D.C.,001,BOGOTA. D.C.,08,Zona 08,A4,COLEGIO EMMA REYES IED,11
16,BOGOTA D.C.,001,BOGOTA. D.C.,08,Zona 08,A5,SALON COMUNAL ANDALUCIA II SECTOR,5
16,BOGOTA D.C.,001,BOGOTA. D.C.,08,Zona 08,A6,SALON COMUNAL VILLA ALSACIA,5
16,BOGOTA D.C.,001,BOGOTA. D.C.,08,Zona 08,A7,CC PLAZA DE LAS AMERICAS,23
16,BOGOTA D.C.,001,BOGOTA. D.C.,08,Zona 08,A8,METRO ALQUERIA,6
16,BOGOTA D.C.,001,BOGOTA. D.C.,08,Zona 08,A9,LORETO DE CASTILLA,8
16,BOGOTA D.C.,001,BOGOTA. D.C.,08,Zona 08,B1,POLIDEPORTIVO CASTILLA,17
16,BOGOTA D.C.,001,BOGOTA. D.C.,08,Zona 08,B2,COLEGIO FELIZA BURSZTYN IED,11
16,BOGOTA D.C.,001,BOGOTA. D.C.,08,Zona 08,B3,"PARQUE ""URBANIZACION EL PARQUE""",3
16,BOGOTA D.C.,001,BOGOTA. D.C.,08,Zona 08,B4,COLEGIO EL FERROL LA PAZ IED,9
16,BOGOTA D.C.,001,BOGOTA. D.C.,08,Zona 08,B5,LICEO SAMARIO,4
16,BOGOTA D.C.,001,BOGOTA. D.C.,08,Zona 08,B6,SALON INSTMAR - INSTITUTO MARSELLA,4
16,BOGOTA D.C.,001,BOGOTA. D.C.,08,Zona 08,B7,GIMNASIO MODERNO CASTILLA,4
16,BOGOTA D.C.,001,BOGOTA. D.C.,08,Zona 08,B8,SALON COMUNAL LAS AMERICAS,4
16,BOGOTA D.C.,001,BOGOTA. D.C.,08,Zona 08,B9,SALON COMUNAL VALENCIA Y BOMBAY,1
16,BOGOTA D.C.,001,BOGOTA. D.C.,08,Zona 08,C1,SALON COMUNAL NUEVAS DELICIAS,1
16,BOGOTA D.C.,001,BOGOTA. D.C.,08,Zona 08,C2,LICEO CARMELITAS,2
16,BOGOTA D.C.,001,BOGOTA. D.C.,08,Zona 08,C4,CASABLANCA I,3
16,BOGOTA D.C.,001,BOGOTA. D.C.,08,Zona 08,C5,CASABLANCA 33,5
16,BOGOTA D.C.,001,BOGOTA. D.C.,08,Zona 08,C6,IED COLEGIO SAN JOSE SEDE B,2
16,BOGOTA D.C.,001,BOGOTA. D.C.,08,Zona 08,C7,COL. GUSTAVO ROJAS PINILLA SEDE B,2
16,BOGOTA D.C.,001,BOGOTA. D.C.,09,Zona 09,01,FONTIBON,58
16,BOGOTA D.C.,001,BOGOTA. D.C.,09,Zona 09,02,VILLEMAR,43
16,BOGOTA D.C.,001,BOGOTA. D.C.,09,Zona 09,03,HAYUELOS CENTRO COMERCIAL,47
16,BOGOTA D.C.,001,BOGOTA. D.C.,09,Zona 09,04,BELEN,36
16,BOGOTA D.C.,001,BOGOTA. D.C.,09,Zona 09,05,SAN PABLO LA PERLA,20
16,BOGOTA D.C.,001,BOGOTA. D.C.,09,Zona 09,06,VERSALLES,38
16,BOGOTA D.C.,001,BOGOTA. D.C.,09,Zona 09,07,VERACRUZ,30
16,BOGOTA D.C.,001,BOGOTA. D.C.,09,Zona 09,08,MODELIA SUR,23
16,BOGOTA D.C.,001,BOGOTA. D.C.,09,Zona 09,09,SANTA CECILIA - MODELIA,20
16,BOGOTA D.C.,001,BOGOTA. D.C.,09,Zona 09,10,CENTRO A,19
16,BOGOTA D.C.,001,BOGOTA. D.C.,09,Zona 09,11,LA LAGUNA,33
16,BOGOTA D.C.,001,BOGOTA. D.C.,09,Zona 09,12,BATAVIA,13
16,BOGOTA D.C.,001,BOGOTA. D.C.,09,Zona 09,13,LA GIRALDA,21
16,BOGOTA D.C.,001,BOGOTA. D.C.,09,Zona 09,14,PUERTA DE TEJA,7
16,BOGOTA D.C.,001,BOGOTA. D.C.,09,Zona 09,15,AGUSTINIANO SALITRE,26
16,BOGOTA D.C.,001,BOGOTA. D.C.,09,Zona 09,16,TRES ELEFANTES- LA ESPERANZA,14
16,BOGOTA D.C.,001,BOGOTA. D.C.,09,Zona 09,17,PUENTE GRANDE,11
16,BOGOTA D.C.,001,BOGOTA. D.C.,09,Zona 09,18,ZONA FRANCA,39
16,BOGOTA D.C.,001,BOGOTA. D.C.,09,Zona 09,19,RECODO,18
16,BOGOTA D.C.,001,BOGOTA. D.C.,09,Zona 09,20,SANTA TERESA CENTRO,12
16,BOGOTA D.C.,001,BOGOTA. D.C.,09,Zona 09,21,LA FELICIDAD,31
16,BOGOTA D.C.,001,BOGOTA. D.C.,09,Zona 09,22,NAVARRA MODELIA,12
16,BOGOTA D.C.,001,BOGOTA. D.C.,09,Zona 09,23,MODELIA REAL,22
16,BOGOTA D.C.,001,BOGOTA. D.C.,09,Zona 09,24,LA ALDEA,10
16,BOGOTA D.C.,001,BOGOTA. D.C.,09,Zona 09,25,VAN UDEN CALLE 13,6
16,BOGOTA D.C.,001,BOGOTA. D.C.,09,Zona 09,26,ATAHUALPA,25
16,BOGOTA D.C.,001,BOGOTA. D.C.,09,Zona 09,27,HAYUELOS JUMBO,30
16,BOGOTA D.C.,001,BOGOTA. D.C.,09,Zona 09,28,INTEGRADO SEDE B,5
16,BOGOTA D.C.,001,BOGOTA. D.C.,09,Zona 09,29,ACUNAR,12
16,BOGOTA D.C.,001,BOGOTA. D.C.,09,Zona 09,30,CASA PENSAMIENTO INTERCULTURAL,6
16,BOGOTA D.C.,001,BOGOTA. D.C.,09,Zona 09,31,COLEGIO LUIS ANGEL ARANGO,8
16,BOGOTA D.C.,001,BOGOTA. D.C.,09,Zona 09,32,FERROCAJA,4
16,BOGOTA D.C.,001,BOGOTA. D.C.,09,Zona 09,33,EL CHARCO,3
16,BOGOTA D.C.,001,BOGOTA. D.C.,09,Zona 09,34,MULTIPLAZA,40
16,BOGOTA D.C.,001,BOGOTA. D.C.,09,Zona 09,35,SALITRE PLAZA,72
16,BOGOTA D.C.,001,BOGOTA. D.C.,09,Zona 09,36,PABLO NERUDA,9
16,BOGOTA D.C.,001,BOGOTA. D.C.,09,Zona 09,37,CACIQUE HYNTIBA,8
16,BOGOTA D.C.,001,BOGOTA. D.C.,09,Zona 09,38,TRES ESTANCIAS,14
16,BOGOTA D.C.,001,BOGOTA. D.C.,09,Zona 09,39,SAN JOSE,5
16,BOGOTA D.C.,001,BOGOTA. D.C.,09,Zona 09,40,EL JARDIN,2
16,BOGOTA D.C.,001,BOGOTA. D.C.,09,Zona 09,41,CANCHA MULTIPLE FLORENCIA,6
16,BOGOTA D.C.,001,BOGOTA. D.C.,09,Zona 09,42,TREBOLIS,5
16,BOGOTA D.C.,001,BOGOTA. D.C.,09,Zona 09,43,SALON COMUNAL FERROCAJA,3
16,BOGOTA D.C.,001,BOGOTA. D.C.,09,Zona 09,44,COLEGIO SAN GABRIEL MODELIA,9
16,BOGOTA D.C.,001,BOGOTA. D.C.,09,Zona 09,45,GIMNASIO FIDEL CANO MODELIA,2
16,BOGOTA D.C.,001,BOGOTA. D.C.,09,Zona 09,46,INTEGRADO SEDE D PALESTINA,3
16,BOGOTA D.C.,001,BOGOTA. D.C.,09,Zona 09,47,IED MARIA J CANELONES,2
16,BOGOTA D.C.,001,BOGOTA. D.C.,09,Zona 09,48,SALON COMUNAL PUERTA DE TEJA,1
17,CHOCO,002,ATRATO (YUTO),99,Zona 99,10,ARENAL,1
17,CHOCO,002,ATRATO (YUTO),99,Zona 99,20,DOÑA JOSEFA,3
17,CHOCO,002,ATRATO (YUTO),99,Zona 99,30,LA MOLANA,2
17,CHOCO,002,ATRATO (YUTO),99,Zona 99,40,MOTOLDO,1
17,CHOCO,002,ATRATO (YUTO),99,Zona 99,45,PUENTE DE TANANDO,2
17,CHOCO,002,ATRATO (YUTO),99,Zona 99,50,SAMURINDO,3
17,CHOCO,002,ATRATO (YUTO),99,Zona 99,55,SAN MARTIN DE PURRE,1
17,CHOCO,002,ATRATO (YUTO),99,Zona 99,60,SAN JOSE DE PURRE,2
17,CHOCO,002,ATRATO (YUTO),99,Zona 99,70,REAL DE TANANDO,1
17,CHOCO,002,ATRATO (YUTO),00,Zona 00,00,PUESTO CABECERA MUNICIPAL,12
17,CHOCO,004,ACANDI,99,Zona 99,01,LA CALETA,1
17,CHOCO,004,ACANDI,99,Zona 99,03,CAPITAN,1
17,CHOCO,004,ACANDI,99,Zona 99,04,CAPURGANA,5
17,CHOCO,004,ACANDI,99,Zona 99,05,SAN MIGUEL,1
17,CHOCO,004,ACANDI,99,Zona 99,07,SANTA CRUZ DE CHUGANDI,1
17,CHOCO,004,ACANDI,99,Zona 99,09,SAPZURRO,2
17,CHOCO,004,ACANDI,99,Zona 99,14,PEÑALOZA,1
17,CHOCO,004,ACANDI,99,Zona 99,15,RUFINO,1
17,CHOCO,004,ACANDI,99,Zona 99,27,VILLA CLARET,2
17,CHOCO,004,ACANDI,00,Zona 00,00,PUESTO CABECERA MUNICIPAL,21
17,CHOCO,006,ALTO BAUDO (PIE DE PATO),99,Zona 99,02,APARTADO,1
17,CHOCO,006,ALTO BAUDO (PIE DE PATO),99,Zona 99,03,SANTA CATALINA DE CATRU,3
17,CHOCO,006,ALTO BAUDO (PIE DE PATO),99,Zona 99,04,BATATAL,1
17,CHOCO,006,ALTO BAUDO (PIE DE PATO),99,Zona 99,05,AMPARRAIDA,1
17,CHOCO,006,ALTO BAUDO (PIE DE PATO),99,Zona 99,06,CHIGORODO,1
17,CHOCO,006,ALTO BAUDO (PIE DE PATO),99,Zona 99,07,CHACHAJO,1
17,CHOCO,006,ALTO BAUDO (PIE DE PATO),99,Zona 99,08,AMPARRADO,1
17,CHOCO,006,ALTO BAUDO (PIE DE PATO),99,Zona 99,09,DIVISA,1
17,CHOCO,006,ALTO BAUDO (PIE DE PATO),99,Zona 99,10,DOCACINA,1
17,CHOCO,006,ALTO BAUDO (PIE DE PATO),99,Zona 99,11,DUBAZA (PUERTO ECHEVERRY),2
17,CHOCO,006,ALTO BAUDO (PIE DE PATO),99,Zona 99,12,DOMINICO (RIO AMPORA),1
17,CHOCO,006,ALTO BAUDO (PIE DE PATO),99,Zona 99,13,EL CEDRO,1
17,CHOCO,006,ALTO BAUDO (PIE DE PATO),99,Zona 99,14,EL SALTO (RIO AMPORA),1
17,CHOCO,006,ALTO BAUDO (PIE DE PATO),99,Zona 99,15,GEANDO,1
17,CHOCO,006,ALTO BAUDO (PIE DE PATO),99,Zona 99,16,GUINEO,1
17,CHOCO,006,ALTO BAUDO (PIE DE PATO),99,Zona 99,17,MIACORA,2
17,CHOCO,006,ALTO BAUDO (PIE DE PATO),99,Zona 99,18,IRUTO,1
17,CHOCO,006,ALTO BAUDO (PIE DE PATO),99,Zona 99,19,NAUCA,1
17,CHOCO,006,ALTO BAUDO (PIE DE PATO),99,Zona 99,20,SAN FRANCISCO DE CUGUCHO,1
17,CHOCO,006,ALTO BAUDO (PIE DE PATO),99,Zona 99,21,LAS DELICIAS,1
17,CHOCO,006,ALTO BAUDO (PIE DE PATO),99,Zona 99,22,LA FELICIA,1
17,CHOCO,006,ALTO BAUDO (PIE DE PATO),99,Zona 99,23,URUDO,1
17,CHOCO,006,ALTO BAUDO (PIE DE PATO),99,Zona 99,24,LA LOMA (RIO DUBASA),1
17,CHOCO,006,ALTO BAUDO (PIE DE PATO),99,Zona 99,25,MOJAUDO,1
17,CHOCO,006,ALTO BAUDO (PIE DE PATO),99,Zona 99,26,PAVARANDO,1
17,CHOCO,006,ALTO BAUDO (PIE DE PATO),99,Zona 99,27,RIO CUGUCHO,1
17,CHOCO,006,ALTO BAUDO (PIE DE PATO),99,Zona 99,28,YUCAL,1
17,CHOCO,006,ALTO BAUDO (PIE DE PATO),99,Zona 99,29,SANTA MARIA DE CONDOTO,1
17,CHOCO,006,ALTO BAUDO (PIE DE PATO),99,Zona 99,30,PUERTO LIBIA ( TRIPICAY),1
17,CHOCO,006,ALTO BAUDO (PIE DE PATO),99,Zona 99,31,UYABA (RIO ANCOSO),1
17,CHOCO,006,ALTO BAUDO (PIE DE PATO),99,Zona 99,32,PUNTO CAIMITO (RIO CATRU),1
17,CHOCO,006,ALTO BAUDO (PIE DE PATO),99,Zona 99,33,BOCA DE LEON,1
17,CHOCO,006,ALTO BAUDO (PIE DE PATO),99,Zona 99,34,DIVISA RIO NAUCA,1
17,CHOCO,006,ALTO BAUDO (PIE DE PATO),99,Zona 99,35,BAGRERA,1
17,CHOCO,006,ALTO BAUDO (PIE DE PATO),99,Zona 99,40,BELLAVISTA (DUBAZA),2
17,CHOCO,006,ALTO BAUDO (PIE DE PATO),99,Zona 99,50,EL MORRO,1
17,CHOCO,006,ALTO BAUDO (PIE DE PATO),99,Zona 99,70,PLAYITA (RIO CATRU),1
17,CHOCO,006,ALTO BAUDO (PIE DE PATO),99,Zona 99,80,PUERTO ALEGRE (NAUCA),1
17,CHOCO,006,ALTO BAUDO (PIE DE PATO),99,Zona 99,81,VACAL,1
17,CHOCO,006,ALTO BAUDO (PIE DE PATO),99,Zona 99,85,PUERTO PALACIOS,1
17,CHOCO,006,ALTO BAUDO (PIE DE PATO),99,Zona 99,86,AGUA CLARA,1
17,CHOCO,006,ALTO BAUDO (PIE DE PATO),99,Zona 99,87,PUERTO ANGEL,1
17,CHOCO,006,ALTO BAUDO (PIE DE PATO),00,Zona 00,00,PUESTO CABECERA MUNICIPAL,6
17,CHOCO,007,BAGADO,99,Zona 99,01,AGUASAL,5
17,CHOCO,007,BAGADO,99,Zona 99,05,DABAIBE,2
17,CHOCO,007,BAGADO,99,Zona 99,09,ENGRIVADO,1
17,CHOCO,007,BAGADO,99,Zona 99,12,LA CANAL,1
17,CHOCO,007,BAGADO,99,Zona 99,13,LA SIERRA,1
17,CHOCO,007,BAGADO,99,Zona 99,14,PESCADITO,2
17,CHOCO,007,BAGADO,99,Zona 99,15,PIEDRA HONDA,2
17,CHOCO,007,BAGADO,99,Zona 99,16,PLAYA BONITA,1
17,CHOCO,007,BAGADO,99,Zona 99,17,SAN MARINO,2
17,CHOCO,007,BAGADO,99,Zona 99,18,MUCHICHI,1
17,CHOCO,007,BAGADO,99,Zona 99,90,VIVICORA (BOCA DE VIVICORA),2
17,CHOCO,007,BAGADO,00,Zona 00,00,PUESTO CABECERA MUNICIPAL,10
17,CHOCO,008,BAHIA SOLANO (MUTIS),99,Zona 99,03,CUPICA,3
17,CHOCO,008,BAHIA SOLANO (MUTIS),99,Zona 99,07,EL VALLE,7
17,CHOCO,008,BAHIA SOLANO (MUTIS),99,Zona 99,23,MECANA,1
17,CHOCO,008,BAHIA SOLANO (MUTIS),99,Zona 99,29,NABUGA,1
17,CHOCO,008,BAHIA SOLANO (MUTIS),99,Zona 99,35,HUACA,1
17,CHOCO,008,BAHIA SOLANO (MUTIS),99,Zona 99,50,HUINA,1
17,CHOCO,008,BAHIA SOLANO (MUTIS),00,Zona 00,00,PUESTO CABECERA MUNICIPAL,15
17,CHOCO,010,BAJO BAUDO (PIZARRO),99,Zona 99,05,BELEN DE DOCAMPADO,4
17,CHOCO,010,BAJO BAUDO (PIZARRO),99,Zona 99,17,CUEVITA,1
17,CHOCO,010,BAJO BAUDO (PIZARRO),99,Zona 99,21,DOTENEDO,1
17,CHOCO,010,BAJO BAUDO (PIZARRO),99,Zona 99,25,GUINEAL,2
17,CHOCO,010,BAJO BAUDO (PIZARRO),99,Zona 99,29,HIJUA (PUERTO ABADIA),1
17,CHOCO,010,BAJO BAUDO (PIZARRO),99,Zona 99,37,ORPUA,2
17,CHOCO,010,BAJO BAUDO (PIZARRO),99,Zona 99,39,PAVAZA,1
17,CHOCO,010,BAJO BAUDO (PIZARRO),99,Zona 99,43,PILIZA,2
17,CHOCO,010,BAJO BAUDO (PIZARRO),99,Zona 99,44,USARAGA,1
17,CHOCO,010,BAJO BAUDO (PIZARRO),99,Zona 99,47,PUNTA DE PURRICHA,2
17,CHOCO,010,BAJO BAUDO (PIZARRO),99,Zona 99,51,PUERTO MELUK (PACIFICO),1
17,CHOCO,010,BAJO BAUDO (PIZARRO),99,Zona 99,53,PURRICHA (PUERTO REYES),2
17,CHOCO,010,BAJO BAUDO (PIZARRO),99,Zona 99,61,SIVIRU,3
17,CHOCO,010,BAJO BAUDO (PIZARRO),99,Zona 99,62,SAN AGUSTIN (TERRON),2
17,CHOCO,010,BAJO BAUDO (PIZARRO),99,Zona 99,65,VIRUDO,3
17,CHOCO,010,BAJO BAUDO (PIZARRO),99,Zona 99,90,VILLA COLOMBIA  MOCHADO,5
17,CHOCO,010,BAJO BAUDO (PIZARRO),00,Zona 00,00,PUESTO CABECERA MUNICIPAL,12
17,CHOCO,011,BOJAYA (BELLAVISTA),99,Zona 99,01,BOJAYA O LA LOMA,4
17,CHOCO,011,BOJAYA (BELLAVISTA),99,Zona 99,05,ISLA DE LOS PALACIOS,1
17,CHOCO,011,BOJAYA (BELLAVISTA),99,Zona 99,06,LA BOBA,1
17,CHOCO,011,BOJAYA (BELLAVISTA),99,Zona 99,10,ALFONSO LOPEZ (PUERTO MARTINE,1
17,CHOCO,011,BOJAYA (BELLAVISTA),99,Zona 99,11,EL TIGRE,1
17,CHOCO,011,BOJAYA (BELLAVISTA),99,Zona 99,12,MESOPOTAMIA,1
17,CHOCO,011,BOJAYA (BELLAVISTA),99,Zona 99,13,NAPIPI,3
17,CHOCO,011,BOJAYA (BELLAVISTA),99,Zona 99,15,OPOGADO,1
17,CHOCO,011,BOJAYA (BELLAVISTA),99,Zona 99,17,POGUE,2
17,CHOCO,011,BOJAYA (BELLAVISTA),99,Zona 99,20,PUERTO CONTO,3
17,CHOCO,011,BOJAYA (BELLAVISTA),99,Zona 99,23,SAN JOSE DE LA CALLE,1
17,CHOCO,011,BOJAYA (BELLAVISTA),99,Zona 99,25,PIEDRA CANDELA,1
17,CHOCO,011,BOJAYA (BELLAVISTA),99,Zona 99,32,VERACRUZ,1
17,CHOCO,011,BOJAYA (BELLAVISTA),99,Zona 99,33,CHANO,1
17,CHOCO,011,BOJAYA (BELLAVISTA),99,Zona 99,34,MOJAUDO,1
17,CHOCO,011,BOJAYA (BELLAVISTA),99,Zona 99,35,SALINAS,1
17,CHOCO,011,BOJAYA (BELLAVISTA),99,Zona 99,36,CHARCOGALLO,1
17,CHOCO,011,BOJAYA (BELLAVISTA),99,Zona 99,37,PUNTO CEDRO,1
17,CHOCO,011,BOJAYA (BELLAVISTA),99,Zona 99,38,PUERTO ANTIOQUIA,1
17,CHOCO,011,BOJAYA (BELLAVISTA),99,Zona 99,39,PEÑITAS,1
17,CHOCO,011,BOJAYA (BELLAVISTA),99,Zona 99,40,UNION CUITI,1
17,CHOCO,011,BOJAYA (BELLAVISTA),99,Zona 99,41,UNION BAQUIAZA,1
17,CHOCO,011,BOJAYA (BELLAVISTA),99,Zona 99,42,AMPARRADO,1
17,CHOCO,011,BOJAYA (BELLAVISTA),00,Zona 00,00,PUESTO CABECERA MUNICIPAL,5
17,CHOCO,012,MEDIO ATRATO (BETE),99,Zona 99,12,BOCA DE AME,2
17,CHOCO,012,MEDIO ATRATO (BETE),99,Zona 99,14,BOCA DE BEBARA,2
17,CHOCO,012,MEDIO ATRATO (BETE),99,Zona 99,16,CAMPO ALEGRE,1
17,CHOCO,012,MEDIO ATRATO (BETE),99,Zona 99,28,EL LLANO DE BEBARAMA,3
17,CHOCO,012,MEDIO ATRATO (BETE),99,Zona 99,30,EL LLANO DE BEBARA,3
17,CHOCO,012,MEDIO ATRATO (BETE),99,Zona 99,45,SAN ANTONIO DE BUEY (CAMPO SA,2
17,CHOCO,012,MEDIO ATRATO (BETE),99,Zona 99,50,SAN JOSE DE BUEY,2
17,CHOCO,012,MEDIO ATRATO (BETE),99,Zona 99,55,SAN ROQUE,2
17,CHOCO,012,MEDIO ATRATO (BETE),99,Zona 99,60,TANGUI,3
17,CHOCO,012,MEDIO ATRATO (BETE),00,Zona 00,00,PUESTO CABECERA MUNICIPAL,6
17,CHOCO,013,CONDOTO,99,Zona 99,01,ACOSO,1
17,CHOCO,013,CONDOTO,99,Zona 99,03,LA FLORIDA,1
17,CHOCO,013,CONDOTO,99,Zona 99,04,LA MURIÑA,1
17,CHOCO,013,CONDOTO,99,Zona 99,05,OPOGODO,3
17,CHOCO,013,CONDOTO,99,Zona 99,06,MANDINGA,2
17,CHOCO,013,CONDOTO,99,Zona 99,08,LA PLANTA,1
17,CHOCO,013,CONDOTO,99,Zona 99,09,SANTA ANA,2
17,CHOCO,013,CONDOTO,99,Zona 99,15,CONSUELO (ANDRAPEDA),1
17,CHOCO,013,CONDOTO,99,Zona 99,19,EL PASO,1
17,CHOCO,013,CONDOTO,99,Zona 99,20,JIGUALITO,1
17,CHOCO,013,CONDOTO,99,Zona 99,21,TAJUATO,1
17,CHOCO,013,CONDOTO,99,Zona 99,28,LA HILARIA,1
17,CHOCO,013,CONDOTO,99,Zona 99,30,LA UNION,1
17,CHOCO,013,CONDOTO,00,Zona 00,00,PUESTO CABECERA MUNICIPAL,25
17,CHOCO,014,CERTEGUI,99,Zona 99,20,LA TOMA,1
17,CHOCO,014,CERTEGUI,99,Zona 99,30,PARECITO,1
17,CHOCO,014,CERTEGUI,99,Zona 99,35,PAREDES,1
17,CHOCO,014,CERTEGUI,99,Zona 99,60,VARIANTE DE CERTEGUI,2
17,CHOCO,014,CERTEGUI,00,Zona 00,00,PUESTO CABECERA MUNICIPAL,13
17,CHOCO,015,CARMEN DEL DARIEN,99,Zona 99,15,BRISAS,7
17,CHOCO,015,CARMEN DEL DARIEN,99,Zona 99,20,COSTA DE ORO,1
17,CHOCO,015,CARMEN DEL DARIEN,99,Zona 99,30,DOMINGODO,4
17,CHOCO,015,CARMEN DEL DARIEN,99,Zona 99,40,SAN JOSE DE GENGADO,2
17,CHOCO,015,CARMEN DEL DARIEN,99,Zona 99,50,LA GRANDE,1
17,CHOCO,015,CARMEN DEL DARIEN,99,Zona 99,60,PUERTO LLERAS,1
17,CHOCO,015,CARMEN DEL DARIEN,99,Zona 99,70,TURRIQUITADO,1
17,CHOCO,015,CARMEN DEL DARIEN,99,Zona 99,75,VIGIA DE CURBARADO,1
17,CHOCO,015,CARMEN DEL DARIEN,99,Zona 99,80,VILLA NUEVA DE MONTAÑO,2
17,CHOCO,015,CARMEN DEL DARIEN,99,Zona 99,85,NO HAY COMO DIOS,3
17,CHOCO,015,CARMEN DEL DARIEN,99,Zona 99,90,CETINO,2
17,CHOCO,015,CARMEN DEL DARIEN,99,Zona 99,95,EL GUAMO,2
17,CHOCO,015,CARMEN DEL DARIEN,99,Zona 99,96,CENTRO JIGUA,1
17,CHOCO,015,CARMEN DEL DARIEN,99,Zona 99,97,ALTO GUAYABAL,1
17,CHOCO,015,CARMEN DEL DARIEN,99,Zona 99,98,NUEVA ESPERANZA,2
17,CHOCO,015,CARMEN DEL DARIEN,99,Zona 99,99,CAÑO MONTERIA,1
17,CHOCO,015,CARMEN DEL DARIEN,00,Zona 00,00,PUESTO CABECERA MUNICIPAL,7
17,CHOCO,016,EL CARMEN,99,Zona 99,01,EL PIÑON,2
17,CHOCO,016,EL CARMEN,99,Zona 99,05,GUADUAS,1
17,CHOCO,016,EL CARMEN,99,Zona 99,09,LA MANSA,1
17,CHOCO,016,EL CARMEN,99,Zona 99,13,LA PLAYA (EL 18),1
17,CHOCO,016,EL CARMEN,00,Zona 00,00,PUESTO CABECERA MUNICIPAL,18
17,CHOCO,017,EL CANTON DEL SAN PABLO (MAN.,99,Zona 99,10,LA VICTORIA,1
17,CHOCO,017,EL CANTON DEL SAN PABLO (MAN.,99,Zona 99,15,TARIDO,2
17,CHOCO,017,EL CANTON DEL SAN PABLO (MAN.,99,Zona 99,20,PUERTO PERVEL,4
17,CHOCO,017,EL CANTON DEL SAN PABLO (MAN.,99,Zona 99,30,BOCA DE RASPADURA,1
17,CHOCO,017,EL CANTON DEL SAN PABLO (MAN.,99,Zona 99,45,GUAPANDO,1
17,CHOCO,017,EL CANTON DEL SAN PABLO (MAN.,00,Zona 00,00,PUESTO CABECERA MUNICIPAL,10
17,CHOCO,019,ISTMINA,98,Zona 98,01,CARCEL,1
17,CHOCO,019,ISTMINA,99,Zona 99,03,BASURU,2
17,CHOCO,019,ISTMINA,99,Zona 99,05,BOCA DE LUIS,1
17,CHOCO,019,ISTMINA,99,Zona 99,07,DIPURDU DE LOS INDIOS,1
17,CHOCO,019,ISTMINA,99,Zona 99,10,GUINIGUINI,1
17,CHOCO,019,ISTMINA,99,Zona 99,15,GUAMO,1
17,CHOCO,019,ISTMINA,99,Zona 99,19,LAS MOJARRAS,1
17,CHOCO,019,ISTMINA,99,Zona 99,23,NEGRIA,1
17,CHOCO,019,ISTMINA,99,Zona 99,28,PAITO,1
17,CHOCO,019,ISTMINA,99,Zona 99,35,PANAMACITO,1
17,CHOCO,019,ISTMINA,99,Zona 99,37,PRIMAVERA,2
17,CHOCO,019,ISTMINA,99,Zona 99,40,POTEDO,2
17,CHOCO,019,ISTMINA,99,Zona 99,41,SALAZAR,2
17,CHOCO,019,ISTMINA,99,Zona 99,50,SURUCO SANTA MONICA,1
17,CHOCO,019,ISTMINA,99,Zona 99,55,SAN ANTONIO,2
17,CHOCO,019,ISTMINA,99,Zona 99,60,SURUCO SAN JOSE,1
17,CHOCO,019,ISTMINA,99,Zona 99,80,UNION CHOCO,1
17,CHOCO,019,ISTMINA,99,Zona 99,85,PUERTO OLAVE,1
17,CHOCO,019,ISTMINA,99,Zona 99,90,SAN CRISTOBAL,1
17,CHOCO,019,ISTMINA,00,Zona 00,00,PUESTO CABECERA MUNICIPAL,56
17,CHOCO,022,JURADO,99,Zona 99,19,PUNTA ARDITA,1
17,CHOCO,022,JURADO,99,Zona 99,70,PUNTA DE CRUCES (PIÑITA),1
17,CHOCO,022,JURADO,00,Zona 00,00,PUESTO CABECERA MUNICIPAL,11
17,CHOCO,025,LLORO,99,Zona 99,01,CHAGRATADA (BOCA DE BORAUDO),3
17,CHOCO,025,LLORO,99,Zona 99,03,GUAITADO,1
17,CHOCO,025,LLORO,99,Zona 99,04,LA PLAYA,1
17,CHOCO,025,LLORO,99,Zona 99,05,LA VUELTA,1
17,CHOCO,025,LLORO,99,Zona 99,09,LAS HAMACAS (TAPERA),1
17,CHOCO,025,LLORO,99,Zona 99,13,MUMBARADO (VILLA CLARET),3
17,CHOCO,025,LLORO,99,Zona 99,17,TUMUTUMBUDO,1
17,CHOCO,025,LLORO,99,Zona 99,19,NIPURDU,1
17,CHOCO,025,LLORO,99,Zona 99,80,VILLANUEVA,1
17,CHOCO,025,LLORO,00,Zona 00,00,PUESTO CABECERA MUNICIPAL,18
17,CHOCO,026,MEDIO BAUDO (PUERTO MELUK),99,Zona 99,01,ALMENDRO,1
17,CHOCO,026,MEDIO BAUDO (PUERTO MELUK),99,Zona 99,02,BAUDOCITO (SAN MIGUEL),1
17,CHOCO,026,MEDIO BAUDO (PUERTO MELUK),99,Zona 99,04,BAUDOCITO PUERTO OLIVA,2
17,CHOCO,026,MEDIO BAUDO (PUERTO MELUK),99,Zona 99,07,BERIGUADO,1
17,CHOCO,026,MEDIO BAUDO (PUERTO MELUK),99,Zona 99,10,BOCA DE PEPE,3
17,CHOCO,026,MEDIO BAUDO (PUERTO MELUK),99,Zona 99,11,COCAL ALTO CURUNDO,1
17,CHOCO,026,MEDIO BAUDO (PUERTO MELUK),99,Zona 99,15,GUADUALITO,1
17,CHOCO,026,MEDIO BAUDO (PUERTO MELUK),99,Zona 99,16,LA AURORA,1
17,CHOCO,026,MEDIO BAUDO (PUERTO MELUK),99,Zona 99,19,CURUNDO (LA BANCA),2
17,CHOCO,026,MEDIO BAUDO (PUERTO MELUK),99,Zona 99,20,RIO SIERPE (STA CECILIA),1
17,CHOCO,026,MEDIO BAUDO (PUERTO MELUK),99,Zona 99,25,TORREIDO DE ABAJO BOCA DE QUERA,2
17,CHOCO,026,MEDIO BAUDO (PUERTO MELUK),99,Zona 99,30,UNION MISARA,2
17,CHOCO,026,MEDIO BAUDO (PUERTO MELUK),99,Zona 99,38,BELLAVISTA BERREBERRE,1
17,CHOCO,026,MEDIO BAUDO (PUERTO MELUK),99,Zona 99,41,PIE DE PEPE,4
17,CHOCO,026,MEDIO BAUDO (PUERTO MELUK),99,Zona 99,60,NUEVO PLATANARES,1
17,CHOCO,026,MEDIO BAUDO (PUERTO MELUK),99,Zona 99,64,TORREIDO DE ARRIBA (ARENAL),2
17,CHOCO,026,MEDIO BAUDO (PUERTO MELUK),99,Zona 99,72,TORREIDO DE ARRIBA (PTO.DAN),2
17,CHOCO,026,MEDIO BAUDO (PUERTO MELUK),00,Zona 00,00,PUESTO CABECERA MUNICIPAL,9
17,CHOCO,028,NOVITA,99,Zona 99,01,EL CAJON,1
17,CHOCO,028,NOVITA,99,Zona 99,02,CARMEN DEL SURAMA,1
17,CHOCO,028,NOVITA,99,Zona 99,03,CURUNDO,1
17,CHOCO,028,NOVITA,99,Zona 99,04,EL TAMBITO,1
17,CHOCO,028,NOVITA,99,Zona 99,05,EL TIGRE,2
17,CHOCO,028,NOVITA,99,Zona 99,07,IRABUBU,1
17,CHOCO,028,NOVITA,99,Zona 99,09,JUNTAS DEL TAMANA,2
17,CHOCO,028,NOVITA,99,Zona 99,13,PINDAZA,2
17,CHOCO,028,NOVITA,99,Zona 99,16,SAN LORENZO,1
17,CHOCO,028,NOVITA,99,Zona 99,17,SANTA ROSA,1
17,CHOCO,028,NOVITA,99,Zona 99,21,SESEGO,1
17,CHOCO,028,NOVITA,99,Zona 99,25,TORRA,1
17,CHOCO,028,NOVITA,99,Zona 99,29,URABARA,2
17,CHOCO,028,NOVITA,00,Zona 00,00,PUESTO CABECERA MUNICIPAL,9
17,CHOCO,031,NUQUI,99,Zona 99,01,ARUSI,2
17,CHOCO,031,NUQUI,99,Zona 99,09,COQUI,1
17,CHOCO,031,NUQUI,99,Zona 99,15,JOVI,1
17,CHOCO,031,NUQUI,99,Zona 99,17,JURUBIDA,4
17,CHOCO,031,NUQUI,99,Zona 99,29,PANGUI,2
17,CHOCO,031,NUQUI,99,Zona 99,33,TRIBUGA,1
17,CHOCO,031,NUQUI,99,Zona 99,34,TERMALES,1
17,CHOCO,031,NUQUI,00,Zona 00,00,PUESTO CABECERA MUNICIPAL,12
17,CHOCO,032,RIO IRO,99,Zona 99,01,ALTO CHATO,1
17,CHOCO,032,RIO IRO,99,Zona 99,03,CALLE DEL CEDRO,1
17,CHOCO,032,RIO IRO,99,Zona 99,05,CORORO,1
17,CHOCO,032,RIO IRO,99,Zona 99,07,ENCHARCAZON,2
17,CHOCO,032,RIO IRO,99,Zona 99,11,SAN JOSE DE VIROVIRO,2
17,CHOCO,032,RIO IRO,99,Zona 99,13,SANTA BARBARA,2
17,CHOCO,032,RIO IRO,99,Zona 99,20,TADOCITICO,1
17,CHOCO,032,RIO IRO,99,Zona 99,30,CURUBA,1
17,CHOCO,032,RIO IRO,99,Zona 99,40,EL BUEY,1
17,CHOCO,032,RIO IRO,00,Zona 00,00,PUESTO CABECERA MUNICIPAL,7
17,CHOCO,034,RIOSUCIO,99,Zona 99,02,CACARICAS (GUAGARA),1
17,CHOCO,034,RIOSUCIO,99,Zona 99,04,CHINTADO,1
17,CHOCO,034,RIOSUCIO,99,Zona 99,07,BOCACHICA,1
17,CHOCO,034,RIOSUCIO,99,Zona 99,08,LOS MANGUITOS,2
17,CHOCO,034,RIOSUCIO,99,Zona 99,11,LA ISLETA,2
17,CHOCO,034,RIOSUCIO,99,Zona 99,12,LIMON CACARICA,1
17,CHOCO,034,RIOSUCIO,99,Zona 99,13,LA HONDA,1
17,CHOCO,034,RIOSUCIO,99,Zona 99,14,LA RAYA,1
17,CHOCO,034,RIOSUCIO,99,Zona 99,15,LA TERESITA,1
17,CHOCO,034,RIOSUCIO,99,Zona 99,16,LA TRAVESIA,1
17,CHOCO,034,RIOSUCIO,99,Zona 99,17,PEDEGUITA,1
17,CHOCO,034,RIOSUCIO,99,Zona 99,20,PERANCHITO,1
17,CHOCO,034,RIOSUCIO,99,Zona 99,21,SALAQUI,1
17,CHOCO,034,RIOSUCIO,99,Zona 99,22,SAN JOSE DE BALSA(LA COQUERA),1
17,CHOCO,034,RIOSUCIO,99,Zona 99,25,SAUTATA (PERANCHO),1
17,CHOCO,034,RIOSUCIO,99,Zona 99,26,TAMBORAL,1
17,CHOCO,034,RIOSUCIO,99,Zona 99,27,TRUANDO,1
17,CHOCO,034,RIOSUCIO,99,Zona 99,29,SIETE DE AGOSTO,3
17,CHOCO,034,RIOSUCIO,99,Zona 99,31,EL DIEZ,2
17,CHOCO,034,RIOSUCIO,99,Zona 99,60,RIOSIEGO,1
17,CHOCO,034,RIOSUCIO,99,Zona 99,61,LA PUNTA,1
17,CHOCO,034,RIOSUCIO,99,Zona 99,62,EL ABIERTO,1
17,CHOCO,034,RIOSUCIO,99,Zona 99,63,NUEVO HORIZONTE (EL DIQUE),1
17,CHOCO,034,RIOSUCIO,99,Zona 99,64,JAGUAL,1
17,CHOCO,034,RIOSUCIO,00,Zona 00,00,PUESTO CABECERA MUNICIPAL,23
17,CHOCO,035,RIO QUITO (PAIMADO),99,Zona 99,07,ANTADO (LA PUNTA),1
17,CHOCO,035,RIO QUITO (PAIMADO),99,Zona 99,14,BOCA DE PARTADO,1
17,CHOCO,035,RIO QUITO (PAIMADO),99,Zona 99,20,CHIGUARANDO,1
17,CHOCO,035,RIO QUITO (PAIMADO),99,Zona 99,21,CHIVIGUIDO,1
17,CHOCO,035,RIO QUITO (PAIMADO),99,Zona 99,25,LA SOLEDAD,2
17,CHOCO,035,RIO QUITO (PAIMADO),99,Zona 99,30,LA LOMA PUEBLO NUEVO,2
17,CHOCO,035,RIO QUITO (PAIMADO),99,Zona 99,42,SAN ISIDRO,4
17,CHOCO,035,RIO QUITO (PAIMADO),99,Zona 99,47,TUADO,1
17,CHOCO,035,RIO QUITO (PAIMADO),99,Zona 99,53,VILLACONTO,5
17,CHOCO,035,RIO QUITO (PAIMADO),99,Zona 99,57,RESGUARDO INDIGENA DEL RIO PATO GENGADO,1
17,CHOCO,035,RIO QUITO (PAIMADO),00,Zona 00,00,PUESTO CABECERA MUNICIPAL,6
17,CHOCO,037,SAN JOSE DEL PALMAR,99,Zona 99,02,CORCOBADO,1
17,CHOCO,037,SAN JOSE DEL PALMAR,99,Zona 99,03,LA ITALIA,3
17,CHOCO,037,SAN JOSE DEL PALMAR,99,Zona 99,07,DAMASCO,1
17,CHOCO,037,SAN JOSE DEL PALMAR,99,Zona 99,08,HABITA,1
17,CHOCO,037,SAN JOSE DEL PALMAR,99,Zona 99,09,SAN PEDRO DE INGARA,1
17,CHOCO,037,SAN JOSE DEL PALMAR,99,Zona 99,11,LA ALBANIA,1
17,CHOCO,037,SAN JOSE DEL PALMAR,99,Zona 99,14,LA SELVA,1
17,CHOCO,037,SAN JOSE DEL PALMAR,99,Zona 99,16,LA LIBERTAD,1
17,CHOCO,037,SAN JOSE DEL PALMAR,99,Zona 99,18,LOS PATIOS,1
17,CHOCO,037,SAN JOSE DEL PALMAR,99,Zona 99,19,SURAMITA,1
17,CHOCO,037,SAN JOSE DEL PALMAR,99,Zona 99,21,PLAYA RICA DE LA SELVA,1
17,CHOCO,037,SAN JOSE DEL PALMAR,99,Zona 99,23,VALENCIA,1
17,CHOCO,037,SAN JOSE DEL PALMAR,99,Zona 99,28,ZABALETA DE SURAMITA,1
17,CHOCO,037,SAN JOSE DEL PALMAR,00,Zona 00,00,PUESTO CABECERA MUNICIPAL,6
17,CHOCO,038,EL LITORAL DEL SAN JUAN,99,Zona 99,10,CHARAMBIRA,1
17,CHOCO,038,EL LITORAL DEL SAN JUAN,99,Zona 99,20,COPOMA,1
17,CHOCO,038,EL LITORAL DEL SAN JUAN,99,Zona 99,30,CUCURRUPI,2
17,CHOCO,038,EL LITORAL DEL SAN JUAN,99,Zona 99,35,EL PAPAYO,1
17,CHOCO,038,EL LITORAL DEL SAN JUAN,99,Zona 99,40,ISLA MONO,2
17,CHOCO,038,EL LITORAL DEL SAN JUAN,99,Zona 99,45,LOS PEREA,1
17,CHOCO,038,EL LITORAL DEL SAN JUAN,99,Zona 99,50,MUNGUIDO,2
17,CHOCO,038,EL LITORAL DEL SAN JUAN,99,Zona 99,60,PALESTINA,2
17,CHOCO,038,EL LITORAL DEL SAN JUAN,99,Zona 99,65,PEÑITAS,1
17,CHOCO,038,EL LITORAL DEL SAN JUAN,99,Zona 99,70,PICHIMA,1
17,CHOCO,038,EL LITORAL DEL SAN JUAN,99,Zona 99,75,PLAYITA - VENAO,1
17,CHOCO,038,EL LITORAL DEL SAN JUAN,99,Zona 99,79,SANTA MARIA DE PANGALA,1
17,CHOCO,038,EL LITORAL DEL SAN JUAN,99,Zona 99,80,TAPARAL,2
17,CHOCO,038,EL LITORAL DEL SAN JUAN,99,Zona 99,81,UNION BALSALITO,1
17,CHOCO,038,EL LITORAL DEL SAN JUAN,99,Zona 99,82,BRAZO DE FATIMA,1
17,CHOCO,038,EL LITORAL DEL SAN JUAN,99,Zona 99,83,NUEVA JERUSALEN,1
17,CHOCO,038,EL LITORAL DEL SAN JUAN,99,Zona 99,84,RIO TOGOROMA,1
17,CHOCO,038,EL LITORAL DEL SAN JUAN,99,Zona 99,90,TOGOROMA,1
17,CHOCO,038,EL LITORAL DEL SAN JUAN,99,Zona 99,91,CHAGPIEN,1
17,CHOCO,038,EL LITORAL DEL SAN JUAN,99,Zona 99,92,GUACHAL CORRIENTE DE PALO,1
17,CHOCO,038,EL LITORAL DEL SAN JUAN,99,Zona 99,93,TAPARALITO,1
17,CHOCO,038,EL LITORAL DEL SAN JUAN,99,Zona 99,94,NUEVO PITALITO,1
17,CHOCO,038,EL LITORAL DEL SAN JUAN,99,Zona 99,95,PANGALITA,1
17,CHOCO,038,EL LITORAL DEL SAN JUAN,99,Zona 99,96,RIO PICHIMA,1
17,CHOCO,038,EL LITORAL DEL SAN JUAN,99,Zona 99,97,BURUJON,1
17,CHOCO,038,EL LITORAL DEL SAN JUAN,99,Zona 99,98,LAS DELICIAS,1
17,CHOCO,038,EL LITORAL DEL SAN JUAN,99,Zona 99,99,UNION WAIMIA,1
17,CHOCO,038,EL LITORAL DEL SAN JUAN,99,Zona 99,A1,GUACHAL,1
17,CHOCO,038,EL LITORAL DEL SAN JUAN,99,Zona 99,A2,CHAGPIEN TOLDO,1
17,CHOCO,038,EL LITORAL DEL SAN JUAN,99,Zona 99,A3,BUENA VISTA,1
17,CHOCO,038,EL LITORAL DEL SAN JUAN,00,Zona 00,00,PUESTO CABECERA MUNICIPAL,8
17,CHOCO,040,SIPI,99,Zona 99,01,CAÑAVERAL,1
17,CHOCO,040,SIPI,99,Zona 99,03,CHARCO LARGO LA UNION,2
17,CHOCO,040,SIPI,99,Zona 99,05,SANTA ROSA(GARRAPATAS),1
17,CHOCO,040,SIPI,99,Zona 99,07,LOMA DE CHUPEY,1
17,CHOCO,040,SIPI,99,Zona 99,09,SAN AGUSTIN,2
17,CHOCO,040,SIPI,99,Zona 99,11,TANANDO,1
17,CHOCO,040,SIPI,99,Zona 99,13,BARRANCON(TAPARAL),1
17,CHOCO,040,SIPI,00,Zona 00,00,PUESTO CABECERA MUNICIPAL,3
17,CHOCO,043,TADO,99,Zona 99,01,CARMELO,2
17,CHOCO,043,TADO,99,Zona 99,03,EL TABOR,3
17,CHOCO,043,TADO,99,Zona 99,04,BETANIA,1
17,CHOCO,043,TADO,99,Zona 99,07,CORCOBADO,1
17,CHOCO,043,TADO,99,Zona 99,09,EL TAPON,2
17,CHOCO,043,TADO,99,Zona 99,13,GUARATO,2
17,CHOCO,043,TADO,99,Zona 99,19,MANUNGARA,1
17,CHOCO,043,TADO,99,Zona 99,21,CASA COMUNITARIA MUMBU,1
17,CHOCO,043,TADO,99,Zona 99,25,PLAYA DE ORO,4
17,CHOCO,043,TADO,99,Zona 99,29,PROFUNDO,1
17,CHOCO,043,TADO,99,Zona 99,35,LA ESPERANZA (TADOCITO),1
17,CHOCO,043,TADO,99,Zona 99,40,GINGARABA,1
17,CHOCO,043,TADO,00,Zona 00,00,PUESTO CABECERA MUNICIPAL,29
17,CHOCO,048,UNGUIA,99,Zona 99,05,BALBOA,3
17,CHOCO,048,UNGUIA,99,Zona 99,10,GILGAL,4
17,CHOCO,048,UNGUIA,99,Zona 99,19,SANTA MARIA LA NUEVA (CUTI),3
17,CHOCO,048,UNGUIA,99,Zona 99,24,TANELA - CENTRO,4
17,CHOCO,048,UNGUIA,99,Zona 99,29,TITUMATE,2
17,CHOCO,048,UNGUIA,00,Zona 00,00,PUESTO CABECERA MUNICIPAL,17
17,CHOCO,060,UNION PANAMERICANA (LAS ANIMAS,99,Zona 99,20,EL PLAN DE RASPADURA,3
17,CHOCO,060,UNION PANAMERICANA (LAS ANIMAS,99,Zona 99,45,LA Y,2
17,CHOCO,060,UNION PANAMERICANA (LAS ANIMAS,99,Zona 99,60,QUIADO,1
17,CHOCO,060,UNION PANAMERICANA (LAS ANIMAS,99,Zona 99,68,SAN RAFAEL DEL DOS,3
17,CHOCO,060,UNION PANAMERICANA (LAS ANIMAS,99,Zona 99,70,SALERO,1
17,CHOCO,060,UNION PANAMERICANA (LAS ANIMAS,99,Zona 99,72,SAN PABLO ADENTRO,2
17,CHOCO,060,UNION PANAMERICANA (LAS ANIMAS,00,Zona 00,00,PUESTO CABECERA MUNICIPAL,10
17,CHOCO,082,NUEVO BELEN DE BAJIRA,99,Zona 99,01,BELLA VISTA TUMARADOCITO (PEÑITAS),1
17,CHOCO,082,NUEVO BELEN DE BAJIRA,99,Zona 99,02,BLANQUICET,2
17,CHOCO,082,NUEVO BELEN DE BAJIRA,99,Zona 99,03,CAMPO ALEGRE (ALTO RIOSUCIO),6
17,CHOCO,082,NUEVO BELEN DE BAJIRA,99,Zona 99,04,CUCHILLO BLANCO,2
17,CHOCO,082,NUEVO BELEN DE BAJIRA,99,Zona 99,05,LA LOMA (LA LARGA),1
17,CHOCO,082,NUEVO BELEN DE BAJIRA,99,Zona 99,06,LLANO RICO,3
17,CHOCO,082,NUEVO BELEN DE BAJIRA,99,Zona 99,07,MACONDO,2
17,CHOCO,082,NUEVO BELEN DE BAJIRA,99,Zona 99,08,NUEVO ORIENTE,2
17,CHOCO,082,NUEVO BELEN DE BAJIRA,99,Zona 99,09,PLAYA ROJA,4
17,CHOCO,082,NUEVO BELEN DE BAJIRA,99,Zona 99,10,SANTO DOMINGO (VENECIA),1
17,CHOCO,082,NUEVO BELEN DE BAJIRA,00,Zona 00,00,CABECERA MUNICIPAL - IE BELEN DE BAJIRA,17
17,CHOCO,027,MEDIO SAN JUAN,99,Zona 99,03,BEBEDO,2
17,CHOCO,027,MEDIO SAN JUAN,99,Zona 99,05,BOCA DE SURUCO,2
17,CHOCO,027,MEDIO SAN JUAN,99,Zona 99,07,CHIQUICHOQUI,1
17,CHOCO,027,MEDIO SAN JUAN,99,Zona 99,09,DIPURDU,3
17,CHOCO,027,MEDIO SAN JUAN,99,Zona 99,11,EL GUAMO,1
17,CHOCO,027,MEDIO SAN JUAN,99,Zona 99,12,EL TIGRE,1
17,CHOCO,027,MEDIO SAN JUAN,99,Zona 99,15,LA UNION,1
17,CHOCO,027,MEDIO SAN JUAN,99,Zona 99,17,NOANAMA,3
17,CHOCO,027,MEDIO SAN JUAN,99,Zona 99,19,PAIMADO LA RANCHA,1
17,CHOCO,027,MEDIO SAN JUAN,99,Zona 99,20,SAN JERONIMO,1
17,CHOCO,027,MEDIO SAN JUAN,99,Zona 99,21,SAN MARTIN (GUARAPITO),2
17,CHOCO,027,MEDIO SAN JUAN,99,Zona 99,23,SAN MIGUEL,2
17,CHOCO,027,MEDIO SAN JUAN,99,Zona 99,24,UNION WOUNAN,1
17,CHOCO,027,MEDIO SAN JUAN,00,Zona 00,01,PUESTO CABECERA MUNICIPAL,7
17,CHOCO,027,MEDIO SAN JUAN,00,Zona 00,02,INSTITUCION EDUCATIVA JOAQUIN URRUTIA,1
17,CHOCO,001,QUIBDO,90,Zona 90,01,MEGA COLEGIO MIA,10
17,CHOCO,001,QUIBDO,98,Zona 98,01,CARCEL ANAYANCY,1
17,CHOCO,001,QUIBDO,99,Zona 99,01,ALTAGRACIA,1
17,CHOCO,001,QUIBDO,99,Zona 99,04,BARRANCO,1
17,CHOCO,001,QUIBDO,99,Zona 99,05,BELLALUZ,1
17,CHOCO,001,QUIBDO,99,Zona 99,06,EL JAGUO (ALTO MUNGUIDO),1
17,CHOCO,001,QUIBDO,99,Zona 99,10,BOCA DE TANANDO,1
17,CHOCO,001,QUIBDO,99,Zona 99,15,PACURITA,1
17,CHOCO,001,QUIBDO,99,Zona 99,16,BOCA DE NAURITA,1
17,CHOCO,001,QUIBDO,99,Zona 99,17,CALAHORRA,1
17,CHOCO,001,QUIBDO,99,Zona 99,19,CAMPOBONITO,1
17,CHOCO,001,QUIBDO,99,Zona 99,21,GUARANDO,1
17,CHOCO,001,QUIBDO,99,Zona 99,22,GUADALUPE,1
17,CHOCO,001,QUIBDO,99,Zona 99,23,GUAYABAL,1
17,CHOCO,001,QUIBDO,99,Zona 99,24,SAN FRANCISCO DE ICHO,2
17,CHOCO,001,QUIBDO,99,Zona 99,25,EL TAMBO,1
17,CHOCO,001,QUIBDO,99,Zona 99,26,GITRADO,1
17,CHOCO,001,QUIBDO,99,Zona 99,28,STA LUCIA DEL FUERTE,1
17,CHOCO,001,QUIBDO,99,Zona 99,29,LAS MERCEDES,1
17,CHOCO,001,QUIBDO,99,Zona 99,30,SAN PEDRO CLAVER (MOJAUDO),1
17,CHOCO,001,QUIBDO,99,Zona 99,31,LA TROJE,1
17,CHOCO,001,QUIBDO,99,Zona 99,32,VILLA DEL ROSARIO,1
17,CHOCO,001,QUIBDO,99,Zona 99,33,SAN RAFAEL DE NEGUA,1
17,CHOCO,001,QUIBDO,99,Zona 99,35,BOCA DE NEMOTA,1
17,CHOCO,001,QUIBDO,99,Zona 99,38,SAN ANTONIO DE ICHO(PTO MURILLO),1
17,CHOCO,001,QUIBDO,99,Zona 99,40,SANCENO,1
17,CHOCO,001,QUIBDO,99,Zona 99,45,TAGACHI,2
17,CHOCO,001,QUIBDO,99,Zona 99,51,TUTUNENDO,5
17,CHOCO,001,QUIBDO,99,Zona 99,75,WINANDO,1
17,CHOCO,001,QUIBDO,01,Zona 01,01,COLEGIO PEDRO GRAU AROLA,18
17,CHOCO,001,QUIBDO,01,Zona 01,02,COLEGIO MANUEL CAÑIZALES,32
17,CHOCO,001,QUIBDO,01,Zona 01,03,IE ARMANDO LUNA ROA,24
17,CHOCO,001,QUIBDO,01,Zona 01,04,I.E. MIA JORGE VALENCIA LOZANO,2
17,CHOCO,001,QUIBDO,01,Zona 01,05,ESCUELA EL REPOSO,5
17,CHOCO,001,QUIBDO,01,Zona 01,06,IE ANTONIO MARIA CLARET SEDE MIRAFLORES,4
17,CHOCO,001,QUIBDO,01,Zona 01,07,ANEXA IE PEDRO GRAU Y AROLA B. OBRERO,2
17,CHOCO,001,QUIBDO,02,Zona 02,01,I.E.CARRASQUILLA INDUSTRIAL,30
17,CHOCO,001,QUIBDO,02,Zona 02,02,IE GIMNASIO DE EDUCACION MEDIA,23
17,CHOCO,001,QUIBDO,02,Zona 02,03,COL DEPTAL JOSE DEL CARMEN CUESTA,15
17,CHOCO,001,QUIBDO,03,Zona 03,01,ESCUELA NORMAL SUPERIOR DE QUIBDO,12
17,CHOCO,001,QUIBDO,03,Zona 03,02,UNIVERSIDAD TECNOLOGICA,38
17,CHOCO,001,QUIBDO,03,Zona 03,03,ESCUELA MELVIN JHON,14
17,CHOCO,001,QUIBDO,03,Zona 03,04,SEDE ESC. ANEXA AL CARRASQUILLA INDUS.,3
17,CHOCO,001,QUIBDO,03,Zona 03,05,IE ANTONIO RICAURTE SEDE ANEXA,2
17,CHOCO,001,QUIBDO,03,Zona 03,06,COLISEO CUBIERTO DE QUIBDO,3
19,HUILA,004,ACEVEDO,99,Zona 99,01,SAN ADOLFO,13
19,HUILA,004,ACEVEDO,99,Zona 99,70,SAN MARCOS,5
19,HUILA,004,ACEVEDO,99,Zona 99,71,I.E. SAN ISIDRO SEDE EL CARMEN,2
19,HUILA,004,ACEVEDO,99,Zona 99,72,I.E JOSE ACEVEDO IGOMEZ SEDE PUBLO VIEJO,1
19,HUILA,004,ACEVEDO,99,Zona 99,73,I.E MARTICAS,1
19,HUILA,004,ACEVEDO,00,Zona 00,00,PUESTO CABECERA MUNICIPAL,47
19,HUILA,007,AGRADO,99,Zona 99,10,LA ONDINA,1
19,HUILA,007,AGRADO,00,Zona 00,00,PUESTO CABECERA MUNICIPAL,23
19,HUILA,010,AIPE,99,Zona 99,01,PRAGA,2
19,HUILA,010,AIPE,99,Zona 99,07,LA CEJA,3
19,HUILA,010,AIPE,99,Zona 99,09,POTRERITOS,1
19,HUILA,010,AIPE,99,Zona 99,10,SANTA RITA,4
19,HUILA,010,AIPE,99,Zona 99,50,PATA,1
19,HUILA,010,AIPE,00,Zona 00,00,PUESTO CABECERA MUNICIPAL,39
19,HUILA,013,ALGECIRAS,99,Zona 99,01,EL PARAISO,4
19,HUILA,013,ALGECIRAS,99,Zona 99,03,EL TORO,3
19,HUILA,013,ALGECIRAS,99,Zona 99,05,LA ARCADIA,3
19,HUILA,013,ALGECIRAS,00,Zona 00,00,PUESTO CABECERA MUNICIPAL,45
19,HUILA,016,ALTAMIRA,00,Zona 00,00,PUESTO CABECERA MUNICIPAL,11
19,HUILA,019,BARAYA,99,Zona 99,01,LA TROJA,1
19,HUILA,019,BARAYA,99,Zona 99,02,LA BATALLA,1
19,HUILA,019,BARAYA,99,Zona 99,03,LOS LAURELES,1
19,HUILA,019,BARAYA,99,Zona 99,04,PATIA,1
19,HUILA,019,BARAYA,99,Zona 99,50,MIRAMAR,1
19,HUILA,019,BARAYA,00,Zona 00,00,PUESTO CABECERA MUNICIPAL,15
19,HUILA,025,TESALIA (CARNICERIAS),99,Zona 99,05,PACARNI,6
19,HUILA,025,TESALIA (CARNICERIAS),00,Zona 00,00,PUESTO CABECERA MUNICIPAL,20
19,HUILA,028,COLOMBIA,99,Zona 99,01,MONGUI,1
19,HUILA,028,COLOMBIA,99,Zona 99,02,LOS RIOS,1
19,HUILA,028,COLOMBIA,99,Zona 99,03,POTREROGRANDE,1
19,HUILA,028,COLOMBIA,99,Zona 99,04,SAN MARCOS,1
19,HUILA,028,COLOMBIA,99,Zona 99,05,SANTA ANA,3
19,HUILA,028,COLOMBIA,99,Zona 99,40,LAS LAJAS,2
19,HUILA,028,COLOMBIA,99,Zona 99,70,SAN ANTONIO ALTO,1
19,HUILA,028,COLOMBIA,00,Zona 00,00,PUESTO CABECERA MUNICIPAL,12
19,HUILA,031,ELIAS,99,Zona 99,01,EL VISO,2
19,HUILA,031,ELIAS,99,Zona 99,50,ORITOGUAZ,2
19,HUILA,031,ELIAS,00,Zona 00,00,PUESTO CABECERA MUNICIPAL,9
19,HUILA,037,GIGANTE,99,Zona 99,01,SILVANIA,12
19,HUILA,037,GIGANTE,99,Zona 99,03,LA GRAN VIA (CACHAYA),5
19,HUILA,037,GIGANTE,99,Zona 99,05,POTRERILLOS,5
19,HUILA,037,GIGANTE,99,Zona 99,09,RIOLORO,2
19,HUILA,037,GIGANTE,99,Zona 99,32,VUELTAS ARRIBA,2
19,HUILA,037,GIGANTE,00,Zona 00,00,PUESTO CABECERA MUNICIPAL,37
19,HUILA,040,GUADALUPE,99,Zona 99,12,MIRAFLORES,6
19,HUILA,040,GUADALUPE,99,Zona 99,70,RESINA,2
19,HUILA,040,GUADALUPE,00,Zona 00,00,PUESTO CABECERA MUNICIPAL,36
19,HUILA,043,HOBO,99,Zona 99,01,VEREDA EL ESTORACAL,1
19,HUILA,043,HOBO,00,Zona 00,00,PUESTO CABECERA MUNICIPAL,19
19,HUILA,046,IQUIRA,99,Zona 99,30,SAN LUIS,2
19,HUILA,046,IQUIRA,99,Zona 99,50,VALENCIA DE LA PAZ,4
19,HUILA,046,IQUIRA,99,Zona 99,70,RIO NEGRO,7
19,HUILA,046,IQUIRA,00,Zona 00,00,PUESTO CABECERA MUNICIPAL,12
19,HUILA,047,LA ARGENTINA (PLATA VIEJA),99,Zona 99,05,EL PENSIL,2
19,HUILA,047,LA ARGENTINA (PLATA VIEJA),00,Zona 00,00,PUESTO CABECERA MUNICIPAL,36
19,HUILA,050,NATAGA,99,Zona 99,23,PATIO BONITO,2
19,HUILA,050,NATAGA,00,Zona 00,00,PUESTO CABECERA MUNICIPAL,14
19,HUILA,051,OPORAPA,99,Zona 99,08,EL CARMEN,4
19,HUILA,051,OPORAPA,99,Zona 99,14,ESCUELA ALTO SAN FRANCISCO,1
19,HUILA,051,OPORAPA,99,Zona 99,70,SAN ROQUE,4
19,HUILA,051,OPORAPA,00,Zona 00,00,PUESTO CABECERA MUNICIPAL,19
19,HUILA,052,PAICOL,99,Zona 99,01,VEREDA ALTO SAN MIGUEL,1
19,HUILA,052,PAICOL,00,Zona 00,00,PUESTO CABECERA MUNICIPAL,16
19,HUILA,055,PALERMO,99,Zona 99,01,CENTRO POBLADO BETANIA,3
19,HUILA,055,PALERMO,99,Zona 99,02,EL JUNCAL,8
19,HUILA,055,PALERMO,99,Zona 99,03,NILO,2
19,HUILA,055,PALERMO,99,Zona 99,04,IE SANTA ROSALIA SD EL CARMEN,1
19,HUILA,055,PALERMO,99,Zona 99,05,IE OSPINA PEREZ - SEDE SECUNDARIA,3
19,HUILA,055,PALERMO,99,Zona 99,06,IE SANTA ROSALIA SEDE JUNTAS,1
19,HUILA,055,PALERMO,99,Zona 99,07,IE SANTA ROSALIA,3
19,HUILA,055,PALERMO,99,Zona 99,08,SAN JUAN,2
19,HUILA,055,PALERMO,99,Zona 99,30,PRADERAS DE AMBORCO,5
19,HUILA,055,PALERMO,00,Zona 00,00,PUESTO CABECERA MUNICIPAL,39
19,HUILA,056,PALESTINA,99,Zona 99,01,IE EL TABOR,1
19,HUILA,056,PALESTINA,00,Zona 00,00,PUESTO CABECERA MUNICIPAL,30
19,HUILA,058,PITAL,99,Zona 99,05,CARMELO,1
19,HUILA,058,PITAL,99,Zona 99,40,EL SOCORRO,3
19,HUILA,058,PITAL,00,Zona 00,00,PUESTO CABECERA MUNICIPAL,27
19,HUILA,064,RIVERA,98,Zona 98,01,CARCEL,1
19,HUILA,064,RIVERA,99,Zona 99,50,SALON COMUNAL LA ULLOA,7
19,HUILA,064,RIVERA,99,Zona 99,75,RIVERITA,3
19,HUILA,064,RIVERA,99,Zona 99,76,I.E RIO FRIO,3
19,HUILA,064,RIVERA,99,Zona 99,77,SALON COMUNAL EL GUADUAL,1
19,HUILA,064,RIVERA,00,Zona 00,00,PUESTO CABECERA MUNICIPAL,45
19,HUILA,067,SALADOBLANCO,99,Zona 99,03,VEREDA LAS PITAS,1
19,HUILA,067,SALADOBLANCO,99,Zona 99,05,LA CABAÑA,4
19,HUILA,067,SALADOBLANCO,99,Zona 99,11,MORELIA,4
19,HUILA,067,SALADOBLANCO,00,Zona 00,00,PUESTO CABECERA MUNICIPAL,24
19,HUILA,070,SAN AGUSTIN,99,Zona 99,01,VILLA FATIMA,2
19,HUILA,070,SAN AGUSTIN,99,Zona 99,05,OBANDO,4
19,HUILA,070,SAN AGUSTIN,99,Zona 99,06,PRADERA,2
19,HUILA,070,SAN AGUSTIN,99,Zona 99,07,PUERTO QUINCHANA,2
19,HUILA,070,SAN AGUSTIN,99,Zona 99,09,EL ALTO DEL OBISPO,5
19,HUILA,070,SAN AGUSTIN,99,Zona 99,12,EL PALMAR,3
19,HUILA,070,SAN AGUSTIN,99,Zona 99,15,EL ROSARIO,3
19,HUILA,070,SAN AGUSTIN,99,Zona 99,20,LOS CAUCHOS,7
19,HUILA,070,SAN AGUSTIN,00,Zona 00,00,PUESTO CABECERA MUNICIPAL,56
19,HUILA,074,SANTA MARIA,99,Zona 99,35,EL SOCORRO,1
19,HUILA,074,SANTA MARIA,99,Zona 99,50,SAN JOAQUIN,3
19,HUILA,074,SANTA MARIA,00,Zona 00,00,PUESTO CABECERA MUNICIPAL,23
19,HUILA,076,SUAZA,99,Zona 99,40,I.E. GALLARDO,6
19,HUILA,076,SUAZA,99,Zona 99,60,GUAYABAL,5
19,HUILA,076,SUAZA,00,Zona 00,00,PUESTO CABECERA MUNICIPAL,37
19,HUILA,079,TARQUI,99,Zona 99,01,MAITO,5
19,HUILA,079,TARQUI,99,Zona 99,02,LA ESMERALDA,2
19,HUILA,079,TARQUI,99,Zona 99,03,EL VERGEL,5
19,HUILA,079,TARQUI,99,Zona 99,40,QUITURO,4
19,HUILA,079,TARQUI,99,Zona 99,60,RICABRISA,4
19,HUILA,079,TARQUI,00,Zona 00,00,PUESTO CABECERA MUNICIPAL,21
19,HUILA,082,TELLO,99,Zona 99,01,ANACLETO GARCIA,4
19,HUILA,082,TELLO,99,Zona 99,02,EL CEDRAL,1
19,HUILA,082,TELLO,99,Zona 99,03,LA SIERRA DEL GRAMAL,2
19,HUILA,082,TELLO,99,Zona 99,05,SAN ANDRES,8
19,HUILA,082,TELLO,99,Zona 99,70,SIERRA DE LA CAÑADA,1
19,HUILA,082,TELLO,00,Zona 00,00,IE LA ASUNCION SD FRANCISCO MIRANDA,18
19,HUILA,085,TERUEL,99,Zona 99,30,EL ALMORZADERO,1
19,HUILA,085,TERUEL,00,Zona 00,00,PUESTO CABECERA MUNICIPAL,19
19,HUILA,088,TIMANA,99,Zona 99,13,COSANZA,2
19,HUILA,088,TIMANA,99,Zona 99,50,NARANJAL,5
19,HUILA,088,TIMANA,99,Zona 99,51,I.E. PANTANOS,2
19,HUILA,088,TIMANA,00,Zona 00,00,PUESTO CABECERA MUNICIPAL,42
19,HUILA,091,VILLAVIEJA,99,Zona 99,01,POTOSI,1
19,HUILA,091,VILLAVIEJA,99,Zona 99,03,LA VICTORIA,6
19,HUILA,091,VILLAVIEJA,99,Zona 99,05,SAN ALFONSO,3
19,HUILA,091,VILLAVIEJA,99,Zona 99,08,HATO NUEVO,2
19,HUILA,091,VILLAVIEJA,00,Zona 00,00,PUESTO CABECERA MUNICIPAL,10
19,HUILA,094,YAGUARA,99,Zona 99,50,LETRAN,1
19,HUILA,094,YAGUARA,00,Zona 00,00,PUESTO CABECERA MUNICIPAL,20
19,HUILA,044,ISNOS,99,Zona 99,01,BAJO JUNIN,2
19,HUILA,044,ISNOS,99,Zona 99,02,CIENAGA GRANDE,1
19,HUILA,044,ISNOS,99,Zona 99,05,EL SALTO DE BORDONES,4
19,HUILA,044,ISNOS,99,Zona 99,18,SAN VICENTE,2
19,HUILA,044,ISNOS,00,Zona 00,01,PUESTO CABECERA MUNICIPAL,41
19,HUILA,044,ISNOS,00,Zona 00,02,CENTRO MULTICULTURAL,18
19,HUILA,001,NEIVA,90,Zona 90,01,IE DPTAL TIERRA DE PROMISION,17
19,HUILA,001,NEIVA,99,Zona 99,01,VEGALARGA,6
19,HUILA,001,NEIVA,99,Zona 99,02,RIO LAS CEIBAS,2
19,HUILA,001,NEIVA,99,Zona 99,03,CAGUAN,16
19,HUILA,001,NEIVA,99,Zona 99,04,FORTALECILLAS,8
19,HUILA,001,NEIVA,99,Zona 99,05,GUACIRCO,4
19,HUILA,001,NEIVA,99,Zona 99,06,SAN LUIS,4
19,HUILA,001,NEIVA,99,Zona 99,07,CHAPINERO,2
19,HUILA,001,NEIVA,99,Zona 99,08,AIPECITO,3
19,HUILA,001,NEIVA,99,Zona 99,09,SAN ANTONIO DE ANACONIA,2
19,HUILA,001,NEIVA,99,Zona 99,10,PUESTO DE SALUD VEREDA PALESTINA,1
19,HUILA,001,NEIVA,01,Zona 01,01,I.E. PROMOCION SOCIAL,41
19,HUILA,001,NEIVA,01,Zona 01,02,I.E. INEM,38
19,HUILA,001,NEIVA,01,Zona 01,03,I.E. SAN MIGUEL ARCANGEL,25
19,HUILA,001,NEIVA,01,Zona 01,04,ESCUELA LOS PINOS,20
19,HUILA,001,NEIVA,01,Zona 01,05,CASETA COMUNAL PRADO NORTE,5
19,HUILA,001,NEIVA,01,Zona 01,06,I.E. LUIS IGNACIO ANDRADE,12
19,HUILA,001,NEIVA,01,Zona 01,07,I.E. MARIA CRISTINA ARANGO,30
19,HUILA,001,NEIVA,01,Zona 01,08,I.E. GUSTAVO TORRES PARRA CLARETIANO,11
19,HUILA,001,NEIVA,02,Zona 02,01,I.E.  NACIONAL SANTA LIBRADA,30
19,HUILA,001,NEIVA,02,Zona 02,02,I.E. TECNICO SUPERIOR,29
19,HUILA,001,NEIVA,02,Zona 02,03,ESCUELA GABINO CHARRY,12
19,HUILA,001,NEIVA,03,Zona 03,01,IE CEINAR,14
19,HUILA,001,NEIVA,03,Zona 03,02,ESCUELA LOS MARTIRES,8
19,HUILA,001,NEIVA,03,Zona 03,03,COL.SALESIANO SAN MEDARDO,23
19,HUILA,001,NEIVA,03,Zona 03,04,ESCUELA ORIENTE,8
19,HUILA,001,NEIVA,03,Zona 03,05,I.E. ANGEL MARIA PAREDES,10
19,HUILA,001,NEIVA,03,Zona 03,06,I.E. RICARDO BORRERO ALVAREZ,19
19,HUILA,001,NEIVA,03,Zona 03,07,FAC.DE MEDICINA USCO.,13
19,HUILA,001,NEIVA,03,Zona 03,08,ESCUELA FRANCISCA BORRERO,2
19,HUILA,001,NEIVA,04,Zona 04,01,ESCUELA GUILLERMO MONTENEGRO,19
19,HUILA,001,NEIVA,04,Zona 04,02,I.E. JOSE EUSTACIO RIVERA,38
19,HUILA,001,NEIVA,04,Zona 04,03,I.E. EL LIMONAR,27
19,HUILA,001,NEIVA,04,Zona 04,04,I.E. OLIVERIO LARA BORRERO,46
19,HUILA,001,NEIVA,04,Zona 04,05,I.E. RODRIGO LARA BONILLA  MEGACOLEGIO,35
19,HUILA,001,NEIVA,04,Zona 04,06,ESCUELA EL ROSARIO,8
19,HUILA,001,NEIVA,04,Zona 04,07,IE AGUSTIN CODAZZI,6
19,HUILA,001,NEIVA,04,Zona 04,08,INS. TECN. Y ACADEMICO SCOUT JOSE MARTI,6
19,HUILA,001,NEIVA,04,Zona 04,09,IE ATANASIO GIRARDOT,5
19,HUILA,001,NEIVA,05,Zona 05,01,ESCUELA CALIXTO LEIVA,13
19,HUILA,001,NEIVA,05,Zona 05,02,IE SANTA TERESA SD JORGE VILLAMIL C.,16
19,HUILA,001,NEIVA,05,Zona 05,03,I.E. ESCUELA NORMAL SUPERIOR DE NEIVA,22
19,HUILA,001,NEIVA,05,Zona 05,04,I.E. IPC ANDRES ROSAS,40
19,HUILA,001,NEIVA,05,Zona 05,05,ESCUELA POPULAR CLARETIANA,4
19,HUILA,001,NEIVA,05,Zona 05,06,I.E. JUAN DE CABRERA SD SUR ORIENTE,6
19,HUILA,001,NEIVA,05,Zona 05,07,ESCUELA RAFAEL AZUERO MANCHOLA,3
19,HUILA,001,NEIVA,05,Zona 05,08,IE JUAN DE CABRERA SEDE PRINCIPAL,5
19,HUILA,001,NEIVA,06,Zona 06,01,IE GABRIEL GARCIA MARQUEZ,21
19,HUILA,001,NEIVA,06,Zona 06,02,I.E. EDUARDO SANTOS,28
19,HUILA,001,NEIVA,06,Zona 06,03,ESCUELA LAS PALMAS,25
19,HUILA,001,NEIVA,06,Zona 06,04,IE  ENRIQUE OLAYA HERRERA,18
19,HUILA,001,NEIVA,06,Zona 06,05,IE HUMBERTO TAFUR CHARRY,24
19,HUILA,001,NEIVA,06,Zona 06,06,IE MISAEL PASTRANA BORRERO,10
19,HUILA,001,NEIVA,06,Zona 06,07,ESCUELA HUMBERTO TAFUR,7
19,HUILA,022,CAMPOALEGRE,99,Zona 99,60,ESCUELA OTAS,2
19,HUILA,022,CAMPOALEGRE,99,Zona 99,61,ESCUELA SEDE LA VEGA,1
19,HUILA,022,CAMPOALEGRE,01,Zona 01,01,I.E. EUGENIO FERRO FALLA,29
19,HUILA,022,CAMPOALEGRE,01,Zona 01,02,CTRO. DOCENTE CENTRAL MIXTA,11
19,HUILA,022,CAMPOALEGRE,02,Zona 02,01,I.E. JOSE HILARIO LOPEZ,10
19,HUILA,022,CAMPOALEGRE,02,Zona 02,02,CTRO DOCENTE ENCARNACION SALAS DE MOTTA,15
19,HUILA,022,CAMPOALEGRE,02,Zona 02,03,CENTRO DE INTEGRACION CIUDADANA,10
19,HUILA,034,GARZON,90,Zona 90,01,COLEGIO COOPERATIVO,13
19,HUILA,034,GARZON,98,Zona 98,01,CARCEL LAS MERCEDES,1
19,HUILA,034,GARZON,99,Zona 99,01,EL RECREO,2
19,HUILA,034,GARZON,99,Zona 99,02,EL PARAISO,8
19,HUILA,034,GARZON,99,Zona 99,03,CAGUANCITO,5
19,HUILA,034,GARZON,99,Zona 99,04,EL MESON,5
19,HUILA,034,GARZON,99,Zona 99,05,LA JAGUA,4
19,HUILA,034,GARZON,99,Zona 99,06,EL DESCANSO,2
19,HUILA,034,GARZON,99,Zona 99,07,IE MAJO,2
19,HUILA,034,GARZON,99,Zona 99,08,IE SAN GERARDO,2
19,HUILA,034,GARZON,99,Zona 99,09,SAN ANTONIO DEL PESCADO,8
19,HUILA,034,GARZON,99,Zona 99,10,IE SANTA MARTA,2
19,HUILA,034,GARZON,99,Zona 99,13,ZULUAGA,14
19,HUILA,034,GARZON,99,Zona 99,18,PROVIDENCIA,3
19,HUILA,034,GARZON,01,Zona 01,01,JENARO DIAZ JORDAN,21
19,HUILA,034,GARZON,01,Zona 01,02,POLIDEPORTIVO PLAZA DE MERCADO,23
19,HUILA,034,GARZON,01,Zona 01,03,IE BARRIOS UNIDOS,17
19,HUILA,034,GARZON,01,Zona 01,04,JENARO DIAZ JORDAN SEDE 20 DE JULIO,2
19,HUILA,034,GARZON,02,Zona 02,01,UN. SUR COLOMBIANA,16
19,HUILA,034,GARZON,02,Zona 02,02,IE SIMON BOLIVAR,22
19,HUILA,034,GARZON,02,Zona 02,03,MEG LUIS CALIXTO LEIVA,7
19,HUILA,049,LA PLATA,90,Zona 90,01,COL. NACIONAL SAN SEBASTIAN,13
19,HUILA,049,LA PLATA,98,Zona 98,01,CARCEL,1
19,HUILA,049,LA PLATA,99,Zona 99,01,BELEN,11
19,HUILA,049,LA PLATA,99,Zona 99,03,GALLEGO,6
19,HUILA,049,LA PLATA,99,Zona 99,09,MONSERRATE,5
19,HUILA,049,LA PLATA,99,Zona 99,13,COL.TEC. AGROPECUARIO MARGARITA LEGARDA,1
19,HUILA,049,LA PLATA,99,Zona 99,15,SAN ANDRES,2
19,HUILA,049,LA PLATA,99,Zona 99,16,SAN VICENTE,5
19,HUILA,049,LA PLATA,99,Zona 99,17,VILLA LOSADA,3
19,HUILA,049,LA PLATA,01,Zona 01,01,I.E. EL JARDIN,7
19,HUILA,049,LA PLATA,01,Zona 01,02,IE MISAEL PASTRANA BORRERO,16
19,HUILA,049,LA PLATA,01,Zona 01,03,IE SAN JOSE,14
19,HUILA,049,LA PLATA,01,Zona 01,04,IE SAN ANTONIO,9
19,HUILA,049,LA PLATA,02,Zona 02,01,IE PEDRO MARIA RAMIREZ,18
19,HUILA,049,LA PLATA,02,Zona 02,02,IE SAN RAFAEL,14
19,HUILA,049,LA PLATA,02,Zona 02,03,IE LUIS CARLOS TRUJILLO POLANCO,12
19,HUILA,061,PITALITO,90,Zona 90,01,COLISEO CUBIERTO,12
19,HUILA,061,PITALITO,98,Zona 98,01,CARCEL,1
19,HUILA,061,PITALITO,99,Zona 99,01,IE MPAL JOSE EUSTASIO RIVERA-SD PPAL,40
19,HUILA,061,PITALITO,99,Zona 99,02,I.E MPAL CHILLURCO,8
19,HUILA,061,PITALITO,99,Zona 99,03,I.E. MPAL GUACACALLO,9
19,HUILA,061,PITALITO,99,Zona 99,04,IE JOSE EUSTACIO RIVERA-SD BOMBONAL,1
19,HUILA,061,PITALITO,99,Zona 99,05,SD JUNTA DE ACC. COMUNAL CGTO LA LAGUNA,6
19,HUILA,061,PITALITO,99,Zona 99,06,IE MUNICIPAL VILLA FATIMA - SD PRINCIPAL,1
19,HUILA,061,PITALITO,99,Zona 99,07,I.E. MPAL CRIOLLO,14
19,HUILA,061,PITALITO,99,Zona 99,09,IE MPAL CRIOLLO-SD PALMAR DE CRIOLLO,1
19,HUILA,061,PITALITO,99,Zona 99,10,I.E. MPAL PALMARITO,6
19,HUILA,061,PITALITO,99,Zona 99,11,IE MPAL DOMINGO SAVIO-CABAÑA VENECIA,1
19,HUILA,061,PITALITO,99,Zona 99,12,IE MPAL WINNIPEG-SD CHARGUAYACO,1
19,HUILA,061,PITALITO,99,Zona 99,15,REGUEROS,7
19,HUILA,061,PITALITO,99,Zona 99,20,CHARGUAYACO,11
19,HUILA,061,PITALITO,99,Zona 99,21,IE MPAL LICEO SUR ANDINO SEDE HIGUERON,2
19,HUILA,061,PITALITO,99,Zona 99,22,IE MPAL MONTESSORI SEDE SAN FRANCISCO,2
19,HUILA,061,PITALITO,99,Zona 99,23,IE MPAL NACIONAL SEDE AGUADAS,2
19,HUILA,061,PITALITO,01,Zona 01,01,IE MPAL ESCUELA NORMAL SUPERIOR,18
19,HUILA,061,PITALITO,01,Zona 01,02,IE MPAL NACIONAL,23
19,HUILA,061,PITALITO,01,Zona 01,03,IE MPAL ESC.NORMAL SUP.-SD RODRIGO LARA,7
19,HUILA,061,PITALITO,01,Zona 01,04,IE MPAL MONTESSORI-SD MARIA MONTESSORI,14
19,HUILA,061,PITALITO,01,Zona 01,05,IE MPAL HUMBERTO MUÑOZ-SD NOGALES,13
19,HUILA,061,PITALITO,01,Zona 01,06,IE MPAL HUMBERTO MUÑOZ ORDOÑEZ SD PPAL,15
19,HUILA,061,PITALITO,01,Zona 01,07,C.I.C. VENECIA,7
19,HUILA,061,PITALITO,01,Zona 01,08,IE MPAL ESC NORMAL SUP SD AGUSTIN SIER,3
19,HUILA,061,PITALITO,01,Zona 01,09,IE MPAL NAC. SD NELSON CARVAJAL CARVAJAL,3
19,HUILA,061,PITALITO,02,Zona 02,01,COL.LA PRESENTACION,20
19,HUILA,061,PITALITO,02,Zona 02,02,IE MPAL LICEO SUR ANDINO-SD PRINCIPAL,19
19,HUILA,061,PITALITO,02,Zona 02,03,I.E.WINNIPEG,15
19,HUILA,061,PITALITO,02,Zona 02,04,IE MPAL NAC.- SD EDUC. VICTOR M. MENESES,10
19,HUILA,061,PITALITO,02,Zona 02,05,I.E. MPAL MONTESSORI,22
19,HUILA,061,PITALITO,02,Zona 02,06,IE MPAL WINNIPEG-  SD LIBERTADOR,5
19,HUILA,061,PITALITO,02,Zona 02,07,IE MPAL HUMBERTO MUÑOZ SD VICTOR CORTES,1
19,HUILA,061,PITALITO,02,Zona 02,08,IE MPAL MONTESSORI SEDE ANTONIO NARIÑO,5
19,HUILA,061,PITALITO,02,Zona 02,09,IE MPAL LICEO SUR AND.-SD JESUS M BASTO,1
21,MAGDALENA,008,ALGARROBO,99,Zona 99,10,BELLAVISTA,2
21,MAGDALENA,008,ALGARROBO,99,Zona 99,20,RIOMAR,1
21,MAGDALENA,008,ALGARROBO,99,Zona 99,30,LA ESTACION LLERAS,2
21,MAGDALENA,008,ALGARROBO,99,Zona 99,35,LOMA DE BALSAMO,5
21,MAGDALENA,008,ALGARROBO,00,Zona 00,00,PUESTO CABECERA MUNICIPAL,25
21,MAGDALENA,013,CERRO DE SAN ANTONIO,99,Zona 99,05,CANDELARIA,4
21,MAGDALENA,013,CERRO DE SAN ANTONIO,99,Zona 99,09,CONCEPCION (COCOSOLO),3
21,MAGDALENA,013,CERRO DE SAN ANTONIO,99,Zona 99,21,PUERTO NIÑO,3
21,MAGDALENA,013,CERRO DE SAN ANTONIO,99,Zona 99,30,JESUS DEL MONTE,2
21,MAGDALENA,013,CERRO DE SAN ANTONIO,00,Zona 00,00,PUESTO CABECERA MUNICIPAL,16
21,MAGDALENA,015,CHIVOLO,99,Zona 99,10,EL PLAN,1
21,MAGDALENA,015,CHIVOLO,99,Zona 99,30,LA POLA,1
21,MAGDALENA,015,CHIVOLO,99,Zona 99,45,LA CHINA,4
21,MAGDALENA,015,CHIVOLO,99,Zona 99,50,LA ESTRELLA,4
21,MAGDALENA,015,CHIVOLO,99,Zona 99,69,PUEBLO NUEVO,1
21,MAGDALENA,015,CHIVOLO,00,Zona 00,00,PUESTO CABECERA MUNICIPAL,36
21,MAGDALENA,020,CONCORDIA,99,Zona 99,05,BALSAMO,6
21,MAGDALENA,020,CONCORDIA,99,Zona 99,10,BELLAVISTA,6
21,MAGDALENA,020,CONCORDIA,99,Zona 99,35,ROSARIO DE CHENGUE,8
21,MAGDALENA,020,CONCORDIA,00,Zona 00,00,PUESTO CABECERA MUNICIPAL,17
21,MAGDALENA,028,EL PIÑON,99,Zona 99,01,CAMPOALEGRE,1
21,MAGDALENA,028,EL PIÑON,99,Zona 99,05,CANTAGALLAR,5
21,MAGDALENA,028,EL PIÑON,99,Zona 99,09,CARRETO,4
21,MAGDALENA,028,EL PIÑON,99,Zona 99,10,LAS PAVITAS,1
21,MAGDALENA,028,EL PIÑON,99,Zona 99,13,PLAYON DE OROZCO,2
21,MAGDALENA,028,EL PIÑON,99,Zona 99,17,SABANAS,6
21,MAGDALENA,028,EL PIÑON,99,Zona 99,21,SAN BASILIO,3
21,MAGDALENA,028,EL PIÑON,99,Zona 99,25,TIO GOLLO,3
21,MAGDALENA,028,EL PIÑON,99,Zona 99,43,VASQUEZ,1
21,MAGDALENA,028,EL PIÑON,99,Zona 99,45,VERANILLO,2
21,MAGDALENA,028,EL PIÑON,00,Zona 00,00,PUESTO CABECERA MUNICIPAL,16
21,MAGDALENA,030,EL RETEN,99,Zona 99,40,LA COLOMBIA,2
21,MAGDALENA,030,EL RETEN,99,Zona 99,70,SAN SEBASTIAN DEL BONGO,1
21,MAGDALENA,030,EL RETEN,00,Zona 00,00,PUESTO CABECERA MUNICIPAL,46
21,MAGDALENA,040,GUAMAL,99,Zona 99,01,GUAIMARAL,4
21,MAGDALENA,040,GUAMAL,99,Zona 99,02,BELLAVISTA,1
21,MAGDALENA,040,GUAMAL,99,Zona 99,03,CASA DE TABLA,2
21,MAGDALENA,040,GUAMAL,99,Zona 99,04,LAS FLORES,2
21,MAGDALENA,040,GUAMAL,99,Zona 99,05,HATOVIEJO,3
21,MAGDALENA,040,GUAMAL,99,Zona 99,06,PEDREGOZA (LA RINCONADA),1
21,MAGDALENA,040,GUAMAL,99,Zona 99,07,LOS ANDES,5
21,MAGDALENA,040,GUAMAL,99,Zona 99,08,LA CEIBA,2
21,MAGDALENA,040,GUAMAL,99,Zona 99,09,MURILLO,2
21,MAGDALENA,040,GUAMAL,99,Zona 99,10,PAJARAL,2
21,MAGDALENA,040,GUAMAL,99,Zona 99,11,PARACO,1
21,MAGDALENA,040,GUAMAL,99,Zona 99,13,PAMPAN,3
21,MAGDALENA,040,GUAMAL,99,Zona 99,15,PLAYAS BLANCAS,1
21,MAGDALENA,040,GUAMAL,99,Zona 99,17,RICAURTE,3
21,MAGDALENA,040,GUAMAL,99,Zona 99,21,SALVADORA,2
21,MAGDALENA,040,GUAMAL,99,Zona 99,22,SAN ANTONIO,2
21,MAGDALENA,040,GUAMAL,99,Zona 99,23,SAN ISIDRO,3
21,MAGDALENA,040,GUAMAL,99,Zona 99,24,SAN PEDRO,2
21,MAGDALENA,040,GUAMAL,99,Zona 99,25,URQUIJO,5
21,MAGDALENA,040,GUAMAL,99,Zona 99,45,SANTA TERESITA,1
21,MAGDALENA,040,GUAMAL,99,Zona 99,50,SITIONUEVO,3
21,MAGDALENA,040,GUAMAL,99,Zona 99,70,VILLANUEVA,3
21,MAGDALENA,040,GUAMAL,00,Zona 00,00,PUESTO CABECERA MUNICIPAL,26
21,MAGDALENA,042,NUEVA GRANADA,99,Zona 99,07,EL BAJO,3
21,MAGDALENA,042,NUEVA GRANADA,99,Zona 99,14,LAS TINAS,3
21,MAGDALENA,042,NUEVA GRANADA,99,Zona 99,15,LA GLORIA,2
21,MAGDALENA,042,NUEVA GRANADA,99,Zona 99,16,LOS ANDES,14
21,MAGDALENA,042,NUEVA GRANADA,99,Zona 99,40,SAN JOSE DE BALLESTEROS,2
21,MAGDALENA,042,NUEVA GRANADA,00,Zona 00,00,PUESTO CABECERA MUNICIPAL,28
21,MAGDALENA,046,PEDRAZA,99,Zona 99,01,BAHIAHONDA,8
21,MAGDALENA,046,PEDRAZA,99,Zona 99,09,BOMBA,6
21,MAGDALENA,046,PEDRAZA,99,Zona 99,25,GUAQUIRI,2
21,MAGDALENA,046,PEDRAZA,99,Zona 99,29,HEREDIA,7
21,MAGDALENA,046,PEDRAZA,00,Zona 00,00,PUESTO CABECERA MUNICIPAL,10
21,MAGDALENA,048,PIJIÑO DEL CARMEN,99,Zona 99,10,CABRERA,3
21,MAGDALENA,048,PIJIÑO DEL CARMEN,99,Zona 99,15,CASA BLANCA,3
21,MAGDALENA,048,PIJIÑO DEL CARMEN,99,Zona 99,16,EL BRILLANTE,1
21,MAGDALENA,048,PIJIÑO DEL CARMEN,99,Zona 99,18,EL DIVIDIVI,1
21,MAGDALENA,048,PIJIÑO DEL CARMEN,99,Zona 99,20,FILADELFIA,2
21,MAGDALENA,048,PIJIÑO DEL CARMEN,99,Zona 99,25,LAS MARIAS,1
21,MAGDALENA,048,PIJIÑO DEL CARMEN,99,Zona 99,35,LAS PLANADAS,1
21,MAGDALENA,048,PIJIÑO DEL CARMEN,99,Zona 99,40,SAN JOSE DE PREVENCION,3
21,MAGDALENA,048,PIJIÑO DEL CARMEN,99,Zona 99,50,SAN MARTIN DE LA LUCHA,1
21,MAGDALENA,048,PIJIÑO DEL CARMEN,99,Zona 99,55,EL PELADERO,1
21,MAGDALENA,048,PIJIÑO DEL CARMEN,99,Zona 99,60,NUEVA HOLANDA,1
21,MAGDALENA,048,PIJIÑO DEL CARMEN,00,Zona 00,00,PUESTO CABECERA MUNICIPAL,17
21,MAGDALENA,055,PUEBLOVIEJO,99,Zona 99,01,BOCAS DE ARACATACA,2
21,MAGDALENA,055,PUEBLOVIEJO,99,Zona 99,04,ISLA DE CATAQUITA,1
21,MAGDALENA,055,PUEBLOVIEJO,99,Zona 99,05,ISLA DEL ROSARIO,11
21,MAGDALENA,055,PUEBLOVIEJO,99,Zona 99,09,TASAJERAS,18
21,MAGDALENA,055,PUEBLOVIEJO,99,Zona 99,10,TIERRA NUEVA,1
21,MAGDALENA,055,PUEBLOVIEJO,99,Zona 99,15,NUEVA FRONTERA,2
21,MAGDALENA,055,PUEBLOVIEJO,99,Zona 99,20,PALMIRA,7
21,MAGDALENA,055,PUEBLOVIEJO,99,Zona 99,40,SAN JUAN DE PALOS PRIETO,2
21,MAGDALENA,055,PUEBLOVIEJO,00,Zona 00,00,PUESTO CABECERA MUNICIPAL,25
21,MAGDALENA,058,REMOLINO,99,Zona 99,09,CORRALVIEJO,1
21,MAGDALENA,058,REMOLINO,99,Zona 99,10,EL DIVIDIVI,1
21,MAGDALENA,058,REMOLINO,99,Zona 99,11,MARTINETE,1
21,MAGDALENA,058,REMOLINO,99,Zona 99,13,KIOSCO COMUNAL DE SANTA RITA,2
21,MAGDALENA,058,REMOLINO,99,Zona 99,17,SAN RAFAEL DE BUENAVISTA,3
21,MAGDALENA,058,REMOLINO,99,Zona 99,20,EL SALADO,1
21,MAGDALENA,058,REMOLINO,99,Zona 99,30,SAN JOSE DE LAS CASITAS,1
21,MAGDALENA,058,REMOLINO,00,Zona 00,00,PUESTO CABECERA MUNICIPAL,16
21,MAGDALENA,060,SABANAS DE SAN ANGEL,99,Zona 99,10,CASA DE TABLAS,2
21,MAGDALENA,060,SABANAS DE SAN ANGEL,99,Zona 99,11,ESTACION VILLA,3
21,MAGDALENA,060,SABANAS DE SAN ANGEL,99,Zona 99,15,EL MANANTIAL,1
21,MAGDALENA,060,SABANAS DE SAN ANGEL,99,Zona 99,20,CESPEDES,2
21,MAGDALENA,060,SABANAS DE SAN ANGEL,99,Zona 99,25,FLORES DE MARIA,2
21,MAGDALENA,060,SABANAS DE SAN ANGEL,99,Zona 99,30,SAN ROQUE (LAS MULAS),2
21,MAGDALENA,060,SABANAS DE SAN ANGEL,99,Zona 99,33,ALBERTO CABALLERO,7
21,MAGDALENA,060,SABANAS DE SAN ANGEL,99,Zona 99,40,RESGUARDO INDIGENA ISSA ORISTUNA,2
21,MAGDALENA,060,SABANAS DE SAN ANGEL,99,Zona 99,45,BRASIL 1,2
21,MAGDALENA,060,SABANAS DE SAN ANGEL,99,Zona 99,55,PUEBLITO DE LOS BARRIOS,3
21,MAGDALENA,060,SABANAS DE SAN ANGEL,00,Zona 00,00,PUESTO CABECERA MUNICIPAL,16
21,MAGDALENA,067,SALAMINA,99,Zona 99,01,GUAIMARO,7
21,MAGDALENA,067,SALAMINA,00,Zona 00,00,PUESTO CABECERA MUNICIPAL,18
21,MAGDALENA,070,SAN SEBASTIAN DE BUENAVISTA,99,Zona 99,01,BUENAVISTA,2
21,MAGDALENA,070,SAN SEBASTIAN DE BUENAVISTA,99,Zona 99,03,EL COCO,2
21,MAGDALENA,070,SAN SEBASTIAN DE BUENAVISTA,99,Zona 99,04,EL SEIS,2
21,MAGDALENA,070,SAN SEBASTIAN DE BUENAVISTA,99,Zona 99,05,LA PACHA,4
21,MAGDALENA,070,SAN SEBASTIAN DE BUENAVISTA,99,Zona 99,09,LAS MARGARITAS,3
21,MAGDALENA,070,SAN SEBASTIAN DE BUENAVISTA,99,Zona 99,11,MARIA ANTONIA,2
21,MAGDALENA,070,SAN SEBASTIAN DE BUENAVISTA,99,Zona 99,13,LOS GALVIS,3
21,MAGDALENA,070,SAN SEBASTIAN DE BUENAVISTA,99,Zona 99,14,SAN RAFAEL (LA NEGRA),4
21,MAGDALENA,070,SAN SEBASTIAN DE BUENAVISTA,99,Zona 99,15,SANTA ROSA,2
21,MAGDALENA,070,SAN SEBASTIAN DE BUENAVISTA,99,Zona 99,16,SABANA DE PERALEJO,2
21,MAGDALENA,070,SAN SEBASTIAN DE BUENAVISTA,99,Zona 99,17,TRONCOSO,3
21,MAGDALENA,070,SAN SEBASTIAN DE BUENAVISTA,99,Zona 99,18,SAN VALENTIN,2
21,MAGDALENA,070,SAN SEBASTIAN DE BUENAVISTA,99,Zona 99,21,TRONCOSITO,3
21,MAGDALENA,070,SAN SEBASTIAN DE BUENAVISTA,99,Zona 99,25,VENERO,3
21,MAGDALENA,070,SAN SEBASTIAN DE BUENAVISTA,00,Zona 00,00,PUESTO CABECERA MUNICIPAL,21
21,MAGDALENA,073,SAN ZENON,99,Zona 99,01,ANGOSTURA,2
21,MAGDALENA,073,SAN ZENON,99,Zona 99,02,BERMEJAL,3
21,MAGDALENA,073,SAN ZENON,99,Zona 99,03,JANEIRO,2
21,MAGDALENA,073,SAN ZENON,99,Zona 99,04,EL HORNO,3
21,MAGDALENA,073,SAN ZENON,99,Zona 99,05,LA MONTAÑA (LOS SACUDIDOS),1
21,MAGDALENA,073,SAN ZENON,99,Zona 99,09,EL PALOMAR,2
21,MAGDALENA,073,SAN ZENON,99,Zona 99,11,GUINEA,2
21,MAGDALENA,073,SAN ZENON,99,Zona 99,13,PEÑONCITO,6
21,MAGDALENA,073,SAN ZENON,99,Zona 99,15,PUERTO ARTURO,2
21,MAGDALENA,073,SAN ZENON,99,Zona 99,17,SANTA TERESA,3
21,MAGDALENA,073,SAN ZENON,00,Zona 00,00,PUESTO CABECERA MUNICIPAL,6
21,MAGDALENA,076,SANTA ANA,99,Zona 99,05,BARRO BLANCO,5
21,MAGDALENA,076,SANTA ANA,99,Zona 99,10,GERMANIA,2
21,MAGDALENA,076,SANTA ANA,99,Zona 99,11,JARABA,3
21,MAGDALENA,076,SANTA ANA,99,Zona 99,25,SAN FERNANDO,6
21,MAGDALENA,076,SANTA ANA,99,Zona 99,30,PUERTO LIMON,1
21,MAGDALENA,076,SANTA ANA,99,Zona 99,50,SANTA ROSA,1
21,MAGDALENA,076,SANTA ANA,00,Zona 00,00,PUESTO CABECERA MUNICIPAL,37
21,MAGDALENA,078,SANTA BARBARA DE PINTO,99,Zona 99,05,CARRETAL,1
21,MAGDALENA,078,SANTA BARBARA DE PINTO,99,Zona 99,10,CIENEGUETA,1
21,MAGDALENA,078,SANTA BARBARA DE PINTO,99,Zona 99,15,CUNDINAMARCA,2
21,MAGDALENA,078,SANTA BARBARA DE PINTO,99,Zona 99,30,MONTELIRIO,1
21,MAGDALENA,078,SANTA BARBARA DE PINTO,99,Zona 99,41,SAN PEDRO,3
21,MAGDALENA,078,SANTA BARBARA DE PINTO,99,Zona 99,80,VELADERO,2
21,MAGDALENA,078,SANTA BARBARA DE PINTO,00,Zona 00,00,PUESTO CABECERA MUNICIPAL,19
21,MAGDALENA,079,SITIONUEVO,99,Zona 99,01,BUENAVISTA,3
21,MAGDALENA,079,SITIONUEVO,99,Zona 99,05,NUEVA VENECIA (EL MORRO),5
21,MAGDALENA,079,SITIONUEVO,99,Zona 99,09,PALERMO,16
21,MAGDALENA,079,SITIONUEVO,99,Zona 99,15,SAN ANTONIO,3
21,MAGDALENA,079,SITIONUEVO,00,Zona 00,00,PUESTO CABECERA MUNICIPAL,38
21,MAGDALENA,085,TENERIFE,99,Zona 99,04,EL CONSUELO,1
21,MAGDALENA,085,TENERIFE,99,Zona 99,05,EL JUNCAL,1
21,MAGDALENA,085,TENERIFE,99,Zona 99,07,MANUEL BARRIOS,1
21,MAGDALENA,085,TENERIFE,99,Zona 99,13,REAL DEL OBISPO,4
21,MAGDALENA,085,TENERIFE,99,Zona 99,16,SAN ANTONIO,1
21,MAGDALENA,085,TENERIFE,99,Zona 99,17,SAN LUIS,7
21,MAGDALENA,085,TENERIFE,99,Zona 99,70,SANTA INES,3
21,MAGDALENA,085,TENERIFE,99,Zona 99,85,VERDUN,1
21,MAGDALENA,085,TENERIFE,00,Zona 00,00,PUESTO CABECERA MUNICIPAL,21
21,MAGDALENA,090,ZAPAYAN,99,Zona 99,05,EL BONGO,1
21,MAGDALENA,090,ZAPAYAN,99,Zona 99,10,CAÑO DE AGUAS,4
21,MAGDALENA,090,ZAPAYAN,99,Zona 99,15,CAPUCHO,3
21,MAGDALENA,090,ZAPAYAN,99,Zona 99,18,CERRITOS,2
21,MAGDALENA,090,ZAPAYAN,99,Zona 99,20,PIEDRAS DE MOLER,6
21,MAGDALENA,090,ZAPAYAN,99,Zona 99,25,PIEDRAS PINTADAS,4
21,MAGDALENA,090,ZAPAYAN,00,Zona 00,00,PUESTO CABECERA MUNICIPAL,11
21,MAGDALENA,095,ZONA BANANERA (SEVILLA),99,Zona 99,15,CANDELARIA,3
21,MAGDALENA,095,ZONA BANANERA (SEVILLA),99,Zona 99,20,LA GRAN VIA,7
21,MAGDALENA,095,ZONA BANANERA (SEVILLA),99,Zona 99,23,GUACAMAYAL,22
21,MAGDALENA,095,ZONA BANANERA (SEVILLA),99,Zona 99,24,IED MACONDO,1
21,MAGDALENA,095,ZONA BANANERA (SEVILLA),99,Zona 99,25,GUAMACHITO,4
21,MAGDALENA,095,ZONA BANANERA (SEVILLA),99,Zona 99,26,JULIO ZAWADY,5
21,MAGDALENA,095,ZONA BANANERA (SEVILLA),99,Zona 99,28,ORIHUECA,27
21,MAGDALENA,095,ZONA BANANERA (SEVILLA),99,Zona 99,30,PALOMAR,3
21,MAGDALENA,095,ZONA BANANERA (SEVILLA),99,Zona 99,38,IE DEPTAL ARMANDO ESTRADA FLORES S,20
21,MAGDALENA,095,ZONA BANANERA (SEVILLA),99,Zona 99,39,SAN JOSE DE KENNEDY,3
21,MAGDALENA,095,ZONA BANANERA (SEVILLA),99,Zona 99,40,SANTA ROSALIA,5
21,MAGDALENA,095,ZONA BANANERA (SEVILLA),99,Zona 99,42,SOPLADOR,6
21,MAGDALENA,095,ZONA BANANERA (SEVILLA),99,Zona 99,49,TUCURINCA,11
21,MAGDALENA,095,ZONA BANANERA (SEVILLA),99,Zona 99,55,CARITAL,2
21,MAGDALENA,095,ZONA BANANERA (SEVILLA),99,Zona 99,75,VARELA,8
21,MAGDALENA,095,ZONA BANANERA (SEVILLA),00,Zona 00,01,IED JOSE BENITO VIVES DE ANDREIS,25
21,MAGDALENA,095,ZONA BANANERA (SEVILLA),00,Zona 00,02,IED JOSE BENITO V DE A SD ESC R DE VARON,1
21,MAGDALENA,001,SANTA MARTA,90,Zona 90,01,IED TEC INEM SIMON BOLIVAR DE MAMATOCO,18
21,MAGDALENA,001,SANTA MARTA,98,Zona 98,01,CARCEL,2
21,MAGDALENA,001,SANTA MARTA,99,Zona 99,01,IED BONDA SEDE 02 SANTA ANA,8
21,MAGDALENA,001,SANTA MARTA,99,Zona 99,02,BONDA,20
21,MAGDALENA,001,SANTA MARTA,99,Zona 99,03,GUACHACA,21
21,MAGDALENA,001,SANTA MARTA,99,Zona 99,04,CALABAZO,5
21,MAGDALENA,001,SANTA MARTA,99,Zona 99,05,TAGANGA,11
21,MAGDALENA,001,SANTA MARTA,99,Zona 99,07,MINCA,6
21,MAGDALENA,001,SANTA MARTA,99,Zona 99,08,LA TAGUA,2
21,MAGDALENA,001,SANTA MARTA,99,Zona 99,13,EL CAMPANO,2
21,MAGDALENA,001,SANTA MARTA,99,Zona 99,15,IED JULIO JOSE CEBALLOS OSPINO SD 01,2
21,MAGDALENA,001,SANTA MARTA,99,Zona 99,17,IED PALOMINITO,3
21,MAGDALENA,001,SANTA MARTA,99,Zona 99,19,IED MOSQUITO,1
21,MAGDALENA,001,SANTA MARTA,99,Zona 99,20,INS ETNOEDUC DIST INTERCULTURAL EL MAMEY,1
21,MAGDALENA,001,SANTA MARTA,99,Zona 99,21,I ETNOEDUC DIST INTERCULTURAL LA REVUELT,1
21,MAGDALENA,001,SANTA MARTA,01,Zona 01,01,I.E.D. LICEO DEL SUR VICTOR DE LIMA,18
21,MAGDALENA,001,SANTA MARTA,01,Zona 01,02,IED LIC DEL SUR VICTOR DE LIMA SD 2 M.M,17
21,MAGDALENA,001,SANTA MARTA,01,Zona 01,03,I.E.D JACQUELINE KENNEDY,26
21,MAGDALENA,001,SANTA MARTA,01,Zona 01,04,IED JACQUELINE KENNEDY SD 2 PRE LA CAND.,8
21,MAGDALENA,001,SANTA MARTA,01,Zona 01,05,IED JACQUELINE KENNEDY SD 4 PRIM DE MAYO,14
21,MAGDALENA,001,SANTA MARTA,01,Zona 01,06,IED JACQUELINE KENNEDY SD 5 MARIA EUG.,8
21,MAGDALENA,001,SANTA MARTA,01,Zona 01,07,IED LIC DEL SUR VICTOR DE LIMA SD03 CTR,1
21,MAGDALENA,001,SANTA MARTA,01,Zona 01,08,IED NUEVO AMANECER CON DIOS SD 01,2
21,MAGDALENA,001,SANTA MARTA,01,Zona 01,09,IED TÉCNICA INEM SIMON BOLIVAR SD 02,3
21,MAGDALENA,001,SANTA MARTA,01,Zona 01,10,IED SD03 ESC MIXTA ONCE DE NOVIEMBRE N:1,3
21,MAGDALENA,001,SANTA MARTA,02,Zona 02,01,I.E.D.EL PANDO,32
21,MAGDALENA,001,SANTA MARTA,02,Zona 02,02,IED EL PANDO SEDE 2 JOSE CELEDON GARCIA,13
21,MAGDALENA,001,SANTA MARTA,02,Zona 02,03,I.E.D.EL PARQUE,27
21,MAGDALENA,001,SANTA MARTA,02,Zona 02,04,I.E.D LIBANO,23
21,MAGDALENA,001,SANTA MARTA,02,Zona 02,05,I.E.D.SAN FCO.JAVIER DE GARAGO,27
21,MAGDALENA,001,SANTA MARTA,02,Zona 02,06,UNIVERSIDAD ANTONIO NARIÑO,19
21,MAGDALENA,001,SANTA MARTA,02,Zona 02,07,UNIVERSIDAD DEL MAGDALENA,34
21,MAGDALENA,001,SANTA MARTA,02,Zona 02,08,IED ONCE DE NOVIEMBRE,20
21,MAGDALENA,001,SANTA MARTA,02,Zona 02,09,IED EL LIBANO SEDE 02,35
21,MAGDALENA,001,SANTA MARTA,02,Zona 02,10,IED 20 DE OCTUBRE SEDE 1,4
21,MAGDALENA,001,SANTA MARTA,03,Zona 03,01,I.E.D. NORMAL SUPERIOR SAN PEDRO,27
21,MAGDALENA,001,SANTA MARTA,03,Zona 03,02,IED JUAN MAIGUEL DE OSUNA,23
21,MAGDALENA,001,SANTA MARTA,03,Zona 03,03,I.E.D.ALUNA MEGA COLEGIO CISNE,23
21,MAGDALENA,001,SANTA MARTA,03,Zona 03,04,IED PEDAG. DEL CARIBE SD CIUDAD EQUIDAD,15
21,MAGDALENA,001,SANTA MARTA,03,Zona 03,05,IED SIMON RODRIGUEZ SEDE 01,5
21,MAGDALENA,001,SANTA MARTA,04,Zona 04,01,I.E.D.HUGO J. BERMUDEZ,23
21,MAGDALENA,001,SANTA MARTA,04,Zona 04,02,I.E.D.HUGO J.BERMUDEZ S.LA.ESP,18
21,MAGDALENA,001,SANTA MARTA,04,Zona 04,03,I.E.D.LICEO SAMARIO,21
21,MAGDALENA,001,SANTA MARTA,04,Zona 04,04,IED ANTONIO NARIÑO SEDE 1,8
21,MAGDALENA,001,SANTA MARTA,05,Zona 05,01,LICEO SAMARIO SD.2 BAV.BOSTON,16
21,MAGDALENA,001,SANTA MARTA,05,Zona 05,02,IED LICEO CELEDON,27
21,MAGDALENA,001,SANTA MARTA,05,Zona 05,03,IED LA INDUSTRIAL,24
21,MAGDALENA,001,SANTA MARTA,05,Zona 05,04,I.E.D.FCO.DE PAULA SANTANDER,23
21,MAGDALENA,001,SANTA MARTA,05,Zona 05,05,I.E.D.MAGDALENA,25
21,MAGDALENA,001,SANTA MARTA,05,Zona 05,06,IED MAGD SEDE 3 ESCUELA SAN JOSE,8
21,MAGDALENA,001,SANTA MARTA,05,Zona 05,07,IED LICEO EL SABER,8
21,MAGDALENA,001,SANTA MARTA,05,Zona 05,08,IED MAGDALENA SEDE 2 SANTA CATALINA,15
21,MAGDALENA,001,SANTA MARTA,06,Zona 06,01,I.E.D. RODRIGO BASTIDAS,34
21,MAGDALENA,001,SANTA MARTA,06,Zona 06,02,HOGAR INFANTIL BASTIDAS,13
21,MAGDALENA,001,SANTA MARTA,06,Zona 06,03,IED RODRIGO DE BASTIDAS SD 17 DE DIC,10
21,MAGDALENA,001,SANTA MARTA,06,Zona 06,04,I.E.D.NICOLAS BUENAVENTURA,25
21,MAGDALENA,001,SANTA MARTA,06,Zona 06,05,I.E.D. ONDAS DEL CARIBE,11
21,MAGDALENA,001,SANTA MARTA,06,Zona 06,06,I.E.D LAURA VICUÑA,20
21,MAGDALENA,001,SANTA MARTA,06,Zona 06,07,I.E.D.ESC.NORMAL SUP.MARIA AUX,16
21,MAGDALENA,001,SANTA MARTA,06,Zona 06,08,IED EL CARMEN,17
21,MAGDALENA,001,SANTA MARTA,06,Zona 06,09,IED RODRIGO GALVAN DE BASTIDAS,21
21,MAGDALENA,001,SANTA MARTA,06,Zona 06,10,IED PANTANO SEDE 01,3
21,MAGDALENA,001,SANTA MARTA,07,Zona 07,01,I.E.D.MADRE LAURA,19
21,MAGDALENA,001,SANTA MARTA,07,Zona 07,02,I.E.D.LICEO DEL NORTE,25
21,MAGDALENA,001,SANTA MARTA,07,Zona 07,03,I.E.D. ALFONSO LOPEZ,21
21,MAGDALENA,001,SANTA MARTA,07,Zona 07,04,IED JHON F KENNEDY,6
21,MAGDALENA,001,SANTA MARTA,07,Zona 07,05,IED LICEO DEL NORTE SEDE 2 MIXTA No 3,16
21,MAGDALENA,001,SANTA MARTA,07,Zona 07,06,IED SAN FERNANDO SEDE 01,4
21,MAGDALENA,001,SANTA MARTA,07,Zona 07,07,IED OLIVOS SEDE 01,3
21,MAGDALENA,001,SANTA MARTA,07,Zona 07,08,IED OLIVOS SEDE 02 JUAN XXIII,3
21,MAGDALENA,001,SANTA MARTA,07,Zona 07,09,IED 20 DE JULIO,1
21,MAGDALENA,001,SANTA MARTA,08,Zona 08,01,I.E.D.JOSE LABORDE GNECCO,26
21,MAGDALENA,001,SANTA MARTA,08,Zona 08,02,I.E.D CAMILO TORRES DE GAIRA,26
21,MAGDALENA,001,SANTA MARTA,08,Zona 08,03,IED CAMILO TORRES DE GAIRA SD ISABEL P.F,18
21,MAGDALENA,001,SANTA MARTA,08,Zona 08,04,"I.E.D.LA PAZ, MEGA COL. LA PAZ",27
21,MAGDALENA,001,SANTA MARTA,08,Zona 08,05,IED CRISTO REY,13
21,MAGDALENA,001,SANTA MARTA,08,Zona 08,06,SEDE RECREATIVA COOEDUMAG,12
21,MAGDALENA,001,SANTA MARTA,08,Zona 08,07,IED GABRIELA MISTRAL SD 2 KINDER M AUX,12
21,MAGDALENA,001,SANTA MARTA,08,Zona 08,08,IED JESUS ESPELETA FAJARDO,14
21,MAGDALENA,001,SANTA MARTA,08,Zona 08,09,IED SIMON BOLIVAR DE GAIRA SEDE 01,8
21,MAGDALENA,001,SANTA MARTA,08,Zona 08,10,IED BEATRIZ GUTIERREZ DE VIVES,4
21,MAGDALENA,001,SANTA MARTA,08,Zona 08,11,IED DON JACA SEDE BAJA,2
21,MAGDALENA,010,ARACATACA,99,Zona 99,01,BUENOS AIRES,9
21,MAGDALENA,010,ARACATACA,99,Zona 99,05,AGUA BENDITA,2
21,MAGDALENA,010,ARACATACA,99,Zona 99,20,CAUCA,3
21,MAGDALENA,010,ARACATACA,99,Zona 99,25,CERRO AZUL,3
21,MAGDALENA,010,ARACATACA,99,Zona 99,30,MACARAQUILLA,1
21,MAGDALENA,010,ARACATACA,99,Zona 99,40,RIO DE PIEDRA,1
21,MAGDALENA,010,ARACATACA,99,Zona 99,75,SAMPUES,8
21,MAGDALENA,010,ARACATACA,99,Zona 99,80,TRANQUILANDIA,1
21,MAGDALENA,010,ARACATACA,99,Zona 99,85,TEHOBROMINA,1
21,MAGDALENA,010,ARACATACA,01,Zona 01,01,INS.EDUCATIVA ELVIA VIZCAINO T,18
21,MAGDALENA,010,ARACATACA,01,Zona 01,02,JHON F. KENEDDY,15
21,MAGDALENA,010,ARACATACA,02,Zona 02,01,CERES,12
21,MAGDALENA,010,ARACATACA,02,Zona 02,02,INST. EDUCATIVA SAN MARTIN,19
21,MAGDALENA,012,ARIGUANI (EL DIFICIL),99,Zona 99,20,EL CARMEN DE ARIGUANI,4
21,MAGDALENA,012,ARIGUANI (EL DIFICIL),99,Zona 99,30,ALEJANDRIA,1
21,MAGDALENA,012,ARIGUANI (EL DIFICIL),99,Zona 99,35,PUEBLO NUEVO,10
21,MAGDALENA,012,ARIGUANI (EL DIFICIL),99,Zona 99,70,SAN JOSE DE ARIGUANI,1
21,MAGDALENA,012,ARIGUANI (EL DIFICIL),01,Zona 01,01,LICEO ARIGUANI,39
21,MAGDALENA,012,ARIGUANI (EL DIFICIL),01,Zona 01,02,ESCUELA MIXTA COMUNAL EL CONGO,14
21,MAGDALENA,012,ARIGUANI (EL DIFICIL),02,Zona 02,01,ESCUELA MIXTA COMUNAL 8 DE DICIEMBRE,2
21,MAGDALENA,012,ARIGUANI (EL DIFICIL),02,Zona 02,02,EMC SIMON BOLIVAR,2
21,MAGDALENA,016,CIENAGA,90,Zona 90,01,IE VIRGINIA GOMEZ SEDE 3,11
21,MAGDALENA,016,CIENAGA,99,Zona 99,04,SAN PEDRO DE LA SIERRA,4
21,MAGDALENA,016,CIENAGA,99,Zona 99,07,PALMOR,8
21,MAGDALENA,016,CIENAGA,99,Zona 99,10,LA ISABEL,2
21,MAGDALENA,016,CIENAGA,99,Zona 99,13,SIBERIA,2
21,MAGDALENA,016,CIENAGA,99,Zona 99,20,SEVILLANO,7
21,MAGDALENA,016,CIENAGA,99,Zona 99,21,CORDOBITA,4
21,MAGDALENA,016,CIENAGA,99,Zona 99,25,SAN JAVIER,3
21,MAGDALENA,016,CIENAGA,01,Zona 01,01,I.E. ISAAC J. PEREIRA,24
21,MAGDALENA,016,CIENAGA,01,Zona 01,02,INFOTEP,17
21,MAGDALENA,016,CIENAGA,01,Zona 01,03,COL VIRGINIA GOMEZ SD CUATRO,13
21,MAGDALENA,016,CIENAGA,01,Zona 01,04,I.E.LA MARIA,12
21,MAGDALENA,016,CIENAGA,01,Zona 01,05,I.E.LA ALIANZA,5
21,MAGDALENA,016,CIENAGA,02,Zona 02,01,I.E. SAN JUAN DEL CORDOBA,35
21,MAGDALENA,016,CIENAGA,02,Zona 02,02,I.E.T.COMERCIO VIRGINIA GOMEZ,21
21,MAGDALENA,016,CIENAGA,02,Zona 02,03,I.E.ENOC MENDOZA RIASCOS,20
21,MAGDALENA,016,CIENAGA,02,Zona 02,04,I.E.LICEO MODERNO DEL SUR,24
21,MAGDALENA,016,CIENAGA,02,Zona 02,05,"I.E.LICEO MODERNO DEL SUR,SD.4",16
21,MAGDALENA,016,CIENAGA,02,Zona 02,06,I.E.EL CARMEN,12
21,MAGDALENA,016,CIENAGA,02,Zona 02,07,I.E.MANUEL J. DEL CASTILLO,27
21,MAGDALENA,016,CIENAGA,02,Zona 02,08,I.E. 12 DE OCTUBRE,4
21,MAGDALENA,025,EL BANCO,90,Zona 90,01,COLEGIO MARCO FIDEL SUAREZ,9
21,MAGDALENA,025,EL BANCO,98,Zona 98,01,CARCEL DEL CIRCUITO,1
21,MAGDALENA,025,EL BANCO,99,Zona 99,01,AGUAESTRADA,3
21,MAGDALENA,025,EL BANCO,99,Zona 99,05,ALGARROBAL,4
21,MAGDALENA,025,EL BANCO,99,Zona 99,07,BARRANCO DE CHILLOA,3
21,MAGDALENA,025,EL BANCO,99,Zona 99,09,BOTILLERO,2
21,MAGDALENA,025,EL BANCO,99,Zona 99,11,BELEN,7
21,MAGDALENA,025,EL BANCO,99,Zona 99,13,CAÑO DE PALMA,4
21,MAGDALENA,025,EL BANCO,99,Zona 99,17,EL CEDRO,3
21,MAGDALENA,025,EL BANCO,99,Zona 99,20,EL CERRITO,4
21,MAGDALENA,025,EL BANCO,99,Zona 99,21,EL TREBOL,3
21,MAGDALENA,025,EL BANCO,99,Zona 99,22,GARZON,1
21,MAGDALENA,025,EL BANCO,99,Zona 99,25,HATILLO DE LA SABANA,4
21,MAGDALENA,025,EL BANCO,99,Zona 99,29,LOS NEGRITOS (BASTIDAS),4
21,MAGDALENA,025,EL BANCO,99,Zona 99,35,MATA DE CAÑA,1
21,MAGDALENA,025,EL BANCO,99,Zona 99,36,PUEBLO NUEVO,1
21,MAGDALENA,025,EL BANCO,99,Zona 99,37,MENCHIQUEJO,4
21,MAGDALENA,025,EL BANCO,99,Zona 99,38,FELIPE EDUARDO,4
21,MAGDALENA,025,EL BANCO,99,Zona 99,39,SAN JOSE,2
21,MAGDALENA,025,EL BANCO,99,Zona 99,40,SAN ROQUE,3
21,MAGDALENA,025,EL BANCO,99,Zona 99,41,TAMALAMEQUITO,4
21,MAGDALENA,025,EL BANCO,99,Zona 99,45,SABANAS DE MALPICA,2
21,MAGDALENA,025,EL BANCO,99,Zona 99,46,SAN EDUARDO,2
21,MAGDALENA,025,EL BANCO,01,Zona 01,01,ESCUELA LUIS LOPEZ DE MEZA,20
21,MAGDALENA,025,EL BANCO,01,Zona 01,02,COL. SANTA TERESA DE JESUS,19
21,MAGDALENA,025,EL BANCO,01,Zona 01,03,ESCUELA URBANA MIXTA LA CANDELARIA,3
21,MAGDALENA,025,EL BANCO,02,Zona 02,01,I.E.D. JOSE BENITO BARROS PALO,25
21,MAGDALENA,025,EL BANCO,02,Zona 02,02,COL. ARCESIO CALIS AMADOR,12
21,MAGDALENA,025,EL BANCO,02,Zona 02,03,ESC. URBANA MIXTA LAS PALMAS SEDE No 2,5
21,MAGDALENA,031,FUNDACION,90,Zona 90,01,JHON F. KENNEDY PPAL,8
21,MAGDALENA,031,FUNDACION,99,Zona 99,09,DOÑA MARIA,4
21,MAGDALENA,031,FUNDACION,99,Zona 99,13,SANTA ROSA DE LIMA,6
21,MAGDALENA,031,FUNDACION,99,Zona 99,40,SACRAMENTO,3
21,MAGDALENA,031,FUNDACION,99,Zona 99,80,SANTA CLARA,6
21,MAGDALENA,031,FUNDACION,01,Zona 01,01,PARQUE 7 DE AGOSTO,17
21,MAGDALENA,031,FUNDACION,01,Zona 01,02,IE COLOMBIA,15
21,MAGDALENA,031,FUNDACION,01,Zona 01,03,IED FUNDACION,22
21,MAGDALENA,031,FUNDACION,02,Zona 02,01,I.E. JHON F. KENNEDY 16 DE JULIO,35
21,MAGDALENA,031,FUNDACION,02,Zona 02,02,C.D.I. LA LUZ,38
21,MAGDALENA,031,FUNDACION,02,Zona 02,03,I.E.DEPTAL FCO DE PAULA SANTA,13
21,MAGDALENA,049,PIVIJAY,90,Zona 90,01,COLEGIO MARIA INMACULADA,5
21,MAGDALENA,049,PIVIJAY,99,Zona 99,01,MEDIA LUNA,10
21,MAGDALENA,049,PIVIJAY,99,Zona 99,06,GARRAPATA,2
21,MAGDALENA,049,PIVIJAY,99,Zona 99,09,LAS PIEDRAS,2
21,MAGDALENA,049,PIVIJAY,99,Zona 99,17,PLACITAS,2
21,MAGDALENA,049,PIVIJAY,99,Zona 99,21,LAS CANOAS,4
21,MAGDALENA,049,PIVIJAY,99,Zona 99,25,PIÑUELAS,3
21,MAGDALENA,049,PIVIJAY,99,Zona 99,29,PARAISO,4
21,MAGDALENA,049,PIVIJAY,99,Zona 99,37,CARABALLO,2
21,MAGDALENA,049,PIVIJAY,99,Zona 99,41,CHINOBLAS,2
21,MAGDALENA,049,PIVIJAY,99,Zona 99,45,AVIANCA,2
21,MAGDALENA,049,PIVIJAY,99,Zona 99,49,SALAMINITA,1
21,MAGDALENA,049,PIVIJAY,99,Zona 99,75,EL CARMEN DEL MAGDALENA,6
21,MAGDALENA,049,PIVIJAY,01,Zona 01,01,ESCUELA URBANA DE VARONES,12
21,MAGDALENA,049,PIVIJAY,01,Zona 01,02,COLEGIO BEATRIZ COTES,9
21,MAGDALENA,049,PIVIJAY,02,Zona 02,01,COLEGIO SIMON BOLIVAR,14
21,MAGDALENA,049,PIVIJAY,02,Zona 02,02,LICEO PIVIJAY,14
21,MAGDALENA,052,PLATO,90,Zona 90,01,IED VICTOR CAMARGO ALVAREZ,8
21,MAGDALENA,052,PLATO,99,Zona 99,01,APURE,5
21,MAGDALENA,052,PLATO,99,Zona 99,02,CIENEGUETA,2
21,MAGDALENA,052,PLATO,99,Zona 99,03,CINCO Y SEIS,1
21,MAGDALENA,052,PLATO,99,Zona 99,04,EL CARMEN DEL MAGDALENA,3
21,MAGDALENA,052,PLATO,99,Zona 99,05,BUENAVISTA,1
21,MAGDALENA,052,PLATO,99,Zona 99,06,AGUAS VIVAS,3
21,MAGDALENA,052,PLATO,99,Zona 99,07,CERRO GRANDE,1
21,MAGDALENA,052,PLATO,99,Zona 99,10,BETZAIDA,1
21,MAGDALENA,052,PLATO,99,Zona 99,12,DISCIPLINA,2
21,MAGDALENA,052,PLATO,99,Zona 99,14,EL VATICANO,1
21,MAGDALENA,052,PLATO,99,Zona 99,15,LOS POZOS,1
21,MAGDALENA,052,PLATO,99,Zona 99,16,LAS PLANADAS,1
21,MAGDALENA,052,PLATO,99,Zona 99,17,SAN ANTONIO DEL RIO,2
21,MAGDALENA,052,PLATO,99,Zona 99,19,SAN JOSE DEL PURGATORIO,4
21,MAGDALENA,052,PLATO,99,Zona 99,21,ZARATE,3
21,MAGDALENA,052,PLATO,01,Zona 01,01,IED MARIA ALFARO DE OSPINO,17
21,MAGDALENA,052,PLATO,01,Zona 01,02,IED GABRIEL ESCOBAR BALLESTA,12
21,MAGDALENA,052,PLATO,02,Zona 02,01,IED GABRIEL ESCOBAR B. SD GABRIELITO,40
21,MAGDALENA,052,PLATO,02,Zona 02,02,IED JUANA ARIAS DE BENAVIDES,23
23,NARIÑO,100,POTOSI,99,Zona 99,01,SAN FRANCISCO (SINAI),3
23,NARIÑO,100,POTOSI,99,Zona 99,02,CARDENAS,3
23,NARIÑO,100,POTOSI,99,Zona 99,04,CUASPUD NUCLEO,3
23,NARIÑO,100,POTOSI,99,Zona 99,05,EL CARRIZAL,1
23,NARIÑO,100,POTOSI,99,Zona 99,07,LA CABAÑA,1
23,NARIÑO,100,POTOSI,99,Zona 99,10,MUESES,2
23,NARIÑO,100,POTOSI,99,Zona 99,14,SAN ANTONIO - LA PALMA,1
23,NARIÑO,100,POTOSI,99,Zona 99,17,SAN PEDRO,1
23,NARIÑO,100,POTOSI,99,Zona 99,50,SAN MARCOS,2
23,NARIÑO,100,POTOSI,99,Zona 99,85,VILLA NUEVA,2
23,NARIÑO,100,POTOSI,99,Zona 99,90,YAMUESQUER,1
23,NARIÑO,100,POTOSI,00,Zona 00,00,PUESTO CABECERA MUNICIPAL,16
23,NARIÑO,101,PROVIDENCIA,99,Zona 99,30,GUADRAHUMA,1
23,NARIÑO,101,PROVIDENCIA,00,Zona 00,00,PUESTO CABECERA MUNICIPAL,14
23,NARIÑO,103,PUERRES,99,Zona 99,01,EL PARAMO,1
23,NARIÑO,103,PUERRES,99,Zona 99,04,MAICIRA,1
23,NARIÑO,103,PUERRES,99,Zona 99,05,COLISEO DE INTEGRACION CIUDADANA,2
23,NARIÑO,103,PUERRES,99,Zona 99,09,SAN MATEO,1
23,NARIÑO,103,PUERRES,00,Zona 00,00,PUESTO CABECERA MUNICIPAL,19
23,NARIÑO,106,PUPIALES,99,Zona 99,05,C.E. CHIRES CENTRO,1
23,NARIÑO,106,PUPIALES,99,Zona 99,13,JOSE MARIA HERNANDEZ,6
23,NARIÑO,106,PUPIALES,00,Zona 00,00,PUESTO CABECERA MUNICIPAL,39
23,NARIÑO,109,RICAURTE,99,Zona 99,01,OSPINA PEREZ,3
23,NARIÑO,109,RICAURTE,99,Zona 99,02,NULPE MEDIO,3
23,NARIÑO,109,RICAURTE,99,Zona 99,03,MAGUI,1
23,NARIÑO,109,RICAURTE,99,Zona 99,05,VEGAS,2
23,NARIÑO,109,RICAURTE,99,Zona 99,06,CHARCO LARGO,1
23,NARIÑO,109,RICAURTE,99,Zona 99,07,PIALAPI,1
23,NARIÑO,109,RICAURTE,99,Zona 99,09,NULPE ALTO,2
23,NARIÑO,109,RICAURTE,99,Zona 99,10,RAMOS,1
23,NARIÑO,109,RICAURTE,99,Zona 99,11,SAN ISIDRO (CUCHO),2
23,NARIÑO,109,RICAURTE,99,Zona 99,15,ARRAYAN,1
23,NARIÑO,109,RICAURTE,99,Zona 99,20,CUESBI,1
23,NARIÑO,109,RICAURTE,99,Zona 99,25,CHICANDINA,1
23,NARIÑO,109,RICAURTE,99,Zona 99,30,EL AGUACATE,1
23,NARIÑO,109,RICAURTE,99,Zona 99,33,EL HOJAL,1
23,NARIÑO,109,RICAURTE,99,Zona 99,40,GUALCALA,1
23,NARIÑO,109,RICAURTE,99,Zona 99,45,IMBINA,1
23,NARIÑO,109,RICAURTE,99,Zona 99,55,PUEBLO VIEJO,2
23,NARIÑO,109,RICAURTE,00,Zona 00,00,PUESTO CABECERA MUNICIPAL,37
23,NARIÑO,112,ROBERTO PAYAN (SAN JOSE),99,Zona 99,01,ARTEAGA LIMONAR ANTONIO NARIÑO,1
23,NARIÑO,112,ROBERTO PAYAN (SAN JOSE),99,Zona 99,03,BUENA VISTA DEL SUR (YACUM),1
23,NARIÑO,112,ROBERTO PAYAN (SAN JOSE),99,Zona 99,04,CARLOS LLERAS RESTREPO (LAS P,1
23,NARIÑO,112,ROBERTO PAYAN (SAN JOSE),99,Zona 99,05,PEÑON (GERARDO MARTINEZ),1
23,NARIÑO,112,ROBERTO PAYAN (SAN JOSE),99,Zona 99,06,ANTONIO NARIÑO (PUMALDE),1
23,NARIÑO,112,ROBERTO PAYAN (SAN JOSE),99,Zona 99,09,FATIMA (EL CARMEN),1
23,NARIÑO,112,ROBERTO PAYAN (SAN JOSE),99,Zona 99,13,GOMEZ JURADO,1
23,NARIÑO,112,ROBERTO PAYAN (SAN JOSE),99,Zona 99,15,GAUCUCO MIALO,1
23,NARIÑO,112,ROBERTO PAYAN (SAN JOSE),99,Zona 99,17,LAS LAJAS (PUMBI),2
23,NARIÑO,112,ROBERTO PAYAN (SAN JOSE),99,Zona 99,18,JORGE ELIECER GAITAN (EL PIND,1
23,NARIÑO,112,ROBERTO PAYAN (SAN JOSE),99,Zona 99,20,LIMONES DEL PATIA,1
23,NARIÑO,112,ROBERTO PAYAN (SAN JOSE),99,Zona 99,21,SAN ANTONIO (BOCA DE TELEMBI),4
23,NARIÑO,112,ROBERTO PAYAN (SAN JOSE),99,Zona 99,23,SUCRE (CONQUISTA),1
23,NARIÑO,112,ROBERTO PAYAN (SAN JOSE),99,Zona 99,25,TRINIDAD (LAS MERCEDES),2
23,NARIÑO,112,ROBERTO PAYAN (SAN JOSE),99,Zona 99,27,TAMAJE-IGNACIO GOMEZ,2
23,NARIÑO,112,ROBERTO PAYAN (SAN JOSE),99,Zona 99,30,PIRI (PARAISO),1
23,NARIÑO,112,ROBERTO PAYAN (SAN JOSE),99,Zona 99,35,PANGA,1
23,NARIÑO,112,ROBERTO PAYAN (SAN JOSE),99,Zona 99,40,PALO SECO,1
23,NARIÑO,112,ROBERTO PAYAN (SAN JOSE),99,Zona 99,65,SANDE EN EL RIO ISPI,1
23,NARIÑO,112,ROBERTO PAYAN (SAN JOSE),99,Zona 99,80,VUELTA DE PAPI (BOCAS DE PAPI,1
23,NARIÑO,112,ROBERTO PAYAN (SAN JOSE),00,Zona 00,00,PUESTO CABECERA MUNICIPAL,12
23,NARIÑO,115,SAMANIEGO,99,Zona 99,01,BOLIVAR,2
23,NARIÑO,115,SAMANIEGO,99,Zona 99,02,BETANIA,1
23,NARIÑO,115,SAMANIEGO,99,Zona 99,03,ANDALUCIA,1
23,NARIÑO,115,SAMANIEGO,99,Zona 99,04,CARRIZAL,1
23,NARIÑO,115,SAMANIEGO,99,Zona 99,05,DECIO,1
23,NARIÑO,115,SAMANIEGO,99,Zona 99,06,CHUGULDI,2
23,NARIÑO,115,SAMANIEGO,99,Zona 99,07,LA AGUADA,2
23,NARIÑO,115,SAMANIEGO,99,Zona 99,08,EL MOTILON,1
23,NARIÑO,115,SAMANIEGO,99,Zona 99,09,LA PLANADA,1
23,NARIÑO,115,SAMANIEGO,99,Zona 99,10,EL LLANO,1
23,NARIÑO,115,SAMANIEGO,99,Zona 99,11,EL SALADO,2
23,NARIÑO,115,SAMANIEGO,99,Zona 99,13,MARANGUAY,1
23,NARIÑO,115,SAMANIEGO,99,Zona 99,15,EL SALTO,1
23,NARIÑO,115,SAMANIEGO,99,Zona 99,20,TANAMA,2
23,NARIÑO,115,SAMANIEGO,99,Zona 99,21,CHUPINAGAN,1
23,NARIÑO,115,SAMANIEGO,99,Zona 99,30,CARTAGENA,1
23,NARIÑO,115,SAMANIEGO,99,Zona 99,35,DOÑANA,1
23,NARIÑO,115,SAMANIEGO,99,Zona 99,37,EL CANADA,2
23,NARIÑO,115,SAMANIEGO,99,Zona 99,40,CHINCHAL,1
23,NARIÑO,115,SAMANIEGO,99,Zona 99,45,PIEDRABLANCA,1
23,NARIÑO,115,SAMANIEGO,99,Zona 99,46,PLAN SAN MARTIN,2
23,NARIÑO,115,SAMANIEGO,99,Zona 99,47,PUENTE TIERRA,1
23,NARIÑO,115,SAMANIEGO,99,Zona 99,48,PLANADAS TELEMBI,1
23,NARIÑO,115,SAMANIEGO,99,Zona 99,50,SAN ANTONIO,1
23,NARIÑO,115,SAMANIEGO,99,Zona 99,55,LA CAPILLA,1
23,NARIÑO,115,SAMANIEGO,99,Zona 99,56,LA MONTUFAR,1
23,NARIÑO,115,SAMANIEGO,99,Zona 99,60,SAN DIEGO,1
23,NARIÑO,115,SAMANIEGO,99,Zona 99,61,PUERCHAG,2
23,NARIÑO,115,SAMANIEGO,99,Zona 99,80,VILLAFLOR,1
23,NARIÑO,115,SAMANIEGO,99,Zona 99,90,YUNGUILLA,1
23,NARIÑO,115,SAMANIEGO,00,Zona 00,01,I.E. SIMON BOLIVAR,22
23,NARIÑO,115,SAMANIEGO,00,Zona 00,02,IE POLICARPA SALAVARRIETA SD STA TER.,21
23,NARIÑO,118,SANDONA,99,Zona 99,01,BOLIVAR,4
23,NARIÑO,118,SANDONA,99,Zona 99,05,EL INGENIO,5
23,NARIÑO,118,SANDONA,99,Zona 99,06,LOMA DEL TAMBILLO,2
23,NARIÑO,118,SANDONA,99,Zona 99,07,SAN BERNARDO,2
23,NARIÑO,118,SANDONA,99,Zona 99,08,ROMA Y CHAVES,2
23,NARIÑO,118,SANDONA,99,Zona 99,09,SANTA BARBARA,1
23,NARIÑO,118,SANDONA,99,Zona 99,10,SAN MIGUEL,2
23,NARIÑO,118,SANDONA,99,Zona 99,13,SANTA ROSA,2
23,NARIÑO,118,SANDONA,00,Zona 00,00,PUESTO CABECERA MUNICIPAL,34
23,NARIÑO,120,SAN BERNARDO,99,Zona 99,10,CORREGIMIENTO DE LA VEGA,2
23,NARIÑO,120,SAN BERNARDO,00,Zona 00,00,PUESTO CABECERA MUNICIPAL,18
23,NARIÑO,121,SAN LORENZO,99,Zona 99,01,EL CARMEN,8
23,NARIÑO,121,SAN LORENZO,99,Zona 99,04,LA HONDA,1
23,NARIÑO,121,SAN LORENZO,99,Zona 99,05,SANTA CECILIA,5
23,NARIÑO,121,SAN LORENZO,99,Zona 99,07,DALMACIA (SALINAS),2
23,NARIÑO,121,SAN LORENZO,99,Zona 99,08,SANTA CRUZ,2
23,NARIÑO,121,SAN LORENZO,99,Zona 99,09,SANTA MARTA,3
23,NARIÑO,121,SAN LORENZO,99,Zona 99,15,SAN RAFAEL,1
23,NARIÑO,121,SAN LORENZO,99,Zona 99,20,SAN GERARDO,3
23,NARIÑO,121,SAN LORENZO,00,Zona 00,00,PUESTO CABECERA MUNICIPAL,16
23,NARIÑO,123,SAN PEDRO DE CARTAGO,99,Zona 99,30,GOMEZ,3
23,NARIÑO,123,SAN PEDRO DE CARTAGO,99,Zona 99,45,LA COMUNIDAD,2
23,NARIÑO,123,SAN PEDRO DE CARTAGO,99,Zona 99,80,VIVEROS (LA ESTANCIA),2
23,NARIÑO,123,SAN PEDRO DE CARTAGO,00,Zona 00,00,PUESTO CABECERA MUNICIPAL,12
23,NARIÑO,124,SAN PABLO,99,Zona 99,01,BRICEÑO,3
23,NARIÑO,124,SAN PABLO,99,Zona 99,02,BELLAVISTA (EL MESON),2
23,NARIÑO,124,SAN PABLO,99,Zona 99,06,BATEROS,1
23,NARIÑO,124,SAN PABLO,99,Zona 99,19,EL ALTO,2
23,NARIÑO,124,SAN PABLO,99,Zona 99,21,EL RAMAL,1
23,NARIÑO,124,SAN PABLO,99,Zona 99,25,FRANCIA,2
23,NARIÑO,124,SAN PABLO,99,Zona 99,29,LA CUCHILLA,1
23,NARIÑO,124,SAN PABLO,99,Zona 99,50,LOS LLANOS,2
23,NARIÑO,124,SAN PABLO,99,Zona 99,60,LOS ROBLES,2
23,NARIÑO,124,SAN PABLO,99,Zona 99,95,YUNGUILLA (CHILCAL),3
23,NARIÑO,124,SAN PABLO,00,Zona 00,00,PUESTO CABECERA MUNICIPAL,21
23,NARIÑO,125,SANTA BARBARA (ISCUANDE),99,Zona 99,03,ATANASIO GIRARDOT (LAS MARIAS,1
23,NARIÑO,125,SANTA BARBARA (ISCUANDE),99,Zona 99,09,CHANZARA (CARMEN DE LAS PEÑAS,2
23,NARIÑO,125,SANTA BARBARA (ISCUANDE),99,Zona 99,20,FRANCISCO DE PARADA (VUELTA),1
23,NARIÑO,125,SANTA BARBARA (ISCUANDE),99,Zona 99,37,PACIFICO (ENSENADA),2
23,NARIÑO,125,SANTA BARBARA (ISCUANDE),99,Zona 99,42,PALOMINO,1
23,NARIÑO,125,SANTA BARBARA (ISCUANDE),99,Zona 99,45,SAN JOSE,1
23,NARIÑO,125,SANTA BARBARA (ISCUANDE),99,Zona 99,47,SEBASTIAN DE BELALCAZAR,1
23,NARIÑO,125,SANTA BARBARA (ISCUANDE),99,Zona 99,49,SANABRIA (FENICIA),2
23,NARIÑO,125,SANTA BARBARA (ISCUANDE),99,Zona 99,58,SANTANDER (SANTA RITA),1
23,NARIÑO,125,SANTA BARBARA (ISCUANDE),99,Zona 99,60,SOLEDAD,1
23,NARIÑO,125,SANTA BARBARA (ISCUANDE),99,Zona 99,70,TOMAS CIPRIANO DE MOSQUERA (V,1
23,NARIÑO,125,SANTA BARBARA (ISCUANDE),00,Zona 00,00,PUESTO CABECERA MUNICIPAL,15
23,NARIÑO,127,SANTACRUZ (GUACHAVES),99,Zona 99,01,EL EDEN,1
23,NARIÑO,127,SANTACRUZ (GUACHAVES),99,Zona 99,03,BALALAIKA,3
23,NARIÑO,127,SANTACRUZ (GUACHAVES),99,Zona 99,04,CHIPACUED (EL ARRAYAN),1
23,NARIÑO,127,SANTACRUZ (GUACHAVES),99,Zona 99,05,EL SANDE,2
23,NARIÑO,127,SANTACRUZ (GUACHAVES),99,Zona 99,07,INGA,1
23,NARIÑO,127,SANTACRUZ (GUACHAVES),99,Zona 99,08,LA ZABALETA,2
23,NARIÑO,127,SANTACRUZ (GUACHAVES),99,Zona 99,09,MANCHAG,1
23,NARIÑO,127,SANTACRUZ (GUACHAVES),99,Zona 99,13,PIARAMAG,1
23,NARIÑO,127,SANTACRUZ (GUACHAVES),99,Zona 99,17,SANTA ROSA,3
23,NARIÑO,127,SANTACRUZ (GUACHAVES),00,Zona 00,00,PUESTO CABECERA MUNICIPAL,14
23,NARIÑO,130,SAPUYES,99,Zona 99,01,EL ESPINO (SUAREZ),5
23,NARIÑO,130,SAPUYES,99,Zona 99,02,LA FLORESTA,1
23,NARIÑO,130,SAPUYES,99,Zona 99,03,LOS MONOS,1
23,NARIÑO,130,SAPUYES,99,Zona 99,04,ARBOLEDA,1
23,NARIÑO,130,SAPUYES,99,Zona 99,05,URIBE (COMUNIDAD),1
23,NARIÑO,130,SAPUYES,99,Zona 99,10,PANAMAL,2
23,NARIÑO,130,SAPUYES,00,Zona 00,00,PUESTO CABECERA MUNICIPAL,8
23,NARIÑO,133,TAMINANGO,99,Zona 99,01,CORDOBA (GRANADA),4
23,NARIÑO,133,TAMINANGO,99,Zona 99,15,CENTRO EDUCATIVO CURIACO SECUNDARIA,3
23,NARIÑO,133,TAMINANGO,99,Zona 99,17,EL PARAMO,2
23,NARIÑO,133,TAMINANGO,99,Zona 99,20,CHARGUAYACO,1
23,NARIÑO,133,TAMINANGO,99,Zona 99,23,PUERTO REMOLINO,4
23,NARIÑO,133,TAMINANGO,99,Zona 99,40,EL MANZANO,3
23,NARIÑO,133,TAMINANGO,99,Zona 99,50,EL TABLON,4
23,NARIÑO,133,TAMINANGO,00,Zona 00,00,PUESTO CABECERA MUNICIPAL,23
23,NARIÑO,136,TANGUA,99,Zona 99,01,SANTANDER,3
23,NARIÑO,136,TANGUA,99,Zona 99,04,LA CONCEPCION,1
23,NARIÑO,136,TANGUA,99,Zona 99,05,TAPIALQUER ALTO,1
23,NARIÑO,136,TANGUA,99,Zona 99,15,BUENOS AIRES,2
23,NARIÑO,136,TANGUA,99,Zona 99,20,CEBADAL ALTO,3
23,NARIÑO,136,TANGUA,99,Zona 99,25,EL PARAMILLO ALTO,1
23,NARIÑO,136,TANGUA,99,Zona 99,29,LAS PALMAS,2
23,NARIÑO,136,TANGUA,99,Zona 99,38,LOS AJOS,4
23,NARIÑO,136,TANGUA,99,Zona 99,45,SAN JAVIER,1
23,NARIÑO,136,TANGUA,99,Zona 99,80,LAS PLAYAS,1
23,NARIÑO,136,TANGUA,99,Zona 99,95,VILLA CRUZ,1
23,NARIÑO,136,TANGUA,00,Zona 00,00,PUESTO CABECERA MUNICIPAL,16
23,NARIÑO,139,TUMACO,90,Zona 90,01,IE FATIMA,6
23,NARIÑO,139,TUMACO,98,Zona 98,01,CARCEL BUCHELY,1
23,NARIÑO,139,TUMACO,99,Zona 99,01,CONGAL,2
23,NARIÑO,139,TUMACO,99,Zona 99,02,RESTREPO,2
23,NARIÑO,139,TUMACO,99,Zona 99,03,CAJAPI,2
23,NARIÑO,139,TUMACO,99,Zona 99,04,COMUNIDAD  LA BRAVA,1
23,NARIÑO,139,TUMACO,99,Zona 99,05,ALTO SAN AGUSTIN,1
23,NARIÑO,139,TUMACO,99,Zona 99,06,ALCUAN,1
23,NARIÑO,139,TUMACO,99,Zona 99,07,IMBILI,5
23,NARIÑO,139,TUMACO,99,Zona 99,08,BAJO ZAPOTAL,2
23,NARIÑO,139,TUMACO,99,Zona 99,09,PEÑA COLORADA,2
23,NARIÑO,139,TUMACO,99,Zona 99,10,TABLON DULCE,2
23,NARIÑO,139,TUMACO,99,Zona 99,11,BOCAS DE CURAY,3
23,NARIÑO,139,TUMACO,99,Zona 99,12,BOCANA NUEVA,1
23,NARIÑO,139,TUMACO,99,Zona 99,13,LA ANGOSTURA KM 89,1
23,NARIÑO,139,TUMACO,99,Zona 99,14,CALETA VIENTO LIBRE,1
23,NARIÑO,139,TUMACO,99,Zona 99,15,DOS QUEBRADAS,3
23,NARIÑO,139,TUMACO,99,Zona 99,16,CEIBITO,2
23,NARIÑO,139,TUMACO,99,Zona 99,17,LA BATEA - INDA GUACARAY,2
23,NARIÑO,139,TUMACO,99,Zona 99,18,OLIVO CURAY,1
23,NARIÑO,139,TUMACO,99,Zona 99,19,LA VARIANTE KM54-LAS DELICIAS,2
23,NARIÑO,139,TUMACO,99,Zona 99,20,CHAJAL,6
23,NARIÑO,139,TUMACO,99,Zona 99,21,CHAPILAR DE LAS VARAS,1
23,NARIÑO,139,TUMACO,99,Zona 99,22,CHAPILAR,1
23,NARIÑO,139,TUMACO,99,Zona 99,23,CHAPUL,1
23,NARIÑO,139,TUMACO,99,Zona 99,24,CHILVICITO,1
23,NARIÑO,139,TUMACO,99,Zona 99,25,SAGUMBITA,1
23,NARIÑO,139,TUMACO,99,Zona 99,26,CARLOS ZAMA,1
23,NARIÑO,139,TUMACO,99,Zona 99,27,PUEBLO NUEVO-TABLON SALADO CAR,1
23,NARIÑO,139,TUMACO,99,Zona 99,28,EL BAJITO,1
23,NARIÑO,139,TUMACO,99,Zona 99,29,KILOMETRO 36,2
23,NARIÑO,139,TUMACO,99,Zona 99,30,EL CARMEN KILOMETRO 63,3
23,NARIÑO,139,TUMACO,99,Zona 99,31,EL COCO,1
23,NARIÑO,139,TUMACO,99,Zona 99,32,EL JAGUA,1
23,NARIÑO,139,TUMACO,99,Zona 99,33,EL PAPAYAL,1
23,NARIÑO,139,TUMACO,99,Zona 99,34,EL PINDE,2
23,NARIÑO,139,TUMACO,99,Zona 99,35,PITAL DE LA COSTA,2
23,NARIÑO,139,TUMACO,99,Zona 99,36,EL RETOÑO,1
23,NARIÑO,139,TUMACO,99,Zona 99,37,BOCAS DE GUABAL,1
23,NARIÑO,139,TUMACO,99,Zona 99,38,ESPRIELLA,4
23,NARIÑO,139,TUMACO,99,Zona 99,39,CANDELILLAS DE LA MAR,2
23,NARIÑO,139,TUMACO,99,Zona 99,40,EL DESCANSO,2
23,NARIÑO,139,TUMACO,99,Zona 99,41,CUARAZANGA,1
23,NARIÑO,139,TUMACO,99,Zona 99,42,SAN AGUSTIN,1
23,NARIÑO,139,TUMACO,99,Zona 99,43,GUAYABO,2
23,NARIÑO,139,TUMACO,99,Zona 99,44,GUACHAL LAS BRISAS,1
23,NARIÑO,139,TUMACO,99,Zona 99,45,HERRERA-CANDELILLA,6
23,NARIÑO,139,TUMACO,99,Zona 99,46,IMBILPI DEL CARMEN,1
23,NARIÑO,139,TUMACO,99,Zona 99,47,INGUAPI DEL CARMEN,3
23,NARIÑO,139,TUMACO,99,Zona 99,48,SAN JUAN DEL MIRA,1
23,NARIÑO,139,TUMACO,99,Zona 99,49,TANGAREAL,4
23,NARIÑO,139,TUMACO,99,Zona 99,50,ISLA GRANDE (RIO ROSARIO),1
23,NARIÑO,139,TUMACO,99,Zona 99,51,KM 92,1
23,NARIÑO,139,TUMACO,99,Zona 99,52,NERETE,1
23,NARIÑO,139,TUMACO,99,Zona 99,53,BELLAVISTA,1
23,NARIÑO,139,TUMACO,99,Zona 99,54,BOCAS DE PILVI,1
23,NARIÑO,139,TUMACO,99,Zona 99,55,GUAYACANA,7
23,NARIÑO,139,TUMACO,99,Zona 99,56,LA HONDA (RIO MIRA),1
23,NARIÑO,139,TUMACO,99,Zona 99,57,NUEVA UNION,1
23,NARIÑO,139,TUMACO,99,Zona 99,58,LA SIRENA,1
23,NARIÑO,139,TUMACO,99,Zona 99,59,LLORENTE,16
23,NARIÑO,139,TUMACO,99,Zona 99,60,MAJAGUAL,1
23,NARIÑO,139,TUMACO,99,Zona 99,61,MATAJE-MATA DE PLATANO,2
23,NARIÑO,139,TUMACO,99,Zona 99,62,MIRAS PALMAS,1
23,NARIÑO,139,TUMACO,99,Zona 99,63,NUEVA BRISA,1
23,NARIÑO,139,TUMACO,99,Zona 99,64,LA BRAVA,2
23,NARIÑO,139,TUMACO,99,Zona 99,65,CHONTAL,2
23,NARIÑO,139,TUMACO,99,Zona 99,66,PALAMBI (ANTONIO NARIÑO),2
23,NARIÑO,139,TUMACO,99,Zona 99,67,PALAY,1
23,NARIÑO,139,TUMACO,99,Zona 99,68,LAS MERCEDES,2
23,NARIÑO,139,TUMACO,99,Zona 99,69,LLANAJE,1
23,NARIÑO,139,TUMACO,99,Zona 99,70,PIGUAMBI,3
23,NARIÑO,139,TUMACO,99,Zona 99,71,PITAL PIRAGUA,2
23,NARIÑO,139,TUMACO,99,Zona 99,72,PASA CABALLO,1
23,NARIÑO,139,TUMACO,99,Zona 99,73,CASAS VIEJAS,2
23,NARIÑO,139,TUMACO,99,Zona 99,74,SAN ANTONIO DE LAS VARAS,1
23,NARIÑO,139,TUMACO,99,Zona 99,75,PULGANDE-PORVENIR,1
23,NARIÑO,139,TUMACO,99,Zona 99,76,PUNTO TIBIO,1
23,NARIÑO,139,TUMACO,99,Zona 99,77,NUEVA REFORMA,1
23,NARIÑO,139,TUMACO,99,Zona 99,78,CAUNAPI KM 60,4
23,NARIÑO,139,TUMACO,99,Zona 99,79,ROBLES,5
23,NARIÑO,139,TUMACO,99,Zona 99,80,BOCAS DE CAJAPI,1
23,NARIÑO,139,TUMACO,99,Zona 99,81,DESCOLGADERO,1
23,NARIÑO,139,TUMACO,99,Zona 99,82,SANTA MARIA,1
23,NARIÑO,139,TUMACO,99,Zona 99,83,SALISVI,1
23,NARIÑO,139,TUMACO,99,Zona 99,84,COLORADO,2
23,NARIÑO,139,TUMACO,99,Zona 99,85,FIRME DE LOS COIME,1
23,NARIÑO,139,TUMACO,99,Zona 99,86,INGUAPI DEL GUADAL,2
23,NARIÑO,139,TUMACO,99,Zona 99,87,SAN FRANCISCO,1
23,NARIÑO,139,TUMACO,99,Zona 99,88,SAN ISIDRO,2
23,NARIÑO,139,TUMACO,99,Zona 99,89,SAN JACINTO,1
23,NARIÑO,139,TUMACO,99,Zona 99,90,SAN JUAN PLAYA,3
23,NARIÑO,139,TUMACO,99,Zona 99,91,SANTA ROSA,2
23,NARIÑO,139,TUMACO,99,Zona 99,92,BUCHELI,5
23,NARIÑO,139,TUMACO,99,Zona 99,93,SANTO DOMINGO,1
23,NARIÑO,139,TUMACO,99,Zona 99,94,TRUJILLO,1
23,NARIÑO,139,TUMACO,99,Zona 99,95,VAQUERIA,1
23,NARIÑO,139,TUMACO,99,Zona 99,96,PIÑAL SALADO,2
23,NARIÑO,139,TUMACO,99,Zona 99,97,BOCA GRANDE,1
23,NARIÑO,139,TUMACO,99,Zona 99,98,TERAN,1
23,NARIÑO,139,TUMACO,99,Zona 99,99,CHILVI,4
23,NARIÑO,139,TUMACO,99,Zona 99,A1,ALTO LOMERIO-VUELTA DEL CARMEN,2
23,NARIÑO,139,TUMACO,99,Zona 99,A2,ALTO BUENOS AIRES,1
23,NARIÑO,139,TUMACO,99,Zona 99,A3,ALBANIA,1
23,NARIÑO,139,TUMACO,99,Zona 99,A4,ALTO PAÑAMBI,1
23,NARIÑO,139,TUMACO,99,Zona 99,A5,ALTO SANTO DOMINGO,1
23,NARIÑO,139,TUMACO,99,Zona 99,A6,AMBUPI,1
23,NARIÑO,139,TUMACO,99,Zona 99,A7,LA VEGA,1
23,NARIÑO,139,TUMACO,99,Zona 99,A8,TABLON SALADO,1
23,NARIÑO,139,TUMACO,99,Zona 99,A9,AGUACATE,1
23,NARIÑO,139,TUMACO,99,Zona 99,B1,EL BANCO - LAS VARAS,1
23,NARIÑO,139,TUMACO,99,Zona 99,B2,ALTO PUSBI,1
23,NARIÑO,139,TUMACO,99,Zona 99,B3,EL PITAL RIO MIRA  ALTO MIRA Y FRONTERA,1
23,NARIÑO,139,TUMACO,99,Zona 99,B4,EL TULMO,1
23,NARIÑO,139,TUMACO,99,Zona 99,B5,BAJO PUSBI,1
23,NARIÑO,139,TUMACO,99,Zona 99,B6,BAJO JAGUA,1
23,NARIÑO,139,TUMACO,99,Zona 99,B7,VAQUERIO,3
23,NARIÑO,139,TUMACO,99,Zona 99,B8,BRISAS DEL CARMEN,1
23,NARIÑO,139,TUMACO,99,Zona 99,B9,BARRO COLORADO,1
23,NARIÑO,139,TUMACO,99,Zona 99,C1,BAJO VILLARRICA,2
23,NARIÑO,139,TUMACO,99,Zona 99,C2,EL CEDRAL,1
23,NARIÑO,139,TUMACO,99,Zona 99,C3,PULGANDE CAMPO ALEGRE,1
23,NARIÑO,139,TUMACO,99,Zona 99,C4,BOCA DE IMBAPI,1
23,NARIÑO,139,TUMACO,99,Zona 99,C5,EL HOJAL,2
23,NARIÑO,139,TUMACO,99,Zona 99,C6,BRISAS DEL ACUEDUCTO,1
23,NARIÑO,139,TUMACO,99,Zona 99,C7,ALTO ALBI,1
23,NARIÑO,139,TUMACO,99,Zona 99,D1,SABALETA,2
23,NARIÑO,139,TUMACO,99,Zona 99,D2,PIEDRA SELLADA,1
23,NARIÑO,139,TUMACO,99,Zona 99,D3,CACAGUAL,1
23,NARIÑO,139,TUMACO,99,Zona 99,D4,LAS VARAS,1
23,NARIÑO,139,TUMACO,99,Zona 99,D5,PEÑA LISA,1
23,NARIÑO,139,TUMACO,99,Zona 99,D6,CANDELO,1
23,NARIÑO,139,TUMACO,99,Zona 99,D8,ALTO PALAY,1
23,NARIÑO,139,TUMACO,99,Zona 99,D9,VUELTA LAS MARIAS,1
23,NARIÑO,139,TUMACO,99,Zona 99,E1,QUEJUAMBI FELICIANA,1
23,NARIÑO,139,TUMACO,99,Zona 99,E2,VUELTA LARGA RIO ROSARIO,1
23,NARIÑO,139,TUMACO,99,Zona 99,E3,CORRIENTE GRANDE,2
23,NARIÑO,139,TUMACO,99,Zona 99,E4,KILOMETRO 28,4
23,NARIÑO,139,TUMACO,99,Zona 99,E5,LA VARIANTE KM54-EL PARAISO CA,1
23,NARIÑO,139,TUMACO,99,Zona 99,E7,EL BARRANCO,1
23,NARIÑO,139,TUMACO,99,Zona 99,E8,AZUCAR ALTO MIRA,1
23,NARIÑO,139,TUMACO,99,Zona 99,E9,SAN VICENTE LAS VARAS,1
23,NARIÑO,139,TUMACO,99,Zona 99,F3,EL GUABAL,1
23,NARIÑO,139,TUMACO,99,Zona 99,F6,EL GUACHAL,1
23,NARIÑO,139,TUMACO,99,Zona 99,F7,EL GUADUAL,1
23,NARIÑO,139,TUMACO,99,Zona 99,F9,EL GUALTAL,2
23,NARIÑO,139,TUMACO,99,Zona 99,G9,EL RETORNO,1
23,NARIÑO,139,TUMACO,99,Zona 99,H1,EL SANDE,1
23,NARIÑO,139,TUMACO,99,Zona 99,H2,EL SANDE CURAY,1
23,NARIÑO,139,TUMACO,99,Zona 99,H3,INGUAPI LA CHIRICANA,2
23,NARIÑO,139,TUMACO,99,Zona 99,H6,ISCUANDE,1
23,NARIÑO,139,TUMACO,99,Zona 99,H9,ISLA GRANDE (RIO MIRA),1
23,NARIÑO,139,TUMACO,99,Zona 99,I9,JUAN DOMINGO,2
23,NARIÑO,139,TUMACO,99,Zona 99,J3,KILOMETRO 35,1
23,NARIÑO,139,TUMACO,99,Zona 99,J6,PUEBLO NUEVO-KM 41,3
23,NARIÑO,139,TUMACO,99,Zona 99,J9,KILOMETRO 58,1
23,NARIÑO,139,TUMACO,99,Zona 99,K1,CHORRERA,1
23,NARIÑO,139,TUMACO,99,Zona 99,K3,LA ADUANA,1
23,NARIÑO,139,TUMACO,99,Zona 99,K6,LA BALSA,2
23,NARIÑO,139,TUMACO,99,Zona 99,K7,LA CONCHA,1
23,NARIÑO,139,TUMACO,99,Zona 99,K9,LA CHORRERA,1
23,NARIÑO,139,TUMACO,99,Zona 99,L1,LA CHORRERA CURAY,1
23,NARIÑO,139,TUMACO,99,Zona 99,L4,LA JUNTA EL TIGRILLO,1
23,NARIÑO,139,TUMACO,99,Zona 99,L6,LA LOMA,1
23,NARIÑO,139,TUMACO,99,Zona 99,L7,LA HONDA (RIO CHAGUI),1
23,NARIÑO,139,TUMACO,99,Zona 99,M1,LA VIÑA KM 74,1
23,NARIÑO,139,TUMACO,99,Zona 99,M3,LA PIÑUELA,1
23,NARIÑO,139,TUMACO,99,Zona 99,M9,LAS CARGAS,1
23,NARIÑO,139,TUMACO,99,Zona 99,N6,LAS VEGAS,1
23,NARIÑO,139,TUMACO,99,Zona 99,N8,MUISS ACHOTAL,1
23,NARIÑO,139,TUMACO,99,Zona 99,N9,MAJAGUA,1
23,NARIÑO,139,TUMACO,99,Zona 99,P1,MASCAREY,2
23,NARIÑO,139,TUMACO,99,Zona 99,P3,PACORA,1
23,NARIÑO,139,TUMACO,99,Zona 99,P4,PIÑA DULCE,2
23,NARIÑO,139,TUMACO,99,Zona 99,P5,PAMBIL KM. 42,1
23,NARIÑO,139,TUMACO,99,Zona 99,P8,PEÑA DE LOS SANTOS,1
23,NARIÑO,139,TUMACO,99,Zona 99,PO,NUEVA CREACION,1
23,NARIÑO,139,TUMACO,99,Zona 99,Q2,PIANULPI,1
23,NARIÑO,139,TUMACO,99,Zona 99,Q3,PINDALES,3
23,NARIÑO,139,TUMACO,99,Zona 99,Q6,PLAYON,1
23,NARIÑO,139,TUMACO,99,Zona 99,R1,PUERTO NIDIA,1
23,NARIÑO,139,TUMACO,99,Zona 99,R2,PUEBLO NUEVO (VARIANTE LA Y),1
23,NARIÑO,139,TUMACO,99,Zona 99,R3,PUEBLO NUEVO - CHIMBUZAL,1
23,NARIÑO,139,TUMACO,99,Zona 99,R4,PUENTE AGUACLARA,3
23,NARIÑO,139,TUMACO,99,Zona 99,R9,SAN ANTONIO DE CURAY,1
23,NARIÑO,139,TUMACO,99,Zona 99,S8,SAN PABLO,1
23,NARIÑO,139,TUMACO,99,Zona 99,T3,SOLEDAD CURAY,1
23,NARIÑO,139,TUMACO,99,Zona 99,T9,TAMBILLO,1
23,NARIÑO,139,TUMACO,99,Zona 99,U3,TANGAREAL DEL MIRA,1
23,NARIÑO,139,TUMACO,99,Zona 99,U6,TESTERIA,1
23,NARIÑO,139,TUMACO,99,Zona 99,V3,VIGUARAL,1
23,NARIÑO,139,TUMACO,99,Zona 99,V6,VILLA RICA,2
23,NARIÑO,139,TUMACO,99,Zona 99,V9,VUELTA DE CANDELILLAS,1
23,NARIÑO,139,TUMACO,99,Zona 99,W1,LA NUPA KM 52,2
23,NARIÑO,139,TUMACO,99,Zona 99,W2,SAN JOSE,1
23,NARIÑO,139,TUMACO,99,Zona 99,W3,PUERTO PALMA,1
23,NARIÑO,139,TUMACO,99,Zona 99,W4,VUELTAS DE CAJAPI,1
23,NARIÑO,139,TUMACO,99,Zona 99,W6,EL PROGRESO STO DOMINGO-FRONTER,1
23,NARIÑO,139,TUMACO,99,Zona 99,W7,PAISURERO,1
23,NARIÑO,139,TUMACO,99,Zona 99,W8,VIGUARAL FRONTERA,1
23,NARIÑO,139,TUMACO,99,Zona 99,W9,GUACHAL LAS BRISAS,1
23,NARIÑO,139,TUMACO,99,Zona 99,X1,GUACHIRE,1
23,NARIÑO,139,TUMACO,99,Zona 99,X3,VUELTA LARGA,2
23,NARIÑO,139,TUMACO,99,Zona 99,Y5,INDA ZABALETA,4
23,NARIÑO,139,TUMACO,99,Zona 99,Y7,CHORRERA KM 40,1
23,NARIÑO,139,TUMACO,99,Zona 99,Y9,NUEVO PAPAYAL,1
23,NARIÑO,139,TUMACO,99,Zona 99,Z1,PALOSECO LAS FLORES,1
23,NARIÑO,139,TUMACO,99,Zona 99,Z3,LA UNION KM 31,1
23,NARIÑO,139,TUMACO,99,Zona 99,Z5,SAN SEBASTAN DE BELALCAZAR,1
23,NARIÑO,139,TUMACO,01,Zona 01,01,INST.TEC.POP.DE LA COSTA,20
23,NARIÑO,139,TUMACO,01,Zona 01,02,I.E. LICEO MAX SEIDEL,11
23,NARIÑO,139,TUMACO,01,Zona 01,03,I.E. EL MORRITO,3
23,NARIÑO,139,TUMACO,01,Zona 01,04,I.E. ESCUELA LA CORDIALIDAD,10
23,NARIÑO,139,TUMACO,01,Zona 01,05,I. TECN. POP. DE LA COSTA SD 5,3
23,NARIÑO,139,TUMACO,02,Zona 02,01,I.E. INMACULADA CONCEPCION,24
23,NARIÑO,139,TUMACO,02,Zona 02,02,I.E. ESCUELA R.M. BISHOP,15
23,NARIÑO,139,TUMACO,02,Zona 02,03,COLISEO PANAMA,9
23,NARIÑO,139,TUMACO,02,Zona 02,04,IE MISIONAL SANTA TERESITA,5
23,NARIÑO,139,TUMACO,03,Zona 03,01,I.E. COLEGIO SANTA TERESITA,24
23,NARIÑO,139,TUMACO,03,Zona 03,02,I.E. GENERAL SANTANDER,10
23,NARIÑO,139,TUMACO,03,Zona 03,03,I.E. IBERIA - SEDE UNION VICT,19
23,NARIÑO,139,TUMACO,03,Zona 03,04,I.E CIUDADELA MIXTA COLOMBIA,17
23,NARIÑO,139,TUMACO,03,Zona 03,05,I.E. IBERIA NUEVO MILENIO,8
23,NARIÑO,139,TUMACO,03,Zona 03,06,I.E.EL PORVENIR,4
23,NARIÑO,139,TUMACO,03,Zona 03,07,IE FATIMA  MARIA AUXILIADORA SD 2,3
23,NARIÑO,142,TUQUERRES,98,Zona 98,01,CARCEL NAL DEL CIRCUITO,1
23,NARIÑO,142,TUQUERRES,99,Zona 99,01,ALBAN,2
23,NARIÑO,142,TUQUERRES,99,Zona 99,05,CUATRO ESQUINAS,5
23,NARIÑO,142,TUQUERRES,99,Zona 99,06,LAS MINAS,1
23,NARIÑO,142,TUQUERRES,99,Zona 99,07,GUANAMA,2
23,NARIÑO,142,TUQUERRES,99,Zona 99,08,LOS ARRAYANES,3
23,NARIÑO,142,TUQUERRES,99,Zona 99,09,OLAYA,3
23,NARIÑO,142,TUQUERRES,99,Zona 99,13,PINZON,4
23,NARIÑO,142,TUQUERRES,99,Zona 99,15,POLACHAYAN,2
23,NARIÑO,142,TUQUERRES,99,Zona 99,19,LA LAGUNA,1
23,NARIÑO,142,TUQUERRES,99,Zona 99,20,RANCHO GRANDE,2
23,NARIÑO,142,TUQUERRES,99,Zona 99,21,SANTANDER,7
23,NARIÑO,142,TUQUERRES,99,Zona 99,23,SAN CARLOS-QUEBRADA OSCURA,1
23,NARIÑO,142,TUQUERRES,99,Zona 99,24,SAN ROQUE,3
23,NARIÑO,142,TUQUERRES,99,Zona 99,25,TUTACHAG,2
23,NARIÑO,142,TUQUERRES,99,Zona 99,29,YASCUAL,8
23,NARIÑO,142,TUQUERRES,01,Zona 01,01,ESC DON BOSCO,17
23,NARIÑO,142,TUQUERRES,01,Zona 01,02,COL SAN LUIS GONZAGA,18
23,NARIÑO,142,TUQUERRES,02,Zona 02,01,ESC PERPETUO SOCORRO,16
23,NARIÑO,142,TUQUERRES,02,Zona 02,02,COL TERESIANO,17
23,NARIÑO,145,YACUANQUER,99,Zona 99,17,CHAPACUAL,3
23,NARIÑO,145,YACUANQUER,99,Zona 99,28,INANTAS,1
23,NARIÑO,145,YACUANQUER,99,Zona 99,33,TAINDALA,1
23,NARIÑO,145,YACUANQUER,99,Zona 99,35,TASNAQUE,2
23,NARIÑO,145,YACUANQUER,99,Zona 99,90,ZARAGOZA,1
23,NARIÑO,145,YACUANQUER,00,Zona 00,00,PUESTO CABECERA MUNICIPAL,20
23,NARIÑO,007,ALDANA,99,Zona 99,10,CENTRO EDUCATIVO CAUPUERAN,2
23,NARIÑO,007,ALDANA,99,Zona 99,60,IE COMERCIAL SAN LUIS,3
23,NARIÑO,007,ALDANA,00,Zona 00,00,COLISEO CUBIERTO VICENTE CALVACHE,15
23,NARIÑO,010,ANCUYA,99,Zona 99,01,EL INGENIO,2
23,NARIÑO,010,ANCUYA,99,Zona 99,03,INDO,2
23,NARIÑO,010,ANCUYA,99,Zona 99,04,LA ARADA,1
23,NARIÑO,010,ANCUYA,99,Zona 99,05,LA LOMA,2
23,NARIÑO,010,ANCUYA,99,Zona 99,09,CRUZ DE MAYO,1
23,NARIÑO,010,ANCUYA,99,Zona 99,11,MACAS CRUZ,2
23,NARIÑO,010,ANCUYA,99,Zona 99,12,SAN LUIS GRANDE,1
23,NARIÑO,010,ANCUYA,99,Zona 99,13,YANANCHA,2
23,NARIÑO,010,ANCUYA,99,Zona 99,25,EL ROSARIO,1
23,NARIÑO,010,ANCUYA,00,Zona 00,00,PUESTO CABECERA MUNICIPAL,11
23,NARIÑO,013,ARBOLEDA (BERRUECOS),99,Zona 99,01,ROSAFLORIDA NORTE,6
23,NARIÑO,013,ARBOLEDA (BERRUECOS),99,Zona 99,10,LA CAÑADA,1
23,NARIÑO,013,ARBOLEDA (BERRUECOS),99,Zona 99,12,LA COCHA,2
23,NARIÑO,013,ARBOLEDA (BERRUECOS),99,Zona 99,50,SANTA TERESA,1
23,NARIÑO,013,ARBOLEDA (BERRUECOS),00,Zona 00,00,PUESTO CABECERA MUNICIPAL,9
23,NARIÑO,017,BELEN,99,Zona 99,25,LA ESPERANZA,2
23,NARIÑO,017,BELEN,99,Zona 99,80,SANTA ROSA,2
23,NARIÑO,017,BELEN,00,Zona 00,00,PUESTO CABECERA MUNICIPAL,12
23,NARIÑO,022,COLON (GENOVA),99,Zona 99,01,GUAITARILLA,2
23,NARIÑO,022,COLON (GENOVA),99,Zona 99,02,EL MACAL,1
23,NARIÑO,022,COLON (GENOVA),99,Zona 99,03,LA PLATA,3
23,NARIÑO,022,COLON (GENOVA),99,Zona 99,04,SAN CARLOS,3
23,NARIÑO,022,COLON (GENOVA),99,Zona 99,07,LA ERMA,2
23,NARIÑO,022,COLON (GENOVA),99,Zona 99,08,LA VICTORIA,1
23,NARIÑO,022,COLON (GENOVA),99,Zona 99,09,VILLANUEVA,5
23,NARIÑO,022,COLON (GENOVA),99,Zona 99,20,EL HELECHAL,1
23,NARIÑO,022,COLON (GENOVA),00,Zona 00,00,PUESTO CABECERA MUNICIPAL,7
23,NARIÑO,025,CONSACA,99,Zona 99,01,ALFONSO LOPEZ,2
23,NARIÑO,025,CONSACA,99,Zona 99,02,ALTO BOMBONA,1
23,NARIÑO,025,CONSACA,99,Zona 99,03,ALTO TINAJILLAS,1
23,NARIÑO,025,CONSACA,99,Zona 99,04,CAMPAMENTO,1
23,NARIÑO,025,CONSACA,99,Zona 99,05,CARIACO BAJO,2
23,NARIÑO,025,CONSACA,99,Zona 99,06,CHURUPAMBA,1
23,NARIÑO,025,CONSACA,99,Zona 99,07,BOMBONA,4
23,NARIÑO,025,CONSACA,99,Zona 99,08,EL GUABO,1
23,NARIÑO,025,CONSACA,99,Zona 99,09,OLAYA HERRERA,2
23,NARIÑO,025,CONSACA,99,Zona 99,13,PALTAPAMBA,1
23,NARIÑO,025,CONSACA,99,Zona 99,20,SAN ANTONIO,1
23,NARIÑO,025,CONSACA,99,Zona 99,25,SANTA INES,1
23,NARIÑO,025,CONSACA,99,Zona 99,28,SAN SEBASTIAN,1
23,NARIÑO,025,CONSACA,99,Zona 99,30,EL TEJAR,1
23,NARIÑO,025,CONSACA,99,Zona 99,70,SAN JOSE DEL SALADO,1
23,NARIÑO,025,CONSACA,99,Zona 99,80,SAN MIGUEL DE CARIACO,1
23,NARIÑO,025,CONSACA,99,Zona 99,83,SAN RAFAEL,1
23,NARIÑO,025,CONSACA,99,Zona 99,90,VERACRUZ,1
23,NARIÑO,025,CONSACA,99,Zona 99,92,VILLA INES,1
23,NARIÑO,025,CONSACA,00,Zona 00,00,PUESTO CABECERA MUNICIPAL,10
23,NARIÑO,028,CONTADERO,99,Zona 99,01,ALDEA DE MARIA,3
23,NARIÑO,028,CONTADERO,99,Zona 99,05,LA JOSEFINA,2
23,NARIÑO,028,CONTADERO,99,Zona 99,09,OSPINA PEREZ,3
23,NARIÑO,028,CONTADERO,99,Zona 99,50,SAN FRANCISCO,1
23,NARIÑO,028,CONTADERO,99,Zona 99,80,SANTO DOMINGO,2
23,NARIÑO,028,CONTADERO,00,Zona 00,00,PUESTO CABECERA MUNICIPAL,10
23,NARIÑO,031,CORDOBA,99,Zona 99,01,LLORENTE,1
23,NARIÑO,031,CORDOBA,99,Zona 99,02,LOS ARRAYANES,3
23,NARIÑO,031,CORDOBA,99,Zona 99,05,PAYAN,1
23,NARIÑO,031,CORDOBA,99,Zona 99,65,SANTA BRIGIDA,2
23,NARIÑO,031,CORDOBA,99,Zona 99,69,SANTANDER,2
23,NARIÑO,031,CORDOBA,00,Zona 00,00,PUESTO CABECERA MUNICIPAL,26
23,NARIÑO,034,CUASPUD (CARLOSAMA),99,Zona 99,15,MACAS,5
23,NARIÑO,034,CUASPUD (CARLOSAMA),00,Zona 00,00,PUESTO CABECERA MUNICIPAL,19
23,NARIÑO,039,CUMBITARA,99,Zona 99,08,AMINDA,1
23,NARIÑO,039,CUMBITARA,99,Zona 99,20,DAMASCO,2
23,NARIÑO,039,CUMBITARA,99,Zona 99,40,EL DESIERTO,1
23,NARIÑO,039,CUMBITARA,99,Zona 99,45,LA ESPERANZA,2
23,NARIÑO,039,CUMBITARA,99,Zona 99,50,NULPI,1
23,NARIÑO,039,CUMBITARA,99,Zona 99,55,EL PESQUERIO,1
23,NARIÑO,039,CUMBITARA,99,Zona 99,60,PISANDA,2
23,NARIÑO,039,CUMBITARA,99,Zona 99,70,SANTA ROSA LAS PALMAS,2
23,NARIÑO,039,CUMBITARA,99,Zona 99,80,SIDON,6
23,NARIÑO,039,CUMBITARA,00,Zona 00,00,PUESTO CABECERA MUNICIPAL,9
23,NARIÑO,040,EL ROSARIO,99,Zona 99,09,EL VADO,1
23,NARIÑO,040,EL ROSARIO,99,Zona 99,13,ESMERALDAS,4
23,NARIÑO,040,EL ROSARIO,99,Zona 99,14,LA MONTAÑA,1
23,NARIÑO,040,EL ROSARIO,99,Zona 99,15,LA SIERRA,3
23,NARIÑO,040,EL ROSARIO,99,Zona 99,27,MARTIN PEREZ,1
23,NARIÑO,040,EL ROSARIO,99,Zona 99,34,SANTA ISABEL,1
23,NARIÑO,040,EL ROSARIO,99,Zona 99,38,SANTA ROSA (EL RINCON),3
23,NARIÑO,040,EL ROSARIO,99,Zona 99,42,VAPOR,1
23,NARIÑO,040,EL ROSARIO,00,Zona 00,00,PUESTO CABECERA MUNICIPAL,10
23,NARIÑO,041,EL CHARCO,99,Zona 99,02,EL CUIL,2
23,NARIÑO,041,EL CHARCO,99,Zona 99,03,BENJAMIN HERRERA (PLAYA DE BA,3
23,NARIÑO,041,EL CHARCO,99,Zona 99,04,GAITAN (EL ROSARIO),2
23,NARIÑO,041,EL CHARCO,99,Zona 99,05,HORMIGUERO,2
23,NARIÑO,041,EL CHARCO,99,Zona 99,07,ARENAL (SANTA BARBARA),1
23,NARIÑO,041,EL CHARCO,99,Zona 99,10,CARMEN BANGUELA,1
23,NARIÑO,041,EL CHARCO,99,Zona 99,11,CASTIGO,2
23,NARIÑO,041,EL CHARCO,99,Zona 99,13,LAS MERCEDES,1
23,NARIÑO,041,EL CHARCO,99,Zona 99,15,RIO TAPAJE (PULBUZA),4
23,NARIÑO,041,EL CHARCO,99,Zona 99,16,PLINIO OLIVEROS TAIJA - SAN F,3
23,NARIÑO,041,EL CHARCO,99,Zona 99,17,ROBERTO PAYAN (SANTA CATALINA,2
23,NARIÑO,041,EL CHARCO,99,Zona 99,20,LA LAGUNA,1
23,NARIÑO,041,EL CHARCO,99,Zona 99,26,SAN JOSE DEL TAPAJE,3
23,NARIÑO,041,EL CHARCO,99,Zona 99,33,TURBAY (PLAYA GRANDE),2
23,NARIÑO,041,EL CHARCO,99,Zona 99,34,URIBE URIBE (EL CARMEN),2
23,NARIÑO,041,EL CHARCO,99,Zona 99,35,BOLIVAR (SAN PEDRO),2
23,NARIÑO,041,EL CHARCO,99,Zona 99,60,PAMBILERO,2
23,NARIÑO,041,EL CHARCO,00,Zona 00,00,PUESTO CABECERA MUNICIPAL,25
23,NARIÑO,043,EL TABLON,99,Zona 99,01,APONTE,6
23,NARIÑO,043,EL TABLON,99,Zona 99,04,FATIMA,2
23,NARIÑO,043,EL TABLON,99,Zona 99,05,LA CUEVA,2
23,NARIÑO,043,EL TABLON,99,Zona 99,09,LAS MESAS,12
23,NARIÑO,043,EL TABLON,99,Zona 99,13,POMPEYA,2
23,NARIÑO,043,EL TABLON,00,Zona 00,00,PUESTO CABECERA MUNICIPAL,13
23,NARIÑO,044,EL PEÑOL,99,Zona 99,01,ALTO PEÑOL,1
23,NARIÑO,044,EL PEÑOL,99,Zona 99,05,GUAMBANGA,1
23,NARIÑO,044,EL PEÑOL,99,Zona 99,10,LAS COCHAS,2
23,NARIÑO,044,EL PEÑOL,99,Zona 99,15,LA TOMA,1
23,NARIÑO,044,EL PEÑOL,99,Zona 99,18,PEÑOL VIEJO,1
23,NARIÑO,044,EL PEÑOL,99,Zona 99,20,SAN FRANCISCO,4
23,NARIÑO,044,EL PEÑOL,00,Zona 00,00,PUESTO CABECERA MUNICIPAL,10
23,NARIÑO,046,EL TAMBO,99,Zona 99,09,LA OVEJERA,1
23,NARIÑO,046,EL TAMBO,99,Zona 99,14,RICAURTE,2
23,NARIÑO,046,EL TAMBO,99,Zona 99,19,SAN PEDRO,2
23,NARIÑO,046,EL TAMBO,99,Zona 99,60,TANGUANA,1
23,NARIÑO,046,EL TAMBO,00,Zona 00,00,PUESTO CABECERA MUNICIPAL,30
23,NARIÑO,047,FRANCISCO PIZARRO (SALAHONDA),99,Zona 99,21,HUGO BELALCAZAR LUCERO (YARI),1
23,NARIÑO,047,FRANCISCO PIZARRO (SALAHONDA),99,Zona 99,26,JORGE ANTONIO CUERO MIRANDA (,1
23,NARIÑO,047,FRANCISCO PIZARRO (SALAHONDA),99,Zona 99,31,LAUREANO ALBERTO ARELLANO (IS,1
23,NARIÑO,047,FRANCISCO PIZARRO (SALAHONDA),99,Zona 99,37,LUIS AVELINO PEREZ (BOCAS DE,1
23,NARIÑO,047,FRANCISCO PIZARRO (SALAHONDA),99,Zona 99,40,NOVILLAL,1
23,NARIÑO,047,FRANCISCO PIZARRO (SALAHONDA),99,Zona 99,50,NICANOR VALENCIA (HOJAS BLANC,1
23,NARIÑO,047,FRANCISCO PIZARRO (SALAHONDA),99,Zona 99,70,PATIA (SAN PEDRO DEL VINO),1
23,NARIÑO,047,FRANCISCO PIZARRO (SALAHONDA),99,Zona 99,80,VUELTA DEL GALLO,1
23,NARIÑO,047,FRANCISCO PIZARRO (SALAHONDA),99,Zona 99,90,VICTOR CALONGE GAMEZ (CAIMITO,1
23,NARIÑO,047,FRANCISCO PIZARRO (SALAHONDA),00,Zona 00,00,PUESTO CABECERA MUNICIPAL,17
23,NARIÑO,049,FUNES,99,Zona 99,01,CHAPAL,2
23,NARIÑO,049,FUNES,99,Zona 99,05,CHITARRAN,1
23,NARIÑO,049,FUNES,99,Zona 99,10,GUAPUSCAL,2
23,NARIÑO,049,FUNES,99,Zona 99,15,ESCUELA RURAL GUAPUSCAL BAJO,1
23,NARIÑO,049,FUNES,99,Zona 99,70,SUCUMBIOS,1
23,NARIÑO,049,FUNES,99,Zona 99,75,TERRERO,1
23,NARIÑO,049,FUNES,99,Zona 99,78,TELLEZ ALTO,1
23,NARIÑO,049,FUNES,00,Zona 00,00,PUESTO CABECERA MUNICIPAL,11
23,NARIÑO,052,GUACHUCAL,99,Zona 99,01,COLIMBA,4
23,NARIÑO,052,GUACHUCAL,99,Zona 99,05,CHILLANQUER,2
23,NARIÑO,052,GUACHUCAL,99,Zona 99,09,MUELLAMUES,8
23,NARIÑO,052,GUACHUCAL,99,Zona 99,70,SAN JOSE DE CHILLANQUER,2
23,NARIÑO,052,GUACHUCAL,00,Zona 00,00,PUESTO CABECERA MUNICIPAL,29
23,NARIÑO,055,GUAITARILLA,99,Zona 99,01,AHUMADA,2
23,NARIÑO,055,GUAITARILLA,99,Zona 99,02,BUENOS AIRES,1
23,NARIÑO,055,GUAITARILLA,99,Zona 99,03,ESPERANZA,1
23,NARIÑO,055,GUAITARILLA,99,Zona 99,04,GIRARDOT,2
23,NARIÑO,055,GUAITARILLA,99,Zona 99,05,LA VICTORIA,1
23,NARIÑO,055,GUAITARILLA,99,Zona 99,12,EL CID,1
23,NARIÑO,055,GUAITARILLA,99,Zona 99,17,ALEX,2
23,NARIÑO,055,GUAITARILLA,99,Zona 99,70,SAN ALEJANDRO,2
23,NARIÑO,055,GUAITARILLA,99,Zona 99,75,SAN NICOLAS,1
23,NARIÑO,055,GUAITARILLA,00,Zona 00,00,PUESTO CABECERA MUNICIPAL,23
23,NARIÑO,058,GUALMATAN,99,Zona 99,01,CUATIS,2
23,NARIÑO,058,GUALMATAN,00,Zona 00,00,PUESTO CABECERA MUNICIPAL,14
23,NARIÑO,061,ILES,99,Zona 99,01,BOLIVAR,1
23,NARIÑO,061,ILES,99,Zona 99,03,EL ALTO DEL REY,1
23,NARIÑO,061,ILES,99,Zona 99,05,EL TABLON,2
23,NARIÑO,061,ILES,99,Zona 99,09,SAN FRANCISCO,2
23,NARIÑO,061,ILES,00,Zona 00,00,COLISEO MUNICIPAL,18
23,NARIÑO,064,IMUES,99,Zona 99,01,NEIRA (SANTA ANA),4
23,NARIÑO,064,IMUES,99,Zona 99,02,CENTRO EDUCATIVO PILCUAN LA RECTA,3
23,NARIÑO,064,IMUES,99,Zona 99,03,EL ALISAL,1
23,NARIÑO,064,IMUES,99,Zona 99,04,PEDREGAL,4
23,NARIÑO,064,IMUES,99,Zona 99,05,VALENCIA (SAN ISIDRO),2
23,NARIÑO,064,IMUES,99,Zona 99,10,BETANIA,1
23,NARIÑO,064,IMUES,99,Zona 99,20,CUARCHU,2
23,NARIÑO,064,IMUES,99,Zona 99,40,PORTACHUELO,1
23,NARIÑO,064,IMUES,99,Zona 99,70,SAN BUENAVENTURA,1
23,NARIÑO,064,IMUES,00,Zona 00,00,PUESTO CABECERA MUNICIPAL,6
23,NARIÑO,073,LA CRUZ,98,Zona 98,01,CARCEL MUNICIPAL,1
23,NARIÑO,073,LA CRUZ,99,Zona 99,04,CABUYALES,2
23,NARIÑO,073,LA CRUZ,99,Zona 99,05,CASCABEL (TUJUMBINA),6
23,NARIÑO,073,LA CRUZ,99,Zona 99,09,ALTO MAYO (ESCANDOY),2
23,NARIÑO,073,LA CRUZ,99,Zona 99,11,EL PULPITO,1
23,NARIÑO,073,LA CRUZ,99,Zona 99,12,JUAN ESTEBAN DE ALVEAR (LA ES,4
23,NARIÑO,073,LA CRUZ,99,Zona 99,14,LAS PLAZUELAS,1
23,NARIÑO,073,LA CRUZ,99,Zona 99,17,SAN GERARDO,3
23,NARIÑO,073,LA CRUZ,99,Zona 99,20,SAN RAFAEL,1
23,NARIÑO,073,LA CRUZ,00,Zona 00,00,PUESTO CABECERA MUNICIPAL,25
23,NARIÑO,076,LA FLORIDA,99,Zona 99,01,MATITUY,4
23,NARIÑO,076,LA FLORIDA,99,Zona 99,02,BELLAVISTA,1
23,NARIÑO,076,LA FLORIDA,99,Zona 99,03,EL RODEO,2
23,NARIÑO,076,LA FLORIDA,99,Zona 99,04,LAS PLAZUELAS,2
23,NARIÑO,076,LA FLORIDA,99,Zona 99,05,SANTACRUZ DE ROBLES,4
23,NARIÑO,076,LA FLORIDA,99,Zona 99,06,PANCHINDO,1
23,NARIÑO,076,LA FLORIDA,99,Zona 99,07,DUARTE,1
23,NARIÑO,076,LA FLORIDA,99,Zona 99,08,EL MACO,1
23,NARIÑO,076,LA FLORIDA,99,Zona 99,09,TUNJA GRANDE,4
23,NARIÑO,076,LA FLORIDA,99,Zona 99,75,YUNGUILLA,1
23,NARIÑO,076,LA FLORIDA,00,Zona 00,00,PUESTO CABECERA MUNICIPAL,10
23,NARIÑO,077,LA LLANADA,99,Zona 99,20,EL PALMAR,1
23,NARIÑO,077,LA LLANADA,99,Zona 99,90,EL VERGEL,2
23,NARIÑO,077,LA LLANADA,00,Zona 00,00,PUESTO CABECERA MUNICIPAL,10
23,NARIÑO,078,LA TOLA,99,Zona 99,03,AMARALES,2
23,NARIÑO,078,LA TOLA,99,Zona 99,05,ANTONIO NARIÑO (LA VIGIA),1
23,NARIÑO,078,LA TOLA,99,Zona 99,35,NERETE,1
23,NARIÑO,078,LA TOLA,99,Zona 99,40,SAN PABLO DE LA TOLA,1
23,NARIÑO,078,LA TOLA,99,Zona 99,60,SAN PABLO MAR,2
23,NARIÑO,078,LA TOLA,00,Zona 00,00,PUESTO CABECERA MUNICIPAL,12
23,NARIÑO,080,LEIVA,99,Zona 99,09,CAÑADUZAL,1
23,NARIÑO,080,LEIVA,99,Zona 99,11,EL TABLON,2
23,NARIÑO,080,LEIVA,99,Zona 99,13,EL PALMAR,4
23,NARIÑO,080,LEIVA,99,Zona 99,17,LA VILLA,2
23,NARIÑO,080,LEIVA,99,Zona 99,21,LAS DELICIAS,2
23,NARIÑO,080,LEIVA,99,Zona 99,22,LO FRIO,1
23,NARIÑO,080,LEIVA,99,Zona 99,23,NARIÑO,1
23,NARIÑO,080,LEIVA,99,Zona 99,25,PUERTO NUEVO,1
23,NARIÑO,080,LEIVA,99,Zona 99,29,SANTA LUCIA,1
23,NARIÑO,080,LEIVA,99,Zona 99,50,SAN PABLO (LA FLORIDA),2
23,NARIÑO,080,LEIVA,00,Zona 00,00,PUESTO CABECERA MUNICIPAL,13
23,NARIÑO,082,LINARES,99,Zona 99,01,SAN FRANCISCO,3
23,NARIÑO,082,LINARES,99,Zona 99,02,BELLAVISTA,2
23,NARIÑO,082,LINARES,99,Zona 99,03,BELLA FLORIDA,2
23,NARIÑO,082,LINARES,99,Zona 99,04,LLANO GRANDE,1
23,NARIÑO,082,LINARES,99,Zona 99,05,TABILES,4
23,NARIÑO,082,LINARES,99,Zona 99,09,TAMBILLO DE BRAVOS,2
23,NARIÑO,082,LINARES,99,Zona 99,15,MOTILON,1
23,NARIÑO,082,LINARES,99,Zona 99,30,LAGUNA DEL PUEBLO,1
23,NARIÑO,082,LINARES,00,Zona 00,00,PUESTO CABECERA MUNICIPAL,14
23,NARIÑO,085,LOS ANDES (SOTOMAYOR),99,Zona 99,03,EL CARRIZAL,1
23,NARIÑO,085,LOS ANDES (SOTOMAYOR),99,Zona 99,06,GUAYABAL FALDAS (SAN JUAN),1
23,NARIÑO,085,LOS ANDES (SOTOMAYOR),99,Zona 99,07,GUAYABAL,1
23,NARIÑO,085,LOS ANDES (SOTOMAYOR),99,Zona 99,13,LA PLANADA,1
23,NARIÑO,085,LOS ANDES (SOTOMAYOR),99,Zona 99,14,LOS GUABOS,1
23,NARIÑO,085,LOS ANDES (SOTOMAYOR),99,Zona 99,15,SAN FRANCISCO,1
23,NARIÑO,085,LOS ANDES (SOTOMAYOR),99,Zona 99,17,CAMPOBELLO,1
23,NARIÑO,085,LOS ANDES (SOTOMAYOR),00,Zona 00,00,PUESTO CABECERA MUNICIPAL,19
23,NARIÑO,088,MAGUI (PAYAN),99,Zona 99,01,BOLIVAR,1
23,NARIÑO,088,MAGUI (PAYAN),99,Zona 99,02,BRISAS DE HAMBURGO,1
23,NARIÑO,088,MAGUI (PAYAN),99,Zona 99,03,CONCORDIA,1
23,NARIÑO,088,MAGUI (PAYAN),99,Zona 99,04,EL TRUENO,1
23,NARIÑO,088,MAGUI (PAYAN),99,Zona 99,05,NANSALVI,2
23,NARIÑO,088,MAGUI (PAYAN),99,Zona 99,07,LAS LAJAS,2
23,NARIÑO,088,MAGUI (PAYAN),99,Zona 99,09,PIRAGUA,1
23,NARIÑO,088,MAGUI (PAYAN),99,Zona 99,10,PLAYON,1
23,NARIÑO,088,MAGUI (PAYAN),99,Zona 99,13,RICAURTE,1
23,NARIÑO,088,MAGUI (PAYAN),99,Zona 99,14,PAMPETA PIRAGUA,1
23,NARIÑO,088,MAGUI (PAYAN),99,Zona 99,17,SAN LUIS,1
23,NARIÑO,088,MAGUI (PAYAN),99,Zona 99,19,SANTANDER (EL ROSARIO),1
23,NARIÑO,088,MAGUI (PAYAN),99,Zona 99,20,SAN VICENTE DE AURORA,1
23,NARIÑO,088,MAGUI (PAYAN),99,Zona 99,21,TABUJITO,1
23,NARIÑO,088,MAGUI (PAYAN),99,Zona 99,25,TORTUGO,1
23,NARIÑO,088,MAGUI (PAYAN),99,Zona 99,40,ALTO ESTERO,1
23,NARIÑO,088,MAGUI (PAYAN),99,Zona 99,45,CUALALA,1
23,NARIÑO,088,MAGUI (PAYAN),99,Zona 99,60,LA LOMA,1
23,NARIÑO,088,MAGUI (PAYAN),00,Zona 00,00,PUESTO CABECERA MUNICIPAL,11
23,NARIÑO,091,MALLAMA (PIEDRANCHA),99,Zona 99,01,CHAMBU,2
23,NARIÑO,091,MALLAMA (PIEDRANCHA),99,Zona 99,05,CHUCUNES,2
23,NARIÑO,091,MALLAMA (PIEDRANCHA),99,Zona 99,09,EL GUABO,2
23,NARIÑO,091,MALLAMA (PIEDRANCHA),99,Zona 99,13,LA OSCURANA,1
23,NARIÑO,091,MALLAMA (PIEDRANCHA),99,Zona 99,17,PUERAN,1
23,NARIÑO,091,MALLAMA (PIEDRANCHA),99,Zona 99,21,PUSPUED,1
23,NARIÑO,091,MALLAMA (PIEDRANCHA),99,Zona 99,25,PUSUSQUER,2
23,NARIÑO,091,MALLAMA (PIEDRANCHA),99,Zona 99,29,SAN MIGUEL,2
23,NARIÑO,091,MALLAMA (PIEDRANCHA),00,Zona 00,00,PUESTO CABECERA MUNICIPAL,9
23,NARIÑO,094,MOSQUERA,99,Zona 99,01,ATANASIO GIRARDOT (PUEBLO NUE,1
23,NARIÑO,094,MOSQUERA,99,Zona 99,04,CENTRO EDUCATIVO ALTO GUANDIPA,1
23,NARIÑO,094,MOSQUERA,99,Zona 99,09,CHIMBUCERO,1
23,NARIÑO,094,MOSQUERA,99,Zona 99,10,DARIO ECHANDIA(EL BAJITO),1
23,NARIÑO,094,MOSQUERA,99,Zona 99,15,FIRME DE CIFUENTES,2
23,NARIÑO,094,MOSQUERA,99,Zona 99,20,GABRIEL TURBAY (COCALITO DE J,1
23,NARIÑO,094,MOSQUERA,99,Zona 99,21,JORGE ELIECER GAITAN (COCAL P,2
23,NARIÑO,094,MOSQUERA,99,Zona 99,22,LAGARTERA,1
23,NARIÑO,094,MOSQUERA,99,Zona 99,26,LOPEZ (TASQUITA),1
23,NARIÑO,094,MOSQUERA,99,Zona 99,30,MORALES OLAYA (EL NARANJO),1
23,NARIÑO,094,MOSQUERA,99,Zona 99,32,SAN ANDRES (BOCA DE GUANDIPA),1
23,NARIÑO,094,MOSQUERA,99,Zona 99,34,SANTA CECILIA PLAYA NUEVA,1
23,NARIÑO,094,MOSQUERA,00,Zona 00,00,PUESTO CABECERA MUNICIPAL,13
23,NARIÑO,095,OLAYA HERRERA,99,Zona 99,05,ALFONSO LOPEZ PUMAREJO (LA FL,1
23,NARIÑO,095,OLAYA HERRERA,99,Zona 99,08,BELLAVISTA,1
23,NARIÑO,095,OLAYA HERRERA,99,Zona 99,10,CORDOBA (CARMEN),1
23,NARIÑO,095,OLAYA HERRERA,99,Zona 99,12,EDUARDO SANTOS,1
23,NARIÑO,095,OLAYA HERRERA,99,Zona 99,15,LA TURBIA,1
23,NARIÑO,095,OLAYA HERRERA,99,Zona 99,16,LA LAGUNA (NUEVA FLORESTA),1
23,NARIÑO,095,OLAYA HERRERA,99,Zona 99,18,LERIDA (LAS MARIAS),2
23,NARIÑO,095,OLAYA HERRERA,99,Zona 99,23,LOZANO TORRIJOS (GUANGARE),1
23,NARIÑO,095,OLAYA HERRERA,99,Zona 99,28,MERIZALDE (PORVENIR),3
23,NARIÑO,095,OLAYA HERRERA,99,Zona 99,30,QUINTILIANO AGUIRRE,1
23,NARIÑO,095,OLAYA HERRERA,99,Zona 99,32,SAN JOSE CALABAZAL,2
23,NARIÑO,095,OLAYA HERRERA,99,Zona 99,34,SANTANDER (SOLEDAD),1
23,NARIÑO,095,OLAYA HERRERA,99,Zona 99,36,URIBE URIBE (BOCA DE PRIETA),2
23,NARIÑO,095,OLAYA HERRERA,00,Zona 00,00,PUESTO CABECERA MUNICIPAL,35
23,NARIÑO,096,NARIÑO,99,Zona 99,10,CHORRILLO,1
23,NARIÑO,096,NARIÑO,99,Zona 99,11,PRADERA ALTO,1
23,NARIÑO,096,NARIÑO,00,Zona 00,00,PUESTO CABECERA MUNICIPAL,14
23,NARIÑO,097,OSPINA,99,Zona 99,03,CUNCHILA O MORENO,3
23,NARIÑO,097,OSPINA,99,Zona 99,04,GUARACAN SAN VICENTE,1
23,NARIÑO,097,OSPINA,99,Zona 99,05,SAN ISIDRO,3
23,NARIÑO,097,OSPINA,99,Zona 99,72,SAN JOSE OBRERO,1
23,NARIÑO,097,OSPINA,99,Zona 99,80,SAN MIGUEL,1
23,NARIÑO,097,OSPINA,00,Zona 00,00,PUESTO CABECERA MUNICIPAL,10
23,NARIÑO,098,POLICARPA,99,Zona 99,20,ALTAMIRA,3
23,NARIÑO,098,POLICARPA,99,Zona 99,30,EL EJIDO,3
23,NARIÑO,098,POLICARPA,99,Zona 99,35,LA INDEPENDENCIA,1
23,NARIÑO,098,POLICARPA,99,Zona 99,40,MADRIGAL,6
23,NARIÑO,098,POLICARPA,99,Zona 99,45,NEGRITAL,2
23,NARIÑO,098,POLICARPA,99,Zona 99,50,RESTREPO,3
23,NARIÑO,098,POLICARPA,99,Zona 99,55,SAN ANTONIO,2
23,NARIÑO,098,POLICARPA,99,Zona 99,60,SAN ROQUE,1
23,NARIÑO,098,POLICARPA,99,Zona 99,80,SANCHEZ,4
23,NARIÑO,098,POLICARPA,99,Zona 99,85,SANTACRUZ,5
23,NARIÑO,098,POLICARPA,00,Zona 00,00,PUESTO CABECERA MUNICIPAL,12
23,NARIÑO,004,ALBAN (SAN JOSE),99,Zona 99,01,CHAPIURCO,2
23,NARIÑO,004,ALBAN (SAN JOSE),99,Zona 99,05,SAN ANTONIO DEL GUARANGAL,2
23,NARIÑO,004,ALBAN (SAN JOSE),99,Zona 99,30,EL CEBADERO,1
23,NARIÑO,004,ALBAN (SAN JOSE),99,Zona 99,40,SAN BOSCO,2
23,NARIÑO,004,ALBAN (SAN JOSE),00,Zona 00,01,ESCUELA GUILLERMO VISUETE,8
23,NARIÑO,004,ALBAN (SAN JOSE),00,Zona 00,02,IE JUAN IGNACIO ORTIZ,10
23,NARIÑO,016,BARBACOAS,99,Zona 99,01,ALTAQUER,2
23,NARIÑO,016,BARBACOAS,99,Zona 99,02,AGUA CLARA,1
23,NARIÑO,016,BARBACOAS,99,Zona 99,05,BUENAVISTA,3
23,NARIÑO,016,BARBACOAS,99,Zona 99,06,CUMAINDE EL ALTO,1
23,NARIÑO,016,BARBACOAS,99,Zona 99,07,CHALALBI,1
23,NARIÑO,016,BARBACOAS,99,Zona 99,09,CHALCHAL,1
23,NARIÑO,016,BARBACOAS,99,Zona 99,13,CHAPIRA,1
23,NARIÑO,016,BARBACOAS,99,Zona 99,14,EL KILOMETRO 92,1
23,NARIÑO,016,BARBACOAS,99,Zona 99,15,DIAGUILLO,2
23,NARIÑO,016,BARBACOAS,99,Zona 99,16,EL TIGRE,1
23,NARIÑO,016,BARBACOAS,99,Zona 99,17,OLAYA HERRERA (PALACIOS),1
23,NARIÑO,016,BARBACOAS,99,Zona 99,18,LA HUMILDAD,1
23,NARIÑO,016,BARBACOAS,99,Zona 99,19,LA RESBALOSA,1
23,NARIÑO,016,BARBACOAS,99,Zona 99,20,PISPIAN,1
23,NARIÑO,016,BARBACOAS,99,Zona 99,21,LA VUELTA,1
23,NARIÑO,016,BARBACOAS,99,Zona 99,22,LA TRINCHERA,1
23,NARIÑO,016,BARBACOAS,99,Zona 99,25,RAPADURA,1
23,NARIÑO,016,BARBACOAS,99,Zona 99,29,JUNIN,1
23,NARIÑO,016,BARBACOAS,99,Zona 99,31,JUSTO ORTIZ (EL DIVISO),5
23,NARIÑO,016,BARBACOAS,99,Zona 99,33,LAS CRUCES (SANTANDER),1
23,NARIÑO,016,BARBACOAS,99,Zona 99,35,SAUNDE GUIGUAY,1
23,NARIÑO,016,BARBACOAS,99,Zona 99,36,SINDAWA,1
23,NARIÑO,016,BARBACOAS,99,Zona 99,37,LOS BRAZOS,1
23,NARIÑO,016,BARBACOAS,99,Zona 99,39,LUIS AVELINO PEREZ (VIDAL),2
23,NARIÑO,016,BARBACOAS,99,Zona 99,40,MINGOYA,1
23,NARIÑO,016,BARBACOAS,99,Zona 99,41,MONGON,1
23,NARIÑO,016,BARBACOAS,99,Zona 99,42,PAILON,1
23,NARIÑO,016,BARBACOAS,99,Zona 99,43,TORTUGAÑA TELEMBI,1
23,NARIÑO,016,BARBACOAS,99,Zona 99,44,PIPALTA PALVI,1
23,NARIÑO,016,BARBACOAS,99,Zona 99,45,PAMBANA,1
23,NARIÑO,016,BARBACOAS,99,Zona 99,46,SAN MIGUEL DE ÑAMBI,2
23,NARIÑO,016,BARBACOAS,99,Zona 99,47,SUCRE (GUINULTE),1
23,NARIÑO,016,BARBACOAS,99,Zona 99,48,SOLEDAD,1
23,NARIÑO,016,BARBACOAS,99,Zona 99,49,SAN FRANCISCO,1
23,NARIÑO,016,BARBACOAS,99,Zona 99,50,TELPI,2
23,NARIÑO,016,BARBACOAS,99,Zona 99,60,TINAJILLA,1
23,NARIÑO,016,BARBACOAS,99,Zona 99,65,TRONQUERIA PULGANDE PALICITO,1
23,NARIÑO,016,BARBACOAS,99,Zona 99,70,TERAIMBE,2
23,NARIÑO,016,BARBACOAS,99,Zona 99,78,El GRAN SABALO,1
23,NARIÑO,016,BARBACOAS,99,Zona 99,80,CUAMBI YASLAMBI,1
23,NARIÑO,016,BARBACOAS,99,Zona 99,81,ÑAMBI PIEDRA VERDE,1
23,NARIÑO,016,BARBACOAS,99,Zona 99,90,YACULA,1
23,NARIÑO,016,BARBACOAS,00,Zona 00,01,I.E. LUIS IRIZAR SALAZAR,26
23,NARIÑO,016,BARBACOAS,00,Zona 00,02,IE NORMAL SUPERIOR LA INMACULADA,12
23,NARIÑO,019,BUESACO,99,Zona 99,01,PALACINOY,1
23,NARIÑO,019,BUESACO,99,Zona 99,02,ALTACLARA,1
23,NARIÑO,019,BUESACO,99,Zona 99,03,HATO TONGOSOY,1
23,NARIÑO,019,BUESACO,99,Zona 99,04,LA PALMA,2
23,NARIÑO,019,BUESACO,99,Zona 99,05,ROSAL DEL MONTE,4
23,NARIÑO,019,BUESACO,99,Zona 99,07,EL BADO,1
23,NARIÑO,019,BUESACO,99,Zona 99,09,SAN ANTONIO,2
23,NARIÑO,019,BUESACO,99,Zona 99,13,SAN IGNACIO,2
23,NARIÑO,019,BUESACO,99,Zona 99,15,EL GRANADILLO,1
23,NARIÑO,019,BUESACO,99,Zona 99,17,SANTAFE,3
23,NARIÑO,019,BUESACO,99,Zona 99,21,SANTAMARIA,6
23,NARIÑO,019,BUESACO,99,Zona 99,25,VILLAMORENO,4
23,NARIÑO,019,BUESACO,00,Zona 00,01,I. E. RAFAEL URIBE URIBE,15
23,NARIÑO,019,BUESACO,00,Zona 00,02,ESCUELA PIO XII,17
23,NARIÑO,037,CUMBAL,99,Zona 99,01,CHILES,11
23,NARIÑO,037,CUMBAL,99,Zona 99,05,MAYASQUER,5
23,NARIÑO,037,CUMBAL,99,Zona 99,09,MIRAFLORES,1
23,NARIÑO,037,CUMBAL,99,Zona 99,10,SAN VICENTE MULAS,1
23,NARIÑO,037,CUMBAL,99,Zona 99,13,PANAN,9
23,NARIÑO,037,CUMBAL,99,Zona 99,17,SAN MARTIN,1
23,NARIÑO,037,CUMBAL,99,Zona 99,20,IE INMACULADA CONCEPCION DE TALLAMBI,1
23,NARIÑO,037,CUMBAL,00,Zona 00,01,PUESTO CABECERA MUNICIPAL,32
23,NARIÑO,037,CUMBAL,00,Zona 00,02,IE DIVINO NIÑO JESUS,19
23,NARIÑO,038,CHACHAGUI,99,Zona 99,10,CASABUY,2
23,NARIÑO,038,CHACHAGUI,99,Zona 99,15,EL CONVENTO,2
23,NARIÑO,038,CHACHAGUI,99,Zona 99,18,SANCHEZ,2
23,NARIÑO,038,CHACHAGUI,99,Zona 99,35,EL MERLO,1
23,NARIÑO,038,CHACHAGUI,99,Zona 99,40,HATO VIEJO,2
23,NARIÑO,038,CHACHAGUI,99,Zona 99,60,PASIZARA,3
23,NARIÑO,038,CHACHAGUI,99,Zona 99,70,CIMARRONES,1
23,NARIÑO,038,CHACHAGUI,00,Zona 00,01,COLISEO MUNICIPAL,15
23,NARIÑO,038,CHACHAGUI,00,Zona 00,02,IE CHACHAGUI SEDE BACHILLERATO,9
23,NARIÑO,079,LA UNION,98,Zona 98,01,CARCEL,1
23,NARIÑO,079,LA UNION,99,Zona 99,01,SANTANDER,3
23,NARIÑO,079,LA UNION,99,Zona 99,05,ALPUJARRA,2
23,NARIÑO,079,LA UNION,99,Zona 99,15,CONTADERO,1
23,NARIÑO,079,LA UNION,99,Zona 99,20,CUSILLO ALTO,1
23,NARIÑO,079,LA UNION,99,Zona 99,23,CUSILLO BAJO,1
23,NARIÑO,079,LA UNION,99,Zona 99,25,CHAGUARURCO,2
23,NARIÑO,079,LA UNION,99,Zona 99,27,CHILCAL BAJO,2
23,NARIÑO,079,LA UNION,99,Zona 99,28,EL PELIGRO,1
23,NARIÑO,079,LA UNION,99,Zona 99,30,EL SAUCE,2
23,NARIÑO,079,LA UNION,99,Zona 99,32,JACOBA,1
23,NARIÑO,079,LA UNION,99,Zona 99,35,JUAN SOLARTE,2
23,NARIÑO,079,LA UNION,99,Zona 99,50,LA CALDERA,2
23,NARIÑO,079,LA UNION,99,Zona 99,60,LA CAÑADA,2
23,NARIÑO,079,LA UNION,99,Zona 99,61,LA CASTILLA,1
23,NARIÑO,079,LA UNION,99,Zona 99,65,LAS CUCHILLAS,2
23,NARIÑO,079,LA UNION,99,Zona 99,68,OJO DE AGUA,1
23,NARIÑO,079,LA UNION,99,Zona 99,70,OLIVOS,2
23,NARIÑO,079,LA UNION,99,Zona 99,72,PALO VERDE,1
23,NARIÑO,079,LA UNION,99,Zona 99,73,PEÑA BLANCA,1
23,NARIÑO,079,LA UNION,99,Zona 99,74,PRADERA,2
23,NARIÑO,079,LA UNION,99,Zona 99,80,QUIROS,4
23,NARIÑO,079,LA UNION,99,Zona 99,83,REYES,2
23,NARIÑO,079,LA UNION,99,Zona 99,87,RINCON CUSILLO BAJO,1
23,NARIÑO,079,LA UNION,00,Zona 00,01,IE JUANAMBUE,22
23,NARIÑO,079,LA UNION,00,Zona 00,02,IE SANTO TOMAS,19
23,NARIÑO,001,PASTO,90,Zona 90,01,IEM SAN JUAN BOSCO,20
23,NARIÑO,001,PASTO,98,Zona 98,01,CARCEL DISTRITO JUDICIAL,1
23,NARIÑO,001,PASTO,98,Zona 98,02,CARCEL DE MUJERES,1
23,NARIÑO,001,PASTO,99,Zona 99,01,CATAMBUCO,27
23,NARIÑO,001,PASTO,99,Zona 99,02,ALTO CASANARE,2
23,NARIÑO,001,PASTO,99,Zona 99,03,CAMPANERO,3
23,NARIÑO,001,PASTO,99,Zona 99,04,LA VICTORIA,2
23,NARIÑO,001,PASTO,99,Zona 99,06,GENOY,9
23,NARIÑO,001,PASTO,99,Zona 99,07,MAPACHICO,3
23,NARIÑO,001,PASTO,99,Zona 99,08,ANGANOY,13
23,NARIÑO,001,PASTO,99,Zona 99,09,VILLA MARIA,1
23,NARIÑO,001,PASTO,99,Zona 99,10,CABRERA,5
23,NARIÑO,001,PASTO,99,Zona 99,11,OBONUCO,11
23,NARIÑO,001,PASTO,99,Zona 99,12,CORREGIMIENTO SANTA BARBARA,5
23,NARIÑO,001,PASTO,99,Zona 99,13,BAJO CASANARE,2
23,NARIÑO,001,PASTO,99,Zona 99,14,JURADO CENTRO,2
23,NARIÑO,001,PASTO,99,Zona 99,15,CORREGIMIENTO EL SOCORRO,3
23,NARIÑO,001,PASTO,99,Zona 99,16,LOS ANGELES,2
23,NARIÑO,001,PASTO,99,Zona 99,17,LA ESPERANZA,2
23,NARIÑO,001,PASTO,99,Zona 99,18,LAS ENCINAS,2
23,NARIÑO,001,PASTO,99,Zona 99,19,LA CONCEPCION,2
23,NARIÑO,001,PASTO,99,Zona 99,20,SAN GABRIEL,1
23,NARIÑO,001,PASTO,99,Zona 99,21,LA LAGUNA,8
23,NARIÑO,001,PASTO,99,Zona 99,22,EL ROSARIO,7
23,NARIÑO,001,PASTO,99,Zona 99,23,JAMONDINO,8
23,NARIÑO,001,PASTO,99,Zona 99,24,BUESAQUILLO,11
23,NARIÑO,001,PASTO,99,Zona 99,25,CUJACAL CENTRO,2
23,NARIÑO,001,PASTO,99,Zona 99,26,CUJACAL,2
23,NARIÑO,001,PASTO,99,Zona 99,27,SAN FRANCISCO,2
23,NARIÑO,001,PASTO,99,Zona 99,28,CORREGIMIENTO MORASURCO,3
23,NARIÑO,001,PASTO,99,Zona 99,29,EL ENCANO,9
23,NARIÑO,001,PASTO,99,Zona 99,30,MOTILON,1
23,NARIÑO,001,PASTO,99,Zona 99,31,SANTA LUCIA,1
23,NARIÑO,001,PASTO,99,Zona 99,32,SANTA ROSA DEL ENCANO,1
23,NARIÑO,001,PASTO,99,Zona 99,35,CORREGIMIENTO GUALMATAN,4
23,NARIÑO,001,PASTO,99,Zona 99,37,LA CALDERA,1
23,NARIÑO,001,PASTO,99,Zona 99,40,PRADERA BAJO,1
23,NARIÑO,001,PASTO,99,Zona 99,42,MOCONDINO,8
23,NARIÑO,001,PASTO,99,Zona 99,47,CANCHALA,3
23,NARIÑO,001,PASTO,99,Zona 99,52,JONGOVITO,8
23,NARIÑO,001,PASTO,99,Zona 99,55,CORREGIMIENTO SAN FERNANDO,6
23,NARIÑO,001,PASTO,01,Zona 01,01,LIC.UDENAR SEDE ARTES CENTRO,20
23,NARIÑO,001,PASTO,01,Zona 01,02,IEM CENTRAL DE NARIÑO,19
23,NARIÑO,001,PASTO,01,Zona 01,03,COLEGIO SAN FRANCISCO JAVIER,30
23,NARIÑO,001,PASTO,01,Zona 01,04,COL. NTRA. SRA. DEL CARMEN,7
23,NARIÑO,001,PASTO,01,Zona 01,05,INSTITUTO DEPTAL DE SALUD,9
23,NARIÑO,001,PASTO,01,Zona 01,06,IEM. PRIMARIA MARIA GORETTI,6
23,NARIÑO,001,PASTO,02,Zona 02,01,COLEGIO CHAMPAGNAT,47
23,NARIÑO,001,PASTO,02,Zona 02,02,COLEGIO CHAMPAGNAT SEDE PRIMARIA,29
23,NARIÑO,001,PASTO,02,Zona 02,03,IGLESIA DE JESUCRISTO AV SANTA,12
23,NARIÑO,001,PASTO,03,Zona 03,01,HERALDO ROMERO SANCHEZ SD EJIDO,12
23,NARIÑO,001,PASTO,03,Zona 03,02,I.C.B.F,11
23,NARIÑO,001,PASTO,03,Zona 03,03,IEM MERCEDARIO,12
23,NARIÑO,001,PASTO,03,Zona 03,04,IEM SANTA BARBARA,14
23,NARIÑO,001,PASTO,03,Zona 03,05,IEM CIUDADELA EDUCATIVA VILLAFLOR,29
23,NARIÑO,001,PASTO,03,Zona 03,06,IEM CIUDADELA EDUC.DE PASTO-SD PRIMARIA,6
23,NARIÑO,001,PASTO,04,Zona 04,01,LICEO JOSE FELIX JIMENEZ,17
23,NARIÑO,001,PASTO,04,Zona 04,02,IEM.CIUDAD DE PASTO MIRAFLORES,27
23,NARIÑO,001,PASTO,04,Zona 04,03,COMFAMILIAR MIRA FLORES,19
23,NARIÑO,001,PASTO,04,Zona 04,04,I.E.LUIS EDO.MORA OSEJO,21
23,NARIÑO,001,PASTO,04,Zona 04,05,IEM CHAMBU,12
23,NARIÑO,001,PASTO,04,Zona 04,06,CON.ESC.ENRIQUE JENSEN,19
23,NARIÑO,001,PASTO,05,Zona 05,01,IEM.LIBERTAD,28
23,NARIÑO,001,PASTO,05,Zona 05,02,IEM INEM SEDE ESC.AGUSTIN AGUA,18
23,NARIÑO,001,PASTO,05,Zona 05,03,I.N.E.M,41
23,NARIÑO,001,PASTO,05,Zona 05,04,UNIVERSIDAD DE NARIÑO SD VIPRI,16
23,NARIÑO,001,PASTO,05,Zona 05,05,I. TEC. SUPERIOR INDUSTRIAL,7
23,NARIÑO,001,PASTO,05,Zona 05,06,COLEGIO JAVERIANO SD AURORA,22
23,NARIÑO,001,PASTO,06,Zona 06,01,LIC.INTEGRADO DE BTO DE LA U.DE NARIÑO,20
23,NARIÑO,001,PASTO,06,Zona 06,03,COMPLEJO DEPORTIVO PARQUE INFANTIL,14
23,NARIÑO,001,PASTO,06,Zona 06,04,LIC.DE LA MERCED-BACHILLERATO,22
23,NARIÑO,001,PASTO,06,Zona 06,05,HOTEL MORASURCO,10
23,NARIÑO,001,PASTO,06,Zona 06,06,IEM AURELIO ARTURO SD PANDIACO,10
23,NARIÑO,001,PASTO,06,Zona 06,07,UNIVERSIDAD COPERATIVA,8
23,NARIÑO,001,PASTO,06,Zona 06,09,IEM AURELIO ARTURO SD SAN RAFAEL,11
23,NARIÑO,001,PASTO,07,Zona 07,01,IEM CIUDADELA DE PAZ,11
23,NARIÑO,001,PASTO,07,Zona 07,02,IEM. NUEVO SOL,12
23,NARIÑO,001,PASTO,07,Zona 07,03,IEM. PEDAGOGICO,14
23,NARIÑO,001,PASTO,07,Zona 07,04,IEM SANTA MATILDE,14
23,NARIÑO,001,PASTO,07,Zona 07,05,IEM ARTEMIO MENDOZA SD PRINCIPAL,23
23,NARIÑO,001,PASTO,07,Zona 07,06,HERALDO ROMERO SANCHEZ SD CAROLINA,18
23,NARIÑO,001,PASTO,07,Zona 07,07,IEM CARLOS PIZARRO,5
23,NARIÑO,067,IPIALES,90,Zona 90,01,COLEGIO CHAMPAGNAT,22
23,NARIÑO,067,IPIALES,98,Zona 98,01,CARCEL,1
23,NARIÑO,067,IPIALES,99,Zona 99,01,LA VICTORIA,13
23,NARIÑO,067,IPIALES,99,Zona 99,02,COFANIA JARDINES DE SUCUMBIOS,4
23,NARIÑO,067,IPIALES,99,Zona 99,03,LAS CRUCES,11
23,NARIÑO,067,IPIALES,99,Zona 99,05,LAS LAJAS,4
23,NARIÑO,067,IPIALES,99,Zona 99,09,SAN JUAN,7
23,NARIÑO,067,IPIALES,99,Zona 99,13,YARAMAL,6
23,NARIÑO,067,IPIALES,01,Zona 01,01,COL. SAN FRANCISCO DE ASIS,13
23,NARIÑO,067,IPIALES,01,Zona 01,02,COL. INSECOL,12
23,NARIÑO,067,IPIALES,01,Zona 01,03,COL. INMACULADA CONCEPCION,21
23,NARIÑO,067,IPIALES,01,Zona 01,04,IE EDUC. NTA SRA DE LAS LAJAS,15
23,NARIÑO,067,IPIALES,01,Zona 01,05,INST. EDUC. TOMÁS ARTURO SÁNCH,18
23,NARIÑO,067,IPIALES,01,Zona 01,06,ESC. NRO. 3 DE NIÑAS,11
23,NARIÑO,067,IPIALES,01,Zona 01,07,COL. FILIPENSE,17
23,NARIÑO,067,IPIALES,02,Zona 02,01,COLEGIO NACIONAL SUCRE,30
23,NARIÑO,067,IPIALES,02,Zona 02,02,IE SEMINARIO SD 1,28
23,NARIÑO,067,IPIALES,02,Zona 02,03,UNIVERSIDAD DE NARIÑO,15
23,NARIÑO,067,IPIALES,02,Zona 02,04,COL. INTEGRADO CIUDAD IPIALES,26
23,NARIÑO,067,IPIALES,02,Zona 02,05,I E POLITECNICO MARCELO MIRANDA,21
23,NARIÑO,067,IPIALES,02,Zona 02,06,IE PEREZ PALLARES,5
24,RISARALDA,013,BALBOA,99,Zona 99,15,CUBA,1
24,RISARALDA,013,BALBOA,99,Zona 99,45,LA AURORA,1
24,RISARALDA,013,BALBOA,99,Zona 99,55,CRUCES,1
24,RISARALDA,013,BALBOA,99,Zona 99,65,TRES ESQUINAS,2
24,RISARALDA,013,BALBOA,99,Zona 99,81,TAMBORES,2
24,RISARALDA,013,BALBOA,00,Zona 00,00,PUESTO CABECERA MUNICIPAL,12
24,RISARALDA,029,GUATICA,99,Zona 99,35,I E SAN CLEMENTE,4
24,RISARALDA,029,GUATICA,99,Zona 99,70,ESC BASICA SANTA ANA,6
24,RISARALDA,029,GUATICA,99,Zona 99,75,ESC BASICA TRAVESIAS,2
24,RISARALDA,029,GUATICA,00,Zona 00,00,PUESTO CABECERA MUNICIPAL,20
24,RISARALDA,038,LA CELIA,99,Zona 99,50,IE PATIO BONITO,2
24,RISARALDA,038,LA CELIA,00,Zona 00,00,PUESTO CABECERA MUNICIPAL,18
24,RISARALDA,054,MARSELLA,99,Zona 99,14,ALTO CAUCA,2
24,RISARALDA,054,MARSELLA,99,Zona 99,23,EL RAYO,1
24,RISARALDA,054,MARSELLA,99,Zona 99,28,ESTACION PEREIRA,1
24,RISARALDA,054,MARSELLA,99,Zona 99,35,GUAYABO,1
24,RISARALDA,054,MARSELLA,99,Zona 99,60,LA ARGENTINA,1
24,RISARALDA,054,MARSELLA,99,Zona 99,65,LA NUBIA,1
24,RISARALDA,054,MARSELLA,99,Zona 99,70,LAS TAZAS LA ORIENTAL,2
24,RISARALDA,054,MARSELLA,99,Zona 99,75,MIRACAMPO,1
24,RISARALDA,054,MARSELLA,99,Zona 99,76,ALTO CAUCA RESGUARDO INDIGENA SURATENA,2
24,RISARALDA,054,MARSELLA,00,Zona 00,00,PUESTO CABECERA MUNICIPAL,36
24,RISARALDA,070,PUEBLO RICO,99,Zona 99,20,GUAYABAL,1
24,RISARALDA,070,PUEBLO RICO,99,Zona 99,35,LA PRADERA ITAURY,1
24,RISARALDA,070,PUEBLO RICO,99,Zona 99,50,SANTA CECILIA,13
24,RISARALDA,070,PUEBLO RICO,99,Zona 99,55,RESGUARDO UNIFICADO CHAMI,1
24,RISARALDA,070,PUEBLO RICO,99,Zona 99,60,RESGUARDO GITO - DOKABU,1
24,RISARALDA,070,PUEBLO RICO,99,Zona 99,75,VILLA CLARET,2
24,RISARALDA,070,PUEBLO RICO,00,Zona 00,00,PUESTO CABECERA MUNICIPAL,18
24,RISARALDA,094,SANTUARIO,99,Zona 99,15,BARCINAL LA ESMERALDA,2
24,RISARALDA,094,SANTUARIO,99,Zona 99,25,BRETAÑA,3
24,RISARALDA,094,SANTUARIO,99,Zona 99,30,LA MARIA PLAYA RICA,2
24,RISARALDA,094,SANTUARIO,99,Zona 99,50,PERALONSO,2
24,RISARALDA,094,SANTUARIO,99,Zona 99,75,TOTUI,1
24,RISARALDA,094,SANTUARIO,00,Zona 00,00,PUESTO CABECERA MUNICIPAL,27
24,RISARALDA,008,APIA,99,Zona 99,20,GUARNE,1
24,RISARALDA,008,APIA,99,Zona 99,30,ALTA CAMPANA,2
24,RISARALDA,008,APIA,99,Zona 99,31,CASETA  COMUNAL JORDANIA,2
24,RISARALDA,008,APIA,99,Zona 99,56,SAN AGUSTIN,1
24,RISARALDA,008,APIA,99,Zona 99,80,SAN CARLOS,1
24,RISARALDA,008,APIA,00,Zona 00,01,CASA DE LA CULTURA E. DE JESUS CORRALES,8
24,RISARALDA,008,APIA,00,Zona 00,02,COLISEO MUNICIPAL DIEGO PATIÑO AMARILES,16
24,RISARALDA,008,APIA,00,Zona 00,03,I E SAGRADA FAMILIA SEDE ANTONIA SANTOS,4
24,RISARALDA,021,BELEN DE UMBRIA,99,Zona 99,10,ANDICA,2
24,RISARALDA,021,BELEN DE UMBRIA,99,Zona 99,18,BALDELOMAR,1
24,RISARALDA,021,BELEN DE UMBRIA,99,Zona 99,34,COLUMBIA O LA FLORIDA,3
24,RISARALDA,021,BELEN DE UMBRIA,99,Zona 99,51,MATA DE GUADUA,2
24,RISARALDA,021,BELEN DE UMBRIA,99,Zona 99,55,PROVIDENCIA,1
24,RISARALDA,021,BELEN DE UMBRIA,99,Zona 99,68,PUENTE UMBRIA,3
24,RISARALDA,021,BELEN DE UMBRIA,99,Zona 99,85,TAPARCAL,4
24,RISARALDA,021,BELEN DE UMBRIA,00,Zona 00,01,COL NUESTRA SEÑORA DEL ROSARIO,36
24,RISARALDA,021,BELEN DE UMBRIA,00,Zona 00,02,ESC GENERAL SANTANDER,17
24,RISARALDA,062,MISTRATO,99,Zona 99,35,ESCUELA LA JEGUADA,9
24,RISARALDA,062,MISTRATO,99,Zona 99,50,ARKAKAY,1
24,RISARALDA,062,MISTRATO,99,Zona 99,75,SAN ANTONIO DEL CHAMI,3
24,RISARALDA,062,MISTRATO,00,Zona 00,01,INSTITUTO MISTRATO SECUNDARIA,10
24,RISARALDA,062,MISTRATO,00,Zona 00,02,INSTITUTO MISTRATO PRIMARIA,17
24,RISARALDA,078,QUINCHIA,99,Zona 99,14,BATERO,4
24,RISARALDA,078,QUINCHIA,99,Zona 99,28,IRRA,7
24,RISARALDA,078,QUINCHIA,99,Zona 99,70,I.TECNICO AGROPECUARIO NARANJAL,4
24,RISARALDA,078,QUINCHIA,99,Zona 99,84,SANTA ELENA,3
24,RISARALDA,078,QUINCHIA,00,Zona 00,01,COLISEO CUBIERTO JUAN GUILLERMO ANGEL,27
24,RISARALDA,078,QUINCHIA,00,Zona 00,02,IE NTRA SRA DE LOS DOLORES DE LA SALLE,20
24,RISARALDA,001,PEREIRA,10,Zona 10,01,IE CIUDADELA CUBA,53
24,RISARALDA,001,PEREIRA,10,Zona 10,02,IE BYRON GAVIRIA,50
24,RISARALDA,001,PEREIRA,10,Zona 10,03,IE SAN JOAQUIN,23
24,RISARALDA,001,PEREIRA,10,Zona 10,04,IE SOFIA HERNANDEZ MARIN,14
24,RISARALDA,001,PEREIRA,10,Zona 10,05,IE RODRIGO ARENAS BETANCUR,12
24,RISARALDA,001,PEREIRA,10,Zona 10,06,IE HANS DREWS ARANGO,20
24,RISARALDA,001,PEREIRA,10,Zona 10,07,IE CARLOS EDUARDO VASCO,2
24,RISARALDA,001,PEREIRA,11,Zona 11,01,UNI LIBRE DE PEREIRA BELMONTE,26
24,RISARALDA,001,PEREIRA,11,Zona 11,02,IE LUIS CARLOS GONZALEZ,19
24,RISARALDA,001,PEREIRA,11,Zona 11,03,IE ALFONSO JARAMILLO GUTIERREZ,39
24,RISARALDA,001,PEREIRA,11,Zona 11,04,IE ESCOLAR SAN FERNANDO,31
24,RISARALDA,001,PEREIRA,11,Zona 11,05,IE JUAN XXIII,19
24,RISARALDA,001,PEREIRA,11,Zona 11,06,IE JESUS MARIA ORMAZA,8
24,RISARALDA,001,PEREIRA,11,Zona 11,07,ESTADIO HERNAN RAMIREZ VILLEGAS,9
24,RISARALDA,001,PEREIRA,90,Zona 90,01,IE INEM FELIPE PEREZ,24
24,RISARALDA,001,PEREIRA,98,Zona 98,01,CARCEL,1
24,RISARALDA,001,PEREIRA,99,Zona 99,05,ALTAGRACIA,14
24,RISARALDA,001,PEREIRA,99,Zona 99,06,CASETA COMUNAL ALTAGRACIA,1
24,RISARALDA,001,PEREIRA,99,Zona 99,08,LA FLORIDA,7
24,RISARALDA,001,PEREIRA,99,Zona 99,09,C.E. EL PORVENIR,3
24,RISARALDA,001,PEREIRA,99,Zona 99,10,EL CHOCHO,3
24,RISARALDA,001,PEREIRA,99,Zona 99,13,LA BELLA,6
24,RISARALDA,001,PEREIRA,99,Zona 99,21,MUNDO NUEVO,4
24,RISARALDA,001,PEREIRA,99,Zona 99,22,LA GRAMINEA,3
24,RISARALDA,001,PEREIRA,99,Zona 99,23,EL MANZANO,2
24,RISARALDA,001,PEREIRA,99,Zona 99,30,TRIBUNAS CORCEGA,15
24,RISARALDA,001,PEREIRA,99,Zona 99,34,ARABIA,8
24,RISARALDA,001,PEREIRA,99,Zona 99,39,BETULIA,3
24,RISARALDA,001,PEREIRA,99,Zona 99,40,YARUMAL,2
24,RISARALDA,001,PEREIRA,99,Zona 99,41,PUERTO CALDAS,9
24,RISARALDA,001,PEREIRA,99,Zona 99,48,CAIMALITO,11
24,RISARALDA,001,PEREIRA,99,Zona 99,49,IE LA CARBONERA,1
24,RISARALDA,001,PEREIRA,99,Zona 99,61,COMBIA BAJA,8
24,RISARALDA,001,PEREIRA,99,Zona 99,62,IE COMBIA,4
24,RISARALDA,001,PEREIRA,99,Zona 99,65,LA HONDA,1
24,RISARALDA,001,PEREIRA,99,Zona 99,70,LA CONVENCION,3
24,RISARALDA,001,PEREIRA,99,Zona 99,74,COMBIA ALTA,7
24,RISARALDA,001,PEREIRA,99,Zona 99,80,IE COMUNITARIO CERRITOS SEDE PRIMARIA,19
24,RISARALDA,001,PEREIRA,99,Zona 99,81,UNIMINUTO,18
24,RISARALDA,001,PEREIRA,99,Zona 99,90,MORELIA,8
24,RISARALDA,001,PEREIRA,99,Zona 99,91,IE SALAMANCA,4
24,RISARALDA,001,PEREIRA,99,Zona 99,96,LA ESTRELLA LA PALMILLA,5
24,RISARALDA,001,PEREIRA,01,Zona 01,01,IE VILLASANTANA,29
24,RISARALDA,001,PEREIRA,01,Zona 01,02,IE COMPARTIR LAS BRISAS,10
24,RISARALDA,001,PEREIRA,01,Zona 01,03,IE JAIME SALAZAR ROBLEDO,18
24,RISARALDA,001,PEREIRA,01,Zona 01,04,IE MANOS UNIDAS SEDE GUAYABAL,6
24,RISARALDA,001,PEREIRA,02,Zona 02,01,IE JORGE ELIECER GAITAN,26
24,RISARALDA,001,PEREIRA,02,Zona 02,02,IE KENNEDY,29
24,RISARALDA,001,PEREIRA,02,Zona 02,03,ESC GRAL MOSQUERA SEDE 2 IE H VELEZ M,9
24,RISARALDA,001,PEREIRA,02,Zona 02,04,IE MARCO FIDEL SUAREZ,16
24,RISARALDA,001,PEREIRA,02,Zona 02,05,IE CENTENARIO,18
24,RISARALDA,001,PEREIRA,02,Zona 02,06,IE LESTONNAC SD PEREIRA,2
24,RISARALDA,001,PEREIRA,03,Zona 03,01,IE CARLOTA SANCHEZ,25
24,RISARALDA,001,PEREIRA,03,Zona 03,02,IE ALFREDO GARCIA,30
24,RISARALDA,001,PEREIRA,03,Zona 03,03,COLEGIO SAN JOSE,21
24,RISARALDA,001,PEREIRA,03,Zona 03,04,IE JORGE ELIECER GAITAN SD AMERICA MIXTA,17
24,RISARALDA,001,PEREIRA,03,Zona 03,05,COLISEO MENOR DE PEREIRA,19
24,RISARALDA,001,PEREIRA,03,Zona 03,06,IE AUGUSTO ZULUAGA PATIÑO,7
24,RISARALDA,001,PEREIRA,03,Zona 03,07,IE LA PALABRA,3
24,RISARALDA,001,PEREIRA,04,Zona 04,01,COLEGIO GIMNASIO PEREIRA,20
24,RISARALDA,001,PEREIRA,04,Zona 04,02,IE LA JULITA,19
24,RISARALDA,001,PEREIRA,04,Zona 04,03,UNIVERSIDAD TECNOLOGICA DE PEREIRA,26
24,RISARALDA,001,PEREIRA,05,Zona 05,01,IE BOYACA,23
24,RISARALDA,001,PEREIRA,05,Zona 05,02,CENTRO CULTURAL LUCY TEJADA,44
24,RISARALDA,001,PEREIRA,06,Zona 06,01,IE LA INMACULADA,25
24,RISARALDA,001,PEREIRA,06,Zona 06,02,SENA,29
24,RISARALDA,001,PEREIRA,06,Zona 06,03,GOBERNACION DE RISARALDA,31
24,RISARALDA,001,PEREIRA,06,Zona 06,05,IE MARIA DOLOROSA,16
24,RISARALDA,001,PEREIRA,06,Zona 06,06,IE RAFAEL URIBE URIBE,5
24,RISARALDA,001,PEREIRA,07,Zona 07,01,IE SAN NICOLAS,23
24,RISARALDA,001,PEREIRA,07,Zona 07,02,IE NORMAL SUPERIOR,22
24,RISARALDA,001,PEREIRA,07,Zona 07,03,IE SUR ORIENTAL,26
24,RISARALDA,001,PEREIRA,07,Zona 07,04,IE LA JULITA SEDE PROVIDENCIA,17
24,RISARALDA,001,PEREIRA,07,Zona 07,05,IE REMIGIO ANTONIO CAÑARTE SEDE EL ROCIO,8
24,RISARALDA,001,PEREIRA,07,Zona 07,06,IE DEOGRACIAS CARDONA SD CAMILO TORRES,1
24,RISARALDA,001,PEREIRA,07,Zona 07,07,IE DEOGRACIAS CARDONA,3
24,RISARALDA,001,PEREIRA,08,Zona 08,01,IE CIUDAD BOQUIA,35
24,RISARALDA,001,PEREIRA,08,Zona 08,02,IE AQUILINO BEDOYA,24
24,RISARALDA,001,PEREIRA,08,Zona 08,03,IE HUGO ANGEL JARAMILLO,11
24,RISARALDA,001,PEREIRA,08,Zona 08,04,IE CIUDAD BOQUIA SD 2,13
24,RISARALDA,001,PEREIRA,08,Zona 08,05,IE MATECAÑA SD LA LIBERTAD,2
24,RISARALDA,001,PEREIRA,09,Zona 09,01,IE REMIGIO ANTONIO CAÑARTE SD EL POBLADO,21
24,RISARALDA,001,PEREIRA,09,Zona 09,02,IE DIEGO MAYA SALAZAR,40
24,RISARALDA,001,PEREIRA,09,Zona 09,03,IE CIUDADELA CUBA SEDE NARANJITO,20
24,RISARALDA,001,PEREIRA,09,Zona 09,04,CASETA COMUNAL,7
24,RISARALDA,001,PEREIRA,09,Zona 09,05,IE EL DORADO,7
24,RISARALDA,001,PEREIRA,09,Zona 09,06,CASETA COMUNAL BARRIO PANORAMA II,2
24,RISARALDA,025,DOSQUEBRADAS,10,Zona 10,01,COLISEO ESTADIO DOSQUEBRADAS,25
24,RISARALDA,025,DOSQUEBRADAS,10,Zona 10,02,I.E. LOS ANDES,13
24,RISARALDA,025,DOSQUEBRADAS,10,Zona 10,03,IE RENACIMIENTO,8
24,RISARALDA,025,DOSQUEBRADAS,10,Zona 10,04,IE BOSQUES DE LA ACUARELA,8
24,RISARALDA,025,DOSQUEBRADAS,10,Zona 10,05,COLEGIO RODOLFO LLINAS,2
24,RISARALDA,025,DOSQUEBRADAS,11,Zona 11,01,COLEGIO JUAN MANUEL GONZALEZ,22
24,RISARALDA,025,DOSQUEBRADAS,11,Zona 11,02,COLEGIO HOGAR NAZARETH,5
24,RISARALDA,025,DOSQUEBRADAS,11,Zona 11,03,COLEGIO CRISTO REY,12
24,RISARALDA,025,DOSQUEBRADAS,12,Zona 12,01,COLEGIO NUESTRA SRA DE GUADALUPE,21
24,RISARALDA,025,DOSQUEBRADAS,12,Zona 12,02,COLEGIO SALESIANO,42
24,RISARALDA,025,DOSQUEBRADAS,12,Zona 12,03,COLEGIO NUESTRA SRA DE GUADALUPE SD 2,7
24,RISARALDA,025,DOSQUEBRADAS,90,Zona 90,01,SERVICIO NACIONAL DE APRENDIZAJE SENA,7
24,RISARALDA,025,DOSQUEBRADAS,98,Zona 98,01,CARCEL,1
24,RISARALDA,025,DOSQUEBRADAS,99,Zona 99,10,SERRANIA ALTO NUDO LA UNION,5
24,RISARALDA,025,DOSQUEBRADAS,99,Zona 99,11,SERRANIA ALTO DEL NUDO (AGUA AZUL),1
24,RISARALDA,025,DOSQUEBRADAS,99,Zona 99,12,SERRANIA ALTO DEL NUDO (EL ESTANQUILLO),2
24,RISARALDA,025,DOSQUEBRADAS,99,Zona 99,40,LAS MARCADAS ALTO DEL TORO,1
24,RISARALDA,025,DOSQUEBRADAS,99,Zona 99,41,LAS MARCADAS FRAILES,6
24,RISARALDA,025,DOSQUEBRADAS,01,Zona 01,01,CENTRO DOCENTE OTUN,7
24,RISARALDA,025,DOSQUEBRADAS,01,Zona 01,02,CENTRO CULTURAL OTUN,8
24,RISARALDA,025,DOSQUEBRADAS,01,Zona 01,03,COLEGIO POPULAR DIOCESANO,19
24,RISARALDA,025,DOSQUEBRADAS,01,Zona 01,04,COLEGIO EMPRESARIAL,12
24,RISARALDA,025,DOSQUEBRADAS,02,Zona 02,01,I.E.  SANTA SOFIA,26
24,RISARALDA,025,DOSQUEBRADAS,02,Zona 02,02,IE LA AURORA,8
24,RISARALDA,025,DOSQUEBRADAS,02,Zona 02,03,COLEGIO VILLA FANNY,10
24,RISARALDA,025,DOSQUEBRADAS,02,Zona 02,04,IE AGUSTIN NIETO CABALLERO,25
24,RISARALDA,025,DOSQUEBRADAS,02,Zona 02,05,CENTRO EDUCATIVO SANTIAGO LONDOÑO,3
24,RISARALDA,025,DOSQUEBRADAS,03,Zona 03,01,MEGACOLEGIO BERNARDO LOPEZ PEREZ,22
24,RISARALDA,025,DOSQUEBRADAS,03,Zona 03,02,ESCUELA POLICARPA SALAVARRIETA,13
24,RISARALDA,025,DOSQUEBRADAS,03,Zona 03,03,COLEGIO NUEVA REPUBLICA,13
24,RISARALDA,025,DOSQUEBRADAS,03,Zona 03,04,IE EDUARDO CARRANZA,2
24,RISARALDA,025,DOSQUEBRADAS,04,Zona 04,01,IE SANTA ISABEL,24
24,RISARALDA,025,DOSQUEBRADAS,05,Zona 05,01,COLEGIO BASICO SANTA JUANA,14
24,RISARALDA,025,DOSQUEBRADAS,05,Zona 05,02,COL FABIO VASQUEZ CAMPESTRE,12
24,RISARALDA,025,DOSQUEBRADAS,05,Zona 05,03,CENTRO EDUCATIVO LAS VIOLETAS,3
24,RISARALDA,025,DOSQUEBRADAS,06,Zona 06,01,IE MARIA AUXILIADORA,18
24,RISARALDA,025,DOSQUEBRADAS,07,Zona 07,01,COLEGIO PABLO VI,28
24,RISARALDA,025,DOSQUEBRADAS,07,Zona 07,02,IE ELADIA MEJIA GONZALEZ,4
24,RISARALDA,025,DOSQUEBRADAS,08,Zona 08,01,ESCUELA SAN DIEGO,13
24,RISARALDA,025,DOSQUEBRADAS,08,Zona 08,02,COLEGIO NUEVA GRANADA,11
24,RISARALDA,025,DOSQUEBRADAS,08,Zona 08,03,CASA DE LA CULTURA,5
24,RISARALDA,025,DOSQUEBRADAS,09,Zona 09,01,COLEGIO MANUEL ELKIN PATARROYO,26
24,RISARALDA,025,DOSQUEBRADAS,09,Zona 09,02,CTRO DOCENTE CAMILO TORRES,12
24,RISARALDA,025,DOSQUEBRADAS,09,Zona 09,03,IE GUILLERMO LEON VALENCIA,1
24,RISARALDA,046,LA VIRGINIA,90,Zona 90,01,PUESTO CENSO,12
24,RISARALDA,046,LA VIRGINIA,99,Zona 99,25,EL AGUACATE,1
24,RISARALDA,046,LA VIRGINIA,99,Zona 99,50,LA PALMA,1
24,RISARALDA,046,LA VIRGINIA,01,Zona 01,01,INST. EDUCATIVA ALFONSO LOPEZ PUMAREJO,19
24,RISARALDA,046,LA VIRGINIA,01,Zona 01,02,ESC GENERAL SANTANDER,15
24,RISARALDA,046,LA VIRGINIA,02,Zona 02,01,ESC ANTONIO RICAURTE,17
24,RISARALDA,046,LA VIRGINIA,02,Zona 02,02,COLEGIO LICEO GABRIELA MISTRAL,21
24,RISARALDA,046,LA VIRGINIA,02,Zona 02,03,INSTITUCION EDUCATIVA PEDRO PABLO BELLO,9
24,RISARALDA,046,LA VIRGINIA,02,Zona 02,04,COL. NUESTRA SEÑORA DE LA PRESENTACION,2
24,RISARALDA,086,SANTA ROSA DE CABAL,90,Zona 90,01,COL NAL FCO JOSE DE CALDAS,23
24,RISARALDA,086,SANTA ROSA DE CABAL,98,Zona 98,01,CARCEL,1
24,RISARALDA,086,SANTA ROSA DE CABAL,99,Zona 99,15,EL ESPAÑOL,5
24,RISARALDA,086,SANTA ROSA DE CABAL,99,Zona 99,24,SANTA BARBARA,3
24,RISARALDA,086,SANTA ROSA DE CABAL,99,Zona 99,25,INSTITUTO AGRICOLA PEDRO URIBE MEJIA,1
24,RISARALDA,086,SANTA ROSA DE CABAL,99,Zona 99,26,IE EL LEMBO,1
24,RISARALDA,086,SANTA ROSA DE CABAL,99,Zona 99,32,EL MANZANILLO,2
24,RISARALDA,086,SANTA ROSA DE CABAL,99,Zona 99,40,DEL SUR LAS MANGAS CEDRALITO,2
24,RISARALDA,086,SANTA ROSA DE CABAL,99,Zona 99,82,LA CAPILLA SAN JUAN,2
24,RISARALDA,086,SANTA ROSA DE CABAL,99,Zona 99,83,CEDRALITO BAJO,1
24,RISARALDA,086,SANTA ROSA DE CABAL,01,Zona 01,01,CENTRO DOCENTE LA HERMOSA,18
24,RISARALDA,086,SANTA ROSA DE CABAL,01,Zona 01,02,ESC SAN BERNARDINO LA EUGENIA,10
24,RISARALDA,086,SANTA ROSA DE CABAL,01,Zona 01,03,INST TECNG SANTA ROSA DE CABAL,17
24,RISARALDA,086,SANTA ROSA DE CABAL,01,Zona 01,04,COL NAL FCO JOSE CALDAS SD SIMON BOLIVAR,6
24,RISARALDA,086,SANTA ROSA DE CABAL,01,Zona 01,05,IE LABOURE,22
24,RISARALDA,086,SANTA ROSA DE CABAL,01,Zona 01,06,COLEGIO DE JESUS INSTITUTO TECNOLOGICO,11
24,RISARALDA,086,SANTA ROSA DE CABAL,01,Zona 01,07,ESCUELA  ANA JOAQUINA HURTADO,1
24,RISARALDA,086,SANTA ROSA DE CABAL,02,Zona 02,01,COLEGIO MARIANO OSPINA PEREZ,18
24,RISARALDA,086,SANTA ROSA DE CABAL,02,Zona 02,02,COLISEO MUNICIPAL JHON BAYRON GAVIRIA,11
24,RISARALDA,086,SANTA ROSA DE CABAL,02,Zona 02,03,I E LORENCITA VILLEGAS DE SANTOS,7
24,RISARALDA,086,SANTA ROSA DE CABAL,02,Zona 02,04,CENTRO DE INTEGRACION CIUDADANA,13
24,RISARALDA,086,SANTA ROSA DE CABAL,02,Zona 02,05,COL SAN LUIS GONZAGA,23
24,RISARALDA,086,SANTA ROSA DE CABAL,02,Zona 02,06,ESCUELA RISARALDA,3
25,NORTE DE SAN,100,VILLA DEL ROSARIO,99,Zona 99,01,JUAN FRIO,7
25,NORTE DE SAN,100,VILLA DEL ROSARIO,99,Zona 99,09,LA UCHEMA,2
25,NORTE DE SAN,100,VILLA DEL ROSARIO,99,Zona 99,21,PALOGORDO,2
25,NORTE DE SAN,100,VILLA DEL ROSARIO,01,Zona 01,01,ESCUELA POLICARPA SALAVARIETA,29
25,NORTE DE SAN,100,VILLA DEL ROSARIO,01,Zona 01,02,COLEGIO GENERAL SANTANDER,42
25,NORTE DE SAN,100,VILLA DEL ROSARIO,01,Zona 01,03,ESC. FCO. DE PAULA SANTANDER,21
25,NORTE DE SAN,100,VILLA DEL ROSARIO,01,Zona 01,04,ESCUELA SAN MARTIN,27
25,NORTE DE SAN,100,VILLA DEL ROSARIO,01,Zona 01,05,GIMNACIO CAMPESTRE,6
25,NORTE DE SAN,100,VILLA DEL ROSARIO,01,Zona 01,06,ESCUELA VEINTE DE JULIO,10
25,NORTE DE SAN,100,VILLA DEL ROSARIO,01,Zona 01,07,INSTITUCION EDUCATIVA SAN ANTONIO,6
25,NORTE DE SAN,100,VILLA DEL ROSARIO,01,Zona 01,08,COLEGIO MANUEL ANTONIO RUEDA,35
25,NORTE DE SAN,100,VILLA DEL ROSARIO,02,Zona 02,01,COLEGIO SAN PEDRO LA PALMITA,26
25,NORTE DE SAN,100,VILLA DEL ROSARIO,02,Zona 02,02,COLEGIO LUIS GABRIEL CASTRO,29
25,NORTE DE SAN,100,VILLA DEL ROSARIO,02,Zona 02,03,MEGA COLEGIO  LA FRONTERA,33
25,NORTE DE SAN,100,VILLA DEL ROSARIO,02,Zona 02,04,COLEGIO PBRO ALVARO SUAREZ,12
25,NORTE DE SAN,100,VILLA DEL ROSARIO,02,Zona 02,05,COLEGIO MONTEVIDEO II,11
25,NORTE DE SAN,100,VILLA DEL ROSARIO,02,Zona 02,06,POLIDEPORTIVO,7
25,NORTE DE SAN,100,VILLA DEL ROSARIO,02,Zona 02,07,CTRO DE INTEGRACION CIUD,11
25,NORTE DE SAN,007,ARBOLEDAS,99,Zona 99,01,BARRIENTOS,1
25,NORTE DE SAN,007,ARBOLEDAS,99,Zona 99,05,CASTRO,3
25,NORTE DE SAN,007,ARBOLEDAS,99,Zona 99,09,CINERA,1
25,NORTE DE SAN,007,ARBOLEDAS,99,Zona 99,12,GUZAMAN,1
25,NORTE DE SAN,007,ARBOLEDAS,99,Zona 99,14,LA UVITA,1
25,NORTE DE SAN,007,ARBOLEDAS,99,Zona 99,15,LOS MOLINOS,1
25,NORTE DE SAN,007,ARBOLEDAS,99,Zona 99,17,UVITO,1
25,NORTE DE SAN,007,ARBOLEDAS,99,Zona 99,21,VILLA SUCRE,3
25,NORTE DE SAN,007,ARBOLEDAS,00,Zona 00,00,PUESTO CABECERA MUNICIPAL,14
25,NORTE DE SAN,010,BOCHALEMA,99,Zona 99,03,ESPEJUELOS (NEBRASKA),1
25,NORTE DE SAN,010,BOCHALEMA,99,Zona 99,05,LA DONJUANA,7
25,NORTE DE SAN,010,BOCHALEMA,99,Zona 99,15,MONTERREDONDO,1
25,NORTE DE SAN,010,BOCHALEMA,99,Zona 99,60,PORTACHUELO,1
25,NORTE DE SAN,010,BOCHALEMA,00,Zona 00,00,PUESTO CABECERA MUNICIPAL,18
25,NORTE DE SAN,013,BUCARASICA,99,Zona 99,01,AGUABLANCA,2
25,NORTE DE SAN,013,BUCARASICA,99,Zona 99,05,LA CURVA,3
25,NORTE DE SAN,013,BUCARASICA,99,Zona 99,09,LA SANJUANA,4
25,NORTE DE SAN,013,BUCARASICA,99,Zona 99,11,LAS CUADRAS,1
25,NORTE DE SAN,013,BUCARASICA,00,Zona 00,00,PUESTO CABECERA MUNICIPAL,5
25,NORTE DE SAN,016,CACOTA,99,Zona 99,55,TARGUALA,1
25,NORTE DE SAN,016,CACOTA,00,Zona 00,00,PUESTO CABECERA MUNICIPAL,8
25,NORTE DE SAN,019,CACHIRA,99,Zona 99,01,LA CARRERA,2
25,NORTE DE SAN,019,CACHIRA,99,Zona 99,02,EL MANZANO,1
25,NORTE DE SAN,019,CACHIRA,99,Zona 99,05,LA VEGA,6
25,NORTE DE SAN,019,CACHIRA,99,Zona 99,06,FILO DE SAN CAYETANO,1
25,NORTE DE SAN,019,CACHIRA,99,Zona 99,10,EL LUCERO,1
25,NORTE DE SAN,019,CACHIRA,99,Zona 99,12,MIRAFLORES,1
25,NORTE DE SAN,019,CACHIRA,99,Zona 99,16,LA UNION,1
25,NORTE DE SAN,019,CACHIRA,99,Zona 99,17,PRIMAVERA,2
25,NORTE DE SAN,019,CACHIRA,99,Zona 99,26,RAMIREZ,1
25,NORTE DE SAN,019,CACHIRA,99,Zona 99,29,SAN JOSE DE LA MONTAÑA,1
25,NORTE DE SAN,019,CACHIRA,99,Zona 99,36,LAGUNA DE ORIENTE,1
25,NORTE DE SAN,019,CACHIRA,99,Zona 99,50,LOS MANGOS,1
25,NORTE DE SAN,019,CACHIRA,00,Zona 00,00,PUESTO CABECERA MUNICIPAL,9
25,NORTE DE SAN,022,CONVENCION,99,Zona 99,05,CARTAGENITA,4
25,NORTE DE SAN,022,CONVENCION,99,Zona 99,09,GUAMAL,2
25,NORTE DE SAN,022,CONVENCION,99,Zona 99,10,HONDURAS,3
25,NORTE DE SAN,022,CONVENCION,99,Zona 99,11,LA LIBERTAD,2
25,NORTE DE SAN,022,CONVENCION,99,Zona 99,12,LA TRINIDAD,2
25,NORTE DE SAN,022,CONVENCION,99,Zona 99,13,LAS MERCEDES,2
25,NORTE DE SAN,022,CONVENCION,99,Zona 99,17,LOS BALCONES,2
25,NORTE DE SAN,022,CONVENCION,99,Zona 99,18,EL HOYO,1
25,NORTE DE SAN,022,CONVENCION,99,Zona 99,19,MESA RICA,1
25,NORTE DE SAN,022,CONVENCION,99,Zona 99,21,MIRAFLORES,1
25,NORTE DE SAN,022,CONVENCION,99,Zona 99,23,SAN JOSE DE LAS PITAS,2
25,NORTE DE SAN,022,CONVENCION,99,Zona 99,25,SOLEDAD,2
25,NORTE DE SAN,022,CONVENCION,99,Zona 99,27,SAPHADANA,2
25,NORTE DE SAN,022,CONVENCION,00,Zona 00,00,PUESTO CABECERA MUNICIPAL,29
25,NORTE DE SAN,025,CUCUTILLA,99,Zona 99,01,PUENTE JULIO ARBOLEDA,1
25,NORTE DE SAN,025,CUCUTILLA,99,Zona 99,05,SAN JOSE DE LA MONTAÑA,2
25,NORTE DE SAN,025,CUCUTILLA,00,Zona 00,00,PUESTO CABECERA MUNICIPAL,19
25,NORTE DE SAN,031,CHITAGA,99,Zona 99,04,CORNEJO,1
25,NORTE DE SAN,031,CHITAGA,99,Zona 99,05,CHUCARIMA,2
25,NORTE DE SAN,031,CHITAGA,99,Zona 99,07,EL ALISAL,1
25,NORTE DE SAN,031,CHITAGA,99,Zona 99,09,EL PORVENIR,1
25,NORTE DE SAN,031,CHITAGA,99,Zona 99,10,LLANO GRANDE,2
25,NORTE DE SAN,031,CHITAGA,99,Zona 99,13,PRESIDENTE,1
25,NORTE DE SAN,031,CHITAGA,99,Zona 99,17,TANE,2
25,NORTE DE SAN,031,CHITAGA,00,Zona 00,00,PUESTO CABECERA MUNICIPAL,20
25,NORTE DE SAN,034,DURANIA,99,Zona 99,05,HATOVIEJO,1
25,NORTE DE SAN,034,DURANIA,99,Zona 99,07,LA CUCHILLA,1
25,NORTE DE SAN,034,DURANIA,99,Zona 99,11,LA TRINIDAD,1
25,NORTE DE SAN,034,DURANIA,00,Zona 00,00,PUESTO CABECERA MUNICIPAL,19
25,NORTE DE SAN,036,EL TARRA,99,Zona 99,06,LAS INDIAS,2
25,NORTE DE SAN,036,EL TARRA,99,Zona 99,15,EL PASO,2
25,NORTE DE SAN,036,EL TARRA,99,Zona 99,25,FILO EL GRINGO,4
25,NORTE DE SAN,036,EL TARRA,99,Zona 99,35,NUEVA GRANADA (BELLAVISTA),2
25,NORTE DE SAN,036,EL TARRA,99,Zona 99,45,IE ORU BAJO (COLEGIO),2
25,NORTE DE SAN,036,EL TARRA,99,Zona 99,55,PALMAS DE VINO,1
25,NORTE DE SAN,036,EL TARRA,99,Zona 99,60,PLAYA COTIZA,2
25,NORTE DE SAN,036,EL TARRA,00,Zona 00,00,PUESTO CABECERA MUNICIPAL,36
25,NORTE DE SAN,037,EL CARMEN,99,Zona 99,01,BELLALUZ,1
25,NORTE DE SAN,037,EL CARMEN,99,Zona 99,02,BOBALI,1
25,NORTE DE SAN,037,EL CARMEN,99,Zona 99,03,ASTILLERO,1
25,NORTE DE SAN,037,EL CARMEN,99,Zona 99,04,LA BOGOTANA,1
25,NORTE DE SAN,037,EL CARMEN,99,Zona 99,05,CULEBRITA,1
25,NORTE DE SAN,037,EL CARMEN,99,Zona 99,06,IKIAKARORA,1
25,NORTE DE SAN,037,EL CARMEN,99,Zona 99,09,EL COBRE,1
25,NORTE DE SAN,037,EL CARMEN,99,Zona 99,13,EL ZUL,1
25,NORTE DE SAN,037,EL CARMEN,99,Zona 99,17,GUAMALITO,10
25,NORTE DE SAN,037,EL CARMEN,99,Zona 99,20,LA ESTRELLA,1
25,NORTE DE SAN,037,EL CARMEN,99,Zona 99,21,LA OSA,1
25,NORTE DE SAN,037,EL CARMEN,99,Zona 99,25,LA QUIEBRA,1
25,NORTE DE SAN,037,EL CARMEN,99,Zona 99,29,LA PELOTA,1
25,NORTE DE SAN,037,EL CARMEN,99,Zona 99,33,LAS AGUILAS,1
25,NORTE DE SAN,037,EL CARMEN,99,Zona 99,37,PAJITAS,1
25,NORTE DE SAN,037,EL CARMEN,99,Zona 99,38,LAS VEGAS DE MOTILONIA,1
25,NORTE DE SAN,037,EL CARMEN,99,Zona 99,39,LAS VEGAS,1
25,NORTE DE SAN,037,EL CARMEN,99,Zona 99,40,MARACAIBO,1
25,NORTE DE SAN,037,EL CARMEN,99,Zona 99,41,QUEBRADA ARRIBA,2
25,NORTE DE SAN,037,EL CARMEN,99,Zona 99,42,QUEBRADA HONDA,1
25,NORTE DE SAN,037,EL CARMEN,99,Zona 99,43,SANTA INES,3
25,NORTE DE SAN,037,EL CARMEN,99,Zona 99,45,SANTO DOMINGO,1
25,NORTE DE SAN,037,EL CARMEN,99,Zona 99,46,LA OSA PARTE BAJA,1
25,NORTE DE SAN,037,EL CARMEN,00,Zona 00,00,PUESTO CABECERA MUNICIPAL,10
25,NORTE DE SAN,040,GRAMALOTE,99,Zona 99,01,EL ROSARIO,1
25,NORTE DE SAN,040,GRAMALOTE,99,Zona 99,05,EL ZUMBADOR,1
25,NORTE DE SAN,040,GRAMALOTE,99,Zona 99,09,SAN ISIDRO,2
25,NORTE DE SAN,040,GRAMALOTE,00,Zona 00,00,PUESTO CABECERA MUNICIPAL,14
25,NORTE DE SAN,043,HACARI,99,Zona 99,01,MARACAIBO,2
25,NORTE DE SAN,043,HACARI,99,Zona 99,02,ASTILLEROS,2
25,NORTE DE SAN,043,HACARI,99,Zona 99,04,AGUA BLANCA,2
25,NORTE DE SAN,043,HACARI,99,Zona 99,06,MARTINEZ,1
25,NORTE DE SAN,043,HACARI,99,Zona 99,07,BUENOS AIRES,1
25,NORTE DE SAN,043,HACARI,99,Zona 99,28,SAN MIGUEL,2
25,NORTE DE SAN,043,HACARI,99,Zona 99,80,SAN JOSE DEL TARRA,3
25,NORTE DE SAN,043,HACARI,00,Zona 00,00,PUESTO CABECERA MUNICIPAL,14
25,NORTE DE SAN,046,HERRAN,99,Zona 99,35,HONDA SUR,1
25,NORTE DE SAN,046,HERRAN,99,Zona 99,40,SIBERIA,2
25,NORTE DE SAN,046,HERRAN,00,Zona 00,00,PUESTO CABECERA MUNICIPAL,13
25,NORTE DE SAN,049,LABATECA,99,Zona 99,28,SANTA MARIA,1
25,NORTE DE SAN,049,LABATECA,99,Zona 99,40,LA CUCHILLA,1
25,NORTE DE SAN,049,LABATECA,00,Zona 00,00,PUESTO CABECERA MUNICIPAL,15
25,NORTE DE SAN,051,LA ESPERANZA,99,Zona 99,04,CAMPO ALEGRE,1
25,NORTE DE SAN,051,LA ESPERANZA,99,Zona 99,10,PUEBLO NUEVO,6
25,NORTE DE SAN,051,LA ESPERANZA,99,Zona 99,15,TROPEZON,2
25,NORTE DE SAN,051,LA ESPERANZA,99,Zona 99,18,LA RAYA,1
25,NORTE DE SAN,051,LA ESPERANZA,99,Zona 99,20,LEON XIII,2
25,NORTE DE SAN,051,LA ESPERANZA,99,Zona 99,25,LA PEDREGOZA,6
25,NORTE DE SAN,051,LA ESPERANZA,99,Zona 99,28,LOS CEDROS,2
25,NORTE DE SAN,051,LA ESPERANZA,99,Zona 99,30,LOS PLANES,1
25,NORTE DE SAN,051,LA ESPERANZA,99,Zona 99,35,LA QUIEBRA,1
25,NORTE DE SAN,051,LA ESPERANZA,99,Zona 99,41,JURISDICCIONES DE SAN PEDRO,2
25,NORTE DE SAN,051,LA ESPERANZA,99,Zona 99,54,VIJAGUAL,1
25,NORTE DE SAN,051,LA ESPERANZA,99,Zona 99,60,VILLA MARIA,2
25,NORTE DE SAN,051,LA ESPERANZA,00,Zona 00,00,PUESTO CABECERA MUNICIPAL,9
25,NORTE DE SAN,052,LA PLAYA,99,Zona 99,01,ASPASICA,5
25,NORTE DE SAN,052,LA PLAYA,99,Zona 99,03,CURASICA,1
25,NORTE DE SAN,052,LA PLAYA,99,Zona 99,05,EL CINCHO  LA VEGA DE SAN ANTONIO,3
25,NORTE DE SAN,052,LA PLAYA,99,Zona 99,50,MACIEGAS,1
25,NORTE DE SAN,052,LA PLAYA,00,Zona 00,00,PUESTO CABECERA MUNICIPAL,12
25,NORTE DE SAN,055,LOURDES,00,Zona 00,00,PUESTO CABECERA MUNICIPAL,11
25,NORTE DE SAN,058,MUTISCUA,99,Zona 99,05,LA LAGUNA,1
25,NORTE DE SAN,058,MUTISCUA,99,Zona 99,06,SUCRE,1
25,NORTE DE SAN,058,MUTISCUA,00,Zona 00,00,PUESTO CABECERA MUNICIPAL,8
25,NORTE DE SAN,067,PAMPLONITA,99,Zona 99,01,EL DIAMANTE,3
25,NORTE DE SAN,067,PAMPLONITA,00,Zona 00,00,PUESTO CABECERA MUNICIPAL,10
25,NORTE DE SAN,070,RAGONVALIA,99,Zona 99,40,CALICHES,1
25,NORTE DE SAN,070,RAGONVALIA,99,Zona 99,81,CTRO EDUC. RURAL VEREDA SAN MIGUEL,1
25,NORTE DE SAN,070,RAGONVALIA,99,Zona 99,82,CENTRO EDUCATIVO RURAL BUENOS AIRES,1
25,NORTE DE SAN,070,RAGONVALIA,00,Zona 00,00,PUESTO CABECERA MUNICIPAL,27
25,NORTE DE SAN,073,SALAZAR,99,Zona 99,01,EL CARMEN DE NAZARETH,5
25,NORTE DE SAN,073,SALAZAR,99,Zona 99,03,ALTO DE ANGULO,1
25,NORTE DE SAN,073,SALAZAR,99,Zona 99,04,CAMPO NUEVO,1
25,NORTE DE SAN,073,SALAZAR,99,Zona 99,05,LA LAGUNA,3
25,NORTE DE SAN,073,SALAZAR,99,Zona 99,06,EL ZULIA,2
25,NORTE DE SAN,073,SALAZAR,99,Zona 99,07,MONTECRISTO,1
25,NORTE DE SAN,073,SALAZAR,99,Zona 99,09,SAN ANTONIO,1
25,NORTE DE SAN,073,SALAZAR,99,Zona 99,13,SAN JOSE DE AVILA,1
25,NORTE DE SAN,073,SALAZAR,00,Zona 00,00,PUESTO CABECERA MUNICIPAL,19
25,NORTE DE SAN,076,SAN CALIXTO,99,Zona 99,02,ALGARROBOS,1
25,NORTE DE SAN,076,SAN CALIXTO,99,Zona 99,03,PALMARITO,1
25,NORTE DE SAN,076,SAN CALIXTO,99,Zona 99,04,CASAS VIEJAS,3
25,NORTE DE SAN,076,SAN CALIXTO,99,Zona 99,06,BANDERAS,1
25,NORTE DE SAN,076,SAN CALIXTO,99,Zona 99,07,GUADUALES,2
25,NORTE DE SAN,076,SAN CALIXTO,99,Zona 99,10,EL ESPEJO,2
25,NORTE DE SAN,076,SAN CALIXTO,99,Zona 99,13,MESALLANA,2
25,NORTE DE SAN,076,SAN CALIXTO,99,Zona 99,16,QUEBRADA GRANDE,1
25,NORTE DE SAN,076,SAN CALIXTO,99,Zona 99,18,PUENTE REAL,1
25,NORTE DE SAN,076,SAN CALIXTO,99,Zona 99,19,SAN JERONIMO,1
25,NORTE DE SAN,076,SAN CALIXTO,99,Zona 99,30,EL CARACOL,1
25,NORTE DE SAN,076,SAN CALIXTO,99,Zona 99,45,LA CRISTALINA,1
25,NORTE DE SAN,076,SAN CALIXTO,99,Zona 99,50,LA QUINA,3
25,NORTE DE SAN,076,SAN CALIXTO,99,Zona 99,55,MEDIAGUITA,1
25,NORTE DE SAN,076,SAN CALIXTO,99,Zona 99,60,SAN JAVIER,1
25,NORTE DE SAN,076,SAN CALIXTO,99,Zona 99,75,SAN JUAN,1
25,NORTE DE SAN,076,SAN CALIXTO,99,Zona 99,80,SANTA CATALINA,1
25,NORTE DE SAN,076,SAN CALIXTO,00,Zona 00,00,PUESTO CABECERA MUNICIPAL,9
25,NORTE DE SAN,079,SAN CAYETANO,99,Zona 99,01,AYACUCHO,1
25,NORTE DE SAN,079,SAN CAYETANO,99,Zona 99,02,SAN ISIDRO,3
25,NORTE DE SAN,079,SAN CAYETANO,99,Zona 99,05,CORNEJO,7
25,NORTE DE SAN,079,SAN CAYETANO,99,Zona 99,21,URIMACO,1
25,NORTE DE SAN,079,SAN CAYETANO,00,Zona 00,00,PUESTO CABECERA MUNICIPAL,19
25,NORTE DE SAN,082,SANTIAGO,99,Zona 99,09,LA CACAHUALA,1
25,NORTE DE SAN,082,SANTIAGO,99,Zona 99,28,LOS NARANJOS,1
25,NORTE DE SAN,082,SANTIAGO,00,Zona 00,00,PUESTO CABECERA MUNICIPAL,14
25,NORTE DE SAN,085,SARDINATA,99,Zona 99,01,CASCAJAL,1
25,NORTE DE SAN,085,SARDINATA,99,Zona 99,02,CAMPO RICO,1
25,NORTE DE SAN,085,SARDINATA,99,Zona 99,03,BALSAMINA,1
25,NORTE DE SAN,085,SARDINATA,99,Zona 99,04,EL CARMEN,1
25,NORTE DE SAN,085,SARDINATA,99,Zona 99,05,LA VICTORIA,2
25,NORTE DE SAN,085,SARDINATA,99,Zona 99,07,LA CRISTALINA,1
25,NORTE DE SAN,085,SARDINATA,99,Zona 99,08,PARAMILLO,1
25,NORTE DE SAN,085,SARDINATA,99,Zona 99,09,LAS MERCEDES,10
25,NORTE DE SAN,085,SARDINATA,99,Zona 99,10,LUIS VERO,2
25,NORTE DE SAN,085,SARDINATA,99,Zona 99,11,SAN MARTIN DE LOBA,3
25,NORTE DE SAN,085,SARDINATA,99,Zona 99,13,SAN ROQUE,2
25,NORTE DE SAN,085,SARDINATA,99,Zona 99,20,EL VESUBIO,1
25,NORTE DE SAN,085,SARDINATA,99,Zona 99,26,ENCERRADEROS,1
25,NORTE DE SAN,085,SARDINATA,99,Zona 99,30,FATIMA,1
25,NORTE DE SAN,085,SARDINATA,99,Zona 99,34,GUAMO SAN MIGUEL,1
25,NORTE DE SAN,085,SARDINATA,99,Zona 99,40,JORDANCITO,1
25,NORTE DE SAN,085,SARDINATA,99,Zona 99,47,LA ESMERALDA,1
25,NORTE DE SAN,085,SARDINATA,99,Zona 99,58,LAS MESAS,1
25,NORTE DE SAN,085,SARDINATA,99,Zona 99,75,RIO NUEVO,1
25,NORTE DE SAN,085,SARDINATA,99,Zona 99,85,SAN ISIDRO,1
25,NORTE DE SAN,085,SARDINATA,99,Zona 99,87,SAN LUIS,1
25,NORTE DE SAN,085,SARDINATA,00,Zona 00,00,PUESTO CABECERA MUNICIPAL,37
25,NORTE DE SAN,088,SILOS,99,Zona 99,01,BABEGA,3
25,NORTE DE SAN,088,SILOS,99,Zona 99,03,BELEN,1
25,NORTE DE SAN,088,SILOS,99,Zona 99,20,LA LAGUNA,2
25,NORTE DE SAN,088,SILOS,99,Zona 99,25,LOS RINCON,2
25,NORTE DE SAN,088,SILOS,00,Zona 00,00,PUESTO CABECERA MUNICIPAL,8
25,NORTE DE SAN,091,TEORAMA,99,Zona 99,03,FRONTERAS DE TEORAMA,2
25,NORTE DE SAN,091,TEORAMA,99,Zona 99,05,SAN PABLO,12
25,NORTE DE SAN,091,TEORAMA,99,Zona 99,10,EL ASERRIO,4
25,NORTE DE SAN,091,TEORAMA,99,Zona 99,15,JURIDICCIONES,1
25,NORTE DE SAN,091,TEORAMA,99,Zona 99,25,EL JUNCAL,2
25,NORTE DE SAN,091,TEORAMA,99,Zona 99,27,LA CECILIA,3
25,NORTE DE SAN,091,TEORAMA,99,Zona 99,41,RAMIREZ,1
25,NORTE DE SAN,091,TEORAMA,99,Zona 99,45,RIO DE ORO,1
25,NORTE DE SAN,091,TEORAMA,99,Zona 99,50,SAN JUANCITO,3
25,NORTE DE SAN,091,TEORAMA,00,Zona 00,00,PUESTO CABECERA MUNICIPAL,11
25,NORTE DE SAN,094,TOLEDO,99,Zona 99,01,SAN BERNARDO BATA,6
25,NORTE DE SAN,094,TOLEDO,99,Zona 99,02,GIBRALTAR (RIO COBARIA),2
25,NORTE DE SAN,094,TOLEDO,99,Zona 99,05,LA LOMA,1
25,NORTE DE SAN,094,TOLEDO,99,Zona 99,07,SAN ALBERTO,1
25,NORTE DE SAN,094,TOLEDO,99,Zona 99,08,MARGUA,1
25,NORTE DE SAN,094,TOLEDO,99,Zona 99,09,SAMORE,4
25,NORTE DE SAN,094,TOLEDO,99,Zona 99,10,LA UNION,1
25,NORTE DE SAN,094,TOLEDO,99,Zona 99,20,LA MESA,1
25,NORTE DE SAN,094,TOLEDO,99,Zona 99,30,ROMAN,1
25,NORTE DE SAN,094,TOLEDO,99,Zona 99,40,INST. ETNOEDUCATIVA UWA LZKETA -SEGOVIA,1
25,NORTE DE SAN,094,TOLEDO,00,Zona 00,00,PUESTO CABECERA MUNICIPAL,24
25,NORTE DE SAN,097,VILLA CARO,99,Zona 99,15,ALTO EL POZO,2
25,NORTE DE SAN,097,VILLA CARO,00,Zona 00,00,PUESTO CABECERA MUNICIPAL,11
25,NORTE DE SAN,028,CHINACOTA,99,Zona 99,01,NUEVA DONJUANA,4
25,NORTE DE SAN,028,CHINACOTA,99,Zona 99,02,PUESTO DE VOTACION VEREDA ISCALA,1
25,NORTE DE SAN,028,CHINACOTA,99,Zona 99,03,VEREDA OROZCO,1
25,NORTE DE SAN,028,CHINACOTA,00,Zona 00,01,COLEGIO SAN LUIS GONZAGA,38
25,NORTE DE SAN,028,CHINACOTA,00,Zona 00,02,ESCUELA MARIANO OSPINA RODRIGUEZ,4
25,NORTE DE SAN,001,CUCUTA,10,Zona 10,01,SANTO ANGEL SEDE JOSE EUSEBIO,20
25,NORTE DE SAN,001,CUCUTA,10,Zona 10,02,COL LUIS CARLOS GALAN SARMIENT,34
25,NORTE DE SAN,001,CUCUTA,10,Zona 10,03,ESC FRANCISCO DE PAULA ANDRADE No 9,26
25,NORTE DE SAN,001,CUCUTA,10,Zona 10,04,ALEJANDRO GUTIERREZ SD SAN JUAN BOSCO,13
25,NORTE DE SAN,001,CUCUTA,10,Zona 10,05,IE NUESTRA SEÑORA DEL ROSARIO,20
25,NORTE DE SAN,001,CUCUTA,90,Zona 90,01,NORMAL MARIA AUXILIADORA,18
25,NORTE DE SAN,001,CUCUTA,98,Zona 98,01,CARCEL,1
25,NORTE DE SAN,001,CUCUTA,98,Zona 98,02,CARCEL DE MUJERES,1
25,NORTE DE SAN,001,CUCUTA,99,Zona 99,01,PUERTO VILLAMIZAR,1
25,NORTE DE SAN,001,CUCUTA,99,Zona 99,03,BANCO DE ARENA,2
25,NORTE DE SAN,001,CUCUTA,99,Zona 99,04,PALMARITO,2
25,NORTE DE SAN,001,CUCUTA,99,Zona 99,05,LA BUENA ESPERANZA,12
25,NORTE DE SAN,001,CUCUTA,99,Zona 99,17,LIMONCITO,2
25,NORTE DE SAN,001,CUCUTA,99,Zona 99,20,AGUACLARA,11
25,NORTE DE SAN,001,CUCUTA,99,Zona 99,25,GUARAMITO,3
25,NORTE DE SAN,001,CUCUTA,99,Zona 99,27,RICAURTE,2
25,NORTE DE SAN,001,CUCUTA,99,Zona 99,37,SAN FAUSTINO,4
25,NORTE DE SAN,001,CUCUTA,99,Zona 99,45,EL CARMEN DE TONCHALA,2
25,NORTE DE SAN,001,CUCUTA,99,Zona 99,53,SAN PEDRO,3
25,NORTE DE SAN,001,CUCUTA,01,Zona 01,01,COL SAN JOSE SEDE MERCEDES ABREGO,31
25,NORTE DE SAN,001,CUCUTA,01,Zona 01,02,COL SAGRADO SEDE ANTONIA SANTO,30
25,NORTE DE SAN,001,CUCUTA,01,Zona 01,03,COL SAGRADO CORAZON DE JESUS,48
25,NORTE DE SAN,001,CUCUTA,01,Zona 01,04,COLEGIO ANTONIO NARIÑO,20
25,NORTE DE SAN,001,CUCUTA,01,Zona 01,05,IE COL SAN JOSE DE CUCUTA,14
25,NORTE DE SAN,001,CUCUTA,02,Zona 02,01,SALESIANO,38
25,NORTE DE SAN,001,CUCUTA,02,Zona 02,02,MERCEDES ABREGO SEDE JARDIN NACIONAL,36
25,NORTE DE SAN,001,CUCUTA,02,Zona 02,03,UNIVERSIDAD FRANCISCO DE PAULA SANTANDER,40
25,NORTE DE SAN,001,CUCUTA,02,Zona 02,04,COLEGIO LA SALLE,45
25,NORTE DE SAN,001,CUCUTA,02,Zona 02,05,GIMNASIO DOMINGO SAVIO,29
25,NORTE DE SAN,001,CUCUTA,03,Zona 03,01,COL PABLO CORREA SEDE CLUB DE,37
25,NORTE DE SAN,001,CUCUTA,03,Zona 03,02,COL.FRANCISCO JOSE CALDAS,43
25,NORTE DE SAN,001,CUCUTA,03,Zona 03,03,CLUB DE LEONES SEDE I.E.BOCONO,19
25,NORTE DE SAN,001,CUCUTA,03,Zona 03,04,IE MISAEL PASTRANA BORRERO,36
25,NORTE DE SAN,001,CUCUTA,03,Zona 03,05,FCO JOSE DE CALDAS SEDE SAN PEDRO CLAVER,16
25,NORTE DE SAN,001,CUCUTA,03,Zona 03,06,IE PABLO CORREA LEON,5
25,NORTE DE SAN,001,CUCUTA,04,Zona 04,01,ESC.MARCO FIDEL SUAREZ,17
25,NORTE DE SAN,001,CUCUTA,04,Zona 04,02,IE PABLO CORREA SD MARIA AUXILIADORA,27
25,NORTE DE SAN,001,CUCUTA,04,Zona 04,03,COLEGIO SIMON BOLIVAR,31
25,NORTE DE SAN,001,CUCUTA,04,Zona 04,04,COLEGIO PADRE LUIS VARIARA,36
25,NORTE DE SAN,001,CUCUTA,04,Zona 04,05,COL BAS CLUB DE LEONES No 29,14
25,NORTE DE SAN,001,CUCUTA,04,Zona 04,06,I.E.MON.JAIME PRIETO AMAYA,8
25,NORTE DE SAN,001,CUCUTA,04,Zona 04,07,COL.CARLOS PEREZ ESCALANTE,22
25,NORTE DE SAN,001,CUCUTA,04,Zona 04,08,CENTRO INT. CIUDADANA PRADOS DEL ESTE,25
25,NORTE DE SAN,001,CUCUTA,04,Zona 04,09,IE SAN JUAN BOSCO - CLUB DE LEONES,4
25,NORTE DE SAN,001,CUCUTA,05,Zona 05,01,COL. GREMIOS UNIDOS SD SIMON BOLIVAR,33
25,NORTE DE SAN,001,CUCUTA,05,Zona 05,02,GUAIMARAL S.HERMOGENES MAZA,37
25,NORTE DE SAN,001,CUCUTA,05,Zona 05,03,INEM,37
25,NORTE DE SAN,001,CUCUTA,05,Zona 05,04,COL ANDRES BELLO,29
25,NORTE DE SAN,001,CUCUTA,05,Zona 05,05,COL ORIENTAL No. 26,32
25,NORTE DE SAN,001,CUCUTA,05,Zona 05,06,INEM sede MIGUEL MULLER,17
25,NORTE DE SAN,001,CUCUTA,05,Zona 05,07,COL.BASICO GUAIMARAL NRO 25,16
25,NORTE DE SAN,001,CUCUTA,05,Zona 05,08,CENTRO INTEGRACION CIUDADANA EL BOSQUE,9
25,NORTE DE SAN,001,CUCUTA,05,Zona 05,09,INSTITUTO TECNICO MERCEDES ABREGO,7
25,NORTE DE SAN,001,CUCUTA,05,Zona 05,10,COL. MPAL MARIA CONCEPCION LOPERENA,14
25,NORTE DE SAN,001,CUCUTA,06,Zona 06,01,COL ANDRES BELLO SEDE LAURA VI,12
25,NORTE DE SAN,001,CUCUTA,06,Zona 06,02,COL MUNICIPAL AEROPUERTO,43
25,NORTE DE SAN,001,CUCUTA,06,Zona 06,03,COL EUSTORGIO COLMENARES BAUTI,27
25,NORTE DE SAN,001,CUCUTA,06,Zona 06,04,ESCUELA EL CERRITO,4
25,NORTE DE SAN,001,CUCUTA,06,Zona 06,05,INST EDUCATIVA SAN JOSE,29
25,NORTE DE SAN,001,CUCUTA,06,Zona 06,06,COL TOLEDO PLATA,31
25,NORTE DE SAN,001,CUCUTA,06,Zona 06,07,COL MPALSEDE MARIA OFELIA VILLAMIZAR,11
25,NORTE DE SAN,001,CUCUTA,06,Zona 06,08,CENTRO INTEGRACION CIUDADANA METROPOLI,7
25,NORTE DE SAN,001,CUCUTA,06,Zona 06,09,IE ANCIZAR OCAMPO - COL. ANDRES BELLO,4
25,NORTE DE SAN,001,CUCUTA,06,Zona 06,10,IE VIRGILIO BARCO-COL MPAL AEROPUERTO,3
25,NORTE DE SAN,001,CUCUTA,07,Zona 07,01,ESC. URBANA JOSE CELESTINO MUTIS No 31,29
25,NORTE DE SAN,001,CUCUTA,07,Zona 07,02,COL SAN BARTOLOME,29
25,NORTE DE SAN,001,CUCUTA,07,Zona 07,03,COL INTEGRADO JUAN ATALAYA,38
25,NORTE DE SAN,001,CUCUTA,07,Zona 07,04,COL MARIANO OSPINA RODRIGUEZ,39
25,NORTE DE SAN,001,CUCUTA,07,Zona 07,05,COL BUENOS AIRES,22
25,NORTE DE SAN,001,CUCUTA,07,Zona 07,06,COL BASICO CAMILO DAZA,16
25,NORTE DE SAN,001,CUCUTA,07,Zona 07,07,COL.CONCEJO DE CUCUTA,15
25,NORTE DE SAN,001,CUCUTA,07,Zona 07,08,ESC. COMUNEROS # 33 - COL. SAN BARTOLOME,14
25,NORTE DE SAN,001,CUCUTA,07,Zona 07,09,COL. SANTOS APOSTOLES SD EL ROSAL,7
25,NORTE DE SAN,001,CUCUTA,07,Zona 07,10,IE MARIANO OSPINA R. SD MONS. LUIS PEREZ,10
25,NORTE DE SAN,001,CUCUTA,08,Zona 08,01,ESC.No38 TEODORO GUTIERREZ C.,28
25,NORTE DE SAN,001,CUCUTA,08,Zona 08,02,I.E. PADRE MANUEL BRICEÑO JAUREGUI,45
25,NORTE DE SAN,001,CUCUTA,08,Zona 08,03,COL RAFAEL URIBE URIBE,39
25,NORTE DE SAN,001,CUCUTA,08,Zona 08,04,INST TECN CARLOS RAMIREZ PARIS,44
25,NORTE DE SAN,001,CUCUTA,08,Zona 08,05,COL HERMANO RODULFO ELOY,29
25,NORTE DE SAN,001,CUCUTA,08,Zona 08,06,CARLOS RAMIREZ sede NTRA SRA DE MONGUI,24
25,NORTE DE SAN,001,CUCUTA,08,Zona 08,07,I.E.EL RODEO,16
25,NORTE DE SAN,001,CUCUTA,08,Zona 08,08,I.E. PEDRO CUADRO HERRERA,4
25,NORTE DE SAN,001,CUCUTA,08,Zona 08,09,IE RAFAEL URIBE URIBE SD CARLOS RAMIREZ,7
25,NORTE DE SAN,001,CUCUTA,09,Zona 09,01,COL NTRA SRA DE BELEN 23 VARON,40
25,NORTE DE SAN,001,CUCUTA,09,Zona 09,02,COL JULIO PEREZ FERRERO,34
25,NORTE DE SAN,001,CUCUTA,09,Zona 09,03,IE MANUEL FERNANDEZ DE NOVOA,27
25,NORTE DE SAN,001,CUCUTA,09,Zona 09,04,COL NTRA SRA DE BELEN LA DIVINA PASTORA,20
25,NORTE DE SAN,001,CUCUTA,09,Zona 09,05,COL GARCIA HERREROS sede ESC 28 FEBRERO,22
25,NORTE DE SAN,001,CUCUTA,09,Zona 09,06,COL.BASICO LOS ALPES,9
25,NORTE DE SAN,001,CUCUTA,09,Zona 09,07,ESC. URB. VARONES No 28 ATANASIO GIR.,5
25,NORTE DE SAN,004,ABREGO,99,Zona 99,02,CASITAS,1
25,NORTE DE SAN,004,ABREGO,99,Zona 99,03,CAPITANLARGO,3
25,NORTE DE SAN,004,ABREGO,99,Zona 99,04,LA ARENOSA,1
25,NORTE DE SAN,004,ABREGO,99,Zona 99,06,EL TARRA VIEJO,1
25,NORTE DE SAN,004,ABREGO,99,Zona 99,07,LA MARIA,1
25,NORTE DE SAN,004,ABREGO,99,Zona 99,08,SAN JOSE,1
25,NORTE DE SAN,004,ABREGO,99,Zona 99,09,SAN VICENTE,2
25,NORTE DE SAN,004,ABREGO,99,Zona 99,10,EL GUAMAL,2
25,NORTE DE SAN,004,ABREGO,99,Zona 99,12,EL LLANON,1
25,NORTE DE SAN,004,ABREGO,99,Zona 99,13,EL TARRA,2
25,NORTE DE SAN,004,ABREGO,99,Zona 99,14,EL TABACO,1
25,NORTE DE SAN,004,ABREGO,99,Zona 99,17,EL HIGUERON,1
25,NORTE DE SAN,004,ABREGO,99,Zona 99,20,EL LORO,1
25,NORTE DE SAN,004,ABREGO,99,Zona 99,23,GAIRA,1
25,NORTE DE SAN,004,ABREGO,99,Zona 99,25,HOYO PILON,2
25,NORTE DE SAN,004,ABREGO,99,Zona 99,27,LA SIERRA,2
25,NORTE DE SAN,004,ABREGO,99,Zona 99,33,LOS INDIOS,1
25,NORTE DE SAN,004,ABREGO,99,Zona 99,40,CANOAS,1
25,NORTE DE SAN,004,ABREGO,99,Zona 99,50,MONTECRISTO,1
25,NORTE DE SAN,004,ABREGO,99,Zona 99,51,PLAYONCITOS,1
25,NORTE DE SAN,004,ABREGO,01,Zona 01,01,COLEGIO SANTA BARBARA,20
25,NORTE DE SAN,004,ABREGO,01,Zona 01,02,ESCUELA BOLIVAR,11
25,NORTE DE SAN,004,ABREGO,02,Zona 02,01,ESCUELA SAN ANTONIO,13
25,NORTE DE SAN,004,ABREGO,02,Zona 02,02,ESCUELA LA PIÑUELA,14
25,NORTE DE SAN,004,ABREGO,02,Zona 02,03,MEGACOLEGIO CARLOS JULIO TORRADO P.,2
25,NORTE DE SAN,038,EL ZULIA,99,Zona 99,01,PAN DE AZUCAR,1
25,NORTE DE SAN,038,EL ZULIA,99,Zona 99,02,ASTILLEROS,10
25,NORTE DE SAN,038,EL ZULIA,99,Zona 99,05,CAMPO ALICIA,2
25,NORTE DE SAN,038,EL ZULIA,99,Zona 99,08,ENCERRADEROS,1
25,NORTE DE SAN,038,EL ZULIA,99,Zona 99,27,SAN MIGUEL,2
25,NORTE DE SAN,038,EL ZULIA,99,Zona 99,28,SANTA ROSA,2
25,NORTE DE SAN,038,EL ZULIA,99,Zona 99,29,CAMILANDIA,1
25,NORTE DE SAN,038,EL ZULIA,01,Zona 01,01,I.E. COLEGIO MARCO FIDEL SUAREZ,19
25,NORTE DE SAN,038,EL ZULIA,01,Zona 01,02,CTRO DE INTEG. CIU. ALTOS DE SAN ANTONIO,14
25,NORTE DE SAN,038,EL ZULIA,01,Zona 01,03,LA MILAGROSA,2
25,NORTE DE SAN,038,EL ZULIA,02,Zona 02,01,COL FCO DE PAULA STANDER SD ALF. LOPEZ,13
25,NORTE DE SAN,038,EL ZULIA,02,Zona 02,02,POLIDEPORT. MULTIFUNCIONAL LA ALEJANDRA,10
25,NORTE DE SAN,054,LOS PATIOS,99,Zona 99,28,LA GARITA,5
25,NORTE DE SAN,054,LOS PATIOS,99,Zona 99,30,MUTIS,1
25,NORTE DE SAN,054,LOS PATIOS,01,Zona 01,01,COMFANORTE,29
25,NORTE DE SAN,054,LOS PATIOS,01,Zona 01,02,COLEGIO BAS. LA SABANA,19
25,NORTE DE SAN,054,LOS PATIOS,01,Zona 01,03,COLEGIO FE Y ALEGRIA,19
25,NORTE DE SAN,054,LOS PATIOS,01,Zona 01,04,COL PATIO CENTRO No.2,19
25,NORTE DE SAN,054,LOS PATIOS,01,Zona 01,05,HOGAR INFANTIL EL MANANTIAL,13
25,NORTE DE SAN,054,LOS PATIOS,01,Zona 01,06,ESCUELA DOCE DE OCTUBRE,3
25,NORTE DE SAN,054,LOS PATIOS,01,Zona 01,07,ESTABLECIMIENTO EDUCATIVO  JIAN PIAGET,3
25,NORTE DE SAN,054,LOS PATIOS,01,Zona 01,08,SALON COMUNAL SANTA CLARA,3
25,NORTE DE SAN,054,LOS PATIOS,01,Zona 01,09,COL.BASICO PATIOS CENTRO No 1,15
25,NORTE DE SAN,054,LOS PATIOS,02,Zona 02,01,COLEGIO 11 DE NOVIEMBRE,29
25,NORTE DE SAN,054,LOS PATIOS,02,Zona 02,02,ESCUELA  PISARREAL,26
25,NORTE DE SAN,054,LOS PATIOS,02,Zona 02,03,INST. TECNICO MUNICIPAL,26
25,NORTE DE SAN,054,LOS PATIOS,02,Zona 02,04,COLEGIO LLANITOS,11
25,NORTE DE SAN,054,LOS PATIOS,02,Zona 02,05,COLEGIO SAN TARCISIO,8
25,NORTE DE SAN,054,LOS PATIOS,02,Zona 02,06,ESCUELA BUENA ESPERANZA,6
25,NORTE DE SAN,054,LOS PATIOS,02,Zona 02,07,ESCUELA 11 DE NOVIEMBRE,9
25,NORTE DE SAN,054,LOS PATIOS,02,Zona 02,08,CENTRO DE EXPRESION CULTURAL,2
25,NORTE DE SAN,061,OCAÑA,90,Zona 90,01,COL NAL JOSE EUSEBIO CARO,20
25,NORTE DE SAN,061,OCAÑA,98,Zona 98,01,CARCEL,1
25,NORTE DE SAN,061,OCAÑA,99,Zona 99,01,AGUAS CLARAS,4
25,NORTE DE SAN,061,OCAÑA,99,Zona 99,05,AGUA DE LA VIRGEN,3
25,NORTE DE SAN,061,OCAÑA,99,Zona 99,09,BUENAVISTA,3
25,NORTE DE SAN,061,OCAÑA,99,Zona 99,11,OTARE,2
25,NORTE DE SAN,061,OCAÑA,99,Zona 99,13,CERRO DE LAS FLORES,1
25,NORTE DE SAN,061,OCAÑA,99,Zona 99,17,ESPIRITUSANTO,1
25,NORTE DE SAN,061,OCAÑA,99,Zona 99,18,ALTO DE LOS PATIOS,1
25,NORTE DE SAN,061,OCAÑA,99,Zona 99,21,PALOGRANDE,1
25,NORTE DE SAN,061,OCAÑA,99,Zona 99,25,LA ERMITA,2
25,NORTE DE SAN,061,OCAÑA,99,Zona 99,26,LA FLORESTA,1
25,NORTE DE SAN,061,OCAÑA,99,Zona 99,27,LAS CHIRCAS,1
25,NORTE DE SAN,061,OCAÑA,99,Zona 99,28,LAS LISCAS,1
25,NORTE DE SAN,061,OCAÑA,99,Zona 99,32,LLANO DE LOS TRIGOS,1
25,NORTE DE SAN,061,OCAÑA,99,Zona 99,33,MARIQUITA,1
25,NORTE DE SAN,061,OCAÑA,99,Zona 99,60,PORTACHUELO,1
25,NORTE DE SAN,061,OCAÑA,99,Zona 99,70,PUEBLO NUEVO,2
25,NORTE DE SAN,061,OCAÑA,99,Zona 99,75,QUEBRADA DE LA ESPERANZA,2
25,NORTE DE SAN,061,OCAÑA,99,Zona 99,85,VENADILLO,1
25,NORTE DE SAN,061,OCAÑA,99,Zona 99,89,LOMA LARGA,1
25,NORTE DE SAN,061,OCAÑA,99,Zona 99,90,LA PACHA,1
25,NORTE DE SAN,061,OCAÑA,99,Zona 99,91,IE COL.EDMUNDO VELASQUEZ-SD S. ANT DEL S,1
25,NORTE DE SAN,061,OCAÑA,01,Zona 01,01,SEDE LLANADAS No 2,17
25,NORTE DE SAN,061,OCAÑA,01,Zona 01,02,SEDE SIMON BOLIVAR No 1,11
25,NORTE DE SAN,061,OCAÑA,01,Zona 01,03,POLIDEPORTIVO CRISTO REY,17
25,NORTE DE SAN,061,OCAÑA,01,Zona 01,04,COMPLEJO HISTORICO,4
25,NORTE DE SAN,061,OCAÑA,01,Zona 01,05,CONCENTRACION ARGELINO DURAN,21
25,NORTE DE SAN,061,OCAÑA,01,Zona 01,06,SEDE DAVID HADDAD SALCEDO,13
25,NORTE DE SAN,061,OCAÑA,01,Zona 01,07,ESCUELA ADOLFO MILANES,13
25,NORTE DE SAN,061,OCAÑA,01,Zona 01,08,SEDE CUESTA BLANCA,3
25,NORTE DE SAN,061,OCAÑA,01,Zona 01,09,SEDE KENNEDY,3
25,NORTE DE SAN,061,OCAÑA,02,Zona 02,01,ESCUELA MARABEL,11
25,NORTE DE SAN,061,OCAÑA,02,Zona 02,02,CANCHA JUAN XXIII,15
25,NORTE DE SAN,061,OCAÑA,02,Zona 02,03,INSTITUTO TECNICO INDUSTRIAL,24
25,NORTE DE SAN,061,OCAÑA,02,Zona 02,04,ESCUELA SANTA CLARA,8
25,NORTE DE SAN,061,OCAÑA,02,Zona 02,05,CANCHA MARABEL,15
25,NORTE DE SAN,061,OCAÑA,02,Zona 02,06,COLEGIO ALFONSO LOPEZ,10
25,NORTE DE SAN,061,OCAÑA,02,Zona 02,07,COLEGIO LA SALLE,13
25,NORTE DE SAN,061,OCAÑA,02,Zona 02,08,SEDE JOSE ANTONIO GALAN,12
25,NORTE DE SAN,061,OCAÑA,02,Zona 02,09,IE FRANCISCO FERNANDEZ DE CONTRERAS,4
25,NORTE DE SAN,061,OCAÑA,02,Zona 02,10,IE AGUSTINA FERRO- SEDE EL CARMEN,2
25,NORTE DE SAN,064,PAMPLONA,98,Zona 98,01,CARCEL,1
25,NORTE DE SAN,064,PAMPLONA,99,Zona 99,01,LAUREANO GOMEZ,1
25,NORTE DE SAN,064,PAMPLONA,99,Zona 99,30,NEGAVITA,1
25,NORTE DE SAN,064,PAMPLONA,01,Zona 01,01,LA CASONA-UNIVERSIDAD PAMPLON,21
25,NORTE DE SAN,064,PAMPLONA,01,Zona 01,02,I. S. E. R.,20
25,NORTE DE SAN,064,PAMPLONA,01,Zona 01,03,SEDE GABRIELA MISTRAL COL.PRO,16
25,NORTE DE SAN,064,PAMPLONA,01,Zona 01,04,EL ROSARIO UNIPAMPLONA,23
25,NORTE DE SAN,064,PAMPLONA,02,Zona 02,01,COLEGIO CRISTO REY,9
25,NORTE DE SAN,064,PAMPLONA,02,Zona 02,02,CONCENTRACION BASICA GALAN,19
25,NORTE DE SAN,064,PAMPLONA,02,Zona 02,03,COLEGIO JOSE RAFAEL FARIA BERMUDEZ,6
25,NORTE DE SAN,064,PAMPLONA,02,Zona 02,04,COLEGIO BRIGHTON SD AFANADOR Y CADENA,4
25,NORTE DE SAN,064,PAMPLONA,02,Zona 02,05,COLEGIO PROVINCIAL SAN JOSE,24
25,NORTE DE SAN,069,PUERTO SANTANDER,01,Zona 01,01,IE PUERTO SANTANDER,17
25,NORTE DE SAN,069,PUERTO SANTANDER,01,Zona 01,02,ESCUELA URBANA INTEGRADA SEDE No 3,15
25,NORTE DE SAN,069,PUERTO SANTANDER,02,Zona 02,01,ESCUELA MONSEÑOR LEONARDO GOMEZ SERNA,16
25,NORTE DE SAN,069,PUERTO SANTANDER,02,Zona 02,02,CANCHA 23 DE ABRIL,14
25,NORTE DE SAN,093,TIBU,99,Zona 99,07,AEROPUERTO LA PISTA,2
25,NORTE DE SAN,093,TIBU,99,Zona 99,15,BARCO LA SILLA,1
25,NORTE DE SAN,093,TIBU,99,Zona 99,23,CAMPO GILES,3
25,NORTE DE SAN,093,TIBU,99,Zona 99,30,LA ANGALIA,1
25,NORTE DE SAN,093,TIBU,99,Zona 99,40,LA GABARRA,16
25,NORTE DE SAN,093,TIBU,99,Zona 99,45,LA LLANA O LA FINARIA,3
25,NORTE DE SAN,093,TIBU,99,Zona 99,50,PACELLI,6
25,NORTE DE SAN,093,TIBU,99,Zona 99,60,PETROLEA,3
25,NORTE DE SAN,093,TIBU,99,Zona 99,70,REYES (CAMPO DOS),16
25,NORTE DE SAN,093,TIBU,99,Zona 99,80,RIO DE ORO,2
25,NORTE DE SAN,093,TIBU,99,Zona 99,90,TRES BOCAS,6
25,NORTE DE SAN,093,TIBU,99,Zona 99,95,VERSALLES,3
25,NORTE DE SAN,093,TIBU,99,Zona 99,98,VETAS DE ORIENTE,3
25,NORTE DE SAN,093,TIBU,01,Zona 01,01,COL. INTEG FRANCISCO JOSE DE CALDAS,29
25,NORTE DE SAN,093,TIBU,01,Zona 01,02,ESCUELA SEDE INTEGRAL KENNEDY,6
25,NORTE DE SAN,093,TIBU,01,Zona 01,03,ESC. URBANA INTEGRADA MARCO FIDEL SUAREZ,6
25,NORTE DE SAN,093,TIBU,01,Zona 01,04,ESCUELA URBANA LA UNION,3
25,NORTE DE SAN,093,TIBU,02,Zona 02,01,INSTITUTO DIVERSIFICADO DOMINGO SAVIO,16
25,NORTE DE SAN,093,TIBU,02,Zona 02,02,CENTRO CULTURAL TIBU,13
26,QUINDIO,005,BUENAVISTA,99,Zona 99,70,IE RIO VERDE BAJO,1
26,QUINDIO,005,BUENAVISTA,00,Zona 00,00,PUESTO CABECERA MUNICIPAL,7
26,QUINDIO,025,CORDOBA,00,Zona 00,00,PUESTO CABECERA MUNICIPAL,16
26,QUINDIO,030,FILANDIA,99,Zona 99,31,EL PARAISO,1
26,QUINDIO,030,FILANDIA,99,Zona 99,53,LA INDIA,2
26,QUINDIO,030,FILANDIA,99,Zona 99,54,CRUCES,1
26,QUINDIO,030,FILANDIA,99,Zona 99,73,PAVAS,1
26,QUINDIO,030,FILANDIA,00,Zona 00,00,IE LIC. ANDINO DE LA SANTISIMA TRINIDAD,29
26,QUINDIO,040,GENOVA,99,Zona 99,32,LA VENADA,1
26,QUINDIO,040,GENOVA,00,Zona 00,00,PUESTO CABECERA MUNICIPAL,21
26,QUINDIO,070,PIJAO,99,Zona 99,11,BARRAGAN,1
26,QUINDIO,070,PIJAO,99,Zona 99,13,LA MARIELA,1
26,QUINDIO,070,PIJAO,99,Zona 99,57,MAIZENA ALTA,1
26,QUINDIO,070,PIJAO,00,Zona 00,00,PUESTO CABECERA MUNICIPAL,15
26,QUINDIO,090,SALENTO,99,Zona 99,11,BOQUIA,1
26,QUINDIO,090,SALENTO,99,Zona 99,14,CANAAN,1
26,QUINDIO,090,SALENTO,99,Zona 99,20,COCORA (PALESTINA),1
26,QUINDIO,090,SALENTO,99,Zona 99,54,LA NUBIA,2
26,QUINDIO,090,SALENTO,00,Zona 00,00,PUESTO CABECERA MUNICIPAL,16
26,QUINDIO,001,ARMENIA,10,Zona 10,01,COLISEO SENA,20
26,QUINDIO,001,ARMENIA,10,Zona 10,02,UNIVERSIDAD DEL QUINDIO,52
26,QUINDIO,001,ARMENIA,10,Zona 10,03,IE REPUBLICA DE FRANCIA,15
26,QUINDIO,001,ARMENIA,10,Zona 10,04,ESC. DE ADM. Y MERCADOTECNIA EAM,17
26,QUINDIO,001,ARMENIA,10,Zona 10,05,FUNDACION QUINDIANA DE ATENCION INTEGRAL,9
26,QUINDIO,001,ARMENIA,10,Zona 10,06,SENA CENTRO AGROINDUSTRIAL,6
26,QUINDIO,001,ARMENIA,10,Zona 10,07,IE EUDORO GRANADA SD FUNDADORES,4
26,QUINDIO,001,ARMENIA,10,Zona 10,08,IE SANTA TERESA DE JESUS SD LA FLORIDA,5
26,QUINDIO,001,ARMENIA,90,Zona 90,01,ESTADIO CENTENARIO,14
26,QUINDIO,001,ARMENIA,98,Zona 98,01,CARCEL CENTRO PENITENCIARIO SA,1
26,QUINDIO,001,ARMENIA,98,Zona 98,02,CARCEL VILLA CRISTINA,1
26,QUINDIO,001,ARMENIA,99,Zona 99,27,EL CAIMO,7
26,QUINDIO,001,ARMENIA,99,Zona 99,58,MURILLO,4
26,QUINDIO,001,ARMENIA,99,Zona 99,70,FUND. MANOS UNIDAS DE DIOS (PANTANILLO),1
26,QUINDIO,001,ARMENIA,01,Zona 01,01,IE TERESITA MONTES SD LUIS C. GALAN S.,15
26,QUINDIO,001,ARMENIA,01,Zona 01,02,IE LAURA VICUÑA,25
26,QUINDIO,001,ARMENIA,01,Zona 01,03,IE INSTITUTO TECNICO INDUSTRIAL,11
26,QUINDIO,001,ARMENIA,01,Zona 01,04,IE SIMON RODRIGUEZ,9
26,QUINDIO,001,ARMENIA,01,Zona 01,05,IE TERESITA MONTES SD PRINCIPAL,14
26,QUINDIO,001,ARMENIA,02,Zona 02,01,IE RUFINO SUR SEDE MADRE MARCE,25
26,QUINDIO,001,ARMENIA,02,Zona 02,02,I.E. ROSANA LONDOÑO,18
26,QUINDIO,001,ARMENIA,02,Zona 02,03,IE MARCELINO CHAMPAGNAT,17
26,QUINDIO,001,ARMENIA,02,Zona 02,04,IE RUFINO JOSE CUERVO SUR,4
26,QUINDIO,001,ARMENIA,03,Zona 03,01,IE ZULDEMAYDA,17
26,QUINDIO,001,ARMENIA,03,Zona 03,02,IE LOS QUINDOS,18
26,QUINDIO,001,ARMENIA,03,Zona 03,03,IE CIUDADELA DEL SUR,32
26,QUINDIO,001,ARMENIA,03,Zona 03,04,IE JUAN XXIII,12
26,QUINDIO,001,ARMENIA,03,Zona 03,05,IE POLICARPA SALAVARRIETA,2
26,QUINDIO,001,ARMENIA,04,Zona 04,01,IE NUESTRA SEÑORA DE BELEN,21
26,QUINDIO,001,ARMENIA,04,Zona 04,02,IE LA ADIELA SEDE LA CECILIA,27
26,QUINDIO,001,ARMENIA,04,Zona 04,03,IE LAS COLINAS,8
26,QUINDIO,001,ARMENIA,05,Zona 05,01,IE JESUS MARIA OCAMPO,18
26,QUINDIO,001,ARMENIA,05,Zona 05,02,IE CIUDAD DORADA,17
26,QUINDIO,001,ARMENIA,05,Zona 05,03,IE CAMILO TORRES,16
26,QUINDIO,001,ARMENIA,05,Zona 05,04,IE LUIS BERNAL GIRALDO,7
26,QUINDIO,001,ARMENIA,06,Zona 06,01,IE RUFINO CUERVO CENT SEDE ANT,10
26,QUINDIO,001,ARMENIA,06,Zona 06,02,IE CAMARA JUNIOR,19
26,QUINDIO,001,ARMENIA,06,Zona 06,03,IE GUSTAVO MATAMOROS D. COSTA,27
26,QUINDIO,001,ARMENIA,06,Zona 06,04,IE CAMARA JUNIOR SEDE LA PAVON,10
26,QUINDIO,001,ARMENIA,07,Zona 07,01,IE RUFINO JOSE CUERVO CENTRO,23
26,QUINDIO,001,ARMENIA,07,Zona 07,02,IE ESCUELA NORMAL SUPERIOR,18
26,QUINDIO,001,ARMENIA,07,Zona 07,03,IE CIUDADELA DE OCCIDENTE,13
26,QUINDIO,001,ARMENIA,07,Zona 07,04,IE CIUDADELA DE OCCIDENTE SD LA PATRIA,16
26,QUINDIO,001,ARMENIA,08,Zona 08,01,IE CIUDAD ARMENIA,19
26,QUINDIO,001,ARMENIA,08,Zona 08,02,CENTRO ADMINISTRATIVO MUNICIPAL,35
26,QUINDIO,001,ARMENIA,08,Zona 08,03,COL SAGRADO CORAZON DE JESUS B,19
26,QUINDIO,001,ARMENIA,08,Zona 08,04,ESC. SUP. DE ADMINISTRACION PUBLICA ESAP,3
26,QUINDIO,001,ARMENIA,09,Zona 09,01,IE CRISTOBAL COLON,17
26,QUINDIO,001,ARMENIA,09,Zona 09,02,IE GRAN COLOMBIA,12
26,QUINDIO,001,ARMENIA,09,Zona 09,03,COLISEO DEL CAFE,24
26,QUINDIO,001,ARMENIA,09,Zona 09,04,IE INEM JOSE CELESTINO MUTIS,19
26,QUINDIO,001,ARMENIA,09,Zona 09,05,IE CASD SEDE SANTA EUFRACIA,27
26,QUINDIO,001,ARMENIA,09,Zona 09,06,IE CASD SEDE PRINCIPAL,6
26,QUINDIO,010,CALARCA,90,Zona 90,01,PUESTO CENSO (VIVE DIGITAL),4
26,QUINDIO,010,CALARCA,98,Zona 98,01,CARCEL,1
26,QUINDIO,010,CALARCA,99,Zona 99,10,BARCELONA,19
26,QUINDIO,010,CALARCA,99,Zona 99,50,LA ALBANIA,1
26,QUINDIO,010,CALARCA,99,Zona 99,52,LA BELLA,3
26,QUINDIO,010,CALARCA,99,Zona 99,55,LA VIRGINIA,4
26,QUINDIO,010,CALARCA,99,Zona 99,75,QUEBRADANEGRA,2
26,QUINDIO,010,CALARCA,01,Zona 01,01,INST.EDUC.SEGUNDO HENAO,17
26,QUINDIO,010,CALARCA,01,Zona 01,02,COLEGIO LEON DE GREIFF,13
26,QUINDIO,010,CALARCA,01,Zona 01,03,COL. ROMAN MARIA VALENCIA,19
26,QUINDIO,010,CALARCA,01,Zona 01,04,COLEGIO ANTONIO NARIÑO,25
26,QUINDIO,010,CALARCA,01,Zona 01,05,CIUDADELA EDU SECTOR LAURELES,6
26,QUINDIO,010,CALARCA,02,Zona 02,01,COLEGIO ROBLEDO,29
26,QUINDIO,010,CALARCA,02,Zona 02,02,ESCUELA SANTANDER,16
26,QUINDIO,010,CALARCA,02,Zona 02,03,CONCENTRACION JHON F. KENNEDY,21
26,QUINDIO,010,CALARCA,02,Zona 02,04,IE SAN RAFAEL SD LA PRIMAVERA,3
26,QUINDIO,020,CIRCASIA,99,Zona 99,30,HOJAS ANCHAS,2
26,QUINDIO,020,CIRCASIA,99,Zona 99,50,LA CONCHA,1
26,QUINDIO,020,CIRCASIA,99,Zona 99,53,LA POLA,1
26,QUINDIO,020,CIRCASIA,99,Zona 99,54,LA SIRIA,1
26,QUINDIO,020,CIRCASIA,99,Zona 99,72,PIAMONTE,1
26,QUINDIO,020,CIRCASIA,99,Zona 99,80,SANTA RITA,1
26,QUINDIO,020,CIRCASIA,01,Zona 01,01,I.E.SAN JOSE,19
26,QUINDIO,020,CIRCASIA,01,Zona 01,02,I.E.FRANCISCO LONDOÑO,14
26,QUINDIO,020,CIRCASIA,02,Zona 02,01,I.E.EDUCATIVA IMET,17
26,QUINDIO,020,CIRCASIA,02,Zona 02,02,I E  LIBRE,18
26,QUINDIO,050,LA TEBAIDA,99,Zona 99,28,LA HERRADURA  (LA SILVIA),3
26,QUINDIO,050,LA TEBAIDA,01,Zona 01,01,CTRO EDUC. INSTITUTO TEBAIDA,25
26,QUINDIO,050,LA TEBAIDA,01,Zona 01,02,INS. EDUC. GABRIELA MISTRAL,16
26,QUINDIO,050,LA TEBAIDA,01,Zona 01,03,INS. EDUC. NUEVO HORIZONTE,4
26,QUINDIO,050,LA TEBAIDA,02,Zona 02,01,IE PEDACITO DE CIELO,25
26,QUINDIO,050,LA TEBAIDA,02,Zona 02,02,INSTITUTO EDUC. ANTONIO NARIÑO,18
26,QUINDIO,060,MONTENEGRO,99,Zona 99,28,ESCUELA EL CASTILLO,1
26,QUINDIO,060,MONTENEGRO,99,Zona 99,34,PUEBLO TAPAO,7
26,QUINDIO,060,MONTENEGRO,01,Zona 01,01,ESC. RAFAEL URIBE,13
26,QUINDIO,060,MONTENEGRO,01,Zona 01,02,COLEGIO INSTITUTO MONTENEGRO,23
26,QUINDIO,060,MONTENEGRO,01,Zona 01,03,ESC FRANCISCO JOSE DE CALDAS,13
26,QUINDIO,060,MONTENEGRO,01,Zona 01,04,INSTITUCION EDUCATIVA JESUS MARIA OBANDO,9
26,QUINDIO,060,MONTENEGRO,02,Zona 02,01,COL. SANTAMARIA GORETTI,11
26,QUINDIO,060,MONTENEGRO,02,Zona 02,02,ESC. LOS FUNDADORES,12
26,QUINDIO,060,MONTENEGRO,02,Zona 02,03,ESCUELA GENERAL SANTANDER,10
26,QUINDIO,060,MONTENEGRO,02,Zona 02,04,COLEGIO JESUS MAESTRO,6
26,QUINDIO,080,QUIMBAYA,90,Zona 90,01,INSTITUCION EDUCATIVA INSTITUTO QUIMBAYA,10
26,QUINDIO,080,QUIMBAYA,99,Zona 99,29,EL JAZMIN,1
26,QUINDIO,080,QUIMBAYA,99,Zona 99,30,INSTITUCION EDUCATIVA RURAL EL LAUREL,2
26,QUINDIO,080,QUIMBAYA,99,Zona 99,32,INSTITUCION EDUCATIVA  NARANJAL,2
26,QUINDIO,080,QUIMBAYA,99,Zona 99,53,LA MESA BAJA,1
26,QUINDIO,080,QUIMBAYA,99,Zona 99,72,IE RAMON MESSA LONDOÑO,1
26,QUINDIO,080,QUIMBAYA,99,Zona 99,73,PUERTO ALEJANDRIA,1
26,QUINDIO,080,QUIMBAYA,01,Zona 01,01,INST. EDU.  POLICARPA SALAVARRIETA,15
26,QUINDIO,080,QUIMBAYA,01,Zona 01,02,I.E. DE MERCADOTECNIA MARIA INMACULADA,15
26,QUINDIO,080,QUIMBAYA,01,Zona 01,03,INSTITUCION EDUCATIVA SADEQUI,7
26,QUINDIO,080,QUIMBAYA,01,Zona 01,04,INSTITUCION EDUCATIVA  ESPIRITU SANTO,8
26,QUINDIO,080,QUIMBAYA,01,Zona 01,05,INSTITUCION EDUCATIVA ANTONIA SANTOS,6
26,QUINDIO,080,QUIMBAYA,02,Zona 02,01,INSTITUCION EDUCATIVA ANTONIO RICAURTE,6
26,QUINDIO,080,QUIMBAYA,02,Zona 02,02,INSTITUCION EDUCATIVA SIMON BOLIVAR,13
26,QUINDIO,080,QUIMBAYA,02,Zona 02,03,I.E. SAGRADO CORAZON DE JESUS,4
27,SANTANDER,100,GUAPOTA,99,Zona 99,70,PILAS,1
27,SANTANDER,100,GUAPOTA,00,Zona 00,00,PUESTO CABECERA MUNICIPAL,6
27,SANTANDER,103,GUAVATA,00,Zona 00,00,PUESTO CABECERA MUNICIPAL,13
27,SANTANDER,106,GUEPSA,00,Zona 00,00,PUESTO CABECERA MUNICIPAL,13
27,SANTANDER,109,HATO,99,Zona 99,30,EL PARAMO,2
27,SANTANDER,109,HATO,00,Zona 00,00,PUESTO CABECERA MUNICIPAL,6
27,SANTANDER,112,JESUS MARIA,99,Zona 99,02,ALTO GRANDE,1
27,SANTANDER,112,JESUS MARIA,99,Zona 99,03,AGUA FRIA,1
27,SANTANDER,112,JESUS MARIA,99,Zona 99,04,CABRERA BAJA,1
27,SANTANDER,112,JESUS MARIA,00,Zona 00,00,PUESTO CABECERA MUNICIPAL,8
27,SANTANDER,115,JORDAN,99,Zona 99,45,EL GUASIMO,1
27,SANTANDER,115,JORDAN,99,Zona 99,48,EL POZO,2
27,SANTANDER,115,JORDAN,00,Zona 00,00,PUESTO CABECERA MUNICIPAL,3
27,SANTANDER,118,LA PAZ,99,Zona 99,05,CASAS BLANCAS,3
27,SANTANDER,118,LA PAZ,99,Zona 99,60,LINTERNITA,2
27,SANTANDER,118,LA PAZ,99,Zona 99,85,TROCHAS,2
27,SANTANDER,118,LA PAZ,00,Zona 00,00,PUESTO CABECERA MUNICIPAL,7
27,SANTANDER,119,LA BELLEZA,99,Zona 99,20,EL RUBI,2
27,SANTANDER,119,LA BELLEZA,99,Zona 99,27,LA PLAYA,1
27,SANTANDER,119,LA BELLEZA,99,Zona 99,30,LA QUITAZ,3
27,SANTANDER,119,LA BELLEZA,00,Zona 00,00,PUESTO CABECERA MUNICIPAL,12
27,SANTANDER,120,LANDAZURI,99,Zona 99,15,BAJO JORDAN,2
27,SANTANDER,120,LANDAZURI,99,Zona 99,20,CHOROLO,2
27,SANTANDER,120,LANDAZURI,99,Zona 99,30,KILOMETRO 15,3
27,SANTANDER,120,LANDAZURI,99,Zona 99,35,LA INDIA,2
27,SANTANDER,120,LANDAZURI,99,Zona 99,40,MIRALINDO,3
27,SANTANDER,120,LANDAZURI,99,Zona 99,75,PLAN DE ARMAS,2
27,SANTANDER,120,LANDAZURI,99,Zona 99,80,RIO BLANCO,1
27,SANTANDER,120,LANDAZURI,99,Zona 99,85,SAN IGNACIO DEL OPON,2
27,SANTANDER,120,LANDAZURI,00,Zona 00,00,PUESTO CABECERA MUNICIPAL,18
27,SANTANDER,121,LEBRIJA,99,Zona 99,01,LA AGUIRRE,3
27,SANTANDER,121,LEBRIJA,99,Zona 99,02,CERRO DE LA AURORA,1
27,SANTANDER,121,LEBRIJA,99,Zona 99,03,EL SANTERO,1
27,SANTANDER,121,LEBRIJA,99,Zona 99,05,CENTENARIO,1
27,SANTANDER,121,LEBRIJA,99,Zona 99,13,EL CONCHAL,1
27,SANTANDER,121,LEBRIJA,99,Zona 99,16,EL SALADO,1
27,SANTANDER,121,LEBRIJA,99,Zona 99,19,EL OSO,2
27,SANTANDER,121,LEBRIJA,99,Zona 99,20,CUZAMAN,2
27,SANTANDER,121,LEBRIJA,99,Zona 99,21,LA AGUADA DE CEFERINO,2
27,SANTANDER,121,LEBRIJA,99,Zona 99,23,LA PUENTE,2
27,SANTANDER,121,LEBRIJA,99,Zona 99,26,LIBANO,1
27,SANTANDER,121,LEBRIJA,99,Zona 99,27,LA RENTA,3
27,SANTANDER,121,LEBRIJA,99,Zona 99,28,LLANADAS,3
27,SANTANDER,121,LEBRIJA,99,Zona 99,33,PORTUGAL,4
27,SANTANDER,121,LEBRIJA,99,Zona 99,35,PUYANA,2
27,SANTANDER,121,LEBRIJA,99,Zona 99,38,SARDINAS,2
27,SANTANDER,121,LEBRIJA,99,Zona 99,39,URIBE URIBE,1
27,SANTANDER,121,LEBRIJA,99,Zona 99,40,SANTO DOMINGO,2
27,SANTANDER,121,LEBRIJA,99,Zona 99,41,VANEGAS,1
27,SANTANDER,121,LEBRIJA,01,Zona 01,01,C.NTR.SRA.DE LAS MERCEDES SA,26
27,SANTANDER,121,LEBRIJA,01,Zona 01,02,HOGAR INF.LA ALEGRIA DE VIVIR,9
27,SANTANDER,121,LEBRIJA,02,Zona 02,01,C.NTR.SRA.DE LAS MERCEDES SB,27
27,SANTANDER,121,LEBRIJA,02,Zona 02,02,COL GIMN MONTEVERDE,8
27,SANTANDER,121,LEBRIJA,02,Zona 02,03,COLISEO MUNICIPAL,9
27,SANTANDER,124,LOS SANTOS,99,Zona 99,01,EL TABACAL,3
27,SANTANDER,124,LOS SANTOS,99,Zona 99,03,EL ESPINAL,2
27,SANTANDER,124,LOS SANTOS,99,Zona 99,04,LA FUENTE,7
27,SANTANDER,124,LOS SANTOS,99,Zona 99,05,LA PURNIA,3
27,SANTANDER,124,LOS SANTOS,99,Zona 99,60,REGADERO,2
27,SANTANDER,124,LOS SANTOS,00,Zona 00,00,PUESTO CABECERA MUNICIPAL,16
27,SANTANDER,127,MACARAVITA,00,Zona 00,00,PUESTO CABECERA MUNICIPAL,7
27,SANTANDER,130,MALAGA,98,Zona 98,01,CARCEL,1
27,SANTANDER,130,MALAGA,99,Zona 99,02,BARZAL,1
27,SANTANDER,130,MALAGA,99,Zona 99,03,BUENAVISTA,1
27,SANTANDER,130,MALAGA,99,Zona 99,07,EL ALIZAL,1
27,SANTANDER,130,MALAGA,99,Zona 99,40,PESCADERITO,1
27,SANTANDER,130,MALAGA,99,Zona 99,50,LAVADERO,1
27,SANTANDER,130,MALAGA,99,Zona 99,90,VENTA QUEMADA,1
27,SANTANDER,130,MALAGA,00,Zona 00,01,NORMAL SUP. FRANCISCO DE PAULA SANTANDER,17
27,SANTANDER,130,MALAGA,00,Zona 00,02,COL INSTITUTO TECNICO INDUSTRIAL,28
27,SANTANDER,133,MATANZA,99,Zona 99,01,EL PAUJIL,2
27,SANTANDER,133,MATANZA,99,Zona 99,03,PATIO BARRIDO,1
27,SANTANDER,133,MATANZA,99,Zona 99,05,SAN FRANCISCO,1
27,SANTANDER,133,MATANZA,99,Zona 99,09,SANTA CRUZ,5
27,SANTANDER,133,MATANZA,99,Zona 99,25,EL TANQUE,2
27,SANTANDER,133,MATANZA,00,Zona 00,00,PUESTO CABECERA MUNICIPAL,7
27,SANTANDER,136,MOGOTES,99,Zona 99,01,PITIGUAO,2
27,SANTANDER,136,MOGOTES,99,Zona 99,03,EL GUAMO,1
27,SANTANDER,136,MOGOTES,99,Zona 99,04,CERRO NEGRO,1
27,SANTANDER,136,MOGOTES,99,Zona 99,05,GUAURE,1
27,SANTANDER,136,MOGOTES,99,Zona 99,07,HOYO DE LOS PAJAROS,2
27,SANTANDER,136,MOGOTES,99,Zona 99,10,LOS CAUCHOS,2
27,SANTANDER,136,MOGOTES,99,Zona 99,20,SANTA LUCIA,1
27,SANTANDER,136,MOGOTES,00,Zona 00,00,PUESTO CABECERA MUNICIPAL,18
27,SANTANDER,139,MOLAGAVITA,99,Zona 99,01,CHICACUTA,1
27,SANTANDER,139,MOLAGAVITA,99,Zona 99,03,HOBO,1
27,SANTANDER,139,MOLAGAVITA,99,Zona 99,05,NARANJO,1
27,SANTANDER,139,MOLAGAVITA,99,Zona 99,06,EL JUNCO,1
27,SANTANDER,139,MOLAGAVITA,99,Zona 99,09,HIGUERONES,1
27,SANTANDER,139,MOLAGAVITA,99,Zona 99,10,LAGUNA DE OCHOAS,1
27,SANTANDER,139,MOLAGAVITA,99,Zona 99,11,LAGUNITAS,1
27,SANTANDER,139,MOLAGAVITA,99,Zona 99,15,PANTANO GRANDE,1
27,SANTANDER,139,MOLAGAVITA,99,Zona 99,17,POTRERO GRANDE,1
27,SANTANDER,139,MOLAGAVITA,99,Zona 99,18,POTRERO DE RODRIGUEZ,1
27,SANTANDER,139,MOLAGAVITA,99,Zona 99,20,PURNIO,1
27,SANTANDER,139,MOLAGAVITA,00,Zona 00,00,ESC GABRIELA MISTRAL,6
27,SANTANDER,142,OCAMONTE,00,Zona 00,00,PUESTO CABECERA MUNICIPAL,12
27,SANTANDER,145,OIBA,99,Zona 99,01,PUENTE DE LLANO,2
27,SANTANDER,145,OIBA,99,Zona 99,02,SAN PEDRO,1
27,SANTANDER,145,OIBA,99,Zona 99,03,BARRO BLANCO,1
27,SANTANDER,145,OIBA,00,Zona 00,01,COLISEO MUNICIPAL,17
27,SANTANDER,145,OIBA,00,Zona 00,02,ESCUELA INDUSTRIAL SD B,10
27,SANTANDER,148,ONZAGA,99,Zona 99,01,PADUA,2
27,SANTANDER,148,ONZAGA,99,Zona 99,02,CAGUANOQUE,1
27,SANTANDER,148,ONZAGA,99,Zona 99,03,EL CARMEN,1
27,SANTANDER,148,ONZAGA,99,Zona 99,05,SUSA,1
27,SANTANDER,148,ONZAGA,99,Zona 99,55,TAPIAS,1
27,SANTANDER,148,ONZAGA,00,Zona 00,00,PUESTO CABECERA MUNICIPAL,8
27,SANTANDER,151,PALMAR,99,Zona 99,10,CINCO MIL,2
27,SANTANDER,151,PALMAR,00,Zona 00,00,PUESTO CABECERA MUNICIPAL,4
27,SANTANDER,154,PALMAS DEL SOCORRO,00,Zona 00,00,PUESTO CABECERA MUNICIPAL,8
27,SANTANDER,157,PARAMO,00,Zona 00,00,PUESTO CABECERA MUNICIPAL,12
27,SANTANDER,160,PIEDECUESTA,99,Zona 99,10,BUENOS AIRES,2
27,SANTANDER,160,PIEDECUESTA,99,Zona 99,16,CUROS,4
27,SANTANDER,160,PIEDECUESTA,99,Zona 99,18,CRISTALES,1
27,SANTANDER,160,PIEDECUESTA,99,Zona 99,22,GRANADILLO,2
27,SANTANDER,160,PIEDECUESTA,99,Zona 99,26,LA ESPERANZA,5
27,SANTANDER,160,PIEDECUESTA,99,Zona 99,38,LA COLINA,4
27,SANTANDER,160,PIEDECUESTA,99,Zona 99,39,SAN FRANCISCO,2
27,SANTANDER,160,PIEDECUESTA,99,Zona 99,40,SAN ISIDRO,1
27,SANTANDER,160,PIEDECUESTA,99,Zona 99,42,MESITAS DE SAN JAVIER,2
27,SANTANDER,160,PIEDECUESTA,99,Zona 99,43,MANZANARES,3
27,SANTANDER,160,PIEDECUESTA,99,Zona 99,45,MIRAFLORES,2
27,SANTANDER,160,PIEDECUESTA,99,Zona 99,50,MENZULI ALTO Y MENZULI BAJO,2
27,SANTANDER,160,PIEDECUESTA,99,Zona 99,55,PESCADERO,2
27,SANTANDER,160,PIEDECUESTA,99,Zona 99,60,PLANADAS,2
27,SANTANDER,160,PIEDECUESTA,99,Zona 99,68,SEVILLA,3
27,SANTANDER,160,PIEDECUESTA,99,Zona 99,70,SANTA RITA,1
27,SANTANDER,160,PIEDECUESTA,99,Zona 99,88,UMPALA,1
27,SANTANDER,160,PIEDECUESTA,99,Zona 99,90,LA VEGA,2
27,SANTANDER,160,PIEDECUESTA,01,Zona 01,01,COL BALBINO GARCIA SEDE A,31
27,SANTANDER,160,PIEDECUESTA,01,Zona 01,02,INST LUIS CARLOS GALAN SEDE D,21
27,SANTANDER,160,PIEDECUESTA,01,Zona 01,03,LUIS CARLOS GALAN SEDE B,9
27,SANTANDER,160,PIEDECUESTA,02,Zona 02,01,ESC NORMAL SUPERIOR,44
27,SANTANDER,160,PIEDECUESTA,02,Zona 02,02,COL CABELLANO,12
27,SANTANDER,160,PIEDECUESTA,02,Zona 02,03,COL CAVIREY,21
27,SANTANDER,160,PIEDECUESTA,03,Zona 03,01,COL CEDECO,36
27,SANTANDER,160,PIEDECUESTA,03,Zona 03,02,INST LUIS CARLOS GALAN SEDE A,18
27,SANTANDER,160,PIEDECUESTA,03,Zona 03,03,ESC BALBINO GARCIA SEDE C - MA,8
27,SANTANDER,160,PIEDECUESTA,03,Zona 03,04,COLEGIO LUIS CARLOS GALAN SEDE C,7
27,SANTANDER,160,PIEDECUESTA,04,Zona 04,01,COL HUMBERTO GOMEZ NIGRINIS,22
27,SANTANDER,160,PIEDECUESTA,04,Zona 04,02,ESCENARIO DEPORTIVO MARIE POUSSEPIN,13
27,SANTANDER,160,PIEDECUESTA,04,Zona 04,03,ESC BALBINO GARCIA SEDE B,13
27,SANTANDER,160,PIEDECUESTA,04,Zona 04,04,COLEGIO CARLOS VICENTE REY SEDE D,2
27,SANTANDER,160,PIEDECUESTA,04,Zona 04,05,COLEGIO CEDECO SEDE B,5
27,SANTANDER,160,PIEDECUESTA,05,Zona 05,01,COL VICTOR FELIX GOMEZ SEDE A,21
27,SANTANDER,160,PIEDECUESTA,05,Zona 05,02,COL PROMOCION SOCIAL,26
27,SANTANDER,160,PIEDECUESTA,05,Zona 05,03,COL VICTOR FELIX GOMEZ SEDE B,21
27,SANTANDER,160,PIEDECUESTA,05,Zona 05,04,CAIF CAMINO A BELEN,11
27,SANTANDER,160,PIEDECUESTA,06,Zona 06,01,CENTRO TABACALERO,7
27,SANTANDER,160,PIEDECUESTA,06,Zona 06,02,INST TEC CRECER Y CONSTRUIR,10
27,SANTANDER,160,PIEDECUESTA,06,Zona 06,03,CTRO INTEGRACIÓN COMUNITARIA - LA DIVA,3
27,SANTANDER,160,PIEDECUESTA,06,Zona 06,04,RESTAURANTE ESCOLAR TABACALERO,3
27,SANTANDER,160,PIEDECUESTA,06,Zona 06,05,SALON COMUNAL BARILOCHE,3
27,SANTANDER,163,PINCHOTE,00,Zona 00,00,PUESTO CABECERA MUNICIPAL,12
27,SANTANDER,166,PUENTE NACIONAL,99,Zona 99,01,EL VENADO,1
27,SANTANDER,166,PUENTE NACIONAL,99,Zona 99,02,BAJO SEMISA,1
27,SANTANDER,166,PUENTE NACIONAL,99,Zona 99,03,LA CAPILLA,1
27,SANTANDER,166,PUENTE NACIONAL,99,Zona 99,04,CORINTO,1
27,SANTANDER,166,PUENTE NACIONAL,99,Zona 99,05,PROVIDENCIA,1
27,SANTANDER,166,PUENTE NACIONAL,99,Zona 99,07,POPOA NORTE,1
27,SANTANDER,166,PUENTE NACIONAL,99,Zona 99,09,PEÑA BLANCA,1
27,SANTANDER,166,PUENTE NACIONAL,99,Zona 99,13,BAJO GUAMITO,1
27,SANTANDER,166,PUENTE NACIONAL,99,Zona 99,18,QUEBRADA NEGRA,1
27,SANTANDER,166,PUENTE NACIONAL,99,Zona 99,20,ALTO GUAMITO,1
27,SANTANDER,166,PUENTE NACIONAL,99,Zona 99,22,ALTO SEMISA,1
27,SANTANDER,166,PUENTE NACIONAL,99,Zona 99,24,DELICIAS,2
27,SANTANDER,166,PUENTE NACIONAL,99,Zona 99,26,PETAQUEROS,1
27,SANTANDER,166,PUENTE NACIONAL,99,Zona 99,28,ROBLES,1
27,SANTANDER,166,PUENTE NACIONAL,00,Zona 00,00,PUESTO CABECERA MUNICIPAL,29
27,SANTANDER,167,PUERTO PARRA,99,Zona 99,25,CAMPO CAPOTE,5
27,SANTANDER,167,PUERTO PARRA,99,Zona 99,30,EL CRUCE DE CAPOTE,3
27,SANTANDER,167,PUERTO PARRA,99,Zona 99,40,LAS MONTOYAS,4
27,SANTANDER,167,PUERTO PARRA,99,Zona 99,45,CENTRO POBLADO BOCAS DE CARARE,1
27,SANTANDER,167,PUERTO PARRA,00,Zona 00,00,PUESTO CABECERA MUNICIPAL,9
27,SANTANDER,169,PUERTO WILCHES,99,Zona 99,01,BADILLO,2
27,SANTANDER,169,PUERTO WILCHES,99,Zona 99,02,AUROYA,1
27,SANTANDER,169,PUERTO WILCHES,99,Zona 99,05,BOCAS DEL ROSARIO,1
27,SANTANDER,169,PUERTO WILCHES,99,Zona 99,06,CAMPO DURO,1
27,SANTANDER,169,PUERTO WILCHES,99,Zona 99,07,CAMPOALEGRE,1
27,SANTANDER,169,PUERTO WILCHES,99,Zona 99,08,PUERTO CAYUMBA,1
27,SANTANDER,169,PUERTO WILCHES,99,Zona 99,09,EL PEDREGAL,5
27,SANTANDER,169,PUERTO WILCHES,99,Zona 99,10,CARPINTERO,1
27,SANTANDER,169,PUERTO WILCHES,99,Zona 99,13,EL GUAYABO,1
27,SANTANDER,169,PUERTO WILCHES,99,Zona 99,15,KILOMETRO 8,3
27,SANTANDER,169,PUERTO WILCHES,99,Zona 99,17,KILOMETRO 20,1
27,SANTANDER,169,PUERTO WILCHES,99,Zona 99,27,PATURIA,1
27,SANTANDER,169,PUERTO WILCHES,99,Zona 99,28,PUENTE SOGAMOSO,9
27,SANTANDER,169,PUERTO WILCHES,99,Zona 99,29,PRADILLA,1
27,SANTANDER,169,PUERTO WILCHES,99,Zona 99,30,CHINGALE,1
27,SANTANDER,169,PUERTO WILCHES,99,Zona 99,40,SITIO NUEVO,1
27,SANTANDER,169,PUERTO WILCHES,99,Zona 99,45,SAN CLAVER,2
27,SANTANDER,169,PUERTO WILCHES,99,Zona 99,46,SANTA TERESA,1
27,SANTANDER,169,PUERTO WILCHES,99,Zona 99,48,TALADRO DOS,1
27,SANTANDER,169,PUERTO WILCHES,99,Zona 99,49,VIJAGUAL,4
27,SANTANDER,169,PUERTO WILCHES,00,Zona 00,01,COLEGIO OFICIAL INTEGRADO,19
27,SANTANDER,169,PUERTO WILCHES,00,Zona 00,02,ESCUELA INDUSTRIAL 20 DE JULIO,26
27,SANTANDER,172,RIONEGRO,99,Zona 99,03,CAÑO SIETE,2
27,SANTANDER,172,RIONEGRO,99,Zona 99,05,CUESTA RICA,2
27,SANTANDER,172,RIONEGRO,99,Zona 99,06,DELICIAS DEL BRILLANTE,1
27,SANTANDER,172,RIONEGRO,99,Zona 99,07,EL BAMBU,2
27,SANTANDER,172,RIONEGRO,99,Zona 99,08,FLOREZ,1
27,SANTANDER,172,RIONEGRO,99,Zona 99,10,GALANES,2
27,SANTANDER,172,RIONEGRO,99,Zona 99,13,GALAPAGOS,1
27,SANTANDER,172,RIONEGRO,99,Zona 99,15,LAGUNA DE ORIENTE,1
27,SANTANDER,172,RIONEGRO,99,Zona 99,17,LA CEIBA,2
27,SANTANDER,172,RIONEGRO,99,Zona 99,18,LA MUZANDA,1
27,SANTANDER,172,RIONEGRO,99,Zona 99,19,LA UNION DE GALAPAGOS,1
27,SANTANDER,172,RIONEGRO,99,Zona 99,20,LA SALINA,1
27,SANTANDER,172,RIONEGRO,99,Zona 99,22,LOS CHORROS,2
27,SANTANDER,172,RIONEGRO,99,Zona 99,25,LLANO DE PALMAS,3
27,SANTANDER,172,RIONEGRO,99,Zona 99,27,MISIGUAY,1
27,SANTANDER,172,RIONEGRO,99,Zona 99,28,PEÑAS NEGRAS,1
27,SANTANDER,172,RIONEGRO,99,Zona 99,29,PAPAYAL,3
27,SANTANDER,172,RIONEGRO,99,Zona 99,30,SAN RAFAEL,8
27,SANTANDER,172,RIONEGRO,99,Zona 99,35,SAN IGNACIO,1
27,SANTANDER,172,RIONEGRO,99,Zona 99,37,VILLA PAZ,1
27,SANTANDER,172,RIONEGRO,99,Zona 99,38,POPAS,1
27,SANTANDER,172,RIONEGRO,99,Zona 99,39,VEGAS DEL LLANO DE PALMAS,1
27,SANTANDER,172,RIONEGRO,99,Zona 99,42,LA CORCOVADA,2
27,SANTANDER,172,RIONEGRO,99,Zona 99,43,GUAYANA,1
27,SANTANDER,172,RIONEGRO,99,Zona 99,45,HONDURAS CAÑA BRAVA,1
27,SANTANDER,172,RIONEGRO,00,Zona 00,01,COLEGIO FRAY NEPOMUCENO RAMOS,26
27,SANTANDER,172,RIONEGRO,00,Zona 00,02,COLISEO POLIDEPORTIVO RIONEGRO,16
27,SANTANDER,174,SABANA DE TORRES,01,Zona 01,01,COLEGIO CIME SEDE A,24
27,SANTANDER,174,SABANA DE TORRES,01,Zona 01,02,ESC LAS FERIAS CIME SEDE C,16
27,SANTANDER,174,SABANA DE TORRES,02,Zona 02,01,ESC COMUNEROS CIME SEDE G,18
27,SANTANDER,174,SABANA DE TORRES,02,Zona 02,02,ESC ARGELIA CIME SEDE E,16
27,SANTANDER,175,SAN ANDRES,99,Zona 99,01,EL PIRE,1
27,SANTANDER,175,SAN ANDRES,99,Zona 99,02,CARABALI,1
27,SANTANDER,175,SAN ANDRES,99,Zona 99,03,HATO DE CABALLEROS,1
27,SANTANDER,175,SAN ANDRES,99,Zona 99,04,CAIRASCO,1
27,SANTANDER,175,SAN ANDRES,99,Zona 99,05,LAGUNA DE ORTICES,2
27,SANTANDER,175,SAN ANDRES,99,Zona 99,06,LA RAMADA,1
27,SANTANDER,175,SAN ANDRES,99,Zona 99,07,MOGOTOCORO,1
27,SANTANDER,175,SAN ANDRES,99,Zona 99,08,ANCA,1
27,SANTANDER,175,SAN ANDRES,99,Zona 99,09,PANGOTE,1
27,SANTANDER,175,SAN ANDRES,99,Zona 99,11,PANGUA,1
27,SANTANDER,175,SAN ANDRES,99,Zona 99,13,LISTARA,1
27,SANTANDER,175,SAN ANDRES,99,Zona 99,15,SAN PABLO,1
27,SANTANDER,175,SAN ANDRES,99,Zona 99,17,SANTA CRUZ,1
27,SANTANDER,175,SAN ANDRES,99,Zona 99,20,SANTO DOMINGO,1
27,SANTANDER,175,SAN ANDRES,99,Zona 99,21,EL CARACOL,1
27,SANTANDER,175,SAN ANDRES,00,Zona 00,00,PUESTO CABECERA MUNICIPAL,10
27,SANTANDER,178,SAN BENITO,99,Zona 99,10,INSTITUCION EDUCATIVA LA CARRERA,4
27,SANTANDER,178,SAN BENITO,00,Zona 00,00,PUESTO CABECERA MUNICIPAL,5
27,SANTANDER,181,SAN GIL,98,Zona 98,01,CARCEL,1
27,SANTANDER,181,SAN GIL,99,Zona 99,05,COLEGIO SANTA SOFIA,1
27,SANTANDER,181,SAN GIL,99,Zona 99,10,BOQUERON,2
27,SANTANDER,181,SAN GIL,99,Zona 99,30,LA FLORA,2
27,SANTANDER,181,SAN GIL,99,Zona 99,34,LAS JOYAS,1
27,SANTANDER,181,SAN GIL,99,Zona 99,50,OJO DE AGUA,1
27,SANTANDER,181,SAN GIL,99,Zona 99,58,PUENTE TIERRA,1
27,SANTANDER,181,SAN GIL,99,Zona 99,67,SAN JOSE,1
27,SANTANDER,181,SAN GIL,99,Zona 99,71,SALON SOC. JUNTA ACC.COMUNAL SANTA RITA,1
27,SANTANDER,181,SAN GIL,99,Zona 99,92,VERSALLES,2
27,SANTANDER,181,SAN GIL,01,Zona 01,01,COL.SAN VICENTE DE PAUL,7
27,SANTANDER,181,SAN GIL,01,Zona 01,02,SENA,11
27,SANTANDER,181,SAN GIL,01,Zona 01,03,COLEGIO CARLOS MARTINEZ SILVA,10
27,SANTANDER,181,SAN GIL,01,Zona 01,04,COLISEO LORENZO ALCANTUZ,13
27,SANTANDER,181,SAN GIL,01,Zona 01,05,COLEGIO EL ROSARIO,6
27,SANTANDER,181,SAN GIL,01,Zona 01,06,CENTRO DE CONVICENCIA CULTURA Y PAZ,7
27,SANTANDER,181,SAN GIL,01,Zona 01,07,ESCUELA LAS AMERICAS,1
27,SANTANDER,181,SAN GIL,02,Zona 02,01,COL SAN JOSE DE GUANENTA,17
27,SANTANDER,181,SAN GIL,02,Zona 02,02,COL LA PRESENTACION,17
27,SANTANDER,181,SAN GIL,02,Zona 02,03,COL. LA NIÑA MARIA,13
27,SANTANDER,181,SAN GIL,02,Zona 02,04,COLEGIO SAN CARLOS,15
27,SANTANDER,181,SAN GIL,02,Zona 02,05,COL RODOLFO GONZALEZ GARCIA,6
27,SANTANDER,181,SAN GIL,02,Zona 02,06,HOGAR INFANTIL DUMBO,8
27,SANTANDER,184,SAN JOAQUIN,00,Zona 00,00,PUESTO CABECERA MUNICIPAL,7
27,SANTANDER,187,SAN JOSE DE MIRANDA,99,Zona 99,01,ALTO DE SAN JOSE DE MIRANDA,1
27,SANTANDER,187,SAN JOSE DE MIRANDA,99,Zona 99,02,CARBONERAS,1
27,SANTANDER,187,SAN JOSE DE MIRANDA,99,Zona 99,04,CRUZ DE PIEDRA,1
27,SANTANDER,187,SAN JOSE DE MIRANDA,99,Zona 99,06,CUCHARITO,1
27,SANTANDER,187,SAN JOSE DE MIRANDA,99,Zona 99,08,PETAQUERO,1
27,SANTANDER,187,SAN JOSE DE MIRANDA,99,Zona 99,12,TEQUIA,1
27,SANTANDER,187,SAN JOSE DE MIRANDA,00,Zona 00,00,PUESTO CABECERA MUNICIPAL,10
27,SANTANDER,190,SAN MIGUEL,99,Zona 99,05,ARENALES,1
27,SANTANDER,190,SAN MIGUEL,99,Zona 99,10,PAMPLONITA,1
27,SANTANDER,190,SAN MIGUEL,99,Zona 99,15,PIEDRA LARGA,1
27,SANTANDER,190,SAN MIGUEL,99,Zona 99,80,SAN IGNACIO,1
27,SANTANDER,190,SAN MIGUEL,99,Zona 99,85,SAN PEDRO,1
27,SANTANDER,190,SAN MIGUEL,00,Zona 00,00,PUESTO CABECERA MUNICIPAL,5
27,SANTANDER,193,SAN VICENTE DE CHUCURI,98,Zona 98,01,CARCEL,1
27,SANTANDER,193,SAN VICENTE DE CHUCURI,99,Zona 99,01,ALBANIA,2
27,SANTANDER,193,SAN VICENTE DE CHUCURI,99,Zona 99,04,CANTARRANAS,1
27,SANTANDER,193,SAN VICENTE DE CHUCURI,99,Zona 99,05,BERLIN,3
27,SANTANDER,193,SAN VICENTE DE CHUCURI,99,Zona 99,08,GUAMALES,2
27,SANTANDER,193,SAN VICENTE DE CHUCURI,99,Zona 99,10,EL TESORO,1
27,SANTANDER,193,SAN VICENTE DE CHUCURI,99,Zona 99,15,LLANA FRIA,2
27,SANTANDER,193,SAN VICENTE DE CHUCURI,99,Zona 99,16,PUENTE MURCIA,2
27,SANTANDER,193,SAN VICENTE DE CHUCURI,99,Zona 99,17,YARIMA,5
27,SANTANDER,193,SAN VICENTE DE CHUCURI,99,Zona 99,18,ALTO GRANDE,1
27,SANTANDER,193,SAN VICENTE DE CHUCURI,99,Zona 99,19,POZO NUTRIAS,2
27,SANTANDER,193,SAN VICENTE DE CHUCURI,99,Zona 99,23,POZO NUTRIAS I,3
27,SANTANDER,193,SAN VICENTE DE CHUCURI,99,Zona 99,45,SECTOR LIZAMA III,2
27,SANTANDER,193,SAN VICENTE DE CHUCURI,99,Zona 99,48,SECTOR GUACAMAYA,1
27,SANTANDER,193,SAN VICENTE DE CHUCURI,99,Zona 99,55,ALTO VIENTO,1
27,SANTANDER,193,SAN VICENTE DE CHUCURI,99,Zona 99,68,LLANA CALIENTE,2
27,SANTANDER,193,SAN VICENTE DE CHUCURI,00,Zona 00,01,COLISEO SACRAMENTO TRISTANCHO COLCATO C,29
27,SANTANDER,193,SAN VICENTE DE CHUCURI,00,Zona 00,02,COL NUESTRA SEÑORA DE LA PAZ COLNUPAZ,20
27,SANTANDER,194,SANTA HELENA DEL OPON,99,Zona 99,10,ARAGUA,3
27,SANTANDER,194,SANTA HELENA DEL OPON,99,Zona 99,20,CACHIPAY,2
27,SANTANDER,194,SANTA HELENA DEL OPON,99,Zona 99,40,PLAN DE ALVAREZ,1
27,SANTANDER,194,SANTA HELENA DEL OPON,99,Zona 99,80,SAN JUAN BOSCO DE LA VERDE,1
27,SANTANDER,194,SANTA HELENA DEL OPON,00,Zona 00,00,PUESTO CABECERA MUNICIPAL,5
27,SANTANDER,195,SANTA BARBARA,99,Zona 99,40,LA CEBA,3
27,SANTANDER,195,SANTA BARBARA,99,Zona 99,42,POZO BRAVO,1
27,SANTANDER,195,SANTA BARBARA,99,Zona 99,45,VOLCANES,1
27,SANTANDER,195,SANTA BARBARA,00,Zona 00,00,PUESTO CABECERA MUNICIPAL,4
27,SANTANDER,196,SIMACOTA,99,Zona 99,15,EL GUAYABAL,1
27,SANTANDER,196,SIMACOTA,99,Zona 99,20,LA CASETA,1
27,SANTANDER,196,SIMACOTA,99,Zona 99,25,LA COLORADA,1
27,SANTANDER,196,SIMACOTA,99,Zona 99,35,EL GUAMO,2
27,SANTANDER,196,SIMACOTA,99,Zona 99,45,PUERTO NUEVO,4
27,SANTANDER,196,SIMACOTA,99,Zona 99,50,LA LLANITA,1
27,SANTANDER,196,SIMACOTA,99,Zona 99,60,SAN PEDRO,1
27,SANTANDER,196,SIMACOTA,00,Zona 00,00,PUESTO CABECERA MUNICIPAL,11
27,SANTANDER,199,SOCORRO,98,Zona 98,01,CARCEL DE BERLIN,1
27,SANTANDER,199,SOCORRO,01,Zona 01,01,COLEGIO AVELINA MORENO  COAM,16
27,SANTANDER,199,SOCORRO,01,Zona 01,02,UNIV INDUSTRIAL DE SANTANDER U,19
27,SANTANDER,199,SOCORRO,02,Zona 02,01,COL INDUSTRIAL  ITIS,16
27,SANTANDER,199,SOCORRO,02,Zona 02,02,COLEGIO UNIVERSITARIO  SOCORRO,22
27,SANTANDER,202,SUAITA,99,Zona 99,01,OLIVAL,3
27,SANTANDER,202,SUAITA,99,Zona 99,05,SAN JOSE DE SUAITA,3
27,SANTANDER,202,SUAITA,99,Zona 99,09,VADO REAL,5
27,SANTANDER,202,SUAITA,99,Zona 99,50,TOLOTA,2
27,SANTANDER,202,SUAITA,00,Zona 00,00,PUESTO CABECERA MUNICIPAL,14
27,SANTANDER,205,SUCRE,99,Zona 99,01,LA GRANJA,3
27,SANTANDER,205,SUCRE,99,Zona 99,02,ARALES,1
27,SANTANDER,205,SUCRE,99,Zona 99,03,LA PRADERA,2
27,SANTANDER,205,SUCRE,99,Zona 99,04,UNION NARANJITO,1
27,SANTANDER,205,SUCRE,99,Zona 99,05,SABANA GRANDE,3
27,SANTANDER,205,SUCRE,99,Zona 99,06,CARARITO,1
27,SANTANDER,205,SUCRE,99,Zona 99,08,CORREGIMIENTO LA PEDREGOSA,1
27,SANTANDER,205,SUCRE,99,Zona 99,09,CORREGIMIENTO DE LA YE,1
27,SANTANDER,205,SUCRE,99,Zona 99,65,PEÑA BLANCA,1
27,SANTANDER,205,SUCRE,99,Zona 99,70,SANTA ELENA,1
27,SANTANDER,205,SUCRE,99,Zona 99,80,EL PORVENIR,1
27,SANTANDER,205,SUCRE,00,Zona 00,00,PUESTO CABECERA MUNICIPAL,6
27,SANTANDER,208,SURATA,99,Zona 99,01,CACHIRI,2
27,SANTANDER,208,SURATA,99,Zona 99,02,CARTAGUA,1
27,SANTANDER,208,SURATA,99,Zona 99,05,EL MOHAN,1
27,SANTANDER,208,SURATA,99,Zona 99,60,TURBAY,3
27,SANTANDER,208,SURATA,00,Zona 00,00,PUESTO CABECERA MUNICIPAL,6
27,SANTANDER,211,TONA,99,Zona 99,01,BERLIN,9
27,SANTANDER,211,TONA,99,Zona 99,05,LA CORCOVA,2
27,SANTANDER,211,TONA,99,Zona 99,23,VEGAS,2
27,SANTANDER,211,TONA,00,Zona 00,00,PUESTO CABECERA MUNICIPAL,5
27,SANTANDER,217,VALLE DE SAN JOSE,99,Zona 99,35,EL CERRO,1
27,SANTANDER,217,VALLE DE SAN JOSE,99,Zona 99,85,SANTA TERESA,1
27,SANTANDER,217,VALLE DE SAN JOSE,99,Zona 99,90,VEGA DE PLAZAS,1
27,SANTANDER,217,VALLE DE SAN JOSE,00,Zona 00,00,PUESTO CABECERA MUNICIPAL,14
27,SANTANDER,219,VETAS,00,Zona 00,00,PUESTO CABECERA MUNICIPAL,5
27,SANTANDER,220,VELEZ,98,Zona 98,01,CARCEL,1
27,SANTANDER,220,VELEZ,99,Zona 99,03,ALTO JORDAN,2
27,SANTANDER,220,VELEZ,99,Zona 99,17,GUALILO,2
27,SANTANDER,220,VELEZ,99,Zona 99,25,LA TEBAIDA (LA FLORIDA),1
27,SANTANDER,220,VELEZ,99,Zona 99,30,LOS GUAYABOS,2
27,SANTANDER,220,VELEZ,99,Zona 99,70,ROPERO,1
27,SANTANDER,220,VELEZ,99,Zona 99,72,CORREGIMIENTO SAN PEDRO,1
27,SANTANDER,220,VELEZ,99,Zona 99,75,TIENDA NUEVA (CAÑO BONITO),1
27,SANTANDER,220,VELEZ,00,Zona 00,01,COLEGIO UNIVERSITARIO,16
27,SANTANDER,220,VELEZ,00,Zona 00,02,COLEGIO ISABEL VALBUENA CIFUENTES,25
27,SANTANDER,221,VILLANUEVA,00,Zona 00,00,PUESTO CABECERA MUNICIPAL,21
27,SANTANDER,223,ZAPATOCA,99,Zona 99,01,LA FUENTE,1
27,SANTANDER,223,ZAPATOCA,99,Zona 99,05,LA PLAZUELA,1
27,SANTANDER,223,ZAPATOCA,00,Zona 00,00,PUESTO CABECERA MUNICIPAL,23
27,SANTANDER,004,AGUADA,00,Zona 00,00,PUESTO CABECERA MUNICIPAL,5
27,SANTANDER,007,ALBANIA,99,Zona 99,01,EL HATILLO,2
27,SANTANDER,007,ALBANIA,99,Zona 99,02,GUACOS,2
27,SANTANDER,007,ALBANIA,99,Zona 99,03,CARRETERO,2
27,SANTANDER,007,ALBANIA,99,Zona 99,05,LA MESA,2
27,SANTANDER,007,ALBANIA,99,Zona 99,17,SABANETA,1
27,SANTANDER,007,ALBANIA,99,Zona 99,80,UTAPA,1
27,SANTANDER,007,ALBANIA,00,Zona 00,00,PUESTO CABECERA MUNICIPAL,5
27,SANTANDER,010,ARATOCA,00,Zona 00,00,CABECERA MUNICIPAL - COLEGIO SAN LUIS,21
27,SANTANDER,016,BARICHARA,00,Zona 00,00,COL. INST. TECNICO AQUILEO PARRA SD UNO,23
27,SANTANDER,022,BETULIA,99,Zona 99,05,LA AGUAMIELUDA,1
27,SANTANDER,022,BETULIA,99,Zona 99,06,TIENDA NUEVA,5
27,SANTANDER,022,BETULIA,99,Zona 99,25,EL RAMO,2
27,SANTANDER,022,BETULIA,99,Zona 99,70,SOL DE ORIENTE,1
27,SANTANDER,022,BETULIA,00,Zona 00,00,PUESTO CABECERA MUNICIPAL,7
27,SANTANDER,025,BOLIVAR,99,Zona 99,01,BERBEO,1
27,SANTANDER,025,BOLIVAR,99,Zona 99,02,LA ARENA,1
27,SANTANDER,025,BOLIVAR,99,Zona 99,03,AGUA LINDA,1
27,SANTANDER,025,BOLIVAR,99,Zona 99,04,MATA DE COCO SECTOR LA FE,1
27,SANTANDER,025,BOLIVAR,99,Zona 99,05,CRUCE DE NUTRIA,1
27,SANTANDER,025,BOLIVAR,99,Zona 99,07,EL TRAPAL,1
27,SANTANDER,025,BOLIVAR,99,Zona 99,09,FLOREZ,1
27,SANTANDER,025,BOLIVAR,99,Zona 99,10,HORTA MEDIO,1
27,SANTANDER,025,BOLIVAR,99,Zona 99,13,LA HERMOSURA,2
27,SANTANDER,025,BOLIVAR,99,Zona 99,14,LA MELONA,1
27,SANTANDER,025,BOLIVAR,99,Zona 99,16,SANTA ROSA,3
27,SANTANDER,025,BOLIVAR,99,Zona 99,20,GALLEGOS,1
27,SANTANDER,025,BOLIVAR,99,Zona 99,25,GUACAMAYO,1
27,SANTANDER,025,BOLIVAR,99,Zona 99,35,LAJA SECA,1
27,SANTANDER,025,BOLIVAR,99,Zona 99,40,LA AHUYAMERA,1
27,SANTANDER,025,BOLIVAR,99,Zona 99,50,PLAN DE ROJAS,1
27,SANTANDER,025,BOLIVAR,99,Zona 99,70,SAN ROQUE,1
27,SANTANDER,025,BOLIVAR,99,Zona 99,75,SAN ISIDRO,1
27,SANTANDER,025,BOLIVAR,00,Zona 00,00,PUESTO CABECERA MUNICIPAL,13
27,SANTANDER,028,CABRERA,00,Zona 00,00,PUESTO CABECERA MUNICIPAL,6
27,SANTANDER,031,CALIFORNIA,00,Zona 00,00,PUESTO CABECERA MUNICIPAL,6
27,SANTANDER,034,CAPITANEJO,00,Zona 00,00,PUESTO CABECERA MUNICIPAL,15
27,SANTANDER,037,CARCASI,99,Zona 99,01,EL TOBAL,2
27,SANTANDER,037,CARCASI,99,Zona 99,02,AGUATENDIDA,2
27,SANTANDER,037,CARCASI,99,Zona 99,03,VICTARIGUA,1
27,SANTANDER,037,CARCASI,99,Zona 99,04,EL ASTILLAL,1
27,SANTANDER,037,CARCASI,99,Zona 99,05,EL ROSAL,1
27,SANTANDER,037,CARCASI,99,Zona 99,50,LA LEONA,1
27,SANTANDER,037,CARCASI,99,Zona 99,60,LA RAMADA,1
27,SANTANDER,037,CARCASI,99,Zona 99,65,LOS SINCHOS,1
27,SANTANDER,037,CARCASI,99,Zona 99,75,SAN LUIS,1
27,SANTANDER,037,CARCASI,00,Zona 00,00,PUESTO CABECERA MUNICIPAL,5
27,SANTANDER,040,CEPITA,99,Zona 99,01,EL LAUREL,1
27,SANTANDER,040,CEPITA,99,Zona 99,03,LA AGUADA,1
27,SANTANDER,040,CEPITA,99,Zona 99,04,LLANADAS,1
27,SANTANDER,040,CEPITA,99,Zona 99,05,SAN MIGUEL,1
27,SANTANDER,040,CEPITA,99,Zona 99,06,EL EMBUDO,1
27,SANTANDER,040,CEPITA,99,Zona 99,07,EL AMARGOSO,1
27,SANTANDER,040,CEPITA,99,Zona 99,10,SAN FRANCISCO,1
27,SANTANDER,040,CEPITA,00,Zona 00,00,PUESTO CABECERA MUNICIPAL,4
27,SANTANDER,043,CERRITO,99,Zona 99,01,ESCUELA RURAL EL RODEO,1
27,SANTANDER,043,CERRITO,99,Zona 99,02,ESCUELA RURAL TAURETES,1
27,SANTANDER,043,CERRITO,99,Zona 99,03,LAUREL,1
27,SANTANDER,043,CERRITO,00,Zona 00,00,PUESTO CABECERA MUNICIPAL,16
27,SANTANDER,046,CONCEPCION,99,Zona 99,35,VEREDA CARABOBO,1
27,SANTANDER,046,CONCEPCION,99,Zona 99,40,NITAGA,1
27,SANTANDER,046,CONCEPCION,99,Zona 99,41,JUNIN EL ROBLE,1
27,SANTANDER,046,CONCEPCION,99,Zona 99,42,BARBULA,1
27,SANTANDER,046,CONCEPCION,99,Zona 99,43,AYACUCHO,1
27,SANTANDER,046,CONCEPCION,99,Zona 99,44,TENERIFE,1
27,SANTANDER,046,CONCEPCION,00,Zona 00,00,PUESTO CABECERA MUNICIPAL,13
27,SANTANDER,049,CONFINES,99,Zona 99,70,SAN JOAQUIN,2
27,SANTANDER,049,CONFINES,00,Zona 00,00,PUESTO CABECERA MUNICIPAL,8
27,SANTANDER,052,CONTRATACION,99,Zona 99,01,CORREGIMIENTO  SAN PABLO,1
27,SANTANDER,052,CONTRATACION,00,Zona 00,00,PUESTO CABECERA MUNICIPAL,9
27,SANTANDER,055,COROMORO,99,Zona 99,01,CINCELADA,5
27,SANTANDER,055,COROMORO,99,Zona 99,60,PUEBLO VIEJO,1
27,SANTANDER,055,COROMORO,00,Zona 00,00,PUESTO CABECERA MUNICIPAL,8
27,SANTANDER,058,CURITI,99,Zona 99,01,EL BASTO,1
27,SANTANDER,058,CURITI,99,Zona 99,05,LAS VUELTAS,5
27,SANTANDER,058,CURITI,99,Zona 99,08,CANTABARA,2
27,SANTANDER,058,CURITI,99,Zona 99,14,CUCHICUTE,1
27,SANTANDER,058,CURITI,99,Zona 99,20,EL UVO,3
27,SANTANDER,058,CURITI,99,Zona 99,25,PALO BLANCO BAJO,2
27,SANTANDER,058,CURITI,99,Zona 99,30,PALO CORTADO,1
27,SANTANDER,058,CURITI,99,Zona 99,36,PIEDRA GORDA,1
27,SANTANDER,058,CURITI,00,Zona 00,00,PUESTO CABECERA MUNICIPAL,21
27,SANTANDER,061,CHARALA,99,Zona 99,05,CORREGIMIENTO DE RIACHUELO,2
27,SANTANDER,061,CHARALA,99,Zona 99,06,CORREGIMIENTO DE LA CANTERA,1
27,SANTANDER,061,CHARALA,99,Zona 99,07,CORREGIMIENTO TINAGA ALTO,1
27,SANTANDER,061,CHARALA,00,Zona 00,00,PUESTO CABECERA MUNICIPAL,28
27,SANTANDER,064,CHARTA,99,Zona 99,01,LA AGUADA,1
27,SANTANDER,064,CHARTA,99,Zona 99,03,PERICO,1
27,SANTANDER,064,CHARTA,99,Zona 99,04,LA RINCONADA,1
27,SANTANDER,064,CHARTA,99,Zona 99,05,PIRITA,1
27,SANTANDER,064,CHARTA,99,Zona 99,30,LAGUNILLAS PICO Y PALMA,1
27,SANTANDER,064,CHARTA,00,Zona 00,00,PUESTO CABECERA MUNICIPAL,7
27,SANTANDER,067,CHIMA,99,Zona 99,01,LA PIEDRA,1
27,SANTANDER,067,CHIMA,00,Zona 00,00,PUESTO CABECERA MUNICIPAL,7
27,SANTANDER,070,CHIPATA,00,Zona 00,00,PUESTO CABECERA MUNICIPAL,13
27,SANTANDER,071,EL CARMEN,99,Zona 99,05,ANGOSTURA DE LOS ANDES,2
27,SANTANDER,071,EL CARMEN,99,Zona 99,10,ALTO CASCAJALES,2
27,SANTANDER,071,EL CARMEN,99,Zona 99,15,DOS BOCAS,2
27,SANTANDER,071,EL CARMEN,99,Zona 99,18,DIVISO DE CIRALES,2
27,SANTANDER,071,EL CARMEN,99,Zona 99,20,EL CENTENARIO,3
27,SANTANDER,071,EL CARMEN,99,Zona 99,21,EL PROGRESO,1
27,SANTANDER,071,EL CARMEN,99,Zona 99,23,EL TOBOSO,1
27,SANTANDER,071,EL CARMEN,99,Zona 99,30,ISLANDA,2
27,SANTANDER,071,EL CARMEN,99,Zona 99,47,LA YE,1
27,SANTANDER,071,EL CARMEN,99,Zona 99,49,LA SALINA,1
27,SANTANDER,071,EL CARMEN,99,Zona 99,52,PORVENIR DE LOS ANDES,1
27,SANTANDER,071,EL CARMEN,99,Zona 99,79,SANTO DOMINGO DEL RAMO,3
27,SANTANDER,071,EL CARMEN,99,Zona 99,80,TAMBOREDONDO,1
27,SANTANDER,071,EL CARMEN,99,Zona 99,91,TRES AMIGOS,2
27,SANTANDER,071,EL CARMEN,99,Zona 99,98,VISTA HERMOSA,1
27,SANTANDER,071,EL CARMEN,00,Zona 00,00,CABECERA MUNICIPAL,18
27,SANTANDER,073,EL GUACAMAYO,99,Zona 99,05,SANTA RITA DEL OPON,2
27,SANTANDER,073,EL GUACAMAYO,00,Zona 00,00,PUESTO CABECERA MUNICIPAL,4
27,SANTANDER,074,EL PLAYON,99,Zona 99,08,BARRIO NUEVO,3
27,SANTANDER,074,EL PLAYON,99,Zona 99,16,BETANIA,2
27,SANTANDER,074,EL PLAYON,99,Zona 99,24,EL FILO,1
27,SANTANDER,074,EL PLAYON,99,Zona 99,30,LAS ALTERAS,1
27,SANTANDER,074,EL PLAYON,99,Zona 99,32,EL PINO,1
27,SANTANDER,074,EL PLAYON,99,Zona 99,33,EL ROSARIO,1
27,SANTANDER,074,EL PLAYON,99,Zona 99,35,LA BATECA,1
27,SANTANDER,074,EL PLAYON,99,Zona 99,36,ESCUELA RURAL LIMITES,2
27,SANTANDER,074,EL PLAYON,99,Zona 99,40,SAN IGNACIO DE LA AGUADA,1
27,SANTANDER,074,EL PLAYON,99,Zona 99,82,SAN AGUSTIN,1
27,SANTANDER,074,EL PLAYON,99,Zona 99,88,SAN PEDRO DE LA TIGRA,2
27,SANTANDER,074,EL PLAYON,99,Zona 99,92,SANTA BARBARA,1
27,SANTANDER,074,EL PLAYON,00,Zona 00,00,PUESTO CABECERA MUNICIPAL,27
27,SANTANDER,075,EL PEÑON,99,Zona 99,05,GIRON,2
27,SANTANDER,075,EL PEÑON,99,Zona 99,06,CRUCES,1
27,SANTANDER,075,EL PEÑON,99,Zona 99,09,LA HONDURA,1
27,SANTANDER,075,EL PEÑON,99,Zona 99,10,EL DANUBIO,1
27,SANTANDER,075,EL PEÑON,99,Zona 99,15,EL GODO,1
27,SANTANDER,075,EL PEÑON,99,Zona 99,26,EL VENADO,1
27,SANTANDER,075,EL PEÑON,99,Zona 99,27,SAN FRANCISCO,1
27,SANTANDER,075,EL PEÑON,99,Zona 99,28,DE ROBLES,1
27,SANTANDER,075,EL PEÑON,99,Zona 99,40,OJO DE AGUA,1
27,SANTANDER,075,EL PEÑON,99,Zona 99,70,OTOVAL,2
27,SANTANDER,075,EL PEÑON,00,Zona 00,00,PUESTO CABECERA MUNICIPAL,6
27,SANTANDER,076,ENCINO,99,Zona 99,50,CANADA,1
27,SANTANDER,076,ENCINO,00,Zona 00,00,PUESTO CABECERA MUNICIPAL,6
27,SANTANDER,079,ENCISO,99,Zona 99,05,AGUA SUCIA,1
27,SANTANDER,079,ENCISO,99,Zona 99,17,CORTADERAS,1
27,SANTANDER,079,ENCISO,99,Zona 99,28,MAYORIA,1
27,SANTANDER,079,ENCISO,99,Zona 99,40,PEÑA COLORADA,1
27,SANTANDER,079,ENCISO,99,Zona 99,45,ROSA BLANCA,1
27,SANTANDER,079,ENCISO,99,Zona 99,49,ROBLES,1
27,SANTANDER,079,ENCISO,99,Zona 99,61,SANTA HELENA,1
27,SANTANDER,079,ENCISO,00,Zona 00,00,PUESTO CABECERA MUNICIPAL,8
27,SANTANDER,080,FLORIAN,99,Zona 99,15,LA ESPERANZA - BUENA VISTA BAJA,1
27,SANTANDER,080,FLORIAN,99,Zona 99,30,LA VENTA,2
27,SANTANDER,080,FLORIAN,99,Zona 99,60,SANTA HELENA,1
27,SANTANDER,080,FLORIAN,99,Zona 99,65,RIO MINERO OTRO MUNDO,1
27,SANTANDER,080,FLORIAN,99,Zona 99,70,SAN ANTONIO DE LEONES,2
27,SANTANDER,080,FLORIAN,00,Zona 00,00,COLEGIO INTEGRADO EZEQUIEL FLORIAN,14
27,SANTANDER,085,GALAN,99,Zona 99,01,LA MESA,1
27,SANTANDER,085,GALAN,99,Zona 99,10,BUENAVISTA,1
27,SANTANDER,085,GALAN,99,Zona 99,12,BOQUERON,1
27,SANTANDER,085,GALAN,99,Zona 99,15,CLAVELLINAS,1
27,SANTANDER,085,GALAN,99,Zona 99,20,HOYA NEGRA,1
27,SANTANDER,085,GALAN,99,Zona 99,40,LA AGUADA,1
27,SANTANDER,085,GALAN,99,Zona 99,50,LAS VUELTAS,1
27,SANTANDER,085,GALAN,99,Zona 99,65,SIBERIA,1
27,SANTANDER,085,GALAN,99,Zona 99,70,SAN ISIDRO,1
27,SANTANDER,085,GALAN,00,Zona 00,00,PUESTO CABECERA MUNICIPAL,5
27,SANTANDER,088,GAMBITA,99,Zona 99,03,CORONTUNJO,1
27,SANTANDER,088,GAMBITA,99,Zona 99,05,CORREG. LA PALMA,2
27,SANTANDER,088,GAMBITA,99,Zona 99,07,EL PALMAR,1
27,SANTANDER,088,GAMBITA,99,Zona 99,70,SUPATA,1
27,SANTANDER,088,GAMBITA,00,Zona 00,00,PUESTO CABECERA MUNICIPAL,8
27,SANTANDER,094,GUACA,99,Zona 99,01,BARAYA,1
27,SANTANDER,094,GUACA,99,Zona 99,02,EL PALMAR,1
27,SANTANDER,094,GUACA,99,Zona 99,03,EL PORTILLO,1
27,SANTANDER,094,GUACA,99,Zona 99,04,EL RETIRO,1
27,SANTANDER,094,GUACA,99,Zona 99,05,QUEBRADAS,1
27,SANTANDER,094,GUACA,99,Zona 99,06,CAMARA,1
27,SANTANDER,094,GUACA,99,Zona 99,08,POTRERO GRANDE,1
27,SANTANDER,094,GUACA,99,Zona 99,09,BARIA,1
27,SANTANDER,094,GUACA,99,Zona 99,10,TABACAL,1
27,SANTANDER,094,GUACA,99,Zona 99,12,SISOTA,1
27,SANTANDER,094,GUACA,99,Zona 99,17,MATA DE LATA,1
27,SANTANDER,094,GUACA,99,Zona 99,22,NUCUBUCA,2
27,SANTANDER,094,GUACA,00,Zona 00,00,PUESTO CABECERA MUNICIPAL,9
27,SANTANDER,097,GUADALUPE,99,Zona 99,13,EL TOPON,1
27,SANTANDER,097,GUADALUPE,99,Zona 99,16,LA LAJITA,1
27,SANTANDER,097,GUADALUPE,99,Zona 99,25,QUITASOL,1
27,SANTANDER,097,GUADALUPE,99,Zona 99,40,SOLFERINO,1
27,SANTANDER,097,GUADALUPE,00,Zona 00,00,PUESTO CABECERA MUNICIPAL,11
27,SANTANDER,001,BUCARAMANGA,10,Zona 10,01,IE LA LIBERTAD,20
27,SANTANDER,001,BUCARAMANGA,10,Zona 10,02,IE INEM CUSTODIO GARCIA ROVIRA SEDE G,8
27,SANTANDER,001,BUCARAMANGA,10,Zona 10,03,COL. INTEGRADO JORGE ISAAC,6
27,SANTANDER,001,BUCARAMANGA,11,Zona 11,01,IE PROVENZA,23
27,SANTANDER,001,BUCARAMANGA,11,Zona 11,02,IE INEM CUSTODIO GARCIA ROV SEDE E,25
27,SANTANDER,001,BUCARAMANGA,11,Zona 11,03,JARDIN INFANTIL CASITA DE CHOC,7
27,SANTANDER,001,BUCARAMANGA,11,Zona 11,04,IE INEM CUSTODIO GARCIA ROV SEDE A,59
27,SANTANDER,001,BUCARAMANGA,12,Zona 12,01,COL ADVENTISTA LIBERTAD,43
27,SANTANDER,001,BUCARAMANGA,12,Zona 12,02,IE MEDALLA MILAGROSA,12
27,SANTANDER,001,BUCARAMANGA,12,Zona 12,03,IE INEM SEDE D,3
27,SANTANDER,001,BUCARAMANGA,13,Zona 13,01,COL DE LAS AMERICAS,18
27,SANTANDER,001,BUCARAMANGA,13,Zona 13,02,COL SAN PEDRITO,16
27,SANTANDER,001,BUCARAMANGA,13,Zona 13,03,UNIVERSIDAD AUTONOMA DE BUCARAMANGA,13
27,SANTANDER,001,BUCARAMANGA,13,Zona 13,04,COL SAN PEDRO CLAVER,31
27,SANTANDER,001,BUCARAMANGA,13,Zona 13,05,EFORSALUD,9
27,SANTANDER,001,BUCARAMANGA,13,Zona 13,06,COLEGIO LA PRESENTACION,23
27,SANTANDER,001,BUCARAMANGA,13,Zona 13,07,CEN DE SERVICIOS UNIVERSITARIOS CSU UNAB,15
27,SANTANDER,001,BUCARAMANGA,14,Zona 14,01,ESC NORMAL SUPERIOR SEDE A,46
27,SANTANDER,001,BUCARAMANGA,14,Zona 14,02,ESC NORMAL SUPERIOR SEDE C,14
27,SANTANDER,001,BUCARAMANGA,14,Zona 14,03,COL PSICOPEDAG CARL ROGERS,17
27,SANTANDER,001,BUCARAMANGA,14,Zona 14,04,COOP ESPECIALIZ DE EDUC DE COMFENALCO,24
27,SANTANDER,001,BUCARAMANGA,15,Zona 15,01,UNIVERSIDAD COOP DE COLOMBIA,39
27,SANTANDER,001,BUCARAMANGA,15,Zona 15,02,I.E. LAS AMERICAS,28
27,SANTANDER,001,BUCARAMANGA,15,Zona 15,03,IE BICENTENARIO SEDE B,7
27,SANTANDER,001,BUCARAMANGA,16,Zona 16,01,I.E. ORIENTE MIRAFLORES SEDE A,22
27,SANTANDER,001,BUCARAMANGA,16,Zona 16,02,I.E. ORIENTE MIRAFLORES SEDE C,6
27,SANTANDER,001,BUCARAMANGA,16,Zona 16,03,IE MIRAFLORES SEDE D BUENOS AIRES,3
27,SANTANDER,001,BUCARAMANGA,16,Zona 16,04,IE TECNICO DAMASO ZAPATA SEDE B,2
27,SANTANDER,001,BUCARAMANGA,17,Zona 17,01,GOBERNACION DE SANTANDER,22
27,SANTANDER,001,BUCARAMANGA,17,Zona 17,02,CORP UNIVERSITARIA UNICIENCIA,22
27,SANTANDER,001,BUCARAMANGA,17,Zona 17,03,COL NUESTRA SEÑORA DE FATIMA,12
27,SANTANDER,001,BUCARAMANGA,18,Zona 18,01,INST CALDAS,28
27,SANTANDER,001,BUCARAMANGA,18,Zona 18,02,COL NUESTRA SEÑORA DEL ROSARIO,10
27,SANTANDER,001,BUCARAMANGA,18,Zona 18,03,GIMNASIO CAMPESTRE SAN SEBASTIAN,10
27,SANTANDER,001,BUCARAMANGA,19,Zona 19,01,I.E. JOSE CELESTINO MUTIS,45
27,SANTANDER,001,BUCARAMANGA,19,Zona 19,02,I.E. LUIS CARLOS GALAN SARMIENTO,12
27,SANTANDER,001,BUCARAMANGA,19,Zona 19,03,I.E. NUESTRA SEÑORA DEL PILAR SEDE C,8
27,SANTANDER,001,BUCARAMANGA,98,Zona 98,01,INST NAL PENITEN Y CARCELARIO HOMBRES,1
27,SANTANDER,001,BUCARAMANGA,98,Zona 98,02,INST NAL PENITEN Y CARCELARIO MUJERES,1
27,SANTANDER,001,BUCARAMANGA,99,Zona 99,03,EL PABLON,4
27,SANTANDER,001,BUCARAMANGA,99,Zona 99,05,IE RURAL VIJAGUAL,8
27,SANTANDER,001,BUCARAMANGA,99,Zona 99,07,LA CAPILLA,4
27,SANTANDER,001,BUCARAMANGA,99,Zona 99,10,MONSERRATE,2
27,SANTANDER,001,BUCARAMANGA,99,Zona 99,85,SAN JOSE,5
27,SANTANDER,001,BUCARAMANGA,99,Zona 99,86,IE LA MALAÑA,3
27,SANTANDER,001,BUCARAMANGA,01,Zona 01,01,IE MAIPORÉ SEDE B,25
27,SANTANDER,001,BUCARAMANGA,01,Zona 01,02,IE TEC RAFAEL GARCIA HERREROS,30
27,SANTANDER,001,BUCARAMANGA,01,Zona 01,03,IE CAFÉ MADRID,31
27,SANTANDER,001,BUCARAMANGA,01,Zona 01,04,COLEGIO FE Y ALEGRIA LOS COLORADOS,27
27,SANTANDER,001,BUCARAMANGA,01,Zona 01,05,SALON COMUNAL  EL PABLON,3
27,SANTANDER,001,BUCARAMANGA,01,Zona 01,06,CENTRO VIDA KENNEDY,15
27,SANTANDER,001,BUCARAMANGA,01,Zona 01,07,I.E. SANTO ANGEL,8
27,SANTANDER,001,BUCARAMANGA,02,Zona 02,01,INST DE PROM SOC DEL NORTE SEDE A,26
27,SANTANDER,001,BUCARAMANGA,02,Zona 02,02,ORDEN DE LOS CLÉRIGOS REG SOMASCOS,24
27,SANTANDER,001,BUCARAMANGA,02,Zona 02,03,IE DÁMASO ZAPATA SEDE C,7
27,SANTANDER,001,BUCARAMANGA,02,Zona 02,04,IE RURAL BOSCONIA,2
27,SANTANDER,001,BUCARAMANGA,02,Zona 02,05,I.E. LA JUVENTUD SEDE A,11
27,SANTANDER,001,BUCARAMANGA,03,Zona 03,01,IE TEC DAMASO ZAPATA SEDE A,42
27,SANTANDER,001,BUCARAMANGA,03,Zona 03,02,COL FRANCISCANO DEL VIRREY SOL,37
27,SANTANDER,001,BUCARAMANGA,03,Zona 03,03,COL SANTANDER SEDE A,42
27,SANTANDER,001,BUCARAMANGA,03,Zona 03,04,SENA - CSET - COLISEO,16
27,SANTANDER,001,BUCARAMANGA,04,Zona 04,01,COL AMERICANO,17
27,SANTANDER,001,BUCARAMANGA,04,Zona 04,02,IE COMUNEROS,23
27,SANTANDER,001,BUCARAMANGA,04,Zona 04,03,IE CENTRO PILOTO SIMON BOLIVAR,21
27,SANTANDER,001,BUCARAMANGA,04,Zona 04,04,COL SANTANDER SEDE C,7
27,SANTANDER,001,BUCARAMANGA,04,Zona 04,05,I.E. CLUB UNION SEDE A,7
27,SANTANDER,001,BUCARAMANGA,05,Zona 05,01,INST TEC SALESIANO ELOY VALENZ,41
27,SANTANDER,001,BUCARAMANGA,05,Zona 05,02,I. INTEGRADO JORGE ELIECER GAITAN SEDE A,14
27,SANTANDER,001,BUCARAMANGA,05,Zona 05,03,COL FRANCISCO DE PAULA S/DER SEDE A,10
27,SANTANDER,001,BUCARAMANGA,05,Zona 05,04,COL FRANCISCO DE PAULA S/DER SEDE B,8
27,SANTANDER,001,BUCARAMANGA,05,Zona 05,05,CENTRAL DE ABASTOS,10
27,SANTANDER,001,BUCARAMANGA,06,Zona 06,01,IE ANDRES PAEZ DE SOTOMAYOR,19
27,SANTANDER,001,BUCARAMANGA,06,Zona 06,02,COL COOPERATIVO DE BUCARAMANGA,31
27,SANTANDER,001,BUCARAMANGA,06,Zona 06,03,IE CAMACHO CARREÑO,20
27,SANTANDER,001,BUCARAMANGA,06,Zona 06,04,IE CAMPO HERMOSO,10
27,SANTANDER,001,BUCARAMANGA,06,Zona 06,05,HOSPITAL PSIQUIATRICO SAN CAMILO,1
27,SANTANDER,001,BUCARAMANGA,07,Zona 07,01,IE JORGE ARDILA DUARTE SEDE A,20
27,SANTANDER,001,BUCARAMANGA,07,Zona 07,02,INST SAN JOSÉ DE LA SALLE,19
27,SANTANDER,001,BUCARAMANGA,07,Zona 07,03,COL TEC EMPRESARIAL JOSE MARIA,14
27,SANTANDER,001,BUCARAMANGA,07,Zona 07,04,COL AURELIO MARTINEZ MUTIS SEDE B,10
27,SANTANDER,001,BUCARAMANGA,07,Zona 07,05,GIMNASIO SUPERIOR EMPRESARIAL,16
27,SANTANDER,001,BUCARAMANGA,07,Zona 07,06,IE SANTA MARIA GORETTI SEDE C,3
27,SANTANDER,001,BUCARAMANGA,08,Zona 08,01,COL AURELIO MARTINEZ MUTIS SEDE A,19
27,SANTANDER,001,BUCARAMANGA,08,Zona 08,02,IE NUESTRA SEÑORA DEL PILAR SEDE A,31
27,SANTANDER,001,BUCARAMANGA,08,Zona 08,03,UNIDADES TECNOLOGICAS DE SANT,33
27,SANTANDER,001,BUCARAMANGA,09,Zona 09,01,IE NUESTRA SEÑORA DEL PILAR SEDE B,15
27,SANTANDER,001,BUCARAMANGA,09,Zona 09,02,IE NUESTRA SEÑORA DEL PILAR SEDE E,11
27,SANTANDER,001,BUCARAMANGA,09,Zona 09,03,IE INEM CUSTODIO GARCIA ROV SEDE H,11
27,SANTANDER,013,BARBOSA,99,Zona 99,20,CITE,5
27,SANTANDER,013,BARBOSA,01,Zona 01,01,INST. SEDE B EL CENTRO,13
27,SANTANDER,013,BARBOSA,01,Zona 01,02,COL COOPERATIVO,16
27,SANTANDER,013,BARBOSA,01,Zona 01,03,SEDE COMFENALCO,6
27,SANTANDER,013,BARBOSA,02,Zona 02,01,INST SEDE C SANTA FE,14
27,SANTANDER,013,BARBOSA,02,Zona 02,02,COL PARROQUIAL SAN LUIS GONZAG,15
27,SANTANDER,013,BARBOSA,02,Zona 02,03,SEDE UNIVERSIDAD UIS,11
27,SANTANDER,019,BARRANCABERMEJA,98,Zona 98,01,CARCEL,1
27,SANTANDER,019,BARRANCABERMEJA,99,Zona 99,06,COL AGROPECUARIO LA FORTUNA SEDE B,7
27,SANTANDER,019,BARRANCABERMEJA,99,Zona 99,07,ESC. MESETA DE SAN RAFAEL SEDE A,2
27,SANTANDER,019,BARRANCABERMEJA,99,Zona 99,09,COL. SAN RAFAEL DE CHUCURI,2
27,SANTANDER,019,BARRANCABERMEJA,99,Zona 99,70,ESCUELA CIENAGA DE OPON,1
27,SANTANDER,019,BARRANCABERMEJA,99,Zona 99,A1,COL BLANCA DURAN DE PADILLA SEDE A,19
27,SANTANDER,019,BARRANCABERMEJA,99,Zona 99,A2,COL BLANCA DURAN DE PADILLA SEDE B,15
27,SANTANDER,019,BARRANCABERMEJA,99,Zona 99,A3,ESC.LAURELES SEDE A,5
27,SANTANDER,019,BARRANCABERMEJA,99,Zona 99,A4,IE PUEBLO REGAO - SEDE CAMPO 23,2
27,SANTANDER,019,BARRANCABERMEJA,99,Zona 99,A5,IE PUEBLO REGAO,2
27,SANTANDER,019,BARRANCABERMEJA,99,Zona 99,B1,EL LLANITO SEDE A,6
27,SANTANDER,019,BARRANCABERMEJA,99,Zona 99,B2,EL LLANITO SEDE B,4
27,SANTANDER,019,BARRANCABERMEJA,01,Zona 01,01,COL JOHN F KENNEDY SD F PRIMERO DE MAYO,11
27,SANTANDER,019,BARRANCABERMEJA,01,Zona 01,02,COL JOSE PRUD. PADILLA SD B C.INTEGRADA,13
27,SANTANDER,019,BARRANCABERMEJA,01,Zona 01,03,COL JOHN F KENNEDY SD D PREESCOLAR SDER,9
27,SANTANDER,019,BARRANCABERMEJA,01,Zona 01,04,INSTITUTO ANTONIO NARIÑO,9
27,SANTANDER,019,BARRANCABERMEJA,01,Zona 01,05,COL INTECOBA,16
27,SANTANDER,019,BARRANCABERMEJA,01,Zona 01,06,COL JOHN F KENNEDY SEDE A,7
27,SANTANDER,019,BARRANCABERMEJA,01,Zona 01,07,COL SANTA TERESITA,13
27,SANTANDER,019,BARRANCABERMEJA,01,Zona 01,08,INST TEC SUP. INDUST. SD C STA CECILIA,2
27,SANTANDER,019,BARRANCABERMEJA,01,Zona 01,09,COL. DE LAS AMERICAS,2
27,SANTANDER,019,BARRANCABERMEJA,02,Zona 02,01,IE INFANTAS SEDE MIRAMAR,11
27,SANTANDER,019,BARRANCABERMEJA,02,Zona 02,02,COL JOSE ANTONIO GALAN,13
27,SANTANDER,019,BARRANCABERMEJA,02,Zona 02,03,IE INFANTAS,17
27,SANTANDER,019,BARRANCABERMEJA,02,Zona 02,04,UIS,8
27,SANTANDER,019,BARRANCABERMEJA,02,Zona 02,05,INST TEC SUPERIOR INDUSTRIAL,14
27,SANTANDER,019,BARRANCABERMEJA,02,Zona 02,06,COL LICEO NUEVA GENERACION,12
27,SANTANDER,019,BARRANCABERMEJA,02,Zona 02,07,INST TEC SUPERIOR DE COMERCIO,1
27,SANTANDER,019,BARRANCABERMEJA,03,Zona 03,01,INST TEC SUP. DE COMER. SD B LA LIBERTAD,16
27,SANTANDER,019,BARRANCABERMEJA,03,Zona 03,02,INST TEC SUP. DE COMERCIO SD C LA BELEN,9
27,SANTANDER,019,BARRANCABERMEJA,03,Zona 03,03,COL LAS BETHLEMITAS,16
27,SANTANDER,019,BARRANCABERMEJA,03,Zona 03,04,INST TEC SUP. DE COMER. SD E STA ISABEL,7
27,SANTANDER,019,BARRANCABERMEJA,03,Zona 03,05,SEMINARIO SAN PEDRO CLAVER,9
27,SANTANDER,019,BARRANCABERMEJA,03,Zona 03,06,DIEGO HDEZ DE GALLEGOS SD G LA FLORESTA,6
27,SANTANDER,019,BARRANCABERMEJA,03,Zona 03,07,COL JUAN FRANCISCO SARASTI MEGACOLEGIO,6
27,SANTANDER,019,BARRANCABERMEJA,03,Zona 03,08,DIEGO HDEZ DE GALLEGOS SEDE E,5
27,SANTANDER,019,BARRANCABERMEJA,03,Zona 03,09,COL MIGUEL ANTONIO CARO,3
27,SANTANDER,019,BARRANCABERMEJA,03,Zona 03,10,INST TEC SUP. DE COMER. SD F LARA PARADA,1
27,SANTANDER,019,BARRANCABERMEJA,03,Zona 03,11,DIEGO HDEZ DE GALLEGOS SEDE G  LA PAZ,11
27,SANTANDER,019,BARRANCABERMEJA,04,Zona 04,01,COL EL CASTILLO,20
27,SANTANDER,019,BARRANCABERMEJA,04,Zona 04,02,COL EL CASTILLO SEDE C  LAS NIEVES,6
27,SANTANDER,019,BARRANCABERMEJA,04,Zona 04,03,INST TEC SUP. INDUST. SD E GRAL CORDOBA,10
27,SANTANDER,019,BARRANCABERMEJA,04,Zona 04,04,COL EL CASTILLO SD E MIS PRIMERAS LETRAS,6
27,SANTANDER,019,BARRANCABERMEJA,04,Zona 04,05,COL EL CASTILLO SD D  EL PALMAR,6
27,SANTANDER,019,BARRANCABERMEJA,04,Zona 04,06,COL REAL DE MARES,10
27,SANTANDER,019,BARRANCABERMEJA,04,Zona 04,07,COL EL CASTILLO SEDE B  CINCUENTENARIO,6
27,SANTANDER,019,BARRANCABERMEJA,05,Zona 05,01,COL 26 DE MARZO,15
27,SANTANDER,019,BARRANCABERMEJA,05,Zona 05,02,INS TEC SUPERIOR INDUSTRIAL SD B SANTANA,13
27,SANTANDER,019,BARRANCABERMEJA,05,Zona 05,03,COL 26 DE MARZO SEDE B,15
27,SANTANDER,019,BARRANCABERMEJA,05,Zona 05,04,COL DIVINO NIÑO JESUS,16
27,SANTANDER,019,BARRANCABERMEJA,05,Zona 05,05,COL 26 DE MARZO SD D  ALCAZAR,9
27,SANTANDER,019,BARRANCABERMEJA,05,Zona 05,06,INST TEC SUP. IND. SD G MARY VILLAMIZAR,5
27,SANTANDER,019,BARRANCABERMEJA,05,Zona 05,07,INST. TECNICO INDUSTRIAL SEDE H CHICO,3
27,SANTANDER,019,BARRANCABERMEJA,05,Zona 05,08,INST TEC SUP IND SD F SAN JOSE PROVIVI.,2
27,SANTANDER,019,BARRANCABERMEJA,06,Zona 06,01,COL CAMILO TORRES SD D P. SALAVARRIETA,9
27,SANTANDER,019,BARRANCABERMEJA,06,Zona 06,02,COL CAMILO TORRES,23
27,SANTANDER,019,BARRANCABERMEJA,06,Zona 06,03,COL CAMILO TORRES SD E MANUELA BELTRAN,10
27,SANTANDER,019,BARRANCABERMEJA,06,Zona 06,04,COL CAMILO TORRES SD F ALEJANDRO GALVIS,3
27,SANTANDER,019,BARRANCABERMEJA,06,Zona 06,05,COL CAMILO TORRES SD G ANTONIO NARIÑO,5
27,SANTANDER,019,BARRANCABERMEJA,06,Zona 06,06,COL CAMILO TORRES SD H  MARIA CANO,3
27,SANTANDER,019,BARRANCABERMEJA,07,Zona 07,01,COL CIUDADELA EDUC. SD G NUEVA GRANADA,12
27,SANTANDER,019,BARRANCABERMEJA,07,Zona 07,02,COL CIUDADELA EDUC. SD C CAMPESTRE,8
27,SANTANDER,019,BARRANCABERMEJA,07,Zona 07,03,COL CIUDADELA EDUCATIVA SEDE B,9
27,SANTANDER,019,BARRANCABERMEJA,07,Zona 07,04,COL CIUDADELA EDUCATIVA SEDE A,16
27,SANTANDER,019,BARRANCABERMEJA,07,Zona 07,05,COL CIUDAD. EDUC. SD D LA INDEPENDENCIA,3
27,SANTANDER,019,BARRANCABERMEJA,07,Zona 07,06,COL PIERRE DE FERMAT,5
27,SANTANDER,019,BARRANCABERMEJA,07,Zona 07,07,COL CIUDADELA EDUC. SD F  FE Y ALEGRIA,5
27,SANTANDER,045,CIMITARRA,99,Zona 99,01,PUERTO ARAUJO,5
27,SANTANDER,045,CIMITARRA,99,Zona 99,02,EL TROPEZON,1
27,SANTANDER,045,CIMITARRA,99,Zona 99,03,INSTITUCION EDUCATIVA PUERTO OLAYA,5
27,SANTANDER,045,CIMITARRA,99,Zona 99,04,SAN JUAN DE LA CARRILERA,1
27,SANTANDER,045,CIMITARRA,99,Zona 99,05,CAMPO SECO,2
27,SANTANDER,045,CIMITARRA,99,Zona 99,06,DOS HEMANOS,1
27,SANTANDER,045,CIMITARRA,99,Zona 99,07,LA VERDE,1
27,SANTANDER,045,CIMITARRA,99,Zona 99,08,KILOMETRO 13,1
27,SANTANDER,045,CIMITARRA,99,Zona 99,09,SANTA ROSA DEL CARARE,1
27,SANTANDER,045,CIMITARRA,99,Zona 99,10,PRIMAVERA,2
27,SANTANDER,045,CIMITARRA,99,Zona 99,11,ZAMBITO,2
27,SANTANDER,045,CIMITARRA,99,Zona 99,12,PALMAS DE GUAYABITO,2
27,SANTANDER,045,CIMITARRA,99,Zona 99,13,SAN FERNANDO,2
27,SANTANDER,045,CIMITARRA,99,Zona 99,14,SAN PEDRO DE LA PAZ,2
27,SANTANDER,045,CIMITARRA,99,Zona 99,15,SAN TROPEL,1
27,SANTANDER,045,CIMITARRA,99,Zona 99,16,CAMPO PADILLA,1
27,SANTANDER,045,CIMITARRA,99,Zona 99,17,SAN JUAN DE LA CARRETERA,2
27,SANTANDER,045,CIMITARRA,99,Zona 99,18,VUELTA ACUÑA,1
27,SANTANDER,045,CIMITARRA,01,Zona 01,01,"COL. INT DEL CARARE SEC PRIMARIA ""CICA""",21
27,SANTANDER,045,CIMITARRA,01,Zona 01,02,"INST. ADVENTISTA DEL CARARE ""INAC""",12
27,SANTANDER,045,CIMITARRA,02,Zona 02,01,"COL. INT DEL CARARE SEC SECUND "" CICA""",18
27,SANTANDER,045,CIMITARRA,02,Zona 02,02,HOGAR INFANTIL RAYITO DE SOL,10
27,SANTANDER,082,FLORIDABLANCA,99,Zona 99,08,COLEGIO ECOLOGICO HELECHALES SEDE F,2
27,SANTANDER,082,FLORIDABLANCA,99,Zona 99,30,INST. AGROPECUARIO DUARTE ALEMAN SEDE B,3
27,SANTANDER,082,FLORIDABLANCA,99,Zona 99,70,INST. AGROPECUARIO DUARTE ALEMAN SEDE A,2
27,SANTANDER,082,FLORIDABLANCA,99,Zona 99,80,COL TEC. MICROEMPRESARIAL EL CARMEN SD E,2
27,SANTANDER,082,FLORIDABLANCA,99,Zona 99,90,COL ECOLÓGICO DE FLORIDABLANCA SEDE J,5
27,SANTANDER,082,FLORIDABLANCA,01,Zona 01,01,INSTITUTO GABRIELA MISTRAL,38
27,SANTANDER,082,FLORIDABLANCA,01,Zona 01,02,POLIDEPORTIVO JOSE ELIAS PUYANA,22
27,SANTANDER,082,FLORIDABLANCA,01,Zona 01,03,COLEGIO JOSE ELIAS PUYANA SEDE A,25
27,SANTANDER,082,FLORIDABLANCA,01,Zona 01,04,COLEGIO JOSE ELIAS PUYANA SEDE B,20
27,SANTANDER,082,FLORIDABLANCA,01,Zona 01,05,INSTITUTO SANTA TERESITA,4
27,SANTANDER,082,FLORIDABLANCA,01,Zona 01,06,COL NTRA SRA DEL ROSARIO SEDE PRIMARIA,6
27,SANTANDER,082,FLORIDABLANCA,02,Zona 02,01,COLEGIO REINA DE LA PAZ,32
27,SANTANDER,082,FLORIDABLANCA,02,Zona 02,02,COLEGIO NUEVO CAMBRIDGE,29
27,SANTANDER,082,FLORIDABLANCA,02,Zona 02,03,COLEGIO PANAMERICANO,23
27,SANTANDER,082,FLORIDABLANCA,02,Zona 02,04,COLEGIO VICENTE AZUERO SEDE D RIO FRIO,3
27,SANTANDER,082,FLORIDABLANCA,02,Zona 02,05,UNAB CAMPUS EL BOSQUE,25
27,SANTANDER,082,FLORIDABLANCA,02,Zona 02,06,COLEGIO CAMPESTRE GOYAVIER,2
27,SANTANDER,082,FLORIDABLANCA,03,Zona 03,01,INSTITUTO CARACOLI,10
27,SANTANDER,082,FLORIDABLANCA,03,Zona 03,02,INSTITUTO GABRIEL GARCIA MARQUEZ,22
27,SANTANDER,082,FLORIDABLANCA,03,Zona 03,03,INST RECREACION Y DEPORTE DE FLORIDAB I,1
27,SANTANDER,082,FLORIDABLANCA,04,Zona 04,01,COLEGIO ISIDRO CABALLERO SEDE B,14
27,SANTANDER,082,FLORIDABLANCA,04,Zona 04,02,INSTITUTO ANTONIO JOSE DE SUCRE,16
27,SANTANDER,082,FLORIDABLANCA,04,Zona 04,03,INSTITUTO SAN BERNARDO,14
27,SANTANDER,082,FLORIDABLANCA,04,Zona 04,04,FRANCISCO JOSE DE CALDAS/INST MINCA SD B,8
27,SANTANDER,082,FLORIDABLANCA,04,Zona 04,05,INSTITUTO JOSE ANTONIO GALAN SEDE A,22
27,SANTANDER,082,FLORIDABLANCA,04,Zona 04,06,INSTITUTO LA TRINIDAD SEDE B,9
27,SANTANDER,082,FLORIDABLANCA,04,Zona 04,07,INSTITUTO JOSE ANTONIO GALAN SEDE B,6
27,SANTANDER,082,FLORIDABLANCA,04,Zona 04,08,INSTITUTO FE Y ALEGRIA,15
27,SANTANDER,082,FLORIDABLANCA,04,Zona 04,09,INSTITUTO COMUNITARIO MINCA SEDE A,2
27,SANTANDER,082,FLORIDABLANCA,04,Zona 04,10,COL TEC MICROEMPRESARIAL EL CARMEN SED D,2
27,SANTANDER,082,FLORIDABLANCA,04,Zona 04,11,SALON COMUNAL EL REPOSO,3
27,SANTANDER,082,FLORIDABLANCA,04,Zona 04,12,COL. MICROEMPRESARIAL EL CARMEN SEDE B,12
27,SANTANDER,082,FLORIDABLANCA,05,Zona 05,01,INSTITUTO EL PROGRESO SEDE D,10
27,SANTANDER,082,FLORIDABLANCA,05,Zona 05,02,SALON COMUNAL MOLINOS BAJOS,3
27,SANTANDER,082,FLORIDABLANCA,06,Zona 06,01,INSTITUTO RAFAEL POMBO,16
27,SANTANDER,082,FLORIDABLANCA,06,Zona 06,02,COLEGIO CAJASAN,23
27,SANTANDER,082,FLORIDABLANCA,06,Zona 06,03,COLEGIO VICENTE AZUERO SEDE B,6
27,SANTANDER,082,FLORIDABLANCA,06,Zona 06,04,COLEGIO VICENTE AZUERO SEDE C,6
27,SANTANDER,082,FLORIDABLANCA,06,Zona 06,05,COLEGIO VICENTE AZUERO SEDE A,15
27,SANTANDER,082,FLORIDABLANCA,07,Zona 07,01,INSTITUTO DOMINGO SABIO,15
27,SANTANDER,082,FLORIDABLANCA,07,Zona 07,02,COLEGIO METROPOLITANO DEL SUR,13
27,SANTANDER,082,FLORIDABLANCA,07,Zona 07,03,INSTITUTO MADRE DEL BUEN CONSEJO,21
27,SANTANDER,082,FLORIDABLANCA,07,Zona 07,04,COLEGIO METROPOLITANO SANTA ANA,22
27,SANTANDER,082,FLORIDABLANCA,07,Zona 07,05,SALON COMUNAL CIUDAD VALENCIA,2
27,SANTANDER,082,FLORIDABLANCA,08,Zona 08,01,COLEGIO GONZALO JIMENEZ NAVAS,34
27,SANTANDER,082,FLORIDABLANCA,08,Zona 08,02,COLEGIO MICROEMPRESARIAL EL CARME SEDE C,18
27,SANTANDER,082,FLORIDABLANCA,08,Zona 08,03,INSTITUTO LA CUMBRE,37
27,SANTANDER,082,FLORIDABLANCA,08,Zona 08,04,COLEGIO JOSE ELIAS PUYANA SEDE C,15
27,SANTANDER,091,GIRON,98,Zona 98,01,CENTR PENITENCIARIO PALOGORDO,1
27,SANTANDER,091,GIRON,99,Zona 99,02,ACAPULCO,6
27,SANTANDER,091,GIRON,99,Zona 99,03,CANTALTA,2
27,SANTANDER,091,GIRON,99,Zona 99,04,EL RECREO,2
27,SANTANDER,091,GIRON,99,Zona 99,05,CHOCOA,3
27,SANTANDER,091,GIRON,99,Zona 99,06,CHOCOITA,5
27,SANTANDER,091,GIRON,99,Zona 99,09,LAS BOCAS,2
27,SANTANDER,091,GIRON,99,Zona 99,13,MARTA,1
27,SANTANDER,091,GIRON,99,Zona 99,17,MOTOSO,2
27,SANTANDER,091,GIRON,99,Zona 99,24,LLANO GRANDE,4
27,SANTANDER,091,GIRON,99,Zona 99,40,PANTANO,3
27,SANTANDER,091,GIRON,99,Zona 99,41,ESCUELA EL TABLAZO SECTOR CABAÑA BAJA,1
27,SANTANDER,091,GIRON,99,Zona 99,42,COLEGIO AGUADA DE CEFERINO,1
27,SANTANDER,091,GIRON,01,Zona 01,01,COL.NIÑO JESUS DE PRAGA,13
27,SANTANDER,091,GIRON,01,Zona 01,02,COLEGIO FRANCISCO SERRANO MUÑOZ SEDE A,12
27,SANTANDER,091,GIRON,01,Zona 01,03,COL.SAN JUAN DE GIRON,11
27,SANTANDER,091,GIRON,01,Zona 01,04,COL.LUIS CARLOS GALAN/SEDE B,9
27,SANTANDER,091,GIRON,01,Zona 01,05,COLEGIO PORTAL CAMPESTRE NORTE,20
27,SANTANDER,091,GIRON,01,Zona 01,06,COLEGIO SAN JUAN DE GIRON SEDE B,14
27,SANTANDER,091,GIRON,01,Zona 01,07,COLEGIO GABRIEL GARCIA MARQUEZ,19
27,SANTANDER,091,GIRON,02,Zona 02,01,COL.ROBERTO GARCIA PEÑA/SEDE A,30
27,SANTANDER,091,GIRON,02,Zona 02,02,COLISEO CUBIERTO CIUDADELA VILLAMIL,18
27,SANTANDER,091,GIRON,02,Zona 02,03,COLEGIO FACUNDO NAVAS MANTILLA,24
27,SANTANDER,091,GIRON,02,Zona 02,04,COLEGIO DIANA TURBAY,14
27,SANTANDER,091,GIRON,02,Zona 02,05,COLEGIO NUESTRA SEÑORA DE BELEN,20
27,SANTANDER,091,GIRON,02,Zona 02,06,SENA PALENQUE,7
27,SANTANDER,091,GIRON,03,Zona 03,01,COL JUAN CRISTOBAL MARTINEZ,24
27,SANTANDER,091,GIRON,03,Zona 03,02,COL.LUIS CARLOS GALAN/SEDE A,11
27,SANTANDER,091,GIRON,03,Zona 03,03,COLEGIO SANTA CRUZ,14
27,SANTANDER,091,GIRON,03,Zona 03,04,COLEGIO VILLAS DE SAN JUAN,19
27,SANTANDER,091,GIRON,03,Zona 03,05,COLEGIO MARIO MORALES DELGADO,14
27,SANTANDER,091,GIRON,03,Zona 03,06,COL. LUIS CARLOS GALAN SEDE E,7
27,SANTANDER,091,GIRON,04,Zona 04,01,COL.NIEVES CORTES PICON/SEDE A,21
27,SANTANDER,091,GIRON,04,Zona 04,02,COL.SERRANO MUÑOZ/ SEDE B,10
27,SANTANDER,091,GIRON,04,Zona 04,03,COL FACUNDO NAVAS SEDE D,15
27,SANTANDER,091,GIRON,04,Zona 04,04,JARDIN INFANTIL DUENDECILLO DE GIRON,6
27,SANTANDER,091,GIRON,04,Zona 04,05,COL SERRANO MUÑOZ SEDE C,3
27,SANTANDER,091,GIRON,04,Zona 04,06,COLEGIO NIEVES CORTES SD B - LAS ROSITAS,6
27,SANTANDER,091,GIRON,04,Zona 04,07,SALON COMUNAL BALCONES DE GIRON,3
28,SUCRE,100,OVEJAS,99,Zona 99,08,ALMAGRA,3
28,SUCRE,100,OVEJAS,99,Zona 99,16,CANUTAL,3
28,SUCRE,100,OVEJAS,99,Zona 99,22,CANUTALITO,3
28,SUCRE,100,OVEJAS,99,Zona 99,28,CHENGUE,1
28,SUCRE,100,OVEJAS,99,Zona 99,40,DON GABRIEL,3
28,SUCRE,100,OVEJAS,99,Zona 99,46,EL FLORAL,1
28,SUCRE,100,OVEJAS,99,Zona 99,58,FLOR DEL MONTE,5
28,SUCRE,100,OVEJAS,99,Zona 99,70,LA PEÑA,5
28,SUCRE,100,OVEJAS,99,Zona 99,82,PIJIGUAY,2
28,SUCRE,100,OVEJAS,99,Zona 99,88,SAN RAFAEL,4
28,SUCRE,100,OVEJAS,99,Zona 99,90,SALITRAL,2
28,SUCRE,100,OVEJAS,99,Zona 99,91,SAN FRANCISCO,1
28,SUCRE,100,OVEJAS,99,Zona 99,92,EL PALMAR,2
28,SUCRE,100,OVEJAS,00,Zona 00,00,PUESTO CABECERA MUNICIPAL,39
28,SUCRE,120,PALMITO,99,Zona 99,25,ALGODONCILLO,3
28,SUCRE,120,PALMITO,99,Zona 99,30,EL MARTILLO,3
28,SUCRE,120,PALMITO,99,Zona 99,50,GUAIMARAL,2
28,SUCRE,120,PALMITO,99,Zona 99,75,GUAIMI,5
28,SUCRE,120,PALMITO,99,Zona 99,80,PUEBLECITO,3
28,SUCRE,120,PALMITO,99,Zona 99,85,PUEBLO NUEVO,2
28,SUCRE,120,PALMITO,99,Zona 99,86,LOS CASTILLOS,2
28,SUCRE,120,PALMITO,99,Zona 99,87,LA GRANJA,1
28,SUCRE,120,PALMITO,99,Zona 99,88,CENTRO AZUL,1
28,SUCRE,120,PALMITO,00,Zona 00,00,PUESTO CABECERA MUNICIPAL,21
28,SUCRE,160,SAMPUES,99,Zona 99,05,ACHIOTE,4
28,SUCRE,160,SAMPUES,99,Zona 99,10,BOSSA NAVARRO,3
28,SUCRE,160,SAMPUES,99,Zona 99,20,CEJA DEL MANGO,2
28,SUCRE,160,SAMPUES,99,Zona 99,22,EL CAMPO,2
28,SUCRE,160,SAMPUES,99,Zona 99,27,ESCOBAR ABAJO,4
28,SUCRE,160,SAMPUES,99,Zona 99,34,ESCOBAR ARRIBA,4
28,SUCRE,160,SAMPUES,99,Zona 99,41,HUERTAS CHICAS,4
28,SUCRE,160,SAMPUES,99,Zona 99,47,LOS PEREZ,1
28,SUCRE,160,SAMPUES,99,Zona 99,48,LA NEGRA,3
28,SUCRE,160,SAMPUES,99,Zona 99,49,LOMA DE PIEDRA,2
28,SUCRE,160,SAMPUES,99,Zona 99,50,MATA DE CAÑA,4
28,SUCRE,160,SAMPUES,99,Zona 99,55,MATEO PEREZ,3
28,SUCRE,160,SAMPUES,99,Zona 99,62,PALITO,2
28,SUCRE,160,SAMPUES,99,Zona 99,69,PIEDRAS BLANCAS,4
28,SUCRE,160,SAMPUES,99,Zona 99,76,SABANALARGA,2
28,SUCRE,160,SAMPUES,99,Zona 99,83,SAN LUIS,5
28,SUCRE,160,SAMPUES,99,Zona 99,85,SILOE,2
28,SUCRE,160,SAMPUES,99,Zona 99,90,SEGOVIA,3
28,SUCRE,160,SAMPUES,99,Zona 99,95,VILLA NUEVA,2
28,SUCRE,160,SAMPUES,99,Zona 99,96,LA LUCHA Y EL CACAO,1
28,SUCRE,160,SAMPUES,99,Zona 99,97,LA ISLA SAN FRANCISCO,1
28,SUCRE,160,SAMPUES,99,Zona 99,98,COSTA DE ORO,1
28,SUCRE,160,SAMPUES,01,Zona 01,01,IE MILLAN VARGAS- SD LUIS G. PORTACIO,16
28,SUCRE,160,SAMPUES,01,Zona 01,02,IE MILLAN VARGAS,15
28,SUCRE,160,SAMPUES,02,Zona 02,01,IE MARISCAL SUCRE,17
28,SUCRE,160,SAMPUES,02,Zona 02,02,IE MARISCAL SUCRE- SD PERONILLA,10
28,SUCRE,180,SAN BENITO ABAD,99,Zona 99,17,CIENEGA NUEVA,1
28,SUCRE,180,SAN BENITO ABAD,99,Zona 99,18,CIZPATACA,2
28,SUCRE,180,SAN BENITO ABAD,99,Zona 99,20,CUIVA,2
28,SUCRE,180,SAN BENITO ABAD,99,Zona 99,23,DOÑA ANA,2
28,SUCRE,180,SAN BENITO ABAD,99,Zona 99,24,EL LIMON,1
28,SUCRE,180,SAN BENITO ABAD,99,Zona 99,25,GUAYABAL (SAN MATIAS),2
28,SUCRE,180,SAN BENITO ABAD,99,Zona 99,26,EL CAUCHAL,2
28,SUCRE,180,SAN BENITO ABAD,99,Zona 99,27,JEGUA,3
28,SUCRE,180,SAN BENITO ABAD,99,Zona 99,28,LA CEIBA,2
28,SUCRE,180,SAN BENITO ABAD,99,Zona 99,30,LAS CHISPAS,3
28,SUCRE,180,SAN BENITO ABAD,99,Zona 99,38,LA VENTURA,4
28,SUCRE,180,SAN BENITO ABAD,99,Zona 99,39,LAS DELICIAS,3
28,SUCRE,180,SAN BENITO ABAD,99,Zona 99,48,LOS ANGELES (CORRAL VIEJO),2
28,SUCRE,180,SAN BENITO ABAD,99,Zona 99,60,PUNTA NUEVA,1
28,SUCRE,180,SAN BENITO ABAD,99,Zona 99,62,PUNTA DE BLANCO,3
28,SUCRE,180,SAN BENITO ABAD,99,Zona 99,69,RABON,2
28,SUCRE,180,SAN BENITO ABAD,99,Zona 99,75,SAN ISIDRO,3
28,SUCRE,180,SAN BENITO ABAD,99,Zona 99,83,CENTRO EDUCATIVO SAN ROQUE,3
28,SUCRE,180,SAN BENITO ABAD,99,Zona 99,90,CORREGIMIENTO SANTIAGO APOSTOL,10
28,SUCRE,180,SAN BENITO ABAD,99,Zona 99,97,VILLA NUEVA,2
28,SUCRE,180,SAN BENITO ABAD,99,Zona 99,98,LA MOLINA,1
28,SUCRE,180,SAN BENITO ABAD,00,Zona 00,00,PUESTO CABECERA MUNICIPAL,19
28,SUCRE,190,SAN JUAN DE BETULIA (BETULIA),99,Zona 99,01,ALBANIA,8
28,SUCRE,190,SAN JUAN DE BETULIA (BETULIA),99,Zona 99,02,HATO VIEJO,2
28,SUCRE,190,SAN JUAN DE BETULIA (BETULIA),99,Zona 99,04,SABANETA,2
28,SUCRE,190,SAN JUAN DE BETULIA (BETULIA),99,Zona 99,05,VILLA LOPEZ,2
28,SUCRE,190,SAN JUAN DE BETULIA (BETULIA),99,Zona 99,09,LOMA ALTA,2
28,SUCRE,190,SAN JUAN DE BETULIA (BETULIA),99,Zona 99,11,SANTO TOMAS,1
28,SUCRE,190,SAN JUAN DE BETULIA (BETULIA),00,Zona 00,00,PUESTO CABECERA MUNICIPAL,22
28,SUCRE,200,SAN MARCOS,99,Zona 99,16,BELEN,7
28,SUCRE,200,SAN MARCOS,99,Zona 99,19,BUENAVISTA,5
28,SUCRE,200,SAN MARCOS,99,Zona 99,31,CAÑO PRIETO,2
28,SUCRE,200,SAN MARCOS,99,Zona 99,38,CUENCA,4
28,SUCRE,200,SAN MARCOS,99,Zona 99,50,EL LIMON,4
28,SUCRE,200,SAN MARCOS,99,Zona 99,55,EL PITAL,2
28,SUCRE,200,SAN MARCOS,99,Zona 99,63,EL TABLON,3
28,SUCRE,200,SAN MARCOS,99,Zona 99,65,NEIVA,3
28,SUCRE,200,SAN MARCOS,99,Zona 99,68,LA QUEBRADA O QUEBRADA VIEJA,2
28,SUCRE,200,SAN MARCOS,99,Zona 99,88,LAS FLORES,7
28,SUCRE,200,SAN MARCOS,99,Zona 99,90,SANTA INES,3
28,SUCRE,200,SAN MARCOS,99,Zona 99,92,CAYO DE LA CRUZ,2
28,SUCRE,200,SAN MARCOS,99,Zona 99,93,VEREDA EL LLANO,2
28,SUCRE,200,SAN MARCOS,99,Zona 99,94,VEREDA EL TORNO,1
28,SUCRE,200,SAN MARCOS,99,Zona 99,95,VEREDA BOCA PUERTA,2
28,SUCRE,200,SAN MARCOS,01,Zona 01,01,ESCUELA SAN MARQUITOS,22
28,SUCRE,200,SAN MARCOS,01,Zona 01,02,COLISEO CUBIERTO,10
28,SUCRE,200,SAN MARCOS,01,Zona 01,03,INST. EDUC. GIMNASIO SAN JORGE,8
28,SUCRE,200,SAN MARCOS,02,Zona 02,01,COL. BACHILLERATO SAN MARCOS,22
28,SUCRE,200,SAN MARCOS,02,Zona 02,02,ESCUELA SAN JOSE,20
28,SUCRE,200,SAN MARCOS,02,Zona 02,03,ESCUELA JHON F. KENNEDY,15
28,SUCRE,220,SAN ONOFRE,99,Zona 99,10,AGUACATE,2
28,SUCRE,220,SAN ONOFRE,99,Zona 99,13,AGUAS NEGRAS,4
28,SUCRE,220,SAN ONOFRE,99,Zona 99,15,BARRANCA,3
28,SUCRE,220,SAN ONOFRE,99,Zona 99,20,BERLIN,3
28,SUCRE,220,SAN ONOFRE,99,Zona 99,27,BERRUGAS,9
28,SUCRE,220,SAN ONOFRE,99,Zona 99,29,BOCACERRADA,2
28,SUCRE,220,SAN ONOFRE,99,Zona 99,34,BUENOS AIRES,1
28,SUCRE,220,SAN ONOFRE,99,Zona 99,35,EL CHICHO,2
28,SUCRE,220,SAN ONOFRE,99,Zona 99,38,EL CERRO DE DOS CASAS,3
28,SUCRE,220,SAN ONOFRE,99,Zona 99,40,HIGUERON,2
28,SUCRE,220,SAN ONOFRE,99,Zona 99,41,LABARCE,4
28,SUCRE,220,SAN ONOFRE,99,Zona 99,45,LAS BRISAS,2
28,SUCRE,220,SAN ONOFRE,99,Zona 99,48,LIBERTAD,8
28,SUCRE,220,SAN ONOFRE,99,Zona 99,50,PALMIRA,3
28,SUCRE,220,SAN ONOFRE,99,Zona 99,55,PAJONAL,5
28,SUCRE,220,SAN ONOFRE,99,Zona 99,57,PAJONALITO,1
28,SUCRE,220,SAN ONOFRE,99,Zona 99,59,PALACIO,2
28,SUCRE,220,SAN ONOFRE,99,Zona 99,60,EL PUEBLITO,2
28,SUCRE,220,SAN ONOFRE,99,Zona 99,62,PALO ALTO,10
28,SUCRE,220,SAN ONOFRE,99,Zona 99,69,PLAMPAREJO,3
28,SUCRE,220,SAN ONOFRE,99,Zona 99,76,RINCON,7
28,SUCRE,220,SAN ONOFRE,99,Zona 99,83,SABANAS DE MUCACAL,3
28,SUCRE,220,SAN ONOFRE,99,Zona 99,90,SAN ANTONIO,5
28,SUCRE,220,SAN ONOFRE,99,Zona 99,91,SABANETICA,1
28,SUCRE,220,SAN ONOFRE,99,Zona 99,92,BOLITO,1
28,SUCRE,220,SAN ONOFRE,99,Zona 99,93,ALTO DE JULIO,1
28,SUCRE,220,SAN ONOFRE,99,Zona 99,94,CHICHIMAN,1
28,SUCRE,220,SAN ONOFRE,99,Zona 99,95,LA LUCHA,1
28,SUCRE,220,SAN ONOFRE,99,Zona 99,96,EL BONGO,1
28,SUCRE,220,SAN ONOFRE,99,Zona 99,97,VISTA HERMOSA,1
28,SUCRE,220,SAN ONOFRE,99,Zona 99,98,PALITO NORTE,1
28,SUCRE,220,SAN ONOFRE,99,Zona 99,99,CACIQUE,1
28,SUCRE,220,SAN ONOFRE,01,Zona 01,01,ESC. ANTONIO NARIÑO,9
28,SUCRE,220,SAN ONOFRE,01,Zona 01,02,CDI CAMPO DE LAS FLORES,9
28,SUCRE,220,SAN ONOFRE,01,Zona 01,03,IE SAGRADO CORAZON DE JESUS,14
28,SUCRE,220,SAN ONOFRE,02,Zona 02,01,ESC. MADRE BERNARDA,9
28,SUCRE,220,SAN ONOFRE,02,Zona 02,02,COLEGIO MANUEL ANGEL ANACHURY,7
28,SUCRE,220,SAN ONOFRE,02,Zona 02,03,ESCUELA SAN JOSE,11
28,SUCRE,240,SAN PEDRO,99,Zona 99,30,NUMANCIA,1
28,SUCRE,240,SAN PEDRO,99,Zona 99,60,ROVIRA,2
28,SUCRE,240,SAN PEDRO,99,Zona 99,70,SAN MATEO,4
28,SUCRE,240,SAN PEDRO,00,Zona 00,00,PUESTO CABECERA MUNICIPAL,45
28,SUCRE,260,SINCE,99,Zona 99,12,BAZAN,1
28,SUCRE,260,SINCE,99,Zona 99,33,COCOROTE,2
28,SUCRE,260,SINCE,99,Zona 99,34,GALAPAGO,1
28,SUCRE,260,SINCE,99,Zona 99,36,GRANADA,8
28,SUCRE,260,SINCE,99,Zona 99,51,LA VIVIENDA (ARBOLEDA),2
28,SUCRE,260,SINCE,99,Zona 99,54,LOS LIMONES,1
28,SUCRE,260,SINCE,99,Zona 99,60,MORALITO,1
28,SUCRE,260,SINCE,99,Zona 99,70,PERENDENGUE,1
28,SUCRE,260,SINCE,99,Zona 99,78,VALENCIA,3
28,SUCRE,260,SINCE,99,Zona 99,84,VELEZ,2
28,SUCRE,260,SINCE,01,Zona 01,01,IE PEDRO ESPINOSA,12
28,SUCRE,260,SINCE,01,Zona 01,02,I.E. ANTONIO SANTOS,16
28,SUCRE,260,SINCE,02,Zona 02,01,SN JUAN BAUTISTA LA SALLE,21
28,SUCRE,260,SINCE,02,Zona 02,02,POLIDEPORTIVO LUIS GABRIEL M,17
28,SUCRE,280,SUCRE,99,Zona 99,05,ARBOLEDA,2
28,SUCRE,280,SUCRE,99,Zona 99,10,BAJOGRANDE,2
28,SUCRE,280,SUCRE,99,Zona 99,13,BAJO PUREZA,2
28,SUCRE,280,SUCRE,99,Zona 99,15,CALZON BLANCO,2
28,SUCRE,280,SUCRE,99,Zona 99,20,CAMAJON,2
28,SUCRE,280,SUCRE,99,Zona 99,25,CAMPO ALEGRE,2
28,SUCRE,280,SUCRE,99,Zona 99,30,CHAPARRAL,2
28,SUCRE,280,SUCRE,99,Zona 99,35,CORDOBA,3
28,SUCRE,280,SUCRE,99,Zona 99,40,EL CONGRESO,1
28,SUCRE,280,SUCRE,99,Zona 99,43,HATO NUEVO,3
28,SUCRE,280,SUCRE,99,Zona 99,45,ISLA DEL COCO,1
28,SUCRE,280,SUCRE,99,Zona 99,50,ISLA GRANDE,1
28,SUCRE,280,SUCRE,99,Zona 99,55,LA GUARIPA,3
28,SUCRE,280,SUCRE,99,Zona 99,56,LA PALMA,3
28,SUCRE,280,SUCRE,99,Zona 99,57,LA REDONDA,1
28,SUCRE,280,SUCRE,99,Zona 99,58,LA SOLERA,1
28,SUCRE,280,SUCRE,99,Zona 99,60,LA VENTURA,2
28,SUCRE,280,SUCRE,99,Zona 99,62,MACHETON,1
28,SUCRE,280,SUCRE,99,Zona 99,64,MALAMBO,2
28,SUCRE,280,SUCRE,99,Zona 99,65,MONTERIA,1
28,SUCRE,280,SUCRE,99,Zona 99,70,MUZANGA,1
28,SUCRE,280,SUCRE,99,Zona 99,75,NARANJAL,2
28,SUCRE,280,SUCRE,99,Zona 99,80,NARIÑO,1
28,SUCRE,280,SUCRE,99,Zona 99,85,OREJERO,2
28,SUCRE,280,SUCRE,99,Zona 99,87,PAMPANILLA,2
28,SUCRE,280,SUCRE,99,Zona 99,88,QUITASUEÑO,1
28,SUCRE,280,SUCRE,99,Zona 99,90,SAN LUIS,3
28,SUCRE,280,SUCRE,99,Zona 99,91,SAN CAYETANO,1
28,SUCRE,280,SUCRE,99,Zona 99,92,SAN JOSE,1
28,SUCRE,280,SUCRE,99,Zona 99,93,SAN MATEO,2
28,SUCRE,280,SUCRE,99,Zona 99,94,SAN RAFAEL,1
28,SUCRE,280,SUCRE,99,Zona 99,95,TRAVESIA,2
28,SUCRE,280,SUCRE,99,Zona 99,96,FUNDACION,1
28,SUCRE,280,SUCRE,99,Zona 99,97,CACAGUAL,1
28,SUCRE,280,SUCRE,99,Zona 99,98,PUEBLO NUEVO,2
28,SUCRE,280,SUCRE,00,Zona 00,00,PUESTO CABECERA MUNICIPAL,18
28,SUCRE,300,TOLU,99,Zona 99,60,NUEVA ERA,2
28,SUCRE,300,TOLU,99,Zona 99,80,PITA ABAJO,4
28,SUCRE,300,TOLU,99,Zona 99,85,PITA EN MEDIO,3
28,SUCRE,300,TOLU,99,Zona 99,89,PUERTO VIEJO,4
28,SUCRE,300,TOLU,99,Zona 99,95,SANTA LUCIA,2
28,SUCRE,300,TOLU,99,Zona 99,96,PALO BLANCO,1
28,SUCRE,300,TOLU,99,Zona 99,97,EL FRANCES,2
28,SUCRE,300,TOLU,01,Zona 01,01,I.E. SANTA TERESITA,12
28,SUCRE,300,TOLU,01,Zona 01,02,I.E. LUIS PATRON ROSANO,18
28,SUCRE,300,TOLU,02,Zona 02,01,CENTRO DE DESARROLLO INFANTIL,15
28,SUCRE,300,TOLU,02,Zona 02,02,INST. EDUCATIVA SD FATIMA EL PROGRESO,17
28,SUCRE,320,TOLUVIEJO,99,Zona 99,20,CARACOL,3
28,SUCRE,320,TOLUVIEJO,99,Zona 99,21,CIENAGUITA,2
28,SUCRE,320,TOLUVIEJO,99,Zona 99,24,EL CAÑITO,3
28,SUCRE,320,TOLUVIEJO,99,Zona 99,26,GUALON,4
28,SUCRE,320,TOLUVIEJO,99,Zona 99,28,LA UNION,3
28,SUCRE,320,TOLUVIEJO,99,Zona 99,30,LA SIRIA,2
28,SUCRE,320,TOLUVIEJO,99,Zona 99,31,LA PICHE,2
28,SUCRE,320,TOLUVIEJO,99,Zona 99,35,LAS PIEDRAS,4
28,SUCRE,320,TOLUVIEJO,99,Zona 99,40,LOS ALTOS,1
28,SUCRE,320,TOLUVIEJO,99,Zona 99,50,MACAJAN,8
28,SUCRE,320,TOLUVIEJO,99,Zona 99,65,PALMIRA,5
28,SUCRE,320,TOLUVIEJO,99,Zona 99,80,VARSOVIA,8
28,SUCRE,320,TOLUVIEJO,99,Zona 99,85,MANICA,1
28,SUCRE,320,TOLUVIEJO,99,Zona 99,90,LA ESPERANZA,1
28,SUCRE,320,TOLUVIEJO,00,Zona 00,00,PUESTO CABECERA MUNICIPAL,21
28,SUCRE,010,BUENAVISTA,99,Zona 99,40,LAS CHICHAS,2
28,SUCRE,010,BUENAVISTA,99,Zona 99,45,COSTA RICA,1
28,SUCRE,010,BUENAVISTA,00,Zona 00,00,PUESTO CABECERA MUNICIPAL,28
28,SUCRE,020,CAIMITO,99,Zona 99,15,ALFEREZ,1
28,SUCRE,020,CAIMITO,99,Zona 99,23,CEDEÑO,1
28,SUCRE,020,CAIMITO,99,Zona 99,25,EL MAMON,2
28,SUCRE,020,CAIMITO,99,Zona 99,30,LA MEJIA,3
28,SUCRE,020,CAIMITO,99,Zona 99,50,LOS CAYITOS,3
28,SUCRE,020,CAIMITO,99,Zona 99,60,NUEVA ESTACION,2
28,SUCRE,020,CAIMITO,99,Zona 99,65,NUEVA ESTRELLA,3
28,SUCRE,020,CAIMITO,99,Zona 99,80,SIETE PALMAS,3
28,SUCRE,020,CAIMITO,99,Zona 99,85,BARRO BLANCO,1
28,SUCRE,020,CAIMITO,99,Zona 99,90,CANDELARIA,1
28,SUCRE,020,CAIMITO,99,Zona 99,92,PUEBLO BUHO,1
28,SUCRE,020,CAIMITO,99,Zona 99,93,LAS PAVITAS,1
28,SUCRE,020,CAIMITO,00,Zona 00,00,PUESTO CABECERA MUNICIPAL,15
28,SUCRE,030,COLOSO (RICAURTE),99,Zona 99,70,CHINULITO,3
28,SUCRE,030,COLOSO (RICAURTE),99,Zona 99,73,EL BAJO DE DON JUAN,2
28,SUCRE,030,COLOSO (RICAURTE),99,Zona 99,75,EL CERRO,1
28,SUCRE,030,COLOSO (RICAURTE),99,Zona 99,80,SAN ANTONIO,1
28,SUCRE,030,COLOSO (RICAURTE),99,Zona 99,82,CEIBA,1
28,SUCRE,030,COLOSO (RICAURTE),00,Zona 00,00,PUESTO CABECERA MUNICIPAL,19
28,SUCRE,041,COVEÑAS,99,Zona 99,10,BOCA DE LA CIENAGA,3
28,SUCRE,041,COVEÑAS,99,Zona 99,30,EL REPARO,3
28,SUCRE,041,COVEÑAS,99,Zona 99,40,GUAYABAL,8
28,SUCRE,041,COVEÑAS,99,Zona 99,50,TORRENTE INDIGENA,2
28,SUCRE,041,COVEÑAS,00,Zona 00,00,PUESTO CABECERA MUNICIPAL,31
28,SUCRE,042,EL ROBLE,99,Zona 99,15,CALLEJON,1
28,SUCRE,042,EL ROBLE,99,Zona 99,19,CAYO DE PALMA,2
28,SUCRE,042,EL ROBLE,99,Zona 99,25,CORNETA,3
28,SUCRE,042,EL ROBLE,99,Zona 99,28,GRILLO ALEGRE,1
28,SUCRE,042,EL ROBLE,99,Zona 99,41,LAS TABLITAS,2
28,SUCRE,042,EL ROBLE,99,Zona 99,42,PATILLAL,1
28,SUCRE,042,EL ROBLE,99,Zona 99,43,EL SITIO,4
28,SUCRE,042,EL ROBLE,99,Zona 99,44,PALMITAL,1
28,SUCRE,042,EL ROBLE,99,Zona 99,82,SAN FRANCISCO,3
28,SUCRE,042,EL ROBLE,99,Zona 99,90,VILLAVICENCIO (PALMA GIPATA),1
28,SUCRE,042,EL ROBLE,99,Zona 99,95,TIERRA SANTA,1
28,SUCRE,042,EL ROBLE,99,Zona 99,96,SANTA ROSA,1
28,SUCRE,042,EL ROBLE,99,Zona 99,97,RANCHO DE LA CRUZ,1
28,SUCRE,042,EL ROBLE,00,Zona 00,00,PUESTO CABECERA MUNICIPAL,14
28,SUCRE,045,CHALAN,99,Zona 99,60,LA CEIBA,2
28,SUCRE,045,CHALAN,99,Zona 99,65,JONEY,1
28,SUCRE,045,CHALAN,99,Zona 99,66,VEREDA DESBARRANCADO,2
28,SUCRE,045,CHALAN,00,Zona 00,00,PUESTO CABECERA MUNICIPAL,12
28,SUCRE,048,GALERAS (NUEVA GRANADA),99,Zona 99,20,BARAYA,3
28,SUCRE,048,GALERAS (NUEVA GRANADA),99,Zona 99,35,JUNIN,2
28,SUCRE,048,GALERAS (NUEVA GRANADA),99,Zona 99,40,PUERTO FRANCO,4
28,SUCRE,048,GALERAS (NUEVA GRANADA),99,Zona 99,60,SAN ANDRES DE PALOMO,4
28,SUCRE,048,GALERAS (NUEVA GRANADA),99,Zona 99,80,SAN JOSE DE RIVERA,2
28,SUCRE,048,GALERAS (NUEVA GRANADA),99,Zona 99,85,PUEBLO NUEVO,1
28,SUCRE,048,GALERAS (NUEVA GRANADA),99,Zona 99,90,ABRE EL OJO,1
28,SUCRE,048,GALERAS (NUEVA GRANADA),00,Zona 00,00,PUESTO CABECERA MUNICIPAL,40
28,SUCRE,049,GUARANDA,99,Zona 99,20,CONCORDIA,1
28,SUCRE,049,GUARANDA,99,Zona 99,30,DIAZ GRANADOS,1
28,SUCRE,049,GUARANDA,99,Zona 99,50,GAVALDA,3
28,SUCRE,049,GUARANDA,99,Zona 99,55,LA CEJA,1
28,SUCRE,049,GUARANDA,99,Zona 99,58,LAS PAVAS,2
28,SUCRE,049,GUARANDA,99,Zona 99,63,NUEVA ESPERANZA,3
28,SUCRE,049,GUARANDA,99,Zona 99,70,PALMARITICO,3
28,SUCRE,049,GUARANDA,99,Zona 99,80,PUERTO LOPEZ,4
28,SUCRE,049,GUARANDA,99,Zona 99,85,QUEBRADASECA UNIDA,2
28,SUCRE,049,GUARANDA,99,Zona 99,90,TIERRA SANTA,2
28,SUCRE,049,GUARANDA,99,Zona 99,91,PUERTO AZUL,1
28,SUCRE,049,GUARANDA,99,Zona 99,92,SAN MATIAS,1
28,SUCRE,049,GUARANDA,99,Zona 99,93,EL HUMO,1
28,SUCRE,049,GUARANDA,99,Zona 99,94,SAN RAFAEL,1
28,SUCRE,049,GUARANDA,00,Zona 00,00,PUESTO CABECERA MUNICIPAL,25
28,SUCRE,050,LA UNION,99,Zona 99,01,CAYO DELGADO,2
28,SUCRE,050,LA UNION,99,Zona 99,20,LA CONCEPCION,1
28,SUCRE,050,LA UNION,99,Zona 99,30,LAS PALMITAS,2
28,SUCRE,050,LA UNION,99,Zona 99,50,PAJARITO,3
28,SUCRE,050,LA UNION,99,Zona 99,70,SABANETA,3
28,SUCRE,050,LA UNION,99,Zona 99,75,VILLA FATIMA,1
28,SUCRE,050,LA UNION,00,Zona 00,00,PUESTO CABECERA MUNICIPAL,22
28,SUCRE,055,LOS PALMITOS,99,Zona 99,01,EL COLEY,3
28,SUCRE,055,LOS PALMITOS,99,Zona 99,02,EL PIÑAL,5
28,SUCRE,055,LOS PALMITOS,99,Zona 99,03,PALMAS DE VINO,4
28,SUCRE,055,LOS PALMITOS,99,Zona 99,04,SABANAS DE BELTRAN,6
28,SUCRE,055,LOS PALMITOS,99,Zona 99,05,SABANAS DE PEDRO,5
28,SUCRE,055,LOS PALMITOS,99,Zona 99,06,JESUS MARIA DE PALMITOS,2
28,SUCRE,055,LOS PALMITOS,99,Zona 99,09,NARANJAL,1
28,SUCRE,055,LOS PALMITOS,99,Zona 99,30,BIRMANIA,2
28,SUCRE,055,LOS PALMITOS,99,Zona 99,31,HATILLO,2
28,SUCRE,055,LOS PALMITOS,00,Zona 00,00,PUESTO CABECERA MUNICIPAL,32
28,SUCRE,060,MAJAGUAL,99,Zona 99,03,BOCA DE LAS MUJERES,2
28,SUCRE,060,MAJAGUAL,99,Zona 99,04,EL COCO,2
28,SUCRE,060,MAJAGUAL,99,Zona 99,06,EL COROZAL,2
28,SUCRE,060,MAJAGUAL,99,Zona 99,07,EL CIEGO,1
28,SUCRE,060,MAJAGUAL,99,Zona 99,08,EL PALOMAR,2
28,SUCRE,060,MAJAGUAL,99,Zona 99,11,EL NARANJO,4
28,SUCRE,060,MAJAGUAL,99,Zona 99,13,EDUARDO SANTOS,3
28,SUCRE,060,MAJAGUAL,99,Zona 99,34,LA SIERPITA,5
28,SUCRE,060,MAJAGUAL,99,Zona 99,35,LAS PALMITAS,4
28,SUCRE,060,MAJAGUAL,99,Zona 99,36,LOS PATOS,2
28,SUCRE,060,MAJAGUAL,99,Zona 99,37,MIRA FLOREZ,3
28,SUCRE,060,MAJAGUAL,99,Zona 99,38,LAS MARTHAS,2
28,SUCRE,060,MAJAGUAL,99,Zona 99,39,LAS CANDELARIAS,3
28,SUCRE,060,MAJAGUAL,99,Zona 99,40,LAS TRES BOCAS,2
28,SUCRE,060,MAJAGUAL,99,Zona 99,41,LEON BLANCO,1
28,SUCRE,060,MAJAGUAL,99,Zona 99,42,PALMARITO,2
28,SUCRE,060,MAJAGUAL,99,Zona 99,50,PIZA,4
28,SUCRE,060,MAJAGUAL,99,Zona 99,58,PUEBLONUEVO,4
28,SUCRE,060,MAJAGUAL,99,Zona 99,65,SAN MIGUEL,1
28,SUCRE,060,MAJAGUAL,99,Zona 99,66,SAN ROQUE,6
28,SUCRE,060,MAJAGUAL,99,Zona 99,74,SANTANDER,3
28,SUCRE,060,MAJAGUAL,99,Zona 99,76,SINCELEJITO,2
28,SUCRE,060,MAJAGUAL,99,Zona 99,82,TOMALA,2
28,SUCRE,060,MAJAGUAL,99,Zona 99,85,TOTUMAL,1
28,SUCRE,060,MAJAGUAL,99,Zona 99,90,ZAPATA,4
28,SUCRE,060,MAJAGUAL,99,Zona 99,91,EL TAMACO,1
28,SUCRE,060,MAJAGUAL,99,Zona 99,92,EL BRILLANTE,1
28,SUCRE,060,MAJAGUAL,99,Zona 99,93,SITIO NUEVO EL PANDO,1
28,SUCRE,060,MAJAGUAL,99,Zona 99,94,COCO SOLO,1
28,SUCRE,060,MAJAGUAL,00,Zona 00,00,PUESTO CABECERA MUNICIPAL,30
28,SUCRE,080,MORROA,99,Zona 99,10,BREMEN,4
28,SUCRE,080,MORROA,99,Zona 99,12,BRISAS DEL MAR,2
28,SUCRE,080,MORROA,99,Zona 99,15,CAMBIMBA,1
28,SUCRE,080,MORROA,99,Zona 99,30,EL RINCON,1
28,SUCRE,080,MORROA,99,Zona 99,45,EL YESO,2
28,SUCRE,080,MORROA,99,Zona 99,60,LAS FLORES,2
28,SUCRE,080,MORROA,99,Zona 99,65,PICHILIN,1
28,SUCRE,080,MORROA,99,Zona 99,70,SABANAS DE CALI,3
28,SUCRE,080,MORROA,99,Zona 99,75,SABANETA,1
28,SUCRE,080,MORROA,99,Zona 99,90,TUMBATORO,1
28,SUCRE,080,MORROA,99,Zona 99,91,EL TOLIMA,1
28,SUCRE,080,MORROA,00,Zona 00,00,PUESTO CABECERA MUNICIPAL,31
28,SUCRE,001,SINCELEJO,90,Zona 90,01,IE CONCENTRACION SIMON ARAUJITO,15
28,SUCRE,001,SINCELEJO,98,Zona 98,01,CARCEL NACIONAL LA VEGA,1
28,SUCRE,001,SINCELEJO,99,Zona 99,01,EL CINCO,1
28,SUCRE,001,SINCELEJO,99,Zona 99,06,CASTAÑEDA,4
28,SUCRE,001,SINCELEJO,99,Zona 99,09,CHOCHO,15
28,SUCRE,001,SINCELEJO,99,Zona 99,12,LAS PALMAS,3
28,SUCRE,001,SINCELEJO,99,Zona 99,18,LA ARENA,5
28,SUCRE,001,SINCELEJO,99,Zona 99,24,LA CHIVERA,1
28,SUCRE,001,SINCELEJO,99,Zona 99,30,LA PEÑATA,4
28,SUCRE,001,SINCELEJO,99,Zona 99,36,LAS MAJAGUAS,1
28,SUCRE,001,SINCELEJO,99,Zona 99,42,SAN RAFAEL (EL ZANJON),1
28,SUCRE,001,SINCELEJO,99,Zona 99,48,CRUZ DEL BEQUE,2
28,SUCRE,001,SINCELEJO,99,Zona 99,54,EL CERRITO,3
28,SUCRE,001,SINCELEJO,99,Zona 99,60,LAGUNA FLOR,2
28,SUCRE,001,SINCELEJO,99,Zona 99,66,LAS HUERTAS,2
28,SUCRE,001,SINCELEJO,99,Zona 99,69,SAN ANTONIO,4
28,SUCRE,001,SINCELEJO,99,Zona 99,72,BUENAVISTA,3
28,SUCRE,001,SINCELEJO,99,Zona 99,78,LA GALLERA,7
28,SUCRE,001,SINCELEJO,99,Zona 99,79,VILLA ROSITA,1
28,SUCRE,001,SINCELEJO,99,Zona 99,84,SAN JACINTO (MOCHA),2
28,SUCRE,001,SINCELEJO,99,Zona 99,87,SABANAS DEL POTRERO,4
28,SUCRE,001,SINCELEJO,99,Zona 99,90,VILLA DE SAN MARTIN,3
28,SUCRE,001,SINCELEJO,99,Zona 99,92,BABILONIA,3
28,SUCRE,001,SINCELEJO,99,Zona 99,94,BUENAVISTICA,1
28,SUCRE,001,SINCELEJO,99,Zona 99,96,CERRO DEL NARANJO,1
28,SUCRE,001,SINCELEJO,99,Zona 99,97,SAN NICOLAS,2
28,SUCRE,001,SINCELEJO,99,Zona 99,98,BUENOS AIRES,2
28,SUCRE,001,SINCELEJO,01,Zona 01,01,IE DULCE NOMBRE DE JESUS,24
28,SUCRE,001,SINCELEJO,01,Zona 01,02,IE NORMAL SUPERIOR DE SINCELEJO,28
28,SUCRE,001,SINCELEJO,01,Zona 01,03,I.E. JUANITA GARCIA MANJARRES,28
28,SUCRE,001,SINCELEJO,01,Zona 01,04,INSTITUCION EDUCATIVA ANTONIO PRIETO,18
28,SUCRE,001,SINCELEJO,02,Zona 02,01,IE NUESTRA SEÑORA DEL CARMEN,21
28,SUCRE,001,SINCELEJO,02,Zona 02,02,INST.EDC.20 DE ENERO,26
28,SUCRE,001,SINCELEJO,02,Zona 02,03,INSTITUCION EDUCATIVA MADRE AMALIA,32
28,SUCRE,001,SINCELEJO,03,Zona 03,01,IE ANTONIO LENIS,41
28,SUCRE,001,SINCELEJO,03,Zona 03,02,IE SAN JOSE C I P,20
28,SUCRE,001,SINCELEJO,03,Zona 03,03,IE SAN VICENTE DE PAUL,5
28,SUCRE,001,SINCELEJO,04,Zona 04,01,IE JOSE IGNACIO LOPEZ,13
28,SUCRE,001,SINCELEJO,04,Zona 04,02,IE FRANCISCO DE PAULA SANTANDER,17
28,SUCRE,001,SINCELEJO,04,Zona 04,03,CENTRO EDUCATIVO REGIONAL DE SUCRE CERS,11
28,SUCRE,001,SINCELEJO,04,Zona 04,04,CTRO DE DESAR. INFANTIL CDI DOÑA ANGELA,18
28,SUCRE,001,SINCELEJO,04,Zona 04,05,IE ANTONIO NARIÑO SEDE JUANITA,14
28,SUCRE,001,SINCELEJO,04,Zona 04,06,IE CUARTA EL SALVADOR,20
28,SUCRE,001,SINCELEJO,04,Zona 04,07,IE ALTOS DE LA SABANA,9
28,SUCRE,001,SINCELEJO,05,Zona 05,01,COL. NTRA STA DE FATIMA,24
28,SUCRE,001,SINCELEJO,05,Zona 05,02,IE SANTA ROSA DE LIMA,33
28,SUCRE,001,SINCELEJO,05,Zona 05,03,IE PARA POBLACIONES ESPECIALES,21
28,SUCRE,001,SINCELEJO,06,Zona 06,01,INSTITUCION EDUCATIVA SIMON ARAUJO,44
28,SUCRE,001,SINCELEJO,06,Zona 06,02,INSTITUCION EDUCATIVA NUEVA ESPERANZA,35
28,SUCRE,001,SINCELEJO,06,Zona 06,03,IE SAN JOSE,29
28,SUCRE,001,SINCELEJO,06,Zona 06,04,CDI LOS SABANERITOS,2
28,SUCRE,001,SINCELEJO,06,Zona 06,05,IE SIMON ARAUJO SEDE EL PROGRESO,5
28,SUCRE,040,COROZAL,99,Zona 99,16,CANTAGALLO,3
28,SUCRE,040,COROZAL,99,Zona 99,22,CHAPINERO,3
28,SUCRE,040,COROZAL,99,Zona 99,28,DON ALONSO,3
28,SUCRE,040,COROZAL,99,Zona 99,34,EL MAMON,7
28,SUCRE,040,COROZAL,99,Zona 99,46,HATO NUEVO,3
28,SUCRE,040,COROZAL,99,Zona 99,52,LAS LLANADAS,4
28,SUCRE,040,COROZAL,99,Zona 99,55,LAS PEÑAS,3
28,SUCRE,040,COROZAL,99,Zona 99,58,LAS TINAS,2
28,SUCRE,040,COROZAL,99,Zona 99,70,PILETA,4
28,SUCRE,040,COROZAL,99,Zona 99,75,EL RINCON DE LAS FLORES,2
28,SUCRE,040,COROZAL,99,Zona 99,78,LAS BRUJAS,1
28,SUCRE,040,COROZAL,99,Zona 99,81,CALLE NUEVA,1
28,SUCRE,040,COROZAL,99,Zona 99,84,VILLA NUEVA,1
28,SUCRE,040,COROZAL,99,Zona 99,87,MILAN,1
28,SUCRE,040,COROZAL,01,Zona 01,01,IE FRANCISCO JOSE DE CALDAS SD PRINCIPAL,15
28,SUCRE,040,COROZAL,01,Zona 01,02,SEDE TRES DE MARZO,14
28,SUCRE,040,COROZAL,01,Zona 01,03,ESC. NORMAL NAL. SUPERIOR,25
28,SUCRE,040,COROZAL,01,Zona 01,04,INST. EDUC. GABRIEL GARCIA MARQUEZ,14
28,SUCRE,040,COROZAL,02,Zona 02,01,SEDE SOR MARIA ANGELICA,10
28,SUCRE,040,COROZAL,02,Zona 02,02,SEDE IGNACIO MUÑOZ JARABA,8
28,SUCRE,040,COROZAL,02,Zona 02,03,INST. EDUCATIVA CARMELO PERCY VERGARA,16
28,SUCRE,040,COROZAL,02,Zona 02,04,SEDE PRIMERA DE VALPARAISO,14
29,TOLIMA,100,RONCESVALLES,99,Zona 99,01,SANTA ELENA,3
29,TOLIMA,100,RONCESVALLES,99,Zona 99,02,EL CEDRO,2
29,TOLIMA,100,RONCESVALLES,00,Zona 00,00,PUESTO CABECERA MUNICIPAL,9
29,TOLIMA,103,ROVIRA,99,Zona 99,01,EL CORAZON,1
29,TOLIMA,103,ROVIRA,99,Zona 99,02,GUADUALITO,2
29,TOLIMA,103,ROVIRA,99,Zona 99,03,HERVIDERO,1
29,TOLIMA,103,ROVIRA,99,Zona 99,04,LA FLORIDA,3
29,TOLIMA,103,ROVIRA,99,Zona 99,05,LOS ANDES,3
29,TOLIMA,103,ROVIRA,99,Zona 99,06,LA LUISA,2
29,TOLIMA,103,ROVIRA,99,Zona 99,07,LA LIBERTAD,2
29,TOLIMA,103,ROVIRA,99,Zona 99,08,LA ESPERANZA,1
29,TOLIMA,103,ROVIRA,99,Zona 99,09,RIOMANSO,3
29,TOLIMA,103,ROVIRA,99,Zona 99,13,SAN PEDRO,1
29,TOLIMA,103,ROVIRA,99,Zona 99,17,LA OSERA,1
29,TOLIMA,103,ROVIRA,99,Zona 99,25,LA CHAPA,1
29,TOLIMA,103,ROVIRA,99,Zona 99,55,SAN ROQUE,1
29,TOLIMA,103,ROVIRA,99,Zona 99,63,SAN VICENTE GUADUAL,1
29,TOLIMA,103,ROVIRA,99,Zona 99,79,LA SELVA,3
29,TOLIMA,103,ROVIRA,99,Zona 99,80,VEREDA MARTINEZ,1
29,TOLIMA,103,ROVIRA,99,Zona 99,81,HATO VIEJO,1
29,TOLIMA,103,ROVIRA,99,Zona 99,82,SAN ELOY,1
29,TOLIMA,103,ROVIRA,99,Zona 99,83,LA REFORMA,1
29,TOLIMA,103,ROVIRA,00,Zona 00,00,PUESTO CABECERA MUNICIPAL,40
29,TOLIMA,105,SALDAÑA,99,Zona 99,16,PAPAGALA,2
29,TOLIMA,105,SALDAÑA,99,Zona 99,17,VEREDA JABALCON,1
29,TOLIMA,105,SALDAÑA,99,Zona 99,18,VEREDA SAN AGUSTIN,1
29,TOLIMA,105,SALDAÑA,99,Zona 99,19,VEREDA PALMAR ARENOSA,1
29,TOLIMA,105,SALDAÑA,00,Zona 00,00,PUESTO CABECERA MUNICIPAL,33
29,TOLIMA,106,SAN ANTONIO,99,Zona 99,01,PLAYARRICA,5
29,TOLIMA,106,SAN ANTONIO,99,Zona 99,03,LA FLORIDA,1
29,TOLIMA,106,SAN ANTONIO,99,Zona 99,08,SANTA ROSA DE TETUAN,1
29,TOLIMA,106,SAN ANTONIO,99,Zona 99,09,VILLAHERMOSA,1
29,TOLIMA,106,SAN ANTONIO,00,Zona 00,00,PUESTO CABECERA MUNICIPAL,24
29,TOLIMA,109,SAN LUIS,99,Zona 99,05,EL SALITRE,1
29,TOLIMA,109,SAN LUIS,99,Zona 99,06,GUASIMITO,1
29,TOLIMA,109,SAN LUIS,99,Zona 99,08,LUISA GARCIA,3
29,TOLIMA,109,SAN LUIS,99,Zona 99,09,MALNOMBRE,2
29,TOLIMA,109,SAN LUIS,99,Zona 99,13,COL. SAN MIGUEL DE PAYANDE,9
29,TOLIMA,109,SAN LUIS,99,Zona 99,20,SANTA LUCIA,1
29,TOLIMA,109,SAN LUIS,99,Zona 99,22,TOMOGO,1
29,TOLIMA,109,SAN LUIS,99,Zona 99,23,CARACOLI,1
29,TOLIMA,109,SAN LUIS,99,Zona 99,24,I.E LIMONAR,2
29,TOLIMA,109,SAN LUIS,99,Zona 99,25,I.E PORVENIR,1
29,TOLIMA,109,SAN LUIS,00,Zona 00,00,PUESTO CABECERA MUNICIPAL,20
29,TOLIMA,112,SANTA ISABEL,99,Zona 99,01,COLON,2
29,TOLIMA,112,SANTA ISABEL,99,Zona 99,05,LA ESTRELLA,1
29,TOLIMA,112,SANTA ISABEL,99,Zona 99,07,LA CONGOJA,1
29,TOLIMA,112,SANTA ISABEL,99,Zona 99,09,SAN RAFAEL,3
29,TOLIMA,112,SANTA ISABEL,99,Zona 99,10,BOLIVAR,1
29,TOLIMA,112,SANTA ISABEL,99,Zona 99,11,LA RICA,1
29,TOLIMA,112,SANTA ISABEL,99,Zona 99,12,GUAIMARAL,1
29,TOLIMA,112,SANTA ISABEL,99,Zona 99,13,BUENAVISTA,1
29,TOLIMA,112,SANTA ISABEL,99,Zona 99,14,LA CANDELARIA,1
29,TOLIMA,112,SANTA ISABEL,00,Zona 00,00,PUESTO CABECERA MUNICIPAL,12
29,TOLIMA,115,SUAREZ,99,Zona 99,03,CAÑAVERALES,2
29,TOLIMA,115,SUAREZ,99,Zona 99,05,HATO VIEJO,2
29,TOLIMA,115,SUAREZ,99,Zona 99,14,SAN CAYETANO Y CHIRILO,1
29,TOLIMA,115,SUAREZ,99,Zona 99,15,VEREDA AGUA BLANCA,1
29,TOLIMA,115,SUAREZ,00,Zona 00,00,PUESTO CABECERA MUNICIPAL,11
29,TOLIMA,118,VALLE DE SAN JUAN,99,Zona 99,01,VEREDA LA MANGA,2
29,TOLIMA,118,VALLE DE SAN JUAN,99,Zona 99,08,VEREDA BUENAVISTA ALTA,2
29,TOLIMA,118,VALLE DE SAN JUAN,99,Zona 99,40,VEREDA NEME,1
29,TOLIMA,118,VALLE DE SAN JUAN,99,Zona 99,80,VEREDA VALLECITOS,2
29,TOLIMA,118,VALLE DE SAN JUAN,00,Zona 00,00,PUESTO CABECERA MUNICIPAL,10
29,TOLIMA,121,VENADILLO,99,Zona 99,01,JUNIN,4
29,TOLIMA,121,VENADILLO,99,Zona 99,03,LA SIERRITA,1
29,TOLIMA,121,VENADILLO,99,Zona 99,09,MALABAR,2
29,TOLIMA,121,VENADILLO,99,Zona 99,13,EL PALMAR LA ESPERANZA,1
29,TOLIMA,121,VENADILLO,99,Zona 99,80,PALMAROSA,1
29,TOLIMA,121,VENADILLO,99,Zona 99,81,VEREDA PUERTO BOY,1
29,TOLIMA,121,VENADILLO,99,Zona 99,82,VEREDA VILE,1
29,TOLIMA,121,VENADILLO,00,Zona 00,00,PUESTO CABECERA MUNICIPAL,27
29,TOLIMA,124,VILLAHERMOSA,99,Zona 99,01,PAVAS,2
29,TOLIMA,124,VILLAHERMOSA,99,Zona 99,02,LA ESMERALDA,1
29,TOLIMA,124,VILLAHERMOSA,99,Zona 99,03,PATIBURRI,1
29,TOLIMA,124,VILLAHERMOSA,99,Zona 99,04,PLATANILLAL,1
29,TOLIMA,124,VILLAHERMOSA,99,Zona 99,05,PRIMAVERA,1
29,TOLIMA,124,VILLAHERMOSA,99,Zona 99,06,SAMARIA,1
29,TOLIMA,124,VILLAHERMOSA,99,Zona 99,07,LA COLORADA,1
29,TOLIMA,124,VILLAHERMOSA,99,Zona 99,80,YARUMAL,2
29,TOLIMA,124,VILLAHERMOSA,00,Zona 00,00,PUESTO CABECERA MUNICIPAL,15
29,TOLIMA,127,VILLARRICA,99,Zona 99,03,LA COLONIA,1
29,TOLIMA,127,VILLARRICA,99,Zona 99,05,LOS ALPES,2
29,TOLIMA,127,VILLARRICA,99,Zona 99,10,LA MERCADILLA,1
29,TOLIMA,127,VILLARRICA,99,Zona 99,12,PUERTO LLERAS,1
29,TOLIMA,127,VILLARRICA,00,Zona 00,00,PUESTO CABECERA MUNICIPAL,12
29,TOLIMA,004,ALPUJARRA,99,Zona 99,01,LA ARADA,3
29,TOLIMA,004,ALPUJARRA,99,Zona 99,20,EL CARMEN,1
29,TOLIMA,004,ALPUJARRA,99,Zona 99,70,SAN LUIS,1
29,TOLIMA,004,ALPUJARRA,99,Zona 99,80,VEGA GRANDE,1
29,TOLIMA,004,ALPUJARRA,99,Zona 99,81,VEREDA ACHIRAL,1
29,TOLIMA,004,ALPUJARRA,99,Zona 99,82,VEREDA AMESES,1
29,TOLIMA,004,ALPUJARRA,00,Zona 00,00,PUESTO CABECERA MUNICIPAL,7
29,TOLIMA,007,ALVARADO,99,Zona 99,01,CALDAS VIEJO,2
29,TOLIMA,007,ALVARADO,99,Zona 99,04,ESCUELA RURAL LA TEBAIDA,2
29,TOLIMA,007,ALVARADO,99,Zona 99,05,MONTEGRANDE,1
29,TOLIMA,007,ALVARADO,99,Zona 99,07,LAGUNETA,1
29,TOLIMA,007,ALVARADO,99,Zona 99,09,RINCON DE CHIPALO,1
29,TOLIMA,007,ALVARADO,99,Zona 99,13,VERACRUZ,4
29,TOLIMA,007,ALVARADO,99,Zona 99,19,LA TIGRERA,2
29,TOLIMA,007,ALVARADO,00,Zona 00,00,PUESTO CABECERA MUNICIPAL,17
29,TOLIMA,010,AMBALEMA,99,Zona 99,01,CHORRILLO,1
29,TOLIMA,010,AMBALEMA,99,Zona 99,03,BOQUERON,1
29,TOLIMA,010,AMBALEMA,99,Zona 99,05,CUATRO ESQUINAS,1
29,TOLIMA,010,AMBALEMA,99,Zona 99,09,PAJONALES,1
29,TOLIMA,010,AMBALEMA,99,Zona 99,17,EL SANTUARIO,1
29,TOLIMA,010,AMBALEMA,00,Zona 00,00,PUESTO CABECERA MUNICIPAL,17
29,TOLIMA,013,ANZOATEGUI,99,Zona 99,05,LISBOA,4
29,TOLIMA,013,ANZOATEGUI,99,Zona 99,09,PALOMAR,2
29,TOLIMA,013,ANZOATEGUI,99,Zona 99,13,SANTA BARBARA,1
29,TOLIMA,013,ANZOATEGUI,99,Zona 99,70,SANTA RITA,1
29,TOLIMA,013,ANZOATEGUI,00,Zona 00,00,PUESTO CABECERA MUNICIPAL,19
29,TOLIMA,016,ARMERO (GUAYABAL),99,Zona 99,05,MENDEZ,1
29,TOLIMA,016,ARMERO (GUAYABAL),99,Zona 99,07,SAN FELIPE,1
29,TOLIMA,016,ARMERO (GUAYABAL),99,Zona 99,09,SAN PEDRO,3
29,TOLIMA,016,ARMERO (GUAYABAL),99,Zona 99,10,MARACAIBO,1
29,TOLIMA,016,ARMERO (GUAYABAL),99,Zona 99,11,SAN JORGE ,1
29,TOLIMA,016,ARMERO (GUAYABAL),00,Zona 00,00,PUESTO CABECERA MUNICIPAL,26
29,TOLIMA,019,ATACO,99,Zona 99,01,ANDES,1
29,TOLIMA,019,ATACO,99,Zona 99,02,BERLIN,1
29,TOLIMA,019,ATACO,99,Zona 99,04,BALSILLAS,1
29,TOLIMA,019,ATACO,99,Zona 99,06,CANOAS,2
29,TOLIMA,019,ATACO,99,Zona 99,07,CASA DE ZINC,3
29,TOLIMA,019,ATACO,99,Zona 99,08,CAMPOHERMOSO,3
29,TOLIMA,019,ATACO,99,Zona 99,09,CASA VERDE,2
29,TOLIMA,019,ATACO,99,Zona 99,10,EL PAUJIL,4
29,TOLIMA,019,ATACO,99,Zona 99,11,HOLANDA,2
29,TOLIMA,019,ATACO,99,Zona 99,12,EL CONDOR,1
29,TOLIMA,019,ATACO,99,Zona 99,17,MONTELORO,1
29,TOLIMA,019,ATACO,99,Zona 99,18,PALESTINA,1
29,TOLIMA,019,ATACO,99,Zona 99,23,POLE,2
29,TOLIMA,019,ATACO,99,Zona 99,24,POLECITO,3
29,TOLIMA,019,ATACO,99,Zona 99,25,SANTIAGO PEREZ,7
29,TOLIMA,019,ATACO,99,Zona 99,30,POMARROSO,2
29,TOLIMA,019,ATACO,99,Zona 99,75,SAN ANTONIO DE POLE,1
29,TOLIMA,019,ATACO,99,Zona 99,80,SAN PEDRO (TOTUMAL),1
29,TOLIMA,019,ATACO,00,Zona 00,00,PUESTO CABECERA MUNICIPAL,16
29,TOLIMA,025,CARMEN DE APICALA,99,Zona 99,01,VEREDA CUATRO ESQUINAS,1
29,TOLIMA,025,CARMEN DE APICALA,99,Zona 99,02,VEREDA  MORTIÑO,1
29,TOLIMA,025,CARMEN DE APICALA,99,Zona 99,03,VEREDA LA ANTIGUA,1
29,TOLIMA,025,CARMEN DE APICALA,00,Zona 00,00,PUESTO CABECERA MUNICIPAL,30
29,TOLIMA,028,CASABIANCA,99,Zona 99,01,SAN JERONIMO,3
29,TOLIMA,028,CASABIANCA,99,Zona 99,13,EL LEMBO,1
29,TOLIMA,028,CASABIANCA,00,Zona 00,00,PUESTO CABECERA MUNICIPAL,14
29,TOLIMA,031,COELLO,99,Zona 99,01,GUALANDAY,7
29,TOLIMA,031,COELLO,99,Zona 99,05,LA BARRIALOSA,1
29,TOLIMA,031,COELLO,99,Zona 99,09,VEGA DE LOS PADRES,3
29,TOLIMA,031,COELLO,99,Zona 99,13,LLANO DE LA VIRGEN,3
29,TOLIMA,031,COELLO,99,Zona 99,17,POTRERILLO,4
29,TOLIMA,031,COELLO,99,Zona 99,18,VINDI,1
29,TOLIMA,031,COELLO,99,Zona 99,19,LA SALINA,1
29,TOLIMA,031,COELLO,00,Zona 00,00,PUESTO CABECERA MUNICIPAL,9
29,TOLIMA,034,COYAIMA,99,Zona 99,01,CASTILLA,7
29,TOLIMA,034,COYAIMA,99,Zona 99,05,HILARCO,3
29,TOLIMA,034,COYAIMA,99,Zona 99,12,MESAS DE SAN JUAN,3
29,TOLIMA,034,COYAIMA,99,Zona 99,20,SANTA MARTA,2
29,TOLIMA,034,COYAIMA,99,Zona 99,21,IE CHENCHE BALSILLA,1
29,TOLIMA,034,COYAIMA,99,Zona 99,22,IE EL PALMAR,1
29,TOLIMA,034,COYAIMA,99,Zona 99,23,IE SAN MIGUEL,3
29,TOLIMA,034,COYAIMA,99,Zona 99,24,IE TOTARCO DINDE,2
29,TOLIMA,034,COYAIMA,99,Zona 99,25,VEREDA CHENCHE BUENOS AIRES,1
29,TOLIMA,034,COYAIMA,00,Zona 00,00,PUESTO CABECERA MUNICIPAL,36
29,TOLIMA,037,CUNDAY,99,Zona 99,01,LA AURORA,3
29,TOLIMA,037,CUNDAY,99,Zona 99,03,BUENAVISTA,1
29,TOLIMA,037,CUNDAY,99,Zona 99,05,SAN PABLO,1
29,TOLIMA,037,CUNDAY,99,Zona 99,13,TRES ESQUINAS,4
29,TOLIMA,037,CUNDAY,99,Zona 99,17,VALENCIA (SAN BERNARDO),2
29,TOLIMA,037,CUNDAY,99,Zona 99,21,VARSOVIA,2
29,TOLIMA,037,CUNDAY,00,Zona 00,00,PUESTO CABECERA MUNICIPAL,11
29,TOLIMA,043,DOLORES,99,Zona 99,01,AMBICA,1
29,TOLIMA,043,DOLORES,99,Zona 99,05,BERMEJO,1
29,TOLIMA,043,DOLORES,99,Zona 99,07,LA SOLEDAD,2
29,TOLIMA,043,DOLORES,99,Zona 99,09,RIONEGRO,1
29,TOLIMA,043,DOLORES,99,Zona 99,13,SAN ANDRES,2
29,TOLIMA,043,DOLORES,99,Zona 99,18,SAN JOSE,2
29,TOLIMA,043,DOLORES,99,Zona 99,19,SAN PEDRO,1
29,TOLIMA,043,DOLORES,99,Zona 99,20,CAFE LAS PAVAS,1
29,TOLIMA,043,DOLORES,00,Zona 00,00,PUESTO CABECERA MUNICIPAL,13
29,TOLIMA,049,FALAN,99,Zona 99,01,CORREGIMIENTO FRIAS,4
29,TOLIMA,049,FALAN,99,Zona 99,02,VEREDA PIEDECUESTA,2
29,TOLIMA,049,FALAN,99,Zona 99,03,VEREDA HOYO NEGRO,1
29,TOLIMA,049,FALAN,99,Zona 99,04,VEREDA ALTO DEL ROMPE,1
29,TOLIMA,049,FALAN,99,Zona 99,05,VEREDA ALTO DEL OSO,1
29,TOLIMA,049,FALAN,00,Zona 00,00,PUESTO CABECERA MUNICIPAL,11
29,TOLIMA,061,HERVEO,99,Zona 99,01,BRASIL,1
29,TOLIMA,061,HERVEO,99,Zona 99,02,ARENILLO,1
29,TOLIMA,061,HERVEO,99,Zona 99,03,LA PICOTA,1
29,TOLIMA,061,HERVEO,99,Zona 99,05,LETRAS,1
29,TOLIMA,061,HERVEO,99,Zona 99,09,MESONES,1
29,TOLIMA,061,HERVEO,99,Zona 99,13,PADUA,4
29,TOLIMA,061,HERVEO,00,Zona 00,00,PUESTO CABECERA MUNICIPAL,11
29,TOLIMA,067,ICONONZO,99,Zona 99,01,BALCONCITOS,1
29,TOLIMA,067,ICONONZO,99,Zona 99,03,BOQUERON,1
29,TOLIMA,067,ICONONZO,99,Zona 99,05,NUEVO MUNDO,1
29,TOLIMA,067,ICONONZO,99,Zona 99,07,PATICUINDE,1
29,TOLIMA,067,ICONONZO,99,Zona 99,09,YOPAL,1
29,TOLIMA,067,ICONONZO,00,Zona 00,00,PUESTO CABECERA MUNICIPAL,24
29,TOLIMA,070,LERIDA,99,Zona 99,01,DELICIAS,2
29,TOLIMA,070,LERIDA,99,Zona 99,04,IGUASITOS,2
29,TOLIMA,070,LERIDA,99,Zona 99,05,LA SIERRA,3
29,TOLIMA,070,LERIDA,99,Zona 99,09,PADILLA,2
29,TOLIMA,070,LERIDA,00,Zona 00,00,PUESTO CABECERA MUNICIPAL,38
29,TOLIMA,080,MURILLO,99,Zona 99,24,EL BOSQUE,1
29,TOLIMA,080,MURILLO,99,Zona 99,45,LA ESPERANZA,1
29,TOLIMA,080,MURILLO,00,Zona 00,00,PUESTO CABECERA MUNICIPAL,10
29,TOLIMA,085,ORTEGA,99,Zona 99,01,GUAIPA,2
29,TOLIMA,085,ORTEGA,99,Zona 99,03,CHAPINERO (BUENOS AIRES),3
29,TOLIMA,085,ORTEGA,99,Zona 99,04,EL VERGEL,7
29,TOLIMA,085,ORTEGA,99,Zona 99,05,HORIZONTE,2
29,TOLIMA,085,ORTEGA,99,Zona 99,06,LA BALSA,1
29,TOLIMA,085,ORTEGA,99,Zona 99,07,HATO DE IGLESIA,3
29,TOLIMA,085,ORTEGA,99,Zona 99,08,LA COLORADA,1
29,TOLIMA,085,ORTEGA,99,Zona 99,09,MESA DE ORTEGA,3
29,TOLIMA,085,ORTEGA,99,Zona 99,10,CANALI (CHICALA),1
29,TOLIMA,085,ORTEGA,99,Zona 99,11,CEDRALES,2
29,TOLIMA,085,ORTEGA,99,Zona 99,12,EL MACO,1
29,TOLIMA,085,ORTEGA,99,Zona 99,13,OLAYA HERRERA,3
29,TOLIMA,085,ORTEGA,99,Zona 99,19,CORAZON DE PERALONZO,2
29,TOLIMA,085,ORTEGA,99,Zona 99,21,GUATAVITA TUA,3
29,TOLIMA,085,ORTEGA,99,Zona 99,28,LOS GUAYABOS,4
29,TOLIMA,085,ORTEGA,99,Zona 99,37,LA SORTIJA,2
29,TOLIMA,085,ORTEGA,99,Zona 99,42,LOS ANDES,1
29,TOLIMA,085,ORTEGA,99,Zona 99,75,PALOMA PERALONSO,3
29,TOLIMA,085,ORTEGA,99,Zona 99,85,SANTUARIO,1
29,TOLIMA,085,ORTEGA,99,Zona 99,86,SAN NICOLAS,2
29,TOLIMA,085,ORTEGA,99,Zona 99,87,MESA DE CUCUANA,1
29,TOLIMA,085,ORTEGA,00,Zona 00,00,PUESTO CABECERA MUNICIPAL,32
29,TOLIMA,087,PALOCABILDO,99,Zona 99,01,SEDE EDUCATIVA ASTURIAS,1
29,TOLIMA,087,PALOCABILDO,00,Zona 00,00,PUESTO CABECERA MUNICIPAL,24
29,TOLIMA,088,PIEDRAS,99,Zona 99,01,DOIMA,6
29,TOLIMA,088,PIEDRAS,99,Zona 99,15,GUATAQUISITO,1
29,TOLIMA,088,PIEDRAS,99,Zona 99,23,PARADERO CHIPALO,2
29,TOLIMA,088,PIEDRAS,00,Zona 00,00,PUESTO CABECERA MUNICIPAL,9
29,TOLIMA,089,PLANADAS,99,Zona 99,30,BILBAO,7
29,TOLIMA,089,PLANADAS,99,Zona 99,40,LA ILUSION,2
29,TOLIMA,089,PLANADAS,99,Zona 99,60,GAITANIA,12
29,TOLIMA,089,PLANADAS,99,Zona 99,70,RIO CLARO,1
29,TOLIMA,089,PLANADAS,99,Zona 99,73,SAN MIGUEL,1
29,TOLIMA,089,PLANADAS,99,Zona 99,75,BRUSELAS,2
29,TOLIMA,089,PLANADAS,99,Zona 99,85,LA ESTRELLA,2
29,TOLIMA,089,PLANADAS,99,Zona 99,86,RESGUARDO INDIGENA,3
29,TOLIMA,089,PLANADAS,00,Zona 00,00,PUESTO CABECERA MUNICIPAL,45
29,TOLIMA,091,PRADO,99,Zona 99,01,ACO,1
29,TOLIMA,091,PRADO,99,Zona 99,13,MONTOSO,4
29,TOLIMA,091,PRADO,99,Zona 99,15,ISLA DEL SOL,1
29,TOLIMA,091,PRADO,99,Zona 99,20,MALTA,1
29,TOLIMA,091,PRADO,00,Zona 00,00,PUESTO CABECERA MUNICIPAL,19
29,TOLIMA,094,PURIFICACION,99,Zona 99,01,CHENCHE ASOLEADO,5
29,TOLIMA,094,PURIFICACION,99,Zona 99,02,CAIRO SOCORRO,3
29,TOLIMA,094,PURIFICACION,99,Zona 99,03,TIGRE Y CONSUELO,3
29,TOLIMA,094,PURIFICACION,99,Zona 99,05,LOZANIA,1
29,TOLIMA,094,PURIFICACION,99,Zona 99,07,PEÑONES ALTOS,2
29,TOLIMA,094,PURIFICACION,99,Zona 99,15,VILLA ESPERANZA,2
29,TOLIMA,094,PURIFICACION,00,Zona 00,00,PUESTO CABECERA MUNICIPAL,45
29,TOLIMA,022,CAJAMARCA,99,Zona 99,01,ANAIME,4
29,TOLIMA,022,CAJAMARCA,99,Zona 99,03,EL CAJON,2
29,TOLIMA,022,CAJAMARCA,99,Zona 99,04,VEREDA SANTANA,1
29,TOLIMA,022,CAJAMARCA,00,Zona 00,01,IE TEC NTRA SRA DEL ROSARIO SD PPAL,18
29,TOLIMA,022,CAJAMARCA,00,Zona 00,02,ESC NUESTRA STRA DEL ROSARIO SD 2,26
29,TOLIMA,052,FLANDES,99,Zona 99,30,IE MARIA INMACULADA SD 2,4
29,TOLIMA,052,FLANDES,99,Zona 99,31,CAMALA,2
29,TOLIMA,052,FLANDES,00,Zona 00,01,IE JORGE ELIECER GAITAN,37
29,TOLIMA,052,FLANDES,00,Zona 00,02,IE MANUELA OMAÑA,16
29,TOLIMA,082,NATAGAIMA,99,Zona 99,01,LA PALMITA,2
29,TOLIMA,082,NATAGAIMA,99,Zona 99,03,MONTEFRIO,1
29,TOLIMA,082,NATAGAIMA,99,Zona 99,04,TAMIRCO,1
29,TOLIMA,082,NATAGAIMA,99,Zona 99,05,VELU,5
29,TOLIMA,082,NATAGAIMA,99,Zona 99,06,VEREDA PUEBLO NUEVO,1
29,TOLIMA,082,NATAGAIMA,99,Zona 99,07,VEREDA RINCON DE ANCHIQUE,1
29,TOLIMA,082,NATAGAIMA,00,Zona 00,01,INST EDU TEC FRANCISCO JOSE DE CALDAS,15
29,TOLIMA,082,NATAGAIMA,00,Zona 00,02,ESCUELA MARIA AUXILIADORA,19
29,TOLIMA,097,RIOBLANCO,99,Zona 99,01,CORREGIMIENTO HERRERA,11
29,TOLIMA,097,RIOBLANCO,99,Zona 99,02,VEREDA GAITAN,4
29,TOLIMA,097,RIOBLANCO,99,Zona 99,03,VEREDA LA LINDOSA,2
29,TOLIMA,097,RIOBLANCO,99,Zona 99,05,VDA MARACAIBO,3
29,TOLIMA,097,RIOBLANCO,99,Zona 99,06,VDA PUERTO SALDAÑA,3
29,TOLIMA,097,RIOBLANCO,99,Zona 99,09,VDA LAS JUNTAS,2
29,TOLIMA,097,RIOBLANCO,99,Zona 99,13,VDA LA ALBANIA,1
29,TOLIMA,097,RIOBLANCO,99,Zona 99,80,VEREDA URIBE,2
29,TOLIMA,097,RIOBLANCO,99,Zona 99,81,VEREDA EL QUEBRADON,1
29,TOLIMA,097,RIOBLANCO,99,Zona 99,82,VEREDA BARBACOAS,1
29,TOLIMA,097,RIOBLANCO,99,Zona 99,83,VEREDA LAS MIRLAS,1
29,TOLIMA,097,RIOBLANCO,99,Zona 99,84,VEREDA SANTA FE,1
29,TOLIMA,097,RIOBLANCO,00,Zona 00,01,COLEGIO GENERAL SANTADER,13
29,TOLIMA,097,RIOBLANCO,00,Zona 00,02,I.E.T FRANCISCO JULIAN OLAYA,13
29,TOLIMA,001,IBAGUE,10,Zona 10,01,CENTRO INTEGRAL COMUNITARIO ADULTO MAYOR,6
29,TOLIMA,001,IBAGUE,10,Zona 10,02,IE GUILLERMO ANGULO GOMEZ SEDE,17
29,TOLIMA,001,IBAGUE,10,Zona 10,03,IE JOSE CELESTINO MUTIS SEDE 2,27
29,TOLIMA,001,IBAGUE,10,Zona 10,04,IE JOSE CELESTINO MUTIS SD PRINCIPAL,32
29,TOLIMA,001,IBAGUE,11,Zona 11,01,IE LEONIDAS RUBIO VILLEGAS SD MARTIRES,16
29,TOLIMA,001,IBAGUE,11,Zona 11,02,IE ANTONIO REYES UMAÑA SD PPAL,13
29,TOLIMA,001,IBAGUE,11,Zona 11,03,IE LEONIDAS RUBIO SEDE RODRIGU,26
29,TOLIMA,001,IBAGUE,11,Zona 11,04,IE TECNICA CIUDAD IBAGUE SEDE,27
29,TOLIMA,001,IBAGUE,11,Zona 11,05,IE SAN ISIDRO SEDE PPAL,18
29,TOLIMA,001,IBAGUE,90,Zona 90,01,IE SANTIAGO VILA ESCOBAR,20
29,TOLIMA,001,IBAGUE,98,Zona 98,01,PENITENCIARIA DE PICALEÑA,1
29,TOLIMA,001,IBAGUE,99,Zona 99,01,IE LAURELES SD DANTAS,1
29,TOLIMA,001,IBAGUE,99,Zona 99,02,IE LAURELES,2
29,TOLIMA,001,IBAGUE,99,Zona 99,03,IE COELLO-COCORA,5
29,TOLIMA,001,IBAGUE,99,Zona 99,04,ESC GAMBOA,2
29,TOLIMA,001,IBAGUE,99,Zona 99,05,IE CAMILO TORRES TAPIAS,3
29,TOLIMA,001,IBAGUE,99,Zona 99,06,IE TAPIAS SEDE TOCHE,1
29,TOLIMA,001,IBAGUE,99,Zona 99,09,IE JUNTAS,2
29,TOLIMA,001,IBAGUE,99,Zona 99,11,IE TEC. AMB.COMBEIMA SD OLAYA HERRERA,1
29,TOLIMA,001,IBAGUE,99,Zona 99,12,CASA CULTURA VILLARESTREPO,5
29,TOLIMA,001,IBAGUE,99,Zona 99,13,IE TEC AGROPECUARIA SD CAY,5
29,TOLIMA,001,IBAGUE,99,Zona 99,14,IE LOS CRISTALES ZONA RURAL CALAMBEO,2
29,TOLIMA,001,IBAGUE,99,Zona 99,15,IE SAN JUAN DE LA CHINA,4
29,TOLIMA,001,IBAGUE,99,Zona 99,16,ESC. ANDRES LOPEZ DE GALARZA CORREG 10,1
29,TOLIMA,001,IBAGUE,99,Zona 99,17,IE SAN BERNARDO,5
29,TOLIMA,001,IBAGUE,99,Zona 99,21,IE VDA LA ESPERANZA CORREG SALADO,2
29,TOLIMA,001,IBAGUE,99,Zona 99,22,IE CARLOS LLERAS RESTREPO SEDE CHUCUNI,2
29,TOLIMA,001,IBAGUE,99,Zona 99,25,IE NVA ESPERANZA LA PALMA BUENOS AIRES,3
29,TOLIMA,001,IBAGUE,99,Zona 99,26,IE NVA ESPERANZA LA PALMA SEDE LA MIEL,3
29,TOLIMA,001,IBAGUE,99,Zona 99,29,IE FERNANDO VILLALOBOS SD CARMEN BULIRA,2
29,TOLIMA,001,IBAGUE,99,Zona 99,33,IE FERNANDO VILLALOBOS SD TOTUMO,8
29,TOLIMA,001,IBAGUE,99,Zona 99,34,ESC LA ESPERANZA VDA MARTINICA PTE BAJA,1
29,TOLIMA,001,IBAGUE,99,Zona 99,37,IE SAN FRANCISCO CORREG LA FLORIDA,2
29,TOLIMA,001,IBAGUE,99,Zona 99,38,IE SAN FRANCISCO SEDE CURAL LA TIGRERA,2
29,TOLIMA,001,IBAGUE,99,Zona 99,41,SALON COMUNAL VEREDA SANTA TERESA,1
29,TOLIMA,001,IBAGUE,99,Zona 99,44,IE TEC AMB COMBEIMA SD NICOLAS ESGUERRA,2
29,TOLIMA,001,IBAGUE,99,Zona 99,45,IE TEC AMB COMBEIMA SD PRINCIPAL,1
29,TOLIMA,001,IBAGUE,01,Zona 01,01,UNIVERSIDAD COOPERATIVA NUEVA SEDE,25
29,TOLIMA,001,IBAGUE,01,Zona 01,02,CONSERVATORIO DE TOLIMA,12
29,TOLIMA,001,IBAGUE,01,Zona 01,03,CORPORACION UNIFICADA CUN,23
29,TOLIMA,001,IBAGUE,01,Zona 01,04,UNIMINUTO SEDE CENTRO,2
29,TOLIMA,001,IBAGUE,01,Zona 01,05,IE NELSY GARCIA OCAMPO SEDE 1,9
29,TOLIMA,001,IBAGUE,01,Zona 01,06,IE MARIANO MELENDRO SEDE 2,5
29,TOLIMA,001,IBAGUE,01,Zona 01,07,IE SIMON BOLIVAR,14
29,TOLIMA,001,IBAGUE,01,Zona 01,08,COLEGIO MARIA INMACULADA,22
29,TOLIMA,001,IBAGUE,01,Zona 01,09,UNIVERSIDAD DEL TOLIMA SEDE OCOBOS,2
29,TOLIMA,001,IBAGUE,02,Zona 02,01,COLEGIO TOLIMENSE,41
29,TOLIMA,001,IBAGUE,02,Zona 02,02,IE GERMAN PARDO SEDE PRINCIPAL,23
29,TOLIMA,001,IBAGUE,02,Zona 02,03,IE JORGE QUEVEDO VELASQUEZ,5
29,TOLIMA,001,IBAGUE,02,Zona 02,04,UNIVERSIDAD ANTONIO NARIÑO,21
29,TOLIMA,001,IBAGUE,02,Zona 02,05,IE ROMULO MORALES PARRA,4
29,TOLIMA,001,IBAGUE,03,Zona 03,01,IE INEM MANUEL MURILLO TORO SE 1,14
29,TOLIMA,001,IBAGUE,03,Zona 03,02,IE BOYACA SEDE 1,12
29,TOLIMA,001,IBAGUE,03,Zona 03,03,IE ESC NORMAL SUPERIOR SEDE 1,21
29,TOLIMA,001,IBAGUE,03,Zona 03,04,IE JOAQUIN PARIS,12
29,TOLIMA,001,IBAGUE,03,Zona 03,05,IE SAN SIMON SEDE 1,21
29,TOLIMA,001,IBAGUE,03,Zona 03,06,IE AMINA MELENDRO PULECIO SEDE EL CARMEN,2
29,TOLIMA,001,IBAGUE,03,Zona 03,07,IE BOYACA SEDE LAS AMERICAS,4
29,TOLIMA,001,IBAGUE,04,Zona 04,01,IE JORGE ELICER GAITAN SD 1,24
29,TOLIMA,001,IBAGUE,04,Zona 04,02,HOGAR INFANTIL EL PARAISO,13
29,TOLIMA,001,IBAGUE,04,Zona 04,03,IE JORGE ELIECER GAITAN SEDE 2,21
29,TOLIMA,001,IBAGUE,04,Zona 04,04,IE NIÑO JESUS DE PRAGA SEDE 1,35
29,TOLIMA,001,IBAGUE,04,Zona 04,05,IE CELMIRA HUERTAS,23
29,TOLIMA,001,IBAGUE,04,Zona 04,06,IE SAN JOSE,24
29,TOLIMA,001,IBAGUE,04,Zona 04,07,IE SAGRADA FAMILIA,30
29,TOLIMA,001,IBAGUE,04,Zona 04,08,IE SAN SIMON SEDE RESTREPO,5
29,TOLIMA,001,IBAGUE,05,Zona 05,01,UNIV DE IBAGUE CORUNIVERSITARIA,41
29,TOLIMA,001,IBAGUE,05,Zona 05,02,IE LUIS CARLOS GALAN SARMIENTO,11
29,TOLIMA,001,IBAGUE,05,Zona 05,03,IE ISMAEL SANTOFIMIO SEDE PRIN,25
29,TOLIMA,001,IBAGUE,05,Zona 05,04,IE CIUDAD ARKALA,13
29,TOLIMA,001,IBAGUE,05,Zona 05,05,IE TECNICA BICENTENARIO,9
29,TOLIMA,001,IBAGUE,05,Zona 05,06,UNIVERSIDAD UNIMINUTO SEDE SHIKALA,5
29,TOLIMA,001,IBAGUE,06,Zona 06,01,IE FCO PAULA SANTANDER SEDE VIL,13
29,TOLIMA,001,IBAGUE,06,Zona 06,02,IE FCO DE PAULA SANTANDER SD PACANDE,3
29,TOLIMA,001,IBAGUE,06,Zona 06,03,IE SALADO SEDE 1,38
29,TOLIMA,001,IBAGUE,06,Zona 06,04,IE CARLOS LLERAS RESTREPO SD SALADO,27
29,TOLIMA,001,IBAGUE,06,Zona 06,05,IE MODELIA SD EL PAIS,8
29,TOLIMA,001,IBAGUE,06,Zona 06,06,IE ANA JULIA SUAREZ DE ZORROZA,24
29,TOLIMA,001,IBAGUE,06,Zona 06,07,IE TEC ANTONIO NARIÑO MEGACOL. NAZARETH,11
29,TOLIMA,001,IBAGUE,07,Zona 07,01,IE TECNICA ALBERTO CASTILLA SD TOPACIO,24
29,TOLIMA,001,IBAGUE,07,Zona 07,02,IE TECNICA ALBERTO CASTILLA SD PRINCIPAL,18
29,TOLIMA,001,IBAGUE,07,Zona 07,03,IE RAICES DEL FUTURO SEDE 1,28
29,TOLIMA,001,IBAGUE,07,Zona 07,04,IE OFICIAL EL JARDIN,10
29,TOLIMA,001,IBAGUE,07,Zona 07,05,IE FE Y ALEGRIA SEDE 1,19
29,TOLIMA,001,IBAGUE,07,Zona 07,06,IE TULIO VARON,4
29,TOLIMA,001,IBAGUE,07,Zona 07,07,IE ALFONSO PALACIO RUDAS,8
29,TOLIMA,001,IBAGUE,07,Zona 07,08,COLEGIO TECNICO CARLOS J HUELGOS,24
29,TOLIMA,001,IBAGUE,07,Zona 07,09,I T. EMPRESARIAL MAXIMILIANO NEIRA LAMUS,5
29,TOLIMA,001,IBAGUE,08,Zona 08,01,IE EXALUMNAS DE LA PRESENTACION,18
29,TOLIMA,001,IBAGUE,08,Zona 08,02,IE JUAN LOZANO SEDE 1,11
29,TOLIMA,001,IBAGUE,08,Zona 08,03,IE JOSE JOAQUIN FLOREZ SEDE 4,11
29,TOLIMA,001,IBAGUE,08,Zona 08,04,IE JOSE JOAQUIN FLOREZ SEDE 2,9
29,TOLIMA,001,IBAGUE,08,Zona 08,05,IE JOSE JOAQUIN FLOREZ SEDE 1,26
29,TOLIMA,001,IBAGUE,08,Zona 08,06,IE TECNICA CIUDAD LUZ SEDE 1,13
29,TOLIMA,001,IBAGUE,08,Zona 08,07,IE SECUNDINO PORRAS,7
29,TOLIMA,001,IBAGUE,08,Zona 08,08,COL CHAMPAGNAT,34
29,TOLIMA,001,IBAGUE,08,Zona 08,09,IE AUGUSTO E MEDINA COMFENALCO TOLIMA,21
29,TOLIMA,001,IBAGUE,08,Zona 08,10,IE JUAN LOZANO Y L SEDE HERMANO ARSENIO,4
29,TOLIMA,001,IBAGUE,08,Zona 08,11,COL. EL MINUTO DE DIOS ARB.CAMPESTRE,9
29,TOLIMA,001,IBAGUE,09,Zona 09,01,IE ALBERTO SANTOFIMIO,29
29,TOLIMA,001,IBAGUE,09,Zona 09,02,SENA,30
29,TOLIMA,001,IBAGUE,09,Zona 09,03,IE LICEO NACIONAL SEDE 1,14
29,TOLIMA,001,IBAGUE,09,Zona 09,04,IE DARIO ECHANDIA,13
29,TOLIMA,001,IBAGUE,09,Zona 09,05,IE MIGUEL DE CERVANTES SAAVEDRA,2
29,TOLIMA,001,IBAGUE,09,Zona 09,06,IE SAN LUIS GONZAGA,4
29,TOLIMA,001,IBAGUE,09,Zona 09,07,IE SAN SIMON SEDE MONTEALEGRE,3
29,TOLIMA,040,CHAPARRAL,90,Zona 90,01,POLIDEPORTIVO PIJAO DE ORO,9
29,TOLIMA,040,CHAPARRAL,98,Zona 98,01,CARCEL DEL CIRCUITO,1
29,TOLIMA,040,CHAPARRAL,99,Zona 99,01,AMOYA ( LAS CRUCES),2
29,TOLIMA,040,CHAPARRAL,99,Zona 99,05,AMOYA (LA CORTES),2
29,TOLIMA,040,CHAPARRAL,99,Zona 99,09,AMOYA ( COPETE),1
29,TOLIMA,040,CHAPARRAL,99,Zona 99,10,EL LIMON,8
29,TOLIMA,040,CHAPARRAL,99,Zona 99,11,EL LIMON (LA PROFUNDA),1
29,TOLIMA,040,CHAPARRAL,99,Zona 99,12,CALARMA (RISALDA - CALARMA),3
29,TOLIMA,040,CHAPARRAL,99,Zona 99,13,CALARMA (POTRERITO DE LUGO),2
29,TOLIMA,040,CHAPARRAL,99,Zona 99,14,CALARMA (YAGUARA),2
29,TOLIMA,040,CHAPARRAL,99,Zona 99,15,CALARMA (VDA BRAZUELOS DELICIAS),1
29,TOLIMA,040,CHAPARRAL,99,Zona 99,16,LAS HERMOSAS (SANTA BARBARA),2
29,TOLIMA,040,CHAPARRAL,99,Zona 99,17,LAS HERMOSAS (LA VIRGINIA),2
29,TOLIMA,040,CHAPARRAL,99,Zona 99,18,LAS HERMOSAS (EL MORAL),1
29,TOLIMA,040,CHAPARRAL,99,Zona 99,60,LAS HERMOSAS(SAN JOSE DE LAS HERMOSAS),2
29,TOLIMA,040,CHAPARRAL,99,Zona 99,61,ESCUELA RURAL SAN PABLO LAS HERMOSAS,1
29,TOLIMA,040,CHAPARRAL,99,Zona 99,65,LA MARINA,4
29,TOLIMA,040,CHAPARRAL,99,Zona 99,66,LA MARINA (LAGUNILLA),1
29,TOLIMA,040,CHAPARRAL,99,Zona 99,70,EL LIMON (ICARCO),1
29,TOLIMA,040,CHAPARRAL,99,Zona 99,71,EL LIMON (IRCO DOS AGUAS),1
29,TOLIMA,040,CHAPARRAL,99,Zona 99,72,ESC. RURAL LA ALDEA CGTO EL LIMON,1
29,TOLIMA,040,CHAPARRAL,99,Zona 99,80,AMOYA LAS TAPIAS,3
29,TOLIMA,040,CHAPARRAL,99,Zona 99,81,AMOYA (LINEA DIAMANTE),1
29,TOLIMA,040,CHAPARRAL,99,Zona 99,82,AMOYA (SAN BARTOLOME),1
29,TOLIMA,040,CHAPARRAL,99,Zona 99,85,CALARMA (VISTA HERMOSA),1
29,TOLIMA,040,CHAPARRAL,01,Zona 01,01,COL. MANUEL MURILLO TORO,22
29,TOLIMA,040,CHAPARRAL,01,Zona 01,02,ESC. GABRIELA MISTRAL,19
29,TOLIMA,040,CHAPARRAL,01,Zona 01,03,ESC. VILLA DEL ROCIO,10
29,TOLIMA,040,CHAPARRAL,02,Zona 02,01,ESC. MARCO TULIO ALVIRA,11
29,TOLIMA,040,CHAPARRAL,02,Zona 02,02,SALOMON UMAÑA,6
29,TOLIMA,046,ESPINAL,90,Zona 90,01,IE NTRA SRA DE FATIMA,6
29,TOLIMA,046,ESPINAL,98,Zona 98,01,CARCEL DEL CIRCUITO,1
29,TOLIMA,046,ESPINAL,99,Zona 99,10,PATIO BONITO,4
29,TOLIMA,046,ESPINAL,99,Zona 99,20,LAS DELICIAS,2
29,TOLIMA,046,ESPINAL,99,Zona 99,25,LA CAIMANERA,2
29,TOLIMA,046,ESPINAL,99,Zona 99,40,DINDALITO,4
29,TOLIMA,046,ESPINAL,99,Zona 99,45,PASO ANCHO,3
29,TOLIMA,046,ESPINAL,99,Zona 99,A1,CHICORAL 1,12
29,TOLIMA,046,ESPINAL,99,Zona 99,A2,CHICORAL 2,9
29,TOLIMA,046,ESPINAL,01,Zona 01,01,INST EDUC MARIANO SANCHEZ SD JUAN P. II,10
29,TOLIMA,046,ESPINAL,01,Zona 01,02,IE MARIANO SANCHEZ SD CENTRAL,5
29,TOLIMA,046,ESPINAL,01,Zona 01,03,COLISEO MENOR LA MAGDALENA,17
29,TOLIMA,046,ESPINAL,01,Zona 01,04,INST.EDUC.SAN ISIDORO,24
29,TOLIMA,046,ESPINAL,01,Zona 01,05,COLEGIO CAFASUR,8
29,TOLIMA,046,ESPINAL,01,Zona 01,06,INST.EDUC. MANUEL A. BONILLA,18
29,TOLIMA,046,ESPINAL,01,Zona 01,07,COL NTRA SRA DEL ROSARIO,6
29,TOLIMA,046,ESPINAL,02,Zona 02,01,I.E. TECNICO INDUSTRIAL,15
29,TOLIMA,046,ESPINAL,02,Zona 02,02,UNIVERSIDAD COOPERATIVA,8
29,TOLIMA,046,ESPINAL,02,Zona 02,03,COLISEO BALKANES,15
29,TOLIMA,046,ESPINAL,02,Zona 02,04,COLISEO RONDON,12
29,TOLIMA,055,FRESNO,98,Zona 98,01,CARCEL,1
29,TOLIMA,055,FRESNO,99,Zona 99,01,BETANIA,3
29,TOLIMA,055,FRESNO,99,Zona 99,02,EL GUAYABO,3
29,TOLIMA,055,FRESNO,99,Zona 99,03,EL TABLAZO,7
29,TOLIMA,055,FRESNO,99,Zona 99,04,PAVAS (LOS GUAYABOS),1
29,TOLIMA,055,FRESNO,99,Zona 99,05,LA AGUADITA,5
29,TOLIMA,055,FRESNO,99,Zona 99,06,LA DIVISA,1
29,TOLIMA,055,FRESNO,99,Zona 99,09,CAMPEON,2
29,TOLIMA,055,FRESNO,99,Zona 99,15,AGUAS CLARAS,1
29,TOLIMA,055,FRESNO,99,Zona 99,20,PIEDRA GRANDE,2
29,TOLIMA,055,FRESNO,99,Zona 99,35,LAS MARIAS,2
29,TOLIMA,055,FRESNO,99,Zona 99,36,VEREDA LA PICOTA,1
29,TOLIMA,055,FRESNO,01,Zona 01,01,IE TEC SAN JOSE,15
29,TOLIMA,055,FRESNO,01,Zona 01,02,IE LICEO MARIA AUXILIADORA,13
29,TOLIMA,055,FRESNO,01,Zona 01,03,IET MARIA AUXILIADORA SEDE SAN LUIS,1
29,TOLIMA,055,FRESNO,02,Zona 02,01,IE TEC NIÑA MARIA SEDE ESCUELA CENTRO,5
29,TOLIMA,055,FRESNO,02,Zona 02,02,IET NIÑA MARIA SEDE PRINCIPAL,17
29,TOLIMA,055,FRESNO,02,Zona 02,03,IET MARIA AUXILIADORA SEDE JUAN B CORTES,10
29,TOLIMA,058,GUAMO,98,Zona 98,01,CARCEL DEL CIRCUITO,1
29,TOLIMA,058,GUAMO,99,Zona 99,19,CERROGORDO,2
29,TOLIMA,058,GUAMO,99,Zona 99,29,EL JARDIN,2
29,TOLIMA,058,GUAMO,99,Zona 99,49,LA CHAMBA,3
29,TOLIMA,058,GUAMO,99,Zona 99,69,LAS MERCEDES,2
29,TOLIMA,058,GUAMO,99,Zona 99,79,RINCON SANTO,4
29,TOLIMA,058,GUAMO,99,Zona 99,80,SERREZUELA,1
29,TOLIMA,058,GUAMO,99,Zona 99,81,GUAMAL,1
29,TOLIMA,058,GUAMO,01,Zona 01,01,COLEGIO CALDAS,24
29,TOLIMA,058,GUAMO,01,Zona 01,02,ESCUELA EL CARMEN,13
29,TOLIMA,058,GUAMO,02,Zona 02,01,COLEGIO INDUSTRIAL,19
29,TOLIMA,058,GUAMO,02,Zona 02,02,COL. SOR JOSEFA DEL CASTILLO,10
29,TOLIMA,058,GUAMO,02,Zona 02,03,ESCUELA IFA,1
29,TOLIMA,064,HONDA,90,Zona 90,01,COLEGIO DEL ALTO ROSARIO,9
29,TOLIMA,064,HONDA,98,Zona 98,01,CARCEL,1
29,TOLIMA,064,HONDA,01,Zona 01,01,COLEGIO GENERAL SANTANDER,25
29,TOLIMA,064,HONDA,01,Zona 01,02,COLEGIO NACIONAL  INTEGRADO,10
29,TOLIMA,064,HONDA,02,Zona 02,01,COLEGIO BARRIO LA SONRISA,11
29,TOLIMA,064,HONDA,02,Zona 02,02,COL. ANTONIO HERRAN ZALDUA,8
29,TOLIMA,073,LIBANO,90,Zona 90,01,COLEGIO NOCTURNO ALICIA VELEZ,11
29,TOLIMA,073,LIBANO,98,Zona 98,01,CARCEL MUNICIPAL,1
29,TOLIMA,073,LIBANO,99,Zona 99,05,EL CONVENIO,8
29,TOLIMA,073,LIBANO,99,Zona 99,17,TIERRADENTRO,3
29,TOLIMA,073,LIBANO,99,Zona 99,21,SANTA TERESA,4
29,TOLIMA,073,LIBANO,99,Zona 99,25,SAN FERNANDO,3
29,TOLIMA,073,LIBANO,99,Zona 99,26,VEREDA CAMPOALEGRE ,1
29,TOLIMA,073,LIBANO,99,Zona 99,27,VEREDA EL TESORO ,1
29,TOLIMA,073,LIBANO,99,Zona 99,28,VEREDA PATIO BONITO ,1
29,TOLIMA,073,LIBANO,99,Zona 99,29,VEREDA SAN JORGE ,1
29,TOLIMA,073,LIBANO,01,Zona 01,01,COLISEO MULTIFUNCIONAL VILLA OLIMPICA,16
29,TOLIMA,073,LIBANO,01,Zona 01,02,SALON COMUNAL BARRIO JARAMILLO,5
29,TOLIMA,073,LIBANO,01,Zona 01,03,IE JORGE ELIECER GAITAN AYALA,5
29,TOLIMA,073,LIBANO,01,Zona 01,04,PUNTO VIVE DIGITAL,13
29,TOLIMA,073,LIBANO,02,Zona 02,01,ESCUELA HERACLIO LASTRA,8
29,TOLIMA,073,LIBANO,02,Zona 02,02,IE NRA SRA DE LOURDES,5
29,TOLIMA,073,LIBANO,02,Zona 02,03,ESCUELA BLANCA SAENZ,11
29,TOLIMA,073,LIBANO,02,Zona 02,04,IE MANUEL TIBERIO GALLEGO,5
29,TOLIMA,076,MARIQUITA,99,Zona 99,01,I.E LAS CAMELIAS SEDE EL HATILLO,3
29,TOLIMA,076,MARIQUITA,99,Zona 99,05,I.E SANTA ANA SEDE LA CABAÑA,3
29,TOLIMA,076,MARIQUITA,01,Zona 01,01,I.E. GONZALO JIMENEZ DE QUESADA,26
29,TOLIMA,076,MARIQUITA,01,Zona 01,02,I.E. MORENO Y ESCANDON,15
29,TOLIMA,076,MARIQUITA,01,Zona 01,03,CASA COMUNAL VILLA DEL SOL,3
29,TOLIMA,076,MARIQUITA,02,Zona 02,01,I.E. REINA ISABEL II,16
29,TOLIMA,076,MARIQUITA,02,Zona 02,02,COLEGIO BILINGUE SAN SEBASTIAN,18
29,TOLIMA,076,MARIQUITA,02,Zona 02,03,SANTA LUCIA,7
29,TOLIMA,079,MELGAR,98,Zona 98,01,CARCEL DEL CIRCUITO,1
29,TOLIMA,079,MELGAR,99,Zona 99,08,CUALAMANA,6
29,TOLIMA,079,MELGAR,99,Zona 99,30,CHIMBI,2
29,TOLIMA,079,MELGAR,99,Zona 99,50,INHALY,2
29,TOLIMA,079,MELGAR,99,Zona 99,51,VEREDA GUACAMAYAS,1
29,TOLIMA,079,MELGAR,01,Zona 01,01,INST.EDUC.TEC.SUMAPAZ SED 1 P,22
29,TOLIMA,079,MELGAR,01,Zona 01,02,IE SUMAPAZ SD GABRIELA MISTRAL,18
29,TOLIMA,079,MELGAR,01,Zona 01,03,IE TEC SUMAPAZ SD SANTA CLARA,14
29,TOLIMA,079,MELGAR,02,Zona 02,01,INST.EDUC.TEC.SUMAPAZ SED 17,21
29,TOLIMA,079,MELGAR,02,Zona 02,02,INST.EDUC.TEC.SUMAPAZ SED IV,12
31,VALLE,100,TORO,99,Zona 99,01,SAN FRANCISCO,4
31,VALLE,100,TORO,99,Zona 99,02,LA PRADERA,1
31,VALLE,100,TORO,99,Zona 99,03,SAN ANTONIO,2
31,VALLE,100,TORO,99,Zona 99,04,EL CEDRO,1
31,VALLE,100,TORO,99,Zona 99,05,VENTAQUEMADA,1
31,VALLE,100,TORO,99,Zona 99,06,LA CONSOLIDA,1
31,VALLE,100,TORO,99,Zona 99,07,LA QUIEBRA,1
31,VALLE,100,TORO,99,Zona 99,08,BOHIO,2
31,VALLE,100,TORO,99,Zona 99,09,LA ROBLEDA,1
31,VALLE,100,TORO,99,Zona 99,60,PATIO BONITO,1
31,VALLE,100,TORO,99,Zona 99,80,SAN JOSE,1
31,VALLE,100,TORO,00,Zona 00,00,PUESTO CABECERA MUNICIPAL,27
31,VALLE,103,TRUJILLO,99,Zona 99,01,ALTO DE PAEZ,2
31,VALLE,103,TRUJILLO,99,Zona 99,05,ANDINAPOLIS,4
31,VALLE,103,TRUJILLO,99,Zona 99,07,BAJO CACERES,1
31,VALLE,103,TRUJILLO,99,Zona 99,09,CRISTALES,1
31,VALLE,103,TRUJILLO,99,Zona 99,10,DOS QUEBRADAS,1
31,VALLE,103,TRUJILLO,99,Zona 99,11,EL TABOR,2
31,VALLE,103,TRUJILLO,99,Zona 99,12,LA BOHEMIA,1
31,VALLE,103,TRUJILLO,99,Zona 99,13,HUASANO,2
31,VALLE,103,TRUJILLO,99,Zona 99,14,LA SONORA,1
31,VALLE,103,TRUJILLO,99,Zona 99,17,ROBLEDO,2
31,VALLE,103,TRUJILLO,99,Zona 99,18,LA SOLEDAD,1
31,VALLE,103,TRUJILLO,99,Zona 99,19,LA MARINA,1
31,VALLE,103,TRUJILLO,99,Zona 99,21,SAN ISIDRO,1
31,VALLE,103,TRUJILLO,99,Zona 99,29,VENECIA,5
31,VALLE,103,TRUJILLO,00,Zona 00,01,PUESTO CABECERA MUNICIPAL,26
31,VALLE,103,TRUJILLO,00,Zona 00,02,CABECERA MUNICIPAL (PUEBLO NUEVO),3
31,VALLE,103,TRUJILLO,00,Zona 00,03,CABECERA MUNICIPAL (LA CUCHILLA),2
31,VALLE,106,TULUA,90,Zona 90,01,PUESTO CENSO,12
31,VALLE,106,TULUA,98,Zona 98,01,CARCEL,1
31,VALLE,106,TULUA,99,Zona 99,01,CAMPOALEGRE,3
31,VALLE,106,TULUA,99,Zona 99,02,NARIÑO,10
31,VALLE,106,TULUA,99,Zona 99,03,SAN CARLOS,1
31,VALLE,106,TULUA,99,Zona 99,04,BOCAS DE TULUA,2
31,VALLE,106,TULUA,99,Zona 99,05,LA PALMERA,2
31,VALLE,106,TULUA,99,Zona 99,06,TRES ESQUINAS,5
31,VALLE,106,TULUA,99,Zona 99,08,LOS CAIMOS,1
31,VALLE,106,TULUA,99,Zona 99,09,EL PICACHO,2
31,VALLE,106,TULUA,99,Zona 99,10,LA IBERIA,2
31,VALLE,106,TULUA,99,Zona 99,11,LA MARINA,11
31,VALLE,106,TULUA,99,Zona 99,12,MATEGUADUA,1
31,VALLE,106,TULUA,99,Zona 99,13,SAN LORENZO,2
31,VALLE,106,TULUA,99,Zona 99,14,LA MORALIA,2
31,VALLE,106,TULUA,99,Zona 99,15,VENUS,1
31,VALLE,106,TULUA,99,Zona 99,16,FRAZADAS,2
31,VALLE,106,TULUA,99,Zona 99,17,SAN RAFAEL,2
31,VALLE,106,TULUA,99,Zona 99,18,LA DIADEMA,1
31,VALLE,106,TULUA,99,Zona 99,19,MONTELORO,2
31,VALLE,106,TULUA,99,Zona 99,20,JICARAMATA,1
31,VALLE,106,TULUA,99,Zona 99,21,EL RETIRO,1
31,VALLE,106,TULUA,99,Zona 99,22,QUEBRADAGRANDE,1
31,VALLE,106,TULUA,99,Zona 99,23,TOCHECITO,1
31,VALLE,106,TULUA,99,Zona 99,24,BARRAGAN,2
31,VALLE,106,TULUA,99,Zona 99,25,SANTA LUCIA,1
31,VALLE,106,TULUA,99,Zona 99,26,AGUACLARA,26
31,VALLE,106,TULUA,99,Zona 99,27,AGUACLARA NUESTRA SEÑORA DEL CARMEN,2
31,VALLE,106,TULUA,01,Zona 01,01,IE GIMNASIO DEL PACIFICO SD PRINCIPAL,27
31,VALLE,106,TULUA,01,Zona 01,02,IE MARIA ANTONIA RUIZ S.PRINCIPAL,15
31,VALLE,106,TULUA,01,Zona 01,03,ESC. DEBORA GUERRERO LOZANO,2
31,VALLE,106,TULUA,01,Zona 01,04,I.E.G.P SEDE  JOSE JOAQUIN JARAMILLO,3
31,VALLE,106,TULUA,01,Zona 01,05,I.E.M.A.R SEDE EL JAZMIN,3
31,VALLE,106,TULUA,01,Zona 01,06,I.E.J.R SEDE MARIA LUISA ROMAN,1
31,VALLE,106,TULUA,02,Zona 02,01,IE JULIA RESTREPO S.PRINCIPAL,15
31,VALLE,106,TULUA,02,Zona 02,02,I.E.J.R SEDE SANTA CLARA,9
31,VALLE,106,TULUA,02,Zona 02,03,I.E.C.V SEDE GUILLERMO E MARTINEZ,21
31,VALLE,106,TULUA,02,Zona 02,04,ESCUELA MERCANTIL,11
31,VALLE,106,TULUA,02,Zona 02,05,I.E.C.V. SEDE SAN ANTONIO,5
31,VALLE,106,TULUA,02,Zona 02,06,I.E.C.V SEDE SAN JUDAS TADEO,2
31,VALLE,106,TULUA,03,Zona 03,01,COL SAGRADO CORAZON DE JESUS,30
31,VALLE,106,TULUA,03,Zona 03,02,"CASA DE CULTURA ""ENRRIQUE URIBE WHITE""",10
31,VALLE,106,TULUA,03,Zona 03,03,IE CORAZON DEL VALLE TOMAS URIBE URIBE,16
31,VALLE,106,TULUA,03,Zona 03,04,I.E.C.V.S JOSE ANTONIO GALAN,1
31,VALLE,106,TULUA,03,Zona 03,05,I.E.C.V SEDE MARIA INMACULADA,1
31,VALLE,106,TULUA,04,Zona 04,01,I.E.G.P SEDE JULIA BECERRA,15
31,VALLE,106,TULUA,04,Zona 04,02,U.VALLE SEDE PRINCIPE,9
31,VALLE,106,TULUA,04,Zona 04,03,I.E.M.A.R SEDE FRANCISCO JOSE DE CALDAS,9
31,VALLE,106,TULUA,04,Zona 04,04,I.E.M.A.R. SD FORM. DEPOR OSMIRO COLONIA,5
31,VALLE,106,TULUA,04,Zona 04,05,COLEGIO COMFANDI TULUA,4
31,VALLE,106,TULUA,05,Zona 05,01,I.E.A.L.P SINDICAL ANTONIO NARIÑO,12
31,VALLE,106,TULUA,05,Zona 05,02,I.E.A.L.P MARIA JOSEFA HORMAZA,9
31,VALLE,106,TULUA,05,Zona 05,03,I.E.A.L.P SEDE JUAN DEL CORRAL,7
31,VALLE,106,TULUA,05,Zona 05,04,I.E.M.A.R  SEDE ATANASIO GIRARDOT,5
31,VALLE,106,TULUA,06,Zona 06,01,IE MODERNA DE TULUA SD PPAL LIC. MODERNO,25
31,VALLE,106,TULUA,06,Zona 06,02,I.E.A.L.P SEDE RUBEN CRUZ VELEZ,33
31,VALLE,106,TULUA,06,Zona 06,03,I.E.J.M.C SEDE FRAY MARTIN DE PORRES,2
31,VALLE,106,TULUA,07,Zona 07,01,I.E.J.M.C SEDE JHON F KENNEDY,25
31,VALLE,106,TULUA,07,Zona 07,02,COL OCCIDENTE SEDE PRINCIPAL,26
31,VALLE,106,TULUA,07,Zona 07,03,I.E.M.T. SEDE MARINO DAVALOS GRISALES,4
31,VALLE,106,TULUA,08,Zona 08,01,IE JUAN MARIA CESPEDES SEDE PRINCIPAL,15
31,VALLE,106,TULUA,08,Zona 08,02,I.E.M.T SEDE URBANA MARIA GORETTY,10
31,VALLE,106,TULUA,08,Zona 08,03,I.E.J.M.C SD MONS. MIGUEL ANGEL ZUÑIGA,9
31,VALLE,106,TULUA,08,Zona 08,04,I.E.A.L.P SEDE MARCELINO GILIBERT,10
31,VALLE,106,TULUA,08,Zona 08,05,IE. ALFONSO LOPEZ PUMAREJO,7
31,VALLE,109,ULLOA,99,Zona 99,01,CHAPINERO,2
31,VALLE,109,ULLOA,99,Zona 99,03,CALAMONTE,1
31,VALLE,109,ULLOA,99,Zona 99,04,DINAMARCA,1
31,VALLE,109,ULLOA,99,Zona 99,05,MONTEZUMA,2
31,VALLE,109,ULLOA,99,Zona 99,30,EL PLACER,1
31,VALLE,109,ULLOA,00,Zona 00,00,PUESTO CABECERA MUNICIPAL,11
31,VALLE,112,VERSALLES,99,Zona 99,01,CAMPOALEGRE,1
31,VALLE,112,VERSALLES,99,Zona 99,03,COCONUCO,1
31,VALLE,112,VERSALLES,99,Zona 99,05,EL BALSAL,3
31,VALLE,112,VERSALLES,99,Zona 99,09,EL CEDRO,1
31,VALLE,112,VERSALLES,99,Zona 99,10,EL DIAMANTE,1
31,VALLE,112,VERSALLES,99,Zona 99,12,EL TULCAN,1
31,VALLE,112,VERSALLES,99,Zona 99,13,EL VERGEL,1
31,VALLE,112,VERSALLES,99,Zona 99,15,COSTARICA,1
31,VALLE,112,VERSALLES,99,Zona 99,17,LA FLORIDA,2
31,VALLE,112,VERSALLES,99,Zona 99,18,LA GUAIRA,1
31,VALLE,112,VERSALLES,99,Zona 99,19,MORROÑATO (PINARES),1
31,VALLE,112,VERSALLES,99,Zona 99,21,MURRAPAL,1
31,VALLE,112,VERSALLES,99,Zona 99,22,LA BALSORA,1
31,VALLE,112,VERSALLES,99,Zona 99,25,PUENTETIERRA,1
31,VALLE,112,VERSALLES,99,Zona 99,50,PUERTO NUEVO,1
31,VALLE,112,VERSALLES,00,Zona 00,00,PUESTO CABECERA MUNICIPAL,14
31,VALLE,115,VIJES,99,Zona 99,01,CACHIMBAL,1
31,VALLE,115,VIJES,99,Zona 99,05,CARBONERO,2
31,VALLE,115,VIJES,99,Zona 99,07,EL PORVENIR,1
31,VALLE,115,VIJES,99,Zona 99,08,EL TAMBOR,2
31,VALLE,115,VIJES,99,Zona 99,09,LA FRESNEDA,2
31,VALLE,115,VIJES,99,Zona 99,11,LA RIVERA,1
31,VALLE,115,VIJES,99,Zona 99,12,MOZAMBIQUE,1
31,VALLE,115,VIJES,99,Zona 99,13,OCACHE,1
31,VALLE,115,VIJES,99,Zona 99,17,VILLAMARIA,1
31,VALLE,115,VIJES,00,Zona 00,00,PUESTO CABECERA MUNICIPAL,25
31,VALLE,118,YOTOCO,99,Zona 99,01,EL CANEY,2
31,VALLE,118,YOTOCO,99,Zona 99,02,CAMPOALEGRE,1
31,VALLE,118,YOTOCO,99,Zona 99,03,EL BOSQUE,1
31,VALLE,118,YOTOCO,99,Zona 99,05,EL DORADO,3
31,VALLE,118,YOTOCO,99,Zona 99,07,DOPO,1
31,VALLE,118,YOTOCO,99,Zona 99,09,JIGUALES,2
31,VALLE,118,YOTOCO,99,Zona 99,13,LA NEGRA,1
31,VALLE,118,YOTOCO,99,Zona 99,17,LAS DELICIAS,2
31,VALLE,118,YOTOCO,99,Zona 99,21,MEDIACANOA,6
31,VALLE,118,YOTOCO,99,Zona 99,23,MIRAVALLE,2
31,VALLE,118,YOTOCO,99,Zona 99,25,PUENTE TIERRA,2
31,VALLE,118,YOTOCO,99,Zona 99,29,SAN ANTONIO DE PIEDRAS,1
31,VALLE,118,YOTOCO,00,Zona 00,00,PUESTO CABECERA MUNICIPAL,27
31,VALLE,121,YUMBO,90,Zona 90,01,IE ALBERTO MENDOZA MAYOR,12
31,VALLE,121,YUMBO,99,Zona 99,01,ARROYOHONDO,7
31,VALLE,121,YUMBO,99,Zona 99,04,RINCON DAPA,2
31,VALLE,121,YUMBO,99,Zona 99,05,DAPA,8
31,VALLE,121,YUMBO,99,Zona 99,06,EL PEDREGAL,3
31,VALLE,121,YUMBO,99,Zona 99,07,MULALO,4
31,VALLE,121,YUMBO,99,Zona 99,09,SAN MARCOS,5
31,VALLE,121,YUMBO,99,Zona 99,12,MIRAVALLE NORTE,1
31,VALLE,121,YUMBO,99,Zona 99,13,IE JOSE MARIA GARCIA DE TOLEDO,3
31,VALLE,121,YUMBO,99,Zona 99,17,YUMBILLO,2
31,VALLE,121,YUMBO,99,Zona 99,25,LA BUITRERA,2
31,VALLE,121,YUMBO,99,Zona 99,29,LA OLGA,2
31,VALLE,121,YUMBO,99,Zona 99,33,MONTAÑITAS,2
31,VALLE,121,YUMBO,99,Zona 99,37,IE SAN JOSE,1
31,VALLE,121,YUMBO,01,Zona 01,01,I.E. MANUEL MARIA SANCHEZ,14
31,VALLE,121,YUMBO,01,Zona 01,02,I.E. LAS AMERICAS,13
31,VALLE,121,YUMBO,01,Zona 01,03,I.E. JUAN XXIII,25
31,VALLE,121,YUMBO,01,Zona 01,04,I.E. PANORAMA,13
31,VALLE,121,YUMBO,01,Zona 01,05,CENTRO DE DESARROLLO COMUNITARIO,5
31,VALLE,121,YUMBO,01,Zona 01,06,IE IRENE FERREROSA,11
31,VALLE,121,YUMBO,02,Zona 02,01,I.E. ANTONIA SANTOS,19
31,VALLE,121,YUMBO,02,Zona 02,02,I.E. FRANCISCO JAVIER,21
31,VALLE,121,YUMBO,02,Zona 02,03,I.E. JOSE MARIA CORDOBA,23
31,VALLE,121,YUMBO,02,Zona 02,04,I.E. MANUELA BELTRAN,7
31,VALLE,121,YUMBO,02,Zona 02,05,COL COOP TECNICO IND JOSE ANTONIO GALAN,10
31,VALLE,121,YUMBO,03,Zona 03,01,I.E. PEDRO SANCHEZ TELLO,17
31,VALLE,121,YUMBO,03,Zona 03,02,I.E. MIGUEL ANTONIO CARO SEDE 2,8
31,VALLE,121,YUMBO,03,Zona 03,03,I.E. HECTOR A. SAAVEDRA,9
31,VALLE,121,YUMBO,03,Zona 03,04,I.E. LA TRINIDAD,6
31,VALLE,121,YUMBO,04,Zona 04,01,I.E. JHON F. KENNEDY,22
31,VALLE,121,YUMBO,04,Zona 04,02,I.E. TITAN,8
31,VALLE,121,YUMBO,04,Zona 04,03,UNIVERSIDAD DEL VALLE SD YUMBO,11
31,VALLE,121,YUMBO,04,Zona 04,04,I.E. CEAT GENERAL,12
31,VALLE,121,YUMBO,04,Zona 04,05,HOGAR INF INQUIETUDES ICBF,9
31,VALLE,121,YUMBO,04,Zona 04,06,I.E. FRANCISO JOSE DE CALDAS,6
31,VALLE,121,YUMBO,04,Zona 04,07,CENTRO DEPORTIVO JAIRO LLANTEN,8
31,VALLE,121,YUMBO,04,Zona 04,08,CASETA COMUNAL DIONISIO HERNAN CALDERON,3
31,VALLE,124,ZARZAL,99,Zona 99,01,LA PAILA,17
31,VALLE,124,ZARZAL,99,Zona 99,02,LIMONES,3
31,VALLE,124,ZARZAL,99,Zona 99,03,GUASIMAL,1
31,VALLE,124,ZARZAL,99,Zona 99,04,EL VERGEL,1
31,VALLE,124,ZARZAL,99,Zona 99,05,QUEBRADANUEVA,3
31,VALLE,124,ZARZAL,99,Zona 99,09,VALLEJUELO,4
31,VALLE,124,ZARZAL,99,Zona 99,15,EL ALISAL,1
31,VALLE,124,ZARZAL,01,Zona 01,01,COLISEO JOSE DOLORES GUTIERREZ,16
31,VALLE,124,ZARZAL,01,Zona 01,02,ESC. FRANCISCO JOSE DE CALDAS,17
31,VALLE,124,ZARZAL,01,Zona 01,03,ESC. SAGRADO CORAZON DE JESUS,2
31,VALLE,124,ZARZAL,02,Zona 02,01,ESC. NORMAL SUPERIOR,20
31,VALLE,124,ZARZAL,02,Zona 02,02,ESC. EFRAIN VARELA VACA,24
31,VALLE,124,ZARZAL,02,Zona 02,03,ESC.POLICARPA SALAVARRIETA,9
31,VALLE,124,ZARZAL,02,Zona 02,04,ESC. FRANCISCO DE PAULA SANTANDER,2
31,VALLE,004,ALCALA,99,Zona 99,01,MARAVELEZ,1
31,VALLE,004,ALCALA,99,Zona 99,06,EL CONGAL,1
31,VALLE,004,ALCALA,99,Zona 99,08,LA CUCHILLA,2
31,VALLE,004,ALCALA,99,Zona 99,30,LA ESTRELLA,1
31,VALLE,004,ALCALA,00,Zona 00,00,PUESTO CABECERA MUNICIPAL,33
31,VALLE,007,ANDALUCIA,99,Zona 99,01,ALTAFLOR,1
31,VALLE,007,ANDALUCIA,99,Zona 99,05,CAMPOALEGRE,4
31,VALLE,007,ANDALUCIA,99,Zona 99,09,EL SALTO,2
31,VALLE,007,ANDALUCIA,99,Zona 99,13,PARDO,1
31,VALLE,007,ANDALUCIA,99,Zona 99,17,POTRERILLO,1
31,VALLE,007,ANDALUCIA,99,Zona 99,20,ZABALETAS,2
31,VALLE,007,ANDALUCIA,00,Zona 00,00,PUESTO CABECERA MUNICIPAL,48
31,VALLE,010,ANSERMANUEVO,99,Zona 99,01,EL BILLAR,2
31,VALLE,010,ANSERMANUEVO,99,Zona 99,02,CALABAZAS,1
31,VALLE,010,ANSERMANUEVO,99,Zona 99,04,ANACARO,2
31,VALLE,010,ANSERMANUEVO,99,Zona 99,05,EL ROBLE,1
31,VALLE,010,ANSERMANUEVO,99,Zona 99,06,ALTO TIGRE,1
31,VALLE,010,ANSERMANUEVO,99,Zona 99,07,GRAMALOTE,3
31,VALLE,010,ANSERMANUEVO,99,Zona 99,08,EL CAFE,1
31,VALLE,010,ANSERMANUEVO,99,Zona 99,09,EL VERGEL,3
31,VALLE,010,ANSERMANUEVO,99,Zona 99,13,LA CABAÑA,2
31,VALLE,010,ANSERMANUEVO,99,Zona 99,15,LA HONDURA,1
31,VALLE,010,ANSERMANUEVO,99,Zona 99,16,LA PUERTA,1
31,VALLE,010,ANSERMANUEVO,99,Zona 99,17,LA RAIZ,1
31,VALLE,010,ANSERMANUEVO,99,Zona 99,19,LA PEDRERA,1
31,VALLE,010,ANSERMANUEVO,99,Zona 99,20,LA POPALITA,1
31,VALLE,010,ANSERMANUEVO,99,Zona 99,21,LUSITANIA,2
31,VALLE,010,ANSERMANUEVO,99,Zona 99,26,LA PRIMAVERA,1
31,VALLE,010,ANSERMANUEVO,99,Zona 99,70,SAN AGUSTIN,1
31,VALLE,010,ANSERMANUEVO,99,Zona 99,80,TRES ESQUINAS,1
31,VALLE,010,ANSERMANUEVO,00,Zona 00,00,PUESTO CABECERA MUNICIPAL,38
31,VALLE,013,ARGELIA,99,Zona 99,02,LA PALMA,2
31,VALLE,013,ARGELIA,99,Zona 99,04,LA AURORA,1
31,VALLE,013,ARGELIA,99,Zona 99,05,MARACAIBO,1
31,VALLE,013,ARGELIA,99,Zona 99,06,LA PAZ,1
31,VALLE,013,ARGELIA,99,Zona 99,07,LA CRISTALINA,1
31,VALLE,013,ARGELIA,99,Zona 99,08,LA MARINA,1
31,VALLE,013,ARGELIA,99,Zona 99,09,EL RAIZAL,1
31,VALLE,013,ARGELIA,00,Zona 00,00,PUESTO CABECERA MUNICIPAL,12
31,VALLE,016,BOLIVAR,99,Zona 99,01,BETANIA,1
31,VALLE,016,BOLIVAR,99,Zona 99,03,AGUAS LINDAS,1
31,VALLE,016,BOLIVAR,99,Zona 99,05,EL CATRE,1
31,VALLE,016,BOLIVAR,99,Zona 99,18,GUARE,1
31,VALLE,016,BOLIVAR,99,Zona 99,19,LA HERRADURA,2
31,VALLE,016,BOLIVAR,99,Zona 99,21,LA TULIA,5
31,VALLE,016,BOLIVAR,99,Zona 99,23,LAS CABAÑAS,1
31,VALLE,016,BOLIVAR,99,Zona 99,25,NARANJAL,7
31,VALLE,016,BOLIVAR,99,Zona 99,27,POTOSI,1
31,VALLE,016,BOLIVAR,99,Zona 99,29,PRIMAVERA,6
31,VALLE,016,BOLIVAR,99,Zona 99,33,RICAURTE,4
31,VALLE,016,BOLIVAR,99,Zona 99,34,RIO DOVIO,1
31,VALLE,016,BOLIVAR,99,Zona 99,35,SAN FERNANDO,1
31,VALLE,016,BOLIVAR,99,Zona 99,37,SANTA TERESA,1
31,VALLE,016,BOLIVAR,00,Zona 00,00,PUESTO CABECERA MUNICIPAL,14
31,VALLE,025,BUGALAGRANDE,99,Zona 99,01,CEILAN,9
31,VALLE,025,BUGALAGRANDE,99,Zona 99,03,CHICORAL,1
31,VALLE,025,BUGALAGRANDE,99,Zona 99,05,CHORRERAS,1
31,VALLE,025,BUGALAGRANDE,99,Zona 99,09,EL GUAYABO,2
31,VALLE,025,BUGALAGRANDE,99,Zona 99,11,MESTIZAL,2
31,VALLE,025,BUGALAGRANDE,99,Zona 99,12,EL ROCIO,1
31,VALLE,025,BUGALAGRANDE,99,Zona 99,13,EL OVERO,5
31,VALLE,025,BUGALAGRANDE,99,Zona 99,15,EL PLACER,1
31,VALLE,025,BUGALAGRANDE,99,Zona 99,19,EL RAICERO,1
31,VALLE,025,BUGALAGRANDE,99,Zona 99,21,GALICIA,3
31,VALLE,025,BUGALAGRANDE,99,Zona 99,24,URIBE,3
31,VALLE,025,BUGALAGRANDE,99,Zona 99,25,LA MORENA,1
31,VALLE,025,BUGALAGRANDE,99,Zona 99,29,PAILA ARRIBA,2
31,VALLE,025,BUGALAGRANDE,99,Zona 99,33,SAN ANTONIO,2
31,VALLE,025,BUGALAGRANDE,00,Zona 00,00,PUESTO CABECERA MUNICIPAL,33
31,VALLE,037,DAGUA,99,Zona 99,01,BORRERO AYERBE (OLAYA HERRERA,19
31,VALLE,037,DAGUA,99,Zona 99,03,ATUNCELAS,2
31,VALLE,037,DAGUA,99,Zona 99,05,CISNEROS JUNTAS,4
31,VALLE,037,DAGUA,99,Zona 99,09,EL CARMEN,6
31,VALLE,037,DAGUA,99,Zona 99,13,EL DANUBIO,1
31,VALLE,037,DAGUA,99,Zona 99,15,EL PALMAR,8
31,VALLE,037,DAGUA,99,Zona 99,17,EL PIÑAL,2
31,VALLE,037,DAGUA,99,Zona 99,19,EL ROCIO,1
31,VALLE,037,DAGUA,99,Zona 99,21,EL SALADO,2
31,VALLE,037,DAGUA,99,Zona 99,22,JIGUALES,2
31,VALLE,037,DAGUA,99,Zona 99,23,JUNTAS,2
31,VALLE,037,DAGUA,99,Zona 99,24,KILOMETRO 18,3
31,VALLE,037,DAGUA,99,Zona 99,25,LA CASCADA,1
31,VALLE,037,DAGUA,99,Zona 99,29,LA ELSA,1
31,VALLE,037,DAGUA,99,Zona 99,33,LA PROVIDENCIA,1
31,VALLE,037,DAGUA,99,Zona 99,37,EL LIMONAR,2
31,VALLE,037,DAGUA,99,Zona 99,41,LOBO GUERRERO,5
31,VALLE,037,DAGUA,99,Zona 99,45,EL NARANJO,2
31,VALLE,037,DAGUA,99,Zona 99,53,EL QUEREMAL,9
31,VALLE,037,DAGUA,99,Zona 99,54,LOS ALPES,1
31,VALLE,037,DAGUA,99,Zona 99,57,SAN BERNARDO,4
31,VALLE,037,DAGUA,99,Zona 99,61,SANTA MARIA,1
31,VALLE,037,DAGUA,99,Zona 99,65,SAN VICENTE (SAN JOAQUIN),2
31,VALLE,037,DAGUA,99,Zona 99,69,VILLAHERMOSA,3
31,VALLE,037,DAGUA,99,Zona 99,73,ZABALETAS,2
31,VALLE,037,DAGUA,99,Zona 99,77,ZELANDIA,1
31,VALLE,037,DAGUA,00,Zona 00,00,PUESTO CABECERA MUNICIPAL,35
31,VALLE,040,CALIMA (DARIEN),99,Zona 99,01,EL BOLEO,1
31,VALLE,040,CALIMA (DARIEN),99,Zona 99,05,EL DIAMANTE,1
31,VALLE,040,CALIMA (DARIEN),99,Zona 99,07,EL MIRADOR,1
31,VALLE,040,CALIMA (DARIEN),99,Zona 99,09,JIGUALES,2
31,VALLE,040,CALIMA (DARIEN),99,Zona 99,13,LA CECILIA,1
31,VALLE,040,CALIMA (DARIEN),99,Zona 99,17,LA CRISTALINA,1
31,VALLE,040,CALIMA (DARIEN),99,Zona 99,21,LA FLORIDA,1
31,VALLE,040,CALIMA (DARIEN),99,Zona 99,25,LA GAVIOTA,2
31,VALLE,040,CALIMA (DARIEN),99,Zona 99,29,LA GUAIRA,1
31,VALLE,040,CALIMA (DARIEN),99,Zona 99,30,LA ITALIA,1
31,VALLE,040,CALIMA (DARIEN),99,Zona 99,33,LA RIBERA,1
31,VALLE,040,CALIMA (DARIEN),99,Zona 99,37,LA SAMARIA,1
31,VALLE,040,CALIMA (DARIEN),99,Zona 99,41,LA UNION,1
31,VALLE,040,CALIMA (DARIEN),99,Zona 99,43,LLANITOS,1
31,VALLE,040,CALIMA (DARIEN),99,Zona 99,44,PRIMAVERA,1
31,VALLE,040,CALIMA (DARIEN),99,Zona 99,45,PUENTE TIERRA,1
31,VALLE,040,CALIMA (DARIEN),99,Zona 99,49,RIO BRAVO,1
31,VALLE,040,CALIMA (DARIEN),99,Zona 99,53,SAN JOSE,1
31,VALLE,040,CALIMA (DARIEN),00,Zona 00,00,PUESTO CABECERA MUNICIPAL,34
31,VALLE,043,EL AGUILA,99,Zona 99,01,LA ESPARTA,1
31,VALLE,043,EL AGUILA,99,Zona 99,02,CAJONES,1
31,VALLE,043,EL AGUILA,99,Zona 99,03,EL EMBAL,1
31,VALLE,043,EL AGUILA,99,Zona 99,04,LA GALANA,1
31,VALLE,043,EL AGUILA,99,Zona 99,06,CHORRITOS,1
31,VALLE,043,EL AGUILA,99,Zona 99,07,LA LIBERTAD,1
31,VALLE,043,EL AGUILA,99,Zona 99,08,EL COFRE,1
31,VALLE,043,EL AGUILA,99,Zona 99,09,LA MARIA,2
31,VALLE,043,EL AGUILA,99,Zona 99,10,EL RIO,1
31,VALLE,043,EL AGUILA,99,Zona 99,11,LA BOCATOMA,1
31,VALLE,043,EL AGUILA,99,Zona 99,12,CAJA DE ORO,1
31,VALLE,043,EL AGUILA,99,Zona 99,13,SAN JOSE,1
31,VALLE,043,EL AGUILA,99,Zona 99,15,LA JUDEA,1
31,VALLE,043,EL AGUILA,99,Zona 99,17,LA QUIEBRA DE SAN PABLO,1
31,VALLE,043,EL AGUILA,99,Zona 99,18,SANTA ELENA,1
31,VALLE,043,EL AGUILA,99,Zona 99,19,SANTA MARTA,1
31,VALLE,043,EL AGUILA,99,Zona 99,21,VILLANUEVA,3
31,VALLE,043,EL AGUILA,00,Zona 00,00,PUESTO CABECERA MUNICIPAL,11
31,VALLE,046,EL CAIRO,99,Zona 99,01,ALBAN,3
31,VALLE,046,EL CAIRO,99,Zona 99,02,BOQUERON,1
31,VALLE,046,EL CAIRO,99,Zona 99,03,BELLAVISTA,1
31,VALLE,046,EL CAIRO,99,Zona 99,04,LA CARBONERA,1
31,VALLE,046,EL CAIRO,99,Zona 99,05,LA GUARDIA,1
31,VALLE,046,EL CAIRO,99,Zona 99,06,ALTO CIELO,1
31,VALLE,046,EL CAIRO,99,Zona 99,08,PLAYA RICA,1
31,VALLE,046,EL CAIRO,99,Zona 99,10,ALTO BONITO,1
31,VALLE,046,EL CAIRO,99,Zona 99,13,SALMELIA,1
31,VALLE,046,EL CAIRO,99,Zona 99,17,SAN JOSE,1
31,VALLE,046,EL CAIRO,00,Zona 00,00,PUESTO CABECERA MUNICIPAL,12
31,VALLE,052,EL DOVIO,99,Zona 99,01,LA PRADERA,1
31,VALLE,052,EL DOVIO,99,Zona 99,06,BITACO,1
31,VALLE,052,EL DOVIO,99,Zona 99,07,EL GUACHAL,1
31,VALLE,052,EL DOVIO,99,Zona 99,08,LA CABAÑA,1
31,VALLE,052,EL DOVIO,99,Zona 99,09,LITUANIA,1
31,VALLE,052,EL DOVIO,99,Zona 99,10,LA ESPERANZA,1
31,VALLE,052,EL DOVIO,99,Zona 99,11,CIELITO,1
31,VALLE,052,EL DOVIO,99,Zona 99,12,EL DUMAR,1
31,VALLE,052,EL DOVIO,99,Zona 99,13,MONTEAZUL,1
31,VALLE,052,EL DOVIO,99,Zona 99,14,PLAYA RICA,1
31,VALLE,052,EL DOVIO,99,Zona 99,15,BATATAL,1
31,VALLE,052,EL DOVIO,99,Zona 99,17,SIRIMUNDA,1
31,VALLE,052,EL DOVIO,99,Zona 99,25,EL FILO,1
31,VALLE,052,EL DOVIO,00,Zona 00,00,PUESTO CABECERA MUNICIPAL,25
31,VALLE,058,GINEBRA,99,Zona 99,01,COSTA RICA,13
31,VALLE,058,GINEBRA,99,Zona 99,02,FLORESTA,4
31,VALLE,058,GINEBRA,99,Zona 99,03,COCUYOS,2
31,VALLE,058,GINEBRA,99,Zona 99,05,JUNTAS,2
31,VALLE,058,GINEBRA,99,Zona 99,08,LA NOVILLERA,1
31,VALLE,058,GINEBRA,99,Zona 99,09,LOS MEDIOS,1
31,VALLE,058,GINEBRA,99,Zona 99,10,LA SELVA,1
31,VALLE,058,GINEBRA,99,Zona 99,85,ZABALETAS,1
31,VALLE,058,GINEBRA,00,Zona 00,00,PUESTO CABECERA MUNICIPAL,34
31,VALLE,073,LA VICTORIA,99,Zona 99,09,HOLGUIN,4
31,VALLE,073,LA VICTORIA,99,Zona 99,13,MIRAVALLES,2
31,VALLE,073,LA VICTORIA,99,Zona 99,17,RIVERALTA,1
31,VALLE,073,LA VICTORIA,99,Zona 99,19,SAN JOSE,1
31,VALLE,073,LA VICTORIA,99,Zona 99,23,SAN PEDRO,2
31,VALLE,073,LA VICTORIA,99,Zona 99,36,TAGUALES,1
31,VALLE,073,LA VICTORIA,00,Zona 00,00,PUESTO CABECERA MUNICIPAL,26
31,VALLE,076,OBANDO,99,Zona 99,01,CRUCES,1
31,VALLE,076,OBANDO,99,Zona 99,05,EL CHUZO,1
31,VALLE,076,OBANDO,99,Zona 99,07,JUAN DIAZ,1
31,VALLE,076,OBANDO,99,Zona 99,08,LA ESMERALDA,1
31,VALLE,076,OBANDO,99,Zona 99,09,MOLINA,1
31,VALLE,076,OBANDO,99,Zona 99,11,PUERTO SAMARIA,1
31,VALLE,076,OBANDO,99,Zona 99,13,SAN ISIDRO,1
31,VALLE,076,OBANDO,99,Zona 99,15,SAN JOSE,1
31,VALLE,076,OBANDO,99,Zona 99,17,VILLA RODAS,2
31,VALLE,076,OBANDO,00,Zona 00,00,PUESTO CABECERA MUNICIPAL,25
31,VALLE,085,RESTREPO,99,Zona 99,01,BAJO ZABALETAS,2
31,VALLE,085,RESTREPO,99,Zona 99,03,EL DIAMANTE,1
31,VALLE,085,RESTREPO,99,Zona 99,05,ILAMA,1
31,VALLE,085,RESTREPO,99,Zona 99,06,AGUA MONA,2
31,VALLE,085,RESTREPO,99,Zona 99,07,LA PALMA,2
31,VALLE,085,RESTREPO,99,Zona 99,08,MADROÑAL,1
31,VALLE,085,RESTREPO,99,Zona 99,09,RIOBRAVO,1
31,VALLE,085,RESTREPO,99,Zona 99,10,RIOGRANDE,1
31,VALLE,085,RESTREPO,99,Zona 99,11,ROMAN,1
31,VALLE,085,RESTREPO,99,Zona 99,13,SAN SALVADOR,1
31,VALLE,085,RESTREPO,99,Zona 99,15,LOS HISPANOS,1
31,VALLE,085,RESTREPO,99,Zona 99,17,TRAGEDIAS,2
31,VALLE,085,RESTREPO,99,Zona 99,50,TRES PUERTAS,2
31,VALLE,085,RESTREPO,00,Zona 00,00,PUESTO CABECERA MUNICIPAL,35
31,VALLE,088,RIOFRIO,99,Zona 99,01,EL RUBI,2
31,VALLE,088,RIOFRIO,99,Zona 99,05,FENICIA,5
31,VALLE,088,RIOFRIO,99,Zona 99,06,LA CUCHILLA,2
31,VALLE,088,RIOFRIO,99,Zona 99,08,LA ZULIA,2
31,VALLE,088,RIOFRIO,99,Zona 99,09,MADRIGAL,1
31,VALLE,088,RIOFRIO,99,Zona 99,13,PIEDRAS,1
31,VALLE,088,RIOFRIO,99,Zona 99,15,PORTUGAL,2
31,VALLE,088,RIOFRIO,99,Zona 99,17,SALONICA,11
31,VALLE,088,RIOFRIO,00,Zona 00,00,PUESTO CABECERA MUNICIPAL,23
31,VALLE,061,GUACARI,99,Zona 99,01,ALTO DE LA JULIA,1
31,VALLE,061,GUACARI,99,Zona 99,03,CANANGUA,4
31,VALLE,061,GUACARI,99,Zona 99,06,EL PLACER,1
31,VALLE,061,GUACARI,99,Zona 99,07,GUACAS,2
31,VALLE,061,GUACARI,99,Zona 99,09,GUABAS,6
31,VALLE,061,GUACARI,99,Zona 99,13,GUABITAS,8
31,VALLE,061,GUACARI,99,Zona 99,17,LA MAGDALENA,1
31,VALLE,061,GUACARI,99,Zona 99,21,PICHICHI,1
31,VALLE,061,GUACARI,99,Zona 99,23,PUENTE ROJO,1
31,VALLE,061,GUACARI,99,Zona 99,25,SANTA ROSA DE TAPIAS,4
31,VALLE,061,GUACARI,99,Zona 99,29,SONSO,10
31,VALLE,061,GUACARI,00,Zona 00,01,ESC NORMAL SUP. MIGUEL DE CERVANTES S.,49
31,VALLE,061,GUACARI,00,Zona 00,02,CENTRO DE INTEGRACION CIUDADANA - CIC,4
31,VALLE,067,LA CUMBRE,99,Zona 99,01,BITACO,7
31,VALLE,067,LA CUMBRE,99,Zona 99,02,ARBOLEDAS,2
31,VALLE,067,LA CUMBRE,99,Zona 99,05,LA MARIA,1
31,VALLE,067,LA CUMBRE,99,Zona 99,09,LOMITAS,2
31,VALLE,067,LA CUMBRE,99,Zona 99,11,JIGUALES,2
31,VALLE,067,LA CUMBRE,99,Zona 99,13,PAVAS,9
31,VALLE,067,LA CUMBRE,99,Zona 99,17,PUENTE PALO,2
31,VALLE,067,LA CUMBRE,00,Zona 00,01,PUESTO CABECERA MUNICIPAL,18
31,VALLE,067,LA CUMBRE,00,Zona 00,02,CABECERA MUNICIPAL (LA VENTURA),1
31,VALLE,067,LA CUMBRE,00,Zona 00,03,CABECERA MUNICIPAL (PAVITAS),1
31,VALLE,094,SAN PEDRO,99,Zona 99,01,BUENOS AIRES,1
31,VALLE,094,SAN PEDRO,99,Zona 99,03,ANGOSTURAS,1
31,VALLE,094,SAN PEDRO,99,Zona 99,04,GUAQUEROS,1
31,VALLE,094,SAN PEDRO,99,Zona 99,05,LA ESMERALDA (ESMERALDAS),1
31,VALLE,094,SAN PEDRO,99,Zona 99,06,GUAYABAL,2
31,VALLE,094,SAN PEDRO,99,Zona 99,08,LA SIRIA,1
31,VALLE,094,SAN PEDRO,99,Zona 99,09,LOS CHANCOS,3
31,VALLE,094,SAN PEDRO,99,Zona 99,13,NARANJAL,1
31,VALLE,094,SAN PEDRO,99,Zona 99,15,PAVAS,1
31,VALLE,094,SAN PEDRO,99,Zona 99,17,PLATANARES,1
31,VALLE,094,SAN PEDRO,99,Zona 99,21,PRESIDENTE,4
31,VALLE,094,SAN PEDRO,99,Zona 99,25,SAN JOSE,4
31,VALLE,094,SAN PEDRO,99,Zona 99,29,TODOS SANTOS,6
31,VALLE,094,SAN PEDRO,00,Zona 00,01,COLISEO LUIS MARIO LOPEDA,24
31,VALLE,094,SAN PEDRO,00,Zona 00,02,IE JOSE ANTONIO AGUILERA,2
31,VALLE,001,CALI,10,Zona 10,01,IE MANUEL MARIA MALLARINO CEIBAS,32
31,VALLE,001,CALI,10,Zona 10,02,ESCUELA CARLOS HOLGUIN SARDI,13
31,VALLE,001,CALI,10,Zona 10,03,ESCUELA ANA MARIA VERNAZA,17
31,VALLE,001,CALI,10,Zona 10,04,IE SIETE DE AGOSTO,23
31,VALLE,001,CALI,11,Zona 11,01,ESCUELA MANUEL REBOLLEDO,19
31,VALLE,001,CALI,11,Zona 11,02,INST TEC COMERCIAL LAS AMERICAS,39
31,VALLE,001,CALI,11,Zona 11,03,IE SANTA FE,35
31,VALLE,001,CALI,11,Zona 11,04,IE BENJAMIN HERRERA,23
31,VALLE,001,CALI,11,Zona 11,05,IE EVARISTO GARCIA,16
31,VALLE,001,CALI,12,Zona 12,01,COLEGIO LEON DE GREIFF,36
31,VALLE,001,CALI,12,Zona 12,02,COLEGIO NUESTRA SRA DE LA ANUNCIACION,27
31,VALLE,001,CALI,12,Zona 12,03,COLEGIO SAN FRANCISCO DE ASIS,23
31,VALLE,001,CALI,12,Zona 12,04,IE ALBERTO CARVAJAL BORRERO,2
31,VALLE,001,CALI,13,Zona 13,01,ESCUELA MARCO FIDEL SUAREZ,18
31,VALLE,001,CALI,13,Zona 13,02,ESC NUESTRA SEÑORA DE LOS REMEDIOS,21
31,VALLE,001,CALI,13,Zona 13,03,IE REPUBLICA DE ARGENTINA,21
31,VALLE,001,CALI,13,Zona 13,04,ESCUELA OLGA LUCIA LLOREDA,25
31,VALLE,001,CALI,13,Zona 13,05,IE ANTONIO JOSE CAMACHO,20
31,VALLE,001,CALI,13,Zona 13,06,IE GENERAL ALFREDO VASQUEZ COBO,11
31,VALLE,001,CALI,14,Zona 14,01,SEDE REPUBLICA DE COSTA RICA,27
31,VALLE,001,CALI,14,Zona 14,02,ESCUELA FERNANDO VELASCO,25
31,VALLE,001,CALI,14,Zona 14,03,IE NORMAL SUPERIOR SANTIAGO,36
31,VALLE,001,CALI,14,Zona 14,04,IE CARLOS HOLGUIN LLOREDA,14
31,VALLE,001,CALI,14,Zona 14,05,IE JOSE MARIA VIVAS BALCAZAR,11
31,VALLE,001,CALI,15,Zona 15,01,CENTRO PARROQUIAL SAN JUAN BAUTISTA,38
31,VALLE,001,CALI,15,Zona 15,02,ESCUELA SAN ROQUE,37
31,VALLE,001,CALI,15,Zona 15,03,IE RAFAEL NAVIA VARON,33
31,VALLE,001,CALI,15,Zona 15,04,ESCUELA GENERAL CARLOS ALBAN,19
31,VALLE,001,CALI,16,Zona 16,01,IE AGUSTIN NIETO CABALLERO,40
31,VALLE,001,CALI,16,Zona 16,02,IE CIUDAD MODELO,30
31,VALLE,001,CALI,16,Zona 16,03,ESCUELA  MARINO RENGIFO SALCEDO,22
31,VALLE,001,CALI,16,Zona 16,04,ESCUELA SUSANA VINASCO DE QUINTANA,33
31,VALLE,001,CALI,16,Zona 16,05,IE VILLA DEL SUR,2
31,VALLE,001,CALI,17,Zona 17,01,ESCUELA JOSE VICENTE CONCHA,25
31,VALLE,001,CALI,17,Zona 17,02,IE CIUDAD DE CALI,24
31,VALLE,001,CALI,17,Zona 17,03,IE 10 DE MAYO,26
31,VALLE,001,CALI,17,Zona 17,04,CDI MADRE ALBERTA FE Y ALEGRIA,24
31,VALLE,001,CALI,18,Zona 18,01,IE JUAN XXIII SEDE CIUDAD DE CALI,29
31,VALLE,001,CALI,18,Zona 18,02,IE MARICE SINISTERRA,28
31,VALLE,001,CALI,18,Zona 18,03,IE HERNANDO NAVIA VARON,44
31,VALLE,001,CALI,18,Zona 18,04,ESCUELA FENALCO ASTURIAS,18
31,VALLE,001,CALI,18,Zona 18,05,IE JULIO DE CAICEDO Y TELLEZ,20
31,VALLE,001,CALI,18,Zona 18,06,COLEGIO LA PRESENTACION EL PARAISO,24
31,VALLE,001,CALI,19,Zona 19,01,COL PARROQUIAL SEÑOR DE LOS MILAGROS,28
31,VALLE,001,CALI,19,Zona 19,02,IE EL DIAMANTE,34
31,VALLE,001,CALI,19,Zona 19,03,ESCUELA RODRIGO LLOREDA,31
31,VALLE,001,CALI,19,Zona 19,04,ESCUELA MIGUEL CAMACHO PEREA,20
31,VALLE,001,CALI,19,Zona 19,05,CENTRO DE CAPACITACION DON BOSCO,22
31,VALLE,001,CALI,19,Zona 19,06,COLEGIO COMFANDI CALIPSO,38
31,VALLE,001,CALI,20,Zona 20,01,IE SANTA ROSA,30
31,VALLE,001,CALI,20,Zona 20,02,COLEGIO PANAMERICANO LOS LAGOS,22
31,VALLE,001,CALI,20,Zona 20,03,IE BARTOLOME LOBOGUERRERO,32
31,VALLE,001,CALI,20,Zona 20,04,SENA CDTI,24
31,VALLE,001,CALI,20,Zona 20,05,IE JESUS VILLAFAÑE FRANCO,22
31,VALLE,001,CALI,20,Zona 20,06,SEDE ENRIQUE OLAYA HERRERA,17
31,VALLE,001,CALI,20,Zona 20,07,IE LUZ HAYDEE GUERRERO MOLINA,4
31,VALLE,001,CALI,21,Zona 21,01,IE LA ANUNCIACION,40
31,VALLE,001,CALI,21,Zona 21,02,SEDE PUERTA DEL SOL,30
31,VALLE,001,CALI,21,Zona 21,03,ESCUELA RAUL SILVA HOLGUIN,31
31,VALLE,001,CALI,21,Zona 21,04,IE MONSEÑOR RAMON ARCILA,36
31,VALLE,001,CALI,21,Zona 21,05,IE LLANO VERDE SEDE BARTOLOME MITRE,8
31,VALLE,001,CALI,22,Zona 22,01,COL FRAY LUIS AMIGO FE Y ALEGRIA,36
31,VALLE,001,CALI,22,Zona 22,02,IE GABRIELA MISTRAL,33
31,VALLE,001,CALI,22,Zona 22,03,COL PARROQUIAL SAN FRANCISCO JAVIER,36
31,VALLE,001,CALI,22,Zona 22,04,IE ELIAS SALAZAR GARCIA,28
31,VALLE,001,CALI,22,Zona 22,05,IE NUEVO LATIR,61
31,VALLE,001,CALI,23,Zona 23,01,IE CUDAD CORDOBA,42
31,VALLE,001,CALI,23,Zona 23,02,ESCUELA OLAYA HERRERA,50
31,VALLE,001,CALI,23,Zona 23,03,ESCUELA JOSE RAMON BEJARANO,32
31,VALLE,001,CALI,23,Zona 23,04,IE GABRIEL GARCIA MARQUEZ,25
31,VALLE,001,CALI,23,Zona 23,05,IE ISAIAS DUARTE CANCINO,28
31,VALLE,001,CALI,23,Zona 23,06,IE CARLOS HOLGUIN MALLARINO,14
31,VALLE,001,CALI,23,Zona 23,07,COLEGIO MADRE SIFFREDI FE Y ALEGRIA,31
31,VALLE,001,CALI,23,Zona 23,08,IE LLANO VERDE,23
31,VALLE,001,CALI,24,Zona 24,01,IE RODRIGO LLOREDA INTENALCO,25
31,VALLE,001,CALI,24,Zona 24,02,IE CRISTOBAL COLON,37
31,VALLE,001,CALI,24,Zona 24,03,IE CARLOS HOLMES TRUJILLO,36
31,VALLE,001,CALI,24,Zona 24,04,ESCUELA PABLO NERUDA,32
31,VALLE,001,CALI,24,Zona 24,05,SEDE CRISTO MAESTRO,25
31,VALLE,001,CALI,24,Zona 24,06,SANTA ISABEL DE HUNGRIA CIUDAD 2000,37
31,VALLE,001,CALI,24,Zona 24,07,SEDE ANGELICA SIERRA,27
31,VALLE,001,CALI,25,Zona 25,01,COLEGIO LOS ANDES,36
31,VALLE,001,CALI,25,Zona 25,02,COLEGIO COMFANDI,42
31,VALLE,001,CALI,25,Zona 25,03,COLEGIO REYES CATOLICOS,58
31,VALLE,001,CALI,25,Zona 25,04,UNIVALLE SEDE MELENDEZ,79
31,VALLE,001,CALI,26,Zona 26,01,ESCUELA LUIS CARLOS ROJAS,30
31,VALLE,001,CALI,26,Zona 26,02,CVC,30
31,VALLE,001,CALI,26,Zona 26,03,CENTRO CULTURAL COLOMBO AMERICANO,30
31,VALLE,001,CALI,26,Zona 26,04,IETI COMUNA 17,27
31,VALLE,001,CALI,26,Zona 26,05,COLEGIO NUESTRA SRA DE LA CONSOLACION,7
31,VALLE,001,CALI,27,Zona 27,01,ESCUELA ALVARO ESCOBAR NAVIA,22
31,VALLE,001,CALI,27,Zona 27,02,INSTITUTO CENTRAL DE COMERCIO,29
31,VALLE,001,CALI,27,Zona 27,03,IE JUAN PABLO II,21
31,VALLE,001,CALI,27,Zona 27,04,ESCUELA PORTETE DE TARQUI,29
31,VALLE,001,CALI,27,Zona 27,05,UNIVERSIDAD COOPERATIVA,23
31,VALLE,001,CALI,27,Zona 27,06,SEDE CELIMO RUEDA,3
31,VALLE,001,CALI,27,Zona 27,07,SEDE JHON F KENNEDY,3
31,VALLE,001,CALI,28,Zona 28,01,IE LA ESPERANZA,22
31,VALLE,001,CALI,28,Zona 28,02,COLEGIO AMERICANO,35
31,VALLE,001,CALI,28,Zona 28,03,ESC MAGDALENA ORTEGA DE NARIÑO,18
31,VALLE,001,CALI,28,Zona 28,04,ACADEMIA JOSE MARIA CABAL,13
31,VALLE,001,CALI,28,Zona 28,05,UNIVERSIDAD CATOLICA SEDE MELENDEZ,23
31,VALLE,001,CALI,28,Zona 28,06,SEDE EDUARDO RIASCOS GRUESO,1
31,VALLE,001,CALI,29,Zona 29,01,IE EUSTAQUIO PALACIOS,47
31,VALLE,001,CALI,29,Zona 29,02,INSTITUTO PARA NIÑOS CIEGOS Y SORDOS,26
31,VALLE,001,CALI,29,Zona 29,03,COL SANTA MARIA STELLA MARIS,18
31,VALLE,001,CALI,29,Zona 29,04,ESCUELA 25 DE JULIO,12
31,VALLE,001,CALI,29,Zona 29,05,COLEGIO POLITECNICO,44
31,VALLE,001,CALI,29,Zona 29,06,IE MULTIPROPOSITO,2
31,VALLE,001,CALI,30,Zona 30,01,UNIVALLE SEDE SAN FERNANDO,26
31,VALLE,001,CALI,30,Zona 30,02,UNID DEP PANAM CANCHA DE TEJO,28
31,VALLE,001,CALI,30,Zona 30,03,IE LICEO DEPARTAMENTAL,27
31,VALLE,001,CALI,30,Zona 30,04,ESCUELA FRANCISCO JOSE DE CALDAS,19
31,VALLE,001,CALI,30,Zona 30,05,ESCUELA CAMILO TORRES,16
31,VALLE,001,CALI,30,Zona 30,06,ESCUELA GRAN COLOMBIA,19
31,VALLE,001,CALI,30,Zona 30,07,SEDE LOS CRISTALES,6
31,VALLE,001,CALI,31,Zona 31,01,COLEGIO ARQUIDIOCESANO JUAN PABLO II,32
31,VALLE,001,CALI,31,Zona 31,02,ESCUELA LUIS LOPEZ DE MESA,18
31,VALLE,001,CALI,31,Zona 31,03,IE JUANA DE CAICEDO Y CUERO,45
31,VALLE,001,CALI,31,Zona 31,04,SEDE SIMON BOLIVAR,21
31,VALLE,001,CALI,31,Zona 31,05,SEDE ANTONIA SANTOS,7
31,VALLE,001,CALI,31,Zona 31,06,ESCUELA SOFIA CAMARGO,13
31,VALLE,001,CALI,32,Zona 32,01,SEDE NUEVO AMANECER,24
31,VALLE,001,CALI,32,Zona 32,02,STA ISABEL DE HUNGRIA CALIMIO DECEPAZ,55
31,VALLE,001,CALI,32,Zona 32,03,SANTA ISABEL DE HUNGRIA SAN FELIPE,37
31,VALLE,001,CALI,32,Zona 32,04,COLEGIO FUNDACION COMPARTIR,45
31,VALLE,001,CALI,32,Zona 32,05,IE PROGRESANDO JUNTOS,36
31,VALLE,001,CALI,32,Zona 32,06,COLEGIO POTREROGRANDE,30
31,VALLE,001,CALI,32,Zona 32,07,IE LLANO VERDE SEDE INVICALI,2
31,VALLE,001,CALI,33,Zona 33,01,COLEGIO BENETT,27
31,VALLE,001,CALI,33,Zona 33,02,UNIVERSIDAD DE SAN BUENAVENTURA,22
31,VALLE,001,CALI,33,Zona 33,03,UNIVERSIDAD ICESI,41
31,VALLE,001,CALI,90,Zona 90,01,COLISEO DEL PUEBLO,61
31,VALLE,001,CALI,98,Zona 98,01,CARCEL VILLANUEVA,2
31,VALLE,001,CALI,99,Zona 99,09,FELIDIA,6
31,VALLE,001,CALI,99,Zona 99,13,HORMIGUERO A,9
31,VALLE,001,CALI,99,Zona 99,14,HORMIGUERO B (BOCHALEMA),41
31,VALLE,001,CALI,99,Zona 99,17,LA BUITRERA,18
31,VALLE,001,CALI,99,Zona 99,19,LA SIRENA,13
31,VALLE,001,CALI,99,Zona 99,21,LA CASTILLA,3
31,VALLE,001,CALI,99,Zona 99,25,LA ELVIRA,3
31,VALLE,001,CALI,99,Zona 99,26,LA ELVIRA KILOMETRO 18,1
31,VALLE,001,CALI,99,Zona 99,29,LA LEONERA,3
31,VALLE,001,CALI,99,Zona 99,33,LA PAZ,3
31,VALLE,001,CALI,99,Zona 99,37,GOLONDRINAS,5
31,VALLE,001,CALI,99,Zona 99,38,GOLONDRINAS LOS MANGOS,2
31,VALLE,001,CALI,99,Zona 99,41,LOS ANDES,5
31,VALLE,001,CALI,99,Zona 99,45,VILLA CARMELO FONDA,3
31,VALLE,001,CALI,99,Zona 99,46,VILLACARMELO CABECERA,1
31,VALLE,001,CALI,99,Zona 99,47,MONTEBELLO,23
31,VALLE,001,CALI,99,Zona 99,48,MONTEBELLO CAMPOALEGRE,3
31,VALLE,001,CALI,99,Zona 99,49,NAVARRO,9
31,VALLE,001,CALI,99,Zona 99,53,PANCE LA VORAGINE,6
31,VALLE,001,CALI,99,Zona 99,54,PANCE LA VIGA,5
31,VALLE,001,CALI,99,Zona 99,57,PICHINDE,3
31,VALLE,001,CALI,99,Zona 99,65,EL SALADITO,7
31,VALLE,001,CALI,01,Zona 01,01,ESC. JOSE ACEVEDO Y GOMEZ,22
31,VALLE,001,CALI,01,Zona 01,02,IE JOSE HOLGUIN GARCES,34
31,VALLE,001,CALI,01,Zona 01,03,IE JOSE CELESTINO MUTIS,31
31,VALLE,001,CALI,01,Zona 01,04,COLISEO BAJO AGUACATAL,15
31,VALLE,001,CALI,01,Zona 01,05,IE CECILIA CABALLERO,7
31,VALLE,001,CALI,01,Zona 01,06,SEDE MARICE SINISTERRA TERRON,14
31,VALLE,001,CALI,01,Zona 01,07,COL SANTA ISABEL DE HUNGRIA AGUACATAL,9
31,VALLE,001,CALI,01,Zona 01,08,IE ISAIAS GAMBOA,3
31,VALLE,001,CALI,01,Zona 01,09,IE LUIS FERNANDO CAICEDO,1
31,VALLE,001,CALI,02,Zona 02,01,INST UNIV ANTONIO JOSE CAMACHO,54
31,VALLE,001,CALI,02,Zona 02,02,EDIFICIO FERROCARRILES NACIONALES,38
31,VALLE,001,CALI,02,Zona 02,03,C.A.M.,52
31,VALLE,001,CALI,02,Zona 02,04,COLEGIO ODONTOLOGICO,19
31,VALLE,001,CALI,02,Zona 02,05,ACADEMIA DE DIBUJO PROFESIONAL,27
31,VALLE,001,CALI,02,Zona 02,06,COLEGIO HISPANOAMERICANO,40
31,VALLE,001,CALI,03,Zona 03,01,PARQUE DE LAS ORQUIDEAS,32
31,VALLE,001,CALI,03,Zona 03,02,IE SANTA CECILIA,28
31,VALLE,001,CALI,03,Zona 03,03,ESCUELA REPUBLICA DEL BRASIL,34
31,VALLE,001,CALI,03,Zona 03,04,ESCUELA BRISAS DE LOS ALAMOS,27
31,VALLE,001,CALI,03,Zona 03,05,COLEGIO LEONISTICO LA MERCED,34
31,VALLE,001,CALI,03,Zona 03,06,CORPORACION PARA LA TERCERA EDAD,2
31,VALLE,001,CALI,04,Zona 04,01,ASAMBLEA DEPARTAMENTAL,21
31,VALLE,001,CALI,04,Zona 04,02,ESCUELA CARLOS A SARDI,22
31,VALLE,001,CALI,04,Zona 04,03,IE SANTA LIBRADA,30
31,VALLE,001,CALI,04,Zona 04,04,IE NORMAL SUPERIOR LOS FARALLONES,24
31,VALLE,001,CALI,04,Zona 04,05,ESCUELA REPUBLICA DE MEXICO,15
31,VALLE,001,CALI,04,Zona 04,06,CENTRO COMERCIAL ARISTI,2
31,VALLE,001,CALI,04,Zona 04,07,CENTRO COMERCIAL GRAN COMERCIO,1
31,VALLE,001,CALI,05,Zona 05,01,SEDE MANUELA BELTRAN,23
31,VALLE,001,CALI,05,Zona 05,02,IE JOSE ANTONIO GALAN,24
31,VALLE,001,CALI,05,Zona 05,03,ESCUELA RAFAEL ZAMORANO,28
31,VALLE,001,CALI,05,Zona 05,04,COLEGIO INEM,48
31,VALLE,001,CALI,05,Zona 05,05,IE CASD SEDE SANTO TOMAS,13
31,VALLE,001,CALI,05,Zona 05,06,SEDE SAN VICENTE DE PAUL,13
31,VALLE,001,CALI,05,Zona 05,07,INSTITUTO COMERCIAL ARQUIDIOCESANO,3
31,VALLE,001,CALI,05,Zona 05,08,IE LA MERCED,4
31,VALLE,001,CALI,06,Zona 06,01,SENA,38
31,VALLE,001,CALI,06,Zona 06,02,IE CELMIRA BUENO DE OREJUELA,54
31,VALLE,001,CALI,06,Zona 06,03,ESCUELA MARIANO OSPINA PEREZ,47
31,VALLE,001,CALI,06,Zona 06,04,ESCUELA MARIA PANESSO,37
31,VALLE,001,CALI,06,Zona 06,05,ESCUELA MARIO LLOREDA,22
31,VALLE,001,CALI,06,Zona 06,06,IE SIMON RODRIGUEZ,6
31,VALLE,001,CALI,07,Zona 07,01,POLIDEPORTIVO LOS GUADUALES,42
31,VALLE,001,CALI,07,Zona 07,02,ESCUELA LAS AMERICAS,41
31,VALLE,001,CALI,07,Zona 07,03,ESCUELA PABLO EMILIO CAICEDO,33
31,VALLE,001,CALI,07,Zona 07,04,SANTA ISABEL DE HUNGRIA CALIMIO NORTE,22
31,VALLE,001,CALI,07,Zona 07,05,SEDE CECILIA MUÑOZ RICAURTE,19
31,VALLE,001,CALI,08,Zona 08,01,ESCUELA SAN JORGE,25
31,VALLE,001,CALI,08,Zona 08,02,IE PEDRO ANTONIO MOLINA,43
31,VALLE,001,CALI,08,Zona 08,03,ESCUELA TRES DE JULIO,27
31,VALLE,001,CALI,08,Zona 08,04,ESCUELA ATANASIO GIRARDOT,19
31,VALLE,001,CALI,08,Zona 08,05,UNIDAD DEPORTIVA PETECUY II,17
31,VALLE,001,CALI,08,Zona 08,06,SEDE LOS VENCEDORES,16
31,VALLE,001,CALI,09,Zona 09,01,COL STA ISABEL  HUNGRIA ALFONSO LOPEZ,45
31,VALLE,001,CALI,09,Zona 09,02,ESCUELA LOS FARALLONES,18
31,VALLE,001,CALI,09,Zona 09,03,IE VICENTE BORRERO COSTA,30
31,VALLE,001,CALI,09,Zona 09,04,ESCUELA MANUEL MARIA MALLARINO,13
31,VALLE,001,CALI,09,Zona 09,05,IE JUAN BAUTISTA DE LA SALLE,8
31,VALLE,001,CALI,09,Zona 09,06,IE ALFONSO LOPEZ PUMAREJO,2
31,VALLE,001,CALI,09,Zona 09,07,SEDE CENTRAL PROVIVIENDA,2
31,VALLE,019,BUENAVENTURA,90,Zona 90,01,INST.TEC.IND.GERARDO VALENCIA,13
31,VALLE,019,BUENAVENTURA,98,Zona 98,01,CARCEL,1
31,VALLE,019,BUENAVENTURA,99,Zona 99,01,BAJO CALIMA,7
31,VALLE,019,BUENAVENTURA,99,Zona 99,02,LA TROJITA,1
31,VALLE,019,BUENAVENTURA,99,Zona 99,06,BOCAS DEL SAN JUAN,2
31,VALLE,019,BUENAVENTURA,99,Zona 99,07,LA PLATA,2
31,VALLE,019,BUENAVENTURA,99,Zona 99,10,MALAGA,3
31,VALLE,019,BUENAVENTURA,99,Zona 99,13,PUERTO ESPAÑA,1
31,VALLE,019,BUENAVENTURA,99,Zona 99,15,LA BOCANA,3
31,VALLE,019,BUENAVENTURA,99,Zona 99,16,PUNTA SOLDADO,3
31,VALLE,019,BUENAVENTURA,99,Zona 99,19,BOCAS DE CALIMA,1
31,VALLE,019,BUENAVENTURA,99,Zona 99,21,CAMPO HERMOSO,1
31,VALLE,019,BUENAVENTURA,99,Zona 99,22,GUADUALITO,1
31,VALLE,019,BUENAVENTURA,99,Zona 99,23,ALTO POTEDO,1
31,VALLE,019,BUENAVENTURA,99,Zona 99,25,AGUACLARA,1
31,VALLE,019,BUENAVENTURA,99,Zona 99,26,LADRILLEROS,1
31,VALLE,019,BUENAVENTURA,99,Zona 99,27,LLANOBAJO,1
31,VALLE,019,BUENAVENTURA,99,Zona 99,28,SAN MARCOS,2
31,VALLE,019,BUENAVENTURA,99,Zona 99,30,LIMONES,1
31,VALLE,019,BUENAVENTURA,99,Zona 99,31,ZABALETAS,2
31,VALLE,019,BUENAVENTURA,99,Zona 99,32,ZACARIAS,8
31,VALLE,019,BUENAVENTURA,99,Zona 99,34,SAN JOSE (ANCHICAYA),2
31,VALLE,019,BUENAVENTURA,99,Zona 99,35,TAPARAL,2
31,VALLE,019,BUENAVENTURA,99,Zona 99,37,CARACOLI (CACOLI),1
31,VALLE,019,BUENAVENTURA,99,Zona 99,40,EL TIGRE,1
31,VALLE,019,BUENAVENTURA,99,Zona 99,43,CALLE HONDA,1
31,VALLE,019,BUENAVENTURA,99,Zona 99,46,SAN FRANCISCO JAVIER,2
31,VALLE,019,BUENAVENTURA,99,Zona 99,49,EL PITAL,2
31,VALLE,019,BUENAVENTURA,99,Zona 99,51,MAYORQUIN,2
31,VALLE,019,BUENAVENTURA,99,Zona 99,52,PAPAYAL,2
31,VALLE,019,BUENAVENTURA,99,Zona 99,54,BARCOS,1
31,VALLE,019,BUENAVENTURA,99,Zona 99,55,SAN ISIDRO,2
31,VALLE,019,BUENAVENTURA,99,Zona 99,56,SILVA,2
31,VALLE,019,BUENAVENTURA,99,Zona 99,58,SAN ANTONIO (YURUMANGUI),2
31,VALLE,019,BUENAVENTURA,99,Zona 99,61,VENERAL,2
31,VALLE,019,BUENAVENTURA,99,Zona 99,64,SAN JOSE (YURUMANGUI),1
31,VALLE,019,BUENAVENTURA,99,Zona 99,67,JUNTAS  (YURUMANGUI),2
31,VALLE,019,BUENAVENTURA,99,Zona 99,70,EL PASTICO,2
31,VALLE,019,BUENAVENTURA,99,Zona 99,73,PUERTO MERIZALDE,6
31,VALLE,019,BUENAVENTURA,99,Zona 99,74,SAN PEDRO DE NAYA,2
31,VALLE,019,BUENAVENTURA,99,Zona 99,76,EL CARMEN,2
31,VALLE,019,BUENAVENTURA,99,Zona 99,79,SAN FRANCISCO DE NAYA,3
31,VALLE,019,BUENAVENTURA,99,Zona 99,80,LA CONCEPCION,3
31,VALLE,019,BUENAVENTURA,99,Zona 99,81,NICOLAS RAMOS HIDALGO,1
31,VALLE,019,BUENAVENTURA,99,Zona 99,82,PUERTO NAYA,1
31,VALLE,019,BUENAVENTURA,99,Zona 99,85,SAN LORENZO,1
31,VALLE,019,BUENAVENTURA,99,Zona 99,87,CORDOBA,10
31,VALLE,019,BUENAVENTURA,99,Zona 99,88,TRIANA,5
31,VALLE,019,BUENAVENTURA,99,Zona 99,89,LA DELFINA,2
31,VALLE,019,BUENAVENTURA,99,Zona 99,91,CISNEROS,2
31,VALLE,019,BUENAVENTURA,99,Zona 99,94,CABECERAS DEL RIO SAN JUAN,2
31,VALLE,019,BUENAVENTURA,01,Zona 01,01,IE SAN RAFAEL,21
31,VALLE,019,BUENAVENTURA,01,Zona 01,02,IE PASCUAL DE ANDAGOYA,14
31,VALLE,019,BUENAVENTURA,01,Zona 01,03,COLISEO CUBIIERTO ROBERTO LOZANO BATALLA,19
31,VALLE,019,BUENAVENTURA,02,Zona 02,01,IE FRANCISCO JOSE DE CALDAS,35
31,VALLE,019,BUENAVENTURA,02,Zona 02,02,FUND EDUC Y SOCIAL ANA VIC,16
31,VALLE,019,BUENAVENTURA,02,Zona 02,03,INSTITUTO EDUCATIVO GREGORIANO,4
31,VALLE,019,BUENAVENTURA,02,Zona 02,04,INSTITUTO SILVIA ZAYNAB,12
31,VALLE,019,BUENAVENTURA,02,Zona 02,05,IE REPUBLICA DE VENEZUELA,18
31,VALLE,019,BUENAVENTURA,02,Zona 02,06,CENTRO DOCENTE NELSON MANDELA,12
31,VALLE,019,BUENAVENTURA,02,Zona 02,07,CAMINANTES DEL FUTURO,9
31,VALLE,019,BUENAVENTURA,02,Zona 02,08,IE LA ANUNCIACION (IFA),25
31,VALLE,019,BUENAVENTURA,02,Zona 02,09,POLIDEPORTIVO B/ ALBERTO LLERAS CAMARGO,1
31,VALLE,019,BUENAVENTURA,03,Zona 03,01,IE JOSE RAMON BEJARANO,11
31,VALLE,019,BUENAVENTURA,03,Zona 03,02,CASETA COMUNAL EL ORIENTE,6
31,VALLE,019,BUENAVENTURA,03,Zona 03,03,IE JUAN JOSE RONDON,35
31,VALLE,019,BUENAVENTURA,03,Zona 03,04,COLEGIO PATRICIO SYMES,12
31,VALLE,019,BUENAVENTURA,03,Zona 03,05,ESCUELA SAN BUENAVENTURA,3
31,VALLE,019,BUENAVENTURA,03,Zona 03,06,COLEGIO JHON F KENNEDY,3
31,VALLE,019,BUENAVENTURA,03,Zona 03,07,IE JOSE RAMON BEJARANO SEDE LA COMUNA,8
31,VALLE,019,BUENAVENTURA,04,Zona 04,01,IE TEOFILO ROBERTO POTES,42
31,VALLE,019,BUENAVENTURA,04,Zona 04,02,IE TERMARIT,12
31,VALLE,019,BUENAVENTURA,04,Zona 04,03,IE LICEO DEL PACIFICO,21
31,VALLE,019,BUENAVENTURA,04,Zona 04,04,IE SAN MARTIN DE PORRAS,10
31,VALLE,019,BUENAVENTURA,05,Zona 05,01,IE JOSE MARIA CABAL,38
31,VALLE,019,BUENAVENTURA,05,Zona 05,02,IE LAS AMERICAS,11
31,VALLE,019,BUENAVENTURA,05,Zona 05,03,PARROQUIA CRISTO REDENTOR,9
31,VALLE,019,BUENAVENTURA,05,Zona 05,04,COORPORACION EDUCATIVA CER,14
31,VALLE,019,BUENAVENTURA,06,Zona 06,01,IE SIMON BOLIVAR,36
31,VALLE,019,BUENAVENTURA,06,Zona 06,02,COLEG. ANTONIO NARIÑO,15
31,VALLE,019,BUENAVENTURA,06,Zona 06,03,IE LOS GRANADINOS,31
31,VALLE,019,BUENAVENTURA,06,Zona 06,04,CASETA COMUNAL UNION DE VIVIEN,13
31,VALLE,019,BUENAVENTURA,06,Zona 06,05,IE EMILIO CARVAJAL,21
31,VALLE,019,BUENAVENTURA,06,Zona 06,06,IE LA NUEVA ESPERANZA,5
31,VALLE,019,BUENAVENTURA,06,Zona 06,07,CTRO EDUC. EUSEBIO ANGULO,16
31,VALLE,019,BUENAVENTURA,06,Zona 06,08,INSTITUCION EDUCATIVA SAN ANTONIO,6
31,VALLE,019,BUENAVENTURA,06,Zona 06,09,CASETA COMUNAL BARRIO CALDAS,1
31,VALLE,022,BUGA,98,Zona 98,01,CARCEL,1
31,VALLE,022,BUGA,99,Zona 99,01,ZANJON HONDO,5
31,VALLE,022,BUGA,99,Zona 99,02,QUEBRADASECA  EL MANANTIAL,1
31,VALLE,022,BUGA,99,Zona 99,03,QUEBRADASECA,3
31,VALLE,022,BUGA,99,Zona 99,04,CRUCERO DE NOGALES,1
31,VALLE,022,BUGA,99,Zona 99,05,MONTERREY,2
31,VALLE,022,BUGA,99,Zona 99,07,LOS BANCOS,1
31,VALLE,022,BUGA,99,Zona 99,09,LA MARIA,2
31,VALLE,022,BUGA,99,Zona 99,10,LA HABANA,5
31,VALLE,022,BUGA,99,Zona 99,11,LA HABANA EL JANEIRO,1
31,VALLE,022,BUGA,99,Zona 99,12,LA HABANA LA MAGDALENA,1
31,VALLE,022,BUGA,99,Zona 99,13,FRISOLES,1
31,VALLE,022,BUGA,99,Zona 99,14,EL VINCULO,5
31,VALLE,022,BUGA,99,Zona 99,15,EL ROSARIO,1
31,VALLE,022,BUGA,99,Zona 99,16,EL PLACER,1
31,VALLE,022,BUGA,99,Zona 99,17,EL SALADO,1
31,VALLE,022,BUGA,99,Zona 99,19,PUEBLO NUEVO,4
31,VALLE,022,BUGA,99,Zona 99,20,CHAMBIMBAL CERRO RICO,1
31,VALLE,022,BUGA,99,Zona 99,21,CHAMBIMBAL SAN ANTONIO,5
31,VALLE,022,BUGA,99,Zona 99,22,CHAMBIMBAL LA CAMPIÑA,1
31,VALLE,022,BUGA,99,Zona 99,23,MIRAFLORES,1
31,VALLE,022,BUGA,99,Zona 99,29,LA PLAYA DEL BUEY,1
31,VALLE,022,BUGA,99,Zona 99,33,RIO LORO,1
31,VALLE,022,BUGA,01,Zona 01,01,SEDE JULIAN MENDOZA GUERRERO,11
31,VALLE,022,BUGA,01,Zona 01,02,IE MANUEL ANTONIO SANCLEMENTE,2
31,VALLE,022,BUGA,01,Zona 01,03,ESCUELA JHON F. KENNEDY,18
31,VALLE,022,BUGA,02,Zona 02,01,IE JOSE MARIA VILLEGAS,24
31,VALLE,022,BUGA,02,Zona 02,02,SEDE GENERAL SANTANDER,2
31,VALLE,022,BUGA,02,Zona 02,03,SEDE JOAQUIN CAMILO TORRES,7
31,VALLE,022,BUGA,03,Zona 03,01,SEDE GUADALAJARA,15
31,VALLE,022,BUGA,03,Zona 03,02,SEDE TEOFILO DORRONSORO,13
31,VALLE,022,BUGA,03,Zona 03,03,IE GRAN COLOMBIA,10
31,VALLE,022,BUGA,04,Zona 04,01,IE SAN VICENTE,18
31,VALLE,022,BUGA,04,Zona 04,02,SEDE MARISCAL SUCRE,11
31,VALLE,022,BUGA,04,Zona 04,03,SEDE CARLOS ARTURO CABAL,18
31,VALLE,022,BUGA,04,Zona 04,04,SEDE MARIA AUXILIADORA,8
31,VALLE,022,BUGA,04,Zona 04,05,SEDE CARLOTA ARMERO,6
31,VALLE,022,BUGA,04,Zona 04,06,COLISEO DE DEPORTES ARMANDO MONCADA C,3
31,VALLE,022,BUGA,04,Zona 04,07,COL MAYOR CIUDAD DE BUGA,3
31,VALLE,022,BUGA,04,Zona 04,08,SEDE SAN JOSE,1
31,VALLE,022,BUGA,05,Zona 05,01,SEDE MARIA LUISA DE LA ESPADA,18
31,VALLE,022,BUGA,05,Zona 05,02,SEDE ABSALON FERNANDEZ DE SOTO,8
31,VALLE,022,BUGA,05,Zona 05,03,SEDE ANTONIO JOSE DE SUCRE,15
31,VALLE,022,BUGA,05,Zona 05,04,CDI MANITOS CON AMOR,2
31,VALLE,022,BUGA,05,Zona 05,05,UTEDE,20
31,VALLE,022,BUGA,05,Zona 05,06,ESCUELA OBRA SOCIAL EL MILAGRO,3
31,VALLE,022,BUGA,06,Zona 06,01,COLEGIO GIMNASIO CENTRAL DEL VALLE,13
31,VALLE,022,BUGA,06,Zona 06,02,IE ACADEMICO,35
31,VALLE,022,BUGA,06,Zona 06,03,IE NARCISO CABAL SALCEDO,4
31,VALLE,022,BUGA,06,Zona 06,04,COL SANTA MARIANA DE JESUS,2
31,VALLE,022,BUGA,06,Zona 06,05,COL LICEO DE LOS ANDES FUNED,3
31,VALLE,028,CAICEDONIA,98,Zona 98,01,CARCEL DEL CIRCUITO,1
31,VALLE,028,CAICEDONIA,99,Zona 99,01,AURES,2
31,VALLE,028,CAICEDONIA,99,Zona 99,03,BAJO BARRAGAN,3
31,VALLE,028,CAICEDONIA,99,Zona 99,05,BURILA,1
31,VALLE,028,CAICEDONIA,99,Zona 99,09,EL CRUCERO,1
31,VALLE,028,CAICEDONIA,99,Zona 99,13,LA RIVERA,1
31,VALLE,028,CAICEDONIA,99,Zona 99,17,MONTEGRANDE,2
31,VALLE,028,CAICEDONIA,99,Zona 99,21,SAMARIA,2
31,VALLE,028,CAICEDONIA,99,Zona 99,25,SAN GERARDO,1
31,VALLE,028,CAICEDONIA,01,Zona 01,01,NORMAL SUPERIOR,11
31,VALLE,028,CAICEDONIA,01,Zona 01,02,ESCUELA JOSE EUSEBIO CARO,9
31,VALLE,028,CAICEDONIA,01,Zona 01,03,IE ANEXA,9
31,VALLE,028,CAICEDONIA,02,Zona 02,01,SEDE UNIVALLE,14
31,VALLE,028,CAICEDONIA,02,Zona 02,02,ESCUELA TRES DE AGOSTO,11
31,VALLE,028,CAICEDONIA,02,Zona 02,03,ESCUELA GABRIELA MISTRAL,12
31,VALLE,028,CAICEDONIA,02,Zona 02,04,CENTRO DE INTEGRACION CIUDADANA CIC,4
31,VALLE,028,CAICEDONIA,02,Zona 02,05,SATELITE BOLIVARIANO,4
31,VALLE,031,CANDELARIA,90,Zona 90,01,COLEGIO GERMAN NIETO,13
31,VALLE,031,CANDELARIA,99,Zona 99,01,BUCHITOLO,5
31,VALLE,031,CANDELARIA,99,Zona 99,03,EL ARENAL,4
31,VALLE,031,CANDELARIA,99,Zona 99,05,EL CABUYAL,13
31,VALLE,031,CANDELARIA,99,Zona 99,09,EL CARMELO - JOSE ANTONIO GALAN,20
31,VALLE,031,CANDELARIA,99,Zona 99,10,EL CARMELO - JUAN DE LA CRUZ HERRERA,1
31,VALLE,031,CANDELARIA,99,Zona 99,11,EL CARMELO - ROSENDO MONDRAGON FEIJOO,6
31,VALLE,031,CANDELARIA,99,Zona 99,13,EL LAURO,4
31,VALLE,031,CANDELARIA,99,Zona 99,17,EL TIPLE,6
31,VALLE,031,CANDELARIA,99,Zona 99,21,JUANCHITO - CAUCASECO,9
31,VALLE,031,CANDELARIA,99,Zona 99,22,JUANCHITO - POBLADO CAMPESTRE,22
31,VALLE,031,CANDELARIA,99,Zona 99,23,JUANCHITO CIUDAD DEL VALLE,15
31,VALLE,031,CANDELARIA,99,Zona 99,24,JUANCHITO - DOMINGO LARGO,1
31,VALLE,031,CANDELARIA,99,Zona 99,25,JUANCHITO - ATANASIO GIRARDOT COLEGIO 10,2
31,VALLE,031,CANDELARIA,99,Zona 99,29,LA REGINA,3
31,VALLE,031,CANDELARIA,99,Zona 99,33,MADREVIEJA,1
31,VALLE,031,CANDELARIA,99,Zona 99,37,SAN JOAQUIN,8
31,VALLE,031,CANDELARIA,99,Zona 99,38,VILLAGORGONA - SANTIAGO RENGIFO,18
31,VALLE,031,CANDELARIA,99,Zona 99,39,VILLAGORGONA - JOSE EUSEBIO CARO,18
31,VALLE,031,CANDELARIA,99,Zona 99,40,VILLAGORGONA - POLIDEPORTIVO LA ALDEA,17
31,VALLE,031,CANDELARIA,99,Zona 99,41,VILLAGORGONA 20 DE JULIO,4
31,VALLE,031,CANDELARIA,99,Zona 99,42,VILLAGORGONA - CULTIVARTE,3
31,VALLE,031,CANDELARIA,01,Zona 01,01,ESCUELA ANTONIO NARIÑO,12
31,VALLE,031,CANDELARIA,01,Zona 01,02,ESC. FCO DE PAULA SANTANDER,11
31,VALLE,031,CANDELARIA,02,Zona 02,01,POLIDEPORTIVO MUNICIPAL,26
31,VALLE,031,CANDELARIA,02,Zona 02,02,ESCUELA ALFONSO LOPEZ PUMAREJO,16
31,VALLE,031,CANDELARIA,02,Zona 02,03,COLEGIO SAGRADA FAMILIA,4
31,VALLE,034,CARTAGO,90,Zona 90,01,ESC. JHON F. KENNEDY,6
31,VALLE,034,CARTAGO,98,Zona 98,01,CARCEL,1
31,VALLE,034,CARTAGO,99,Zona 99,01,CAUCA,1
31,VALLE,034,CARTAGO,99,Zona 99,05,COLORADAS,1
31,VALLE,034,CARTAGO,99,Zona 99,13,MODIN,2
31,VALLE,034,CARTAGO,99,Zona 99,17,PIEDRA DE MOLER,1
31,VALLE,034,CARTAGO,99,Zona 99,33,ZARAGOZA,12
31,VALLE,034,CARTAGO,01,Zona 01,01,COL RAMON MARTINEZ BENITEZ SED,13
31,VALLE,034,CARTAGO,01,Zona 01,02,ESC SAN JUAN BOSCO,14
31,VALLE,034,CARTAGO,01,Zona 01,03,COL TECNICO CIUDAD CARTAGO,13
31,VALLE,034,CARTAGO,01,Zona 01,04,COL JUAN XXIII,16
31,VALLE,034,CARTAGO,01,Zona 01,05,COL. RAMON MARTINEZ BENITEZ PRIMARIA,6
31,VALLE,034,CARTAGO,01,Zona 01,06,ESC EMPERATRIZ BUENO,16
31,VALLE,034,CARTAGO,01,Zona 01,07,ESC HELIODORO PEÑA,8
31,VALLE,034,CARTAGO,02,Zona 02,01,COLEGIO LAZARO DE GARDEA,17
31,VALLE,034,CARTAGO,02,Zona 02,02,UNIVERSIDAD DEL VALLE,14
31,VALLE,034,CARTAGO,02,Zona 02,03,COL MANUEL QUINTERO PENILLA,16
31,VALLE,034,CARTAGO,02,Zona 02,04,COL NACIONAL ACADEMICO,22
31,VALLE,034,CARTAGO,02,Zona 02,05,CENTRO COMERCIAL SANTIAGO PLAZA,29
31,VALLE,034,CARTAGO,03,Zona 03,01,COLISEO LA ISLETA,14
31,VALLE,034,CARTAGO,03,Zona 03,02,CORP DE ESTUDIOS TECNOLOGICOS,14
31,VALLE,034,CARTAGO,03,Zona 03,03,ESC. FRANCISCO DE PAULA SANTANDER,5
31,VALLE,034,CARTAGO,04,Zona 04,01,COL MARIA AUXILIADORA,22
31,VALLE,034,CARTAGO,04,Zona 04,02,SED ED MARIA INMACULADA,7
31,VALLE,034,CARTAGO,04,Zona 04,03,COL SOR MARIA JULIANA,15
31,VALLE,034,CARTAGO,04,Zona 04,04,I E LASTENIA DURAN VERNAZA,13
31,VALLE,034,CARTAGO,04,Zona 04,05,ESC. RIGOBERTO OROZCO,7
31,VALLE,034,CARTAGO,05,Zona 05,01,ESC ROBERTO DELGADO,6
31,VALLE,034,CARTAGO,05,Zona 05,02,COL HOLGUIN GARCES,13
31,VALLE,034,CARTAGO,05,Zona 05,03,COL ANTONIO NARIÑO,12
31,VALLE,034,CARTAGO,05,Zona 05,04,COMEDOR INF CLUB ROTARIO,3
31,VALLE,034,CARTAGO,05,Zona 05,05,I. TEC. INDUSTRIAL INDALECIO PENILLA,5
31,VALLE,034,CARTAGO,05,Zona 05,06,CASA DE JUSTICIA,8
31,VALLE,034,CARTAGO,05,Zona 05,07,HOGAR INFANTIL SAN PABLO,1
31,VALLE,049,EL CERRITO,99,Zona 99,01,AUJI,1
31,VALLE,049,EL CERRITO,99,Zona 99,05,CARRIZAL,1
31,VALLE,049,EL CERRITO,99,Zona 99,09,EL CASTILLO,2
31,VALLE,049,EL CERRITO,99,Zona 99,11,EL MORAL,1
31,VALLE,049,EL CERRITO,99,Zona 99,13,EL PARAISO,1
31,VALLE,049,EL CERRITO,99,Zona 99,15,EL PLACER,26
31,VALLE,049,EL CERRITO,99,Zona 99,17,EL POMO,2
31,VALLE,049,EL CERRITO,99,Zona 99,19,LOS ANDES,1
31,VALLE,049,EL CERRITO,99,Zona 99,25,SAN ANTONIO,2
31,VALLE,049,EL CERRITO,99,Zona 99,29,SANTA ELENA,15
31,VALLE,049,EL CERRITO,99,Zona 99,33,SANTA LUISA,1
31,VALLE,049,EL CERRITO,99,Zona 99,37,TENERIFE,3
31,VALLE,049,EL CERRITO,01,Zona 01,01,ESCUELA MARIA MONTESORI,10
31,VALLE,049,EL CERRITO,01,Zona 01,02,ESC. JOSE CELESTINO MUTIS,24
31,VALLE,049,EL CERRITO,01,Zona 01,03,ESCUELA JORGE ISAAC,3
31,VALLE,049,EL CERRITO,01,Zona 01,04,COLEGIO JORGE ISAAC,29
31,VALLE,049,EL CERRITO,02,Zona 02,01,COL. JOSE IGNACIO RENGIFO,24
31,VALLE,049,EL CERRITO,02,Zona 02,02,COL. SAGRADO CORAZON,21
31,VALLE,055,FLORIDA,90,Zona 90,01,COL. INSTITUTO LAS AMERICAS,8
31,VALLE,055,FLORIDA,98,Zona 98,01,CARCEL,1
31,VALLE,055,FLORIDA,99,Zona 99,01,BETANIA,1
31,VALLE,055,FLORIDA,99,Zona 99,03,CALEÑO,1
31,VALLE,055,FLORIDA,99,Zona 99,05,CAÑAS ABAJO,1
31,VALLE,055,FLORIDA,99,Zona 99,09,CAÑAS ARRIBA,1
31,VALLE,055,FLORIDA,99,Zona 99,13,CHOCOCITO,4
31,VALLE,055,FLORIDA,99,Zona 99,15,EL INGENIO,1
31,VALLE,055,FLORIDA,99,Zona 99,17,EL LIBANO,1
31,VALLE,055,FLORIDA,99,Zona 99,18,EL PEDREGAL,3
31,VALLE,055,FLORIDA,99,Zona 99,20,LA ACEQUIA,1
31,VALLE,055,FLORIDA,99,Zona 99,21,LA DIANA,3
31,VALLE,055,FLORIDA,99,Zona 99,23,LA PALMERA,1
31,VALLE,055,FLORIDA,99,Zona 99,25,LA RIBERA,2
31,VALLE,055,FLORIDA,99,Zona 99,26,LA SAMARIA,1
31,VALLE,055,FLORIDA,99,Zona 99,29,LA UNION,1
31,VALLE,055,FLORIDA,99,Zona 99,31,LAS GUACAS,2
31,VALLE,055,FLORIDA,99,Zona 99,32,PARRAGA,1
31,VALLE,055,FLORIDA,99,Zona 99,33,PUEBLO NUEVO,1
31,VALLE,055,FLORIDA,99,Zona 99,37,REMOLINO,2
31,VALLE,055,FLORIDA,99,Zona 99,39,MIRAVALLES,1
31,VALLE,055,FLORIDA,99,Zona 99,41,SAN ANTONIO,13
31,VALLE,055,FLORIDA,99,Zona 99,45,SAN FRANCISCO LLANITO,4
31,VALLE,055,FLORIDA,99,Zona 99,49,SANTA ROSA,1
31,VALLE,055,FLORIDA,99,Zona 99,51,SANTO DOMINGO,1
31,VALLE,055,FLORIDA,99,Zona 99,53,TARRAGONA,3
31,VALLE,055,FLORIDA,01,Zona 01,01,COL. ABSALON TORRES,23
31,VALLE,055,FLORIDA,01,Zona 01,02,IE JULIO ARBOLEDA,1
31,VALLE,055,FLORIDA,01,Zona 01,03,CASA DE LA CULTURA,17
31,VALLE,055,FLORIDA,01,Zona 01,04,ESC. POLICARPA SALAVARRIETA,15
31,VALLE,055,FLORIDA,02,Zona 02,01,ESC. EMETERIO PIEDRAHITA,23
31,VALLE,055,FLORIDA,02,Zona 02,02,IE JULIO CASTAÑO,2
31,VALLE,055,FLORIDA,02,Zona 02,03,LICEO COMERCIAL FEMENINO,23
31,VALLE,064,JAMUNDI,90,Zona 90,01,COL. CENTRAL DE BACHILLERATO INTEGRADO,10
31,VALLE,064,JAMUNDI,98,Zona 98,01,CARCEL COJAM JAMUNDI,2
31,VALLE,064,JAMUNDI,99,Zona 99,01,BOCAS DEL PALO,2
31,VALLE,064,JAMUNDI,99,Zona 99,02,AMPUDIA,2
31,VALLE,064,JAMUNDI,99,Zona 99,04,CHAGRES,3
31,VALLE,064,JAMUNDI,99,Zona 99,05,GUACHINTE,2
31,VALLE,064,JAMUNDI,99,Zona 99,09,LA LIBERIA,3
31,VALLE,064,JAMUNDI,99,Zona 99,10,LA MESETA,2
31,VALLE,064,JAMUNDI,99,Zona 99,11,LA VENTURA,1
31,VALLE,064,JAMUNDI,99,Zona 99,13,PASO DE LA BOLSA,3
31,VALLE,064,JAMUNDI,99,Zona 99,17,POTRERITO,11
31,VALLE,064,JAMUNDI,99,Zona 99,21,PUENTE VELEZ,2
31,VALLE,064,JAMUNDI,99,Zona 99,23,QUINAMAYO,5
31,VALLE,064,JAMUNDI,99,Zona 99,25,ROBLES,6
31,VALLE,064,JAMUNDI,99,Zona 99,29,SAN ANTONIO,5
31,VALLE,064,JAMUNDI,99,Zona 99,31,SAN ISIDRO,5
31,VALLE,064,JAMUNDI,99,Zona 99,33,SAN VICENTE,2
31,VALLE,064,JAMUNDI,99,Zona 99,37,TIMBA,6
31,VALLE,064,JAMUNDI,99,Zona 99,41,VILLA COLOMBIA,6
31,VALLE,064,JAMUNDI,99,Zona 99,45,VILLA PAZ,8
31,VALLE,064,JAMUNDI,01,Zona 01,01,CIUDELA TERRANOVA COL. COMFANDI,18
31,VALLE,064,JAMUNDI,01,Zona 01,02,IE ALFREDO BONILLA MONTAÑO,20
31,VALLE,064,JAMUNDI,01,Zona 01,03,IE EL RODEO,9
31,VALLE,064,JAMUNDI,01,Zona 01,04,INST. EDUCATIVA JUAN PABLO II,8
31,VALLE,064,JAMUNDI,01,Zona 01,05,CENTRO COMERCIAL HERRERIA EL CASTILLO,14
31,VALLE,064,JAMUNDI,02,Zona 02,01,ESC NUESTRA SEÑORA DEL PORTAL,11
31,VALLE,064,JAMUNDI,02,Zona 02,02,"CENTRO EDUCATIVO TECNICO INTEGRAL ""CETI""",15
31,VALLE,064,JAMUNDI,02,Zona 02,03,ESCUELA MANUEL MARIA VILLEGAS,16
31,VALLE,064,JAMUNDI,02,Zona 02,04,ESCUELA ROSALIA MAFLA,19
31,VALLE,064,JAMUNDI,02,Zona 02,05,ESCUELA ANGEL MARIA CAMACHO,17
31,VALLE,064,JAMUNDI,03,Zona 03,01,IE CIRO VELASCO,8
31,VALLE,064,JAMUNDI,03,Zona 03,02,IE ESPAÑA,25
31,VALLE,064,JAMUNDI,03,Zona 03,03,IE MANUELA BELTRAN,15
31,VALLE,064,JAMUNDI,03,Zona 03,04,ESCUELA SIMON BOLIVAR,18
31,VALLE,064,JAMUNDI,04,Zona 04,01,CENTRO COMERCIAL ALFAGUARA,12
31,VALLE,064,JAMUNDI,04,Zona 04,02,COLEGIO GIMNASIO MODERNO DEL V,42
31,VALLE,064,JAMUNDI,04,Zona 04,03,IE NUESTRA SEÑORA DEL ROSARIO,12
31,VALLE,064,JAMUNDI,04,Zona 04,04,LICEO TECNICO COMERCIAL LITECOM,17
31,VALLE,070,LA UNION,99,Zona 99,01,EL LINDERO,1
31,VALLE,070,LA UNION,99,Zona 99,02,CORCEGA,1
31,VALLE,070,LA UNION,99,Zona 99,03,LA DESPENSA,1
31,VALLE,070,LA UNION,99,Zona 99,04,LA AGUADA,1
31,VALLE,070,LA UNION,99,Zona 99,05,QUEBRADAGRANDE,2
31,VALLE,070,LA UNION,99,Zona 99,09,SAN LUIS,4
31,VALLE,070,LA UNION,01,Zona 01,01,INST.EDUC. MAGDALENA ORTEGA,13
31,VALLE,070,LA UNION,01,Zona 01,02,INST.EDUC. SAN JOSE,16
31,VALLE,070,LA UNION,01,Zona 01,03,I.E.SIMON BOLIVAR,6
31,VALLE,070,LA UNION,01,Zona 01,04,INST. ED. ARGEMIRO ESCOBAR CARDONA,8
31,VALLE,070,LA UNION,02,Zona 02,01,INST.EDUC. ANTONIO NARIÑO,13
31,VALLE,070,LA UNION,02,Zona 02,02,CENTRO VIDA SAN PABLO,15
31,VALLE,070,LA UNION,02,Zona 02,03,ID EDELMIRA RAMIREZ,5
31,VALLE,079,PALMIRA,10,Zona 10,01,ESC. SUSANA LOPEZ DE VALENCIA,22
31,VALLE,079,PALMIRA,10,Zona 10,02,COLISEO DE FERIAS,25
31,VALLE,079,PALMIRA,10,Zona 10,03,UNIVERSIDAD NAL. SEDE PALMIRA,15
31,VALLE,079,PALMIRA,10,Zona 10,04,MEGACOLEGIO DEL SUR,9
31,VALLE,079,PALMIRA,90,Zona 90,01,UNIVERSIDAD ANTONIO NARIÑO,11
31,VALLE,079,PALMIRA,98,Zona 98,01,CARCEL,1
31,VALLE,079,PALMIRA,99,Zona 99,01,LA ACEQUIA,4
31,VALLE,079,PALMIRA,99,Zona 99,04,LA TORRE,8
31,VALLE,079,PALMIRA,99,Zona 99,07,ROZO ROGELIO VASQUEZ NIEVA,18
31,VALLE,079,PALMIRA,99,Zona 99,08,ROZO CARDENAS DE ROZO,10
31,VALLE,079,PALMIRA,99,Zona 99,10,LA HERRADURA,4
31,VALLE,079,PALMIRA,99,Zona 99,13,MATAPALO,2
31,VALLE,079,PALMIRA,99,Zona 99,16,OBANDO,2
31,VALLE,079,PALMIRA,99,Zona 99,19,PALMASECA,6
31,VALLE,079,PALMIRA,99,Zona 99,22,CAUCASECO,2
31,VALLE,079,PALMIRA,99,Zona 99,25,GUANABANAL,5
31,VALLE,079,PALMIRA,99,Zona 99,31,LA DOLORES,2
31,VALLE,079,PALMIRA,99,Zona 99,36,BOLO ALIZAL,2
31,VALLE,079,PALMIRA,99,Zona 99,37,BOLO LA ITALIA,4
31,VALLE,079,PALMIRA,99,Zona 99,40,BOLO SAN ISIDRO,7
31,VALLE,079,PALMIRA,99,Zona 99,41,AMAIME,11
31,VALLE,079,PALMIRA,99,Zona 99,42,BOYACA,3
31,VALLE,079,PALMIRA,99,Zona 99,43,LA PAMPA,3
31,VALLE,079,PALMIRA,99,Zona 99,44,BARRANCAS,3
31,VALLE,079,PALMIRA,99,Zona 99,45,GUAYABAL,4
31,VALLE,079,PALMIRA,99,Zona 99,46,TABLONES,5
31,VALLE,079,PALMIRA,99,Zona 99,47,TIENDANUEVA,9
31,VALLE,079,PALMIRA,99,Zona 99,49,AGUACLARA,2
31,VALLE,079,PALMIRA,99,Zona 99,50,AYACUCHO (LA BUITRERA),7
31,VALLE,079,PALMIRA,99,Zona 99,55,CHONTADURO,3
31,VALLE,079,PALMIRA,99,Zona 99,58,LA ZAPATA,1
31,VALLE,079,PALMIRA,99,Zona 99,61,COMBIA,1
31,VALLE,079,PALMIRA,99,Zona 99,64,TOCHE,1
31,VALLE,079,PALMIRA,99,Zona 99,67,CALUCE,3
31,VALLE,079,PALMIRA,99,Zona 99,70,LA QUISQUINA,2
31,VALLE,079,PALMIRA,99,Zona 99,73,POTRERILLO,6
31,VALLE,079,PALMIRA,99,Zona 99,76,TENJO,2
31,VALLE,079,PALMIRA,99,Zona 99,77,JUANCHITO JULIA SAAVEDRA DE VILLAFANE,10
31,VALLE,079,PALMIRA,99,Zona 99,78,JUANCHITO - CIUDAD DEL CAMPO,4
31,VALLE,079,PALMIRA,01,Zona 01,01,ESC. JOSE MANUEL GROOT,16
31,VALLE,079,PALMIRA,01,Zona 01,02,ESC. HAROLD EDDER ZAMORANO,22
31,VALLE,079,PALMIRA,01,Zona 01,03,ESC. EDUARDO SANTOS,6
31,VALLE,079,PALMIRA,01,Zona 01,04,SALON COMUNAL BARRIO ALAMEDA,11
31,VALLE,079,PALMIRA,01,Zona 01,05,ESC. ROSA ZARATE DE PEÑA,11
31,VALLE,079,PALMIRA,01,Zona 01,06,ESC. ANTONIO LIZARAZO,12
31,VALLE,079,PALMIRA,01,Zona 01,07,CASA DE JUSTICIA,9
31,VALLE,079,PALMIRA,01,Zona 01,08,UNIV DEL VALLE SEDE PALMIRA,9
31,VALLE,079,PALMIRA,02,Zona 02,01,ESC. JUAN PABLO II,30
31,VALLE,079,PALMIRA,02,Zona 02,02,ESC. CARLOS ARTURO RODRIGUEZ,10
31,VALLE,079,PALMIRA,02,Zona 02,03,ESC. ROSA VIRGINIA,18
31,VALLE,079,PALMIRA,02,Zona 02,04,COLEGIO CARDENAS MIRRIÑAO,25
31,VALLE,079,PALMIRA,02,Zona 02,05,I.E. HUMBERTO RAFFO RIVERA,23
31,VALLE,079,PALMIRA,02,Zona 02,06,ESC. TERESA CALDERON DE LASSO,7
31,VALLE,079,PALMIRA,02,Zona 02,07,ESC RICARDO NIETO,5
31,VALLE,079,PALMIRA,03,Zona 03,01,ESC. MIGUEL ANGEL MERCADO,10
31,VALLE,079,PALMIRA,03,Zona 03,02,ESC. ANTONIA SANTOS,8
31,VALLE,079,PALMIRA,03,Zona 03,03,ESC. JORGE ELIECER GAITAN,18
31,VALLE,079,PALMIRA,03,Zona 03,04,ESC. TULIO RAFFO,23
31,VALLE,079,PALMIRA,03,Zona 03,05,ESC. SANTA BARBARA,17
31,VALLE,079,PALMIRA,03,Zona 03,06,ESC. ENELIA RIVERA,6
31,VALLE,079,PALMIRA,03,Zona 03,07,COLISEO CUBIERTO,21
31,VALLE,079,PALMIRA,04,Zona 04,01,COLEGIO CARDENAS CENTRO,20
31,VALLE,079,PALMIRA,04,Zona 04,02,I.E. LA MILAGROSA,8
31,VALLE,079,PALMIRA,04,Zona 04,03,UNIV. SANTIAGO CALI SEDE PALM,8
31,VALLE,079,PALMIRA,04,Zona 04,04,ESC. JULIO CESAR ARCE,8
31,VALLE,079,PALMIRA,04,Zona 04,05,ESC. GREGORIO HERNANDEZ,10
31,VALLE,079,PALMIRA,04,Zona 04,06,ESC.LA NIÑA MARIA,6
31,VALLE,079,PALMIRA,05,Zona 05,01,ESC. JOSE MARIA CALVACHE,7
31,VALLE,079,PALMIRA,05,Zona 05,02,ESC. PRAXEDES ESPINOSA,7
31,VALLE,079,PALMIRA,05,Zona 05,03,ESC POPULAR MODELO,6
31,VALLE,079,PALMIRA,05,Zona 05,04,ESC. LUIS FERNANDO VALLEJO,9
31,VALLE,079,PALMIRA,05,Zona 05,05,ESC. LAS PALMERAS,18
31,VALLE,079,PALMIRA,06,Zona 06,01,ESC. ALFONSO CABAL MADRIÑAN,10
31,VALLE,079,PALMIRA,06,Zona 06,02,ESC. SOR MARIA LUISA MOLINA,7
31,VALLE,079,PALMIRA,06,Zona 06,03,ESC. PAULO VI,14
31,VALLE,079,PALMIRA,06,Zona 06,04,ESC. MERCEDES ABREGO,21
31,VALLE,079,PALMIRA,06,Zona 06,05,ESC. ALFONSO LOPEZ PUMAREJO,15
31,VALLE,079,PALMIRA,07,Zona 07,01,I.E. SAN VICENTE DE PAUL,30
31,VALLE,079,PALMIRA,07,Zona 07,02,CASA DE LA CULTURA,10
31,VALLE,079,PALMIRA,07,Zona 07,03,I.E. SAGRADA FAMILIA,7
31,VALLE,079,PALMIRA,07,Zona 07,04,I.E. MATER DEI,15
31,VALLE,079,PALMIRA,08,Zona 08,01,ESC. MARIA MONTESORI,19
31,VALLE,079,PALMIRA,08,Zona 08,02,ESC. EL PARAISO,3
31,VALLE,079,PALMIRA,09,Zona 09,02,ESC. DOMINGO IRURITA,3
31,VALLE,079,PALMIRA,09,Zona 09,03,CENTRO ALFONSO LOPEZ,15
31,VALLE,079,PALMIRA,09,Zona 09,04,SALON COMUNAL BARRIO INDEPENDENCIA,8
31,VALLE,079,PALMIRA,09,Zona 09,05,ESC. MARIA ANTONIA PENAGOS,10
31,VALLE,082,PRADERA,90,Zona 90,01,COLEGIO ANTONIO RICAURTE,6
31,VALLE,082,PRADERA,99,Zona 99,01,BOLIVAR,1
31,VALLE,082,PRADERA,99,Zona 99,05,BOLO AZUL,1
31,VALLE,082,PRADERA,99,Zona 99,07,BOLO BLANCO,1
31,VALLE,082,PRADERA,99,Zona 99,09,BOLO NEGRO (LA FERIA),1
31,VALLE,082,PRADERA,99,Zona 99,10,EL ARENILLO,1
31,VALLE,082,PRADERA,99,Zona 99,13,EL HARTONAL,1
31,VALLE,082,PRADERA,99,Zona 99,19,EL LIBANO,1
31,VALLE,082,PRADERA,99,Zona 99,21,EL NOGAL,1
31,VALLE,082,PRADERA,99,Zona 99,23,EL RECREO,2
31,VALLE,082,PRADERA,99,Zona 99,25,EL RETIRO,1
31,VALLE,082,PRADERA,99,Zona 99,27,LA FLORESTA,1
31,VALLE,082,PRADERA,99,Zona 99,28,LA FRIA,1
31,VALLE,082,PRADERA,99,Zona 99,29,LA GRANJA,2
31,VALLE,082,PRADERA,99,Zona 99,33,LA RUIZA,1
31,VALLE,082,PRADERA,99,Zona 99,37,LA TUPIA,2
31,VALLE,082,PRADERA,99,Zona 99,39,LA CARBONERA,1
31,VALLE,082,PRADERA,99,Zona 99,41,LOMITAS,2
31,VALLE,082,PRADERA,99,Zona 99,44,LOS PINOS,1
31,VALLE,082,PRADERA,99,Zona 99,49,PARRAGA,1
31,VALLE,082,PRADERA,99,Zona 99,53,POTRERITO,2
31,VALLE,082,PRADERA,99,Zona 99,55,SAN ANTONIO,1
31,VALLE,082,PRADERA,99,Zona 99,57,SAN ISIDRO,1
31,VALLE,082,PRADERA,99,Zona 99,67,VALLECITO,1
31,VALLE,082,PRADERA,01,Zona 01,01,COLEGIO ATENEO SEDE PRINCIPAL,13
31,VALLE,082,PRADERA,01,Zona 01,02,ESCUELA BENJAMIN VALENCIA,13
31,VALLE,082,PRADERA,01,Zona 01,03,SEDE IMDER PRADERA,9
31,VALLE,082,PRADERA,01,Zona 01,04,ESCUELA SAN JUAN BOSCO,13
31,VALLE,082,PRADERA,02,Zona 02,01,ESCUELA SANTA ISABEL,13
31,VALLE,082,PRADERA,02,Zona 02,02,COLEGIO FRANCISCO ANTONIO ZEA,16
31,VALLE,082,PRADERA,02,Zona 02,03,ESCUELA LEONIDAS MOSQUERA,10
31,VALLE,082,PRADERA,02,Zona 02,04,ESCUELA BELLO HORIZONTE,11
31,VALLE,091,ROLDANILLO,98,Zona 98,01,CARCEL,1
31,VALLE,091,ROLDANILLO,99,Zona 99,01,CAJAMARCA,1
31,VALLE,091,ROLDANILLO,99,Zona 99,02,BELGICA,1
31,VALLE,091,ROLDANILLO,99,Zona 99,03,EL AGUACATE,1
31,VALLE,091,ROLDANILLO,99,Zona 99,04,EL HOBO,1
31,VALLE,091,ROLDANILLO,99,Zona 99,05,EL RETIRO,2
31,VALLE,091,ROLDANILLO,99,Zona 99,06,BUENAVISTA,1
31,VALLE,091,ROLDANILLO,99,Zona 99,07,HIGUERONCITO,3
31,VALLE,091,ROLDANILLO,99,Zona 99,08,ISUGU,1
31,VALLE,091,ROLDANILLO,99,Zona 99,09,LA CANDELARIA,1
31,VALLE,091,ROLDANILLO,99,Zona 99,10,LA MONTAÑUELA,1
31,VALLE,091,ROLDANILLO,99,Zona 99,12,MATADEGUADUA,1
31,VALLE,091,ROLDANILLO,99,Zona 99,13,MORELIA,3
31,VALLE,091,ROLDANILLO,99,Zona 99,14,EL CASCARILLO,1
31,VALLE,091,ROLDANILLO,99,Zona 99,15,EL CIRUELO,1
31,VALLE,091,ROLDANILLO,99,Zona 99,16,EL PIE,1
31,VALLE,091,ROLDANILLO,99,Zona 99,17,PUERTO QUINTERO,2
31,VALLE,091,ROLDANILLO,99,Zona 99,19,EL SILENCIO,1
31,VALLE,091,ROLDANILLO,99,Zona 99,20,SANTA RITA,5
31,VALLE,091,ROLDANILLO,99,Zona 99,22,EL CASTILLO,1
31,VALLE,091,ROLDANILLO,99,Zona 99,25,GUAYABAL,1
31,VALLE,091,ROLDANILLO,99,Zona 99,30,LA ARMENIA,1
31,VALLE,091,ROLDANILLO,99,Zona 99,35,REMOLINO,1
31,VALLE,091,ROLDANILLO,99,Zona 99,40,TIERRABLANCA,3
31,VALLE,091,ROLDANILLO,01,Zona 01,01,IE BELISARIO PEÑA PIÑEIRO,8
31,VALLE,091,ROLDANILLO,01,Zona 01,02,I.E.B.P.P. SEDE DIVINO NIÑO,10
31,VALLE,091,ROLDANILLO,01,Zona 01,03,IE NORMAL SUPERIOR JORGE ISAAC,14
31,VALLE,091,ROLDANILLO,01,Zona 01,04,THOMAS IGNACIO ESQUIVEL,6
31,VALLE,091,ROLDANILLO,02,Zona 02,01,IE NUESTRA SEÑORA DE CHINQUINQUIRA,8
31,VALLE,091,ROLDANILLO,02,Zona 02,02,IE JOHN F KENEDDY,12
31,VALLE,091,ROLDANILLO,02,Zona 02,03,ESC NOR. SUP. JORGE ISAAC SD L.MADRID,12
31,VALLE,097,SEVILLA,90,Zona 90,01,COLISEO DEP. MUNICIPAL OSCAR JARAM,13
31,VALLE,097,SEVILLA,98,Zona 98,01,CARCEL,1
31,VALLE,097,SEVILLA,99,Zona 99,01,ALEGRIAS,1
31,VALLE,097,SEVILLA,99,Zona 99,02,CANOAS,1
31,VALLE,097,SEVILLA,99,Zona 99,04,BAJO CONGAL,1
31,VALLE,097,SEVILLA,99,Zona 99,05,CEBOLLAL,1
31,VALLE,097,SEVILLA,99,Zona 99,09,COLORADAS,2
31,VALLE,097,SEVILLA,99,Zona 99,11,COMINALES,1
31,VALLE,097,SEVILLA,99,Zona 99,13,COROZAL,1
31,VALLE,097,SEVILLA,99,Zona 99,15,CRISTALES,1
31,VALLE,097,SEVILLA,99,Zona 99,17,CUMBARCO,2
31,VALLE,097,SEVILLA,99,Zona 99,21,EL VENADO,1
31,VALLE,097,SEVILLA,99,Zona 99,23,ESTACION CAICEDONIA,1
31,VALLE,097,SEVILLA,99,Zona 99,25,LA ASTELIA,1
31,VALLE,097,SEVILLA,99,Zona 99,29,LA CUCHILLA,1
31,VALLE,097,SEVILLA,99,Zona 99,33,LA ESTRELLA (LA MONEDA),1
31,VALLE,097,SEVILLA,99,Zona 99,35,LA MELBA,1
31,VALLE,097,SEVILLA,99,Zona 99,36,LA RAQUELITA,1
31,VALLE,097,SEVILLA,99,Zona 99,38,LAS BRISAS,1
31,VALLE,097,SEVILLA,99,Zona 99,41,MANZANILLO,1
31,VALLE,097,SEVILLA,99,Zona 99,46,MORRO AZUL,1
31,VALLE,097,SEVILLA,99,Zona 99,49,PALOMINO,1
31,VALLE,097,SEVILLA,99,Zona 99,50,QUEBRADA NUEVA,1
31,VALLE,097,SEVILLA,99,Zona 99,52,PALMICHAL,1
31,VALLE,097,SEVILLA,99,Zona 99,53,SAN ANTONIO,3
31,VALLE,097,SEVILLA,99,Zona 99,55,SAN MARCOS,1
31,VALLE,097,SEVILLA,99,Zona 99,56,TOTORO,1
31,VALLE,097,SEVILLA,99,Zona 99,57,TRES ESQUINAS,3
31,VALLE,097,SEVILLA,01,Zona 01,01,COLEG. LICEO MIXTO,18
31,VALLE,097,SEVILLA,01,Zona 01,02,ESC. MARIA INMACULADA,13
31,VALLE,097,SEVILLA,01,Zona 01,03,ESCUELA HUGO TORO ECHEVERRY,10
31,VALLE,097,SEVILLA,02,Zona 02,01,ESC. ARMANDO ROMERO,13
31,VALLE,097,SEVILLA,02,Zona 02,02,IE SEVILLA - SEDE ANTONIA SANTOS,19
40,ARAUCA,015,CRAVO NORTE,00,Zona 00,00,PUESTO CABECERA MUNICIPAL,11
40,ARAUCA,020,PUERTO RONDON,00,Zona 00,00,PUESTO CABECERA MUNICIPAL,12
40,ARAUCA,017,FORTUL,99,Zona 99,08,CAÑO FLOREZ,3
40,ARAUCA,017,FORTUL,99,Zona 99,10,NUEVO CARANAL,6
40,ARAUCA,017,FORTUL,99,Zona 99,35,MATECAÑA,2
40,ARAUCA,017,FORTUL,00,Zona 00,01,POLIDEPORTIVO MUNICIPAL,16
40,ARAUCA,017,FORTUL,00,Zona 00,02,CONCENTRACION ELVIRA WALTEROS,15
40,ARAUCA,001,ARAUCA,98,Zona 98,01,CARCEL,1
40,ARAUCA,001,ARAUCA,99,Zona 99,03,CAÑAS BRAVAS,2
40,ARAUCA,001,ARAUCA,99,Zona 99,19,MAPORILLAL,1
40,ARAUCA,001,ARAUCA,99,Zona 99,24,SANTA BARBARA,4
40,ARAUCA,001,ARAUCA,99,Zona 99,28,CARACOL,2
40,ARAUCA,001,ARAUCA,99,Zona 99,40,TODOS LOS SANTOS,3
40,ARAUCA,001,ARAUCA,99,Zona 99,41,LAS NUBES,2
40,ARAUCA,001,ARAUCA,99,Zona 99,42,FELICIANO,1
40,ARAUCA,001,ARAUCA,99,Zona 99,43,CLARINETERO,1
40,ARAUCA,001,ARAUCA,01,Zona 01,01,COLEGIO SIMON BOLIVAR,33
40,ARAUCA,001,ARAUCA,01,Zona 01,02,CONCENTRACION CAMILO TORRES,19
40,ARAUCA,001,ARAUCA,01,Zona 01,03,ESCUELA LOS LIBERTADORES,8
40,ARAUCA,001,ARAUCA,01,Zona 01,04,ESCUELA JOSE MARIA CORDOBA,5
40,ARAUCA,001,ARAUCA,02,Zona 02,01,NORMAL MARIA INMACULADA,24
40,ARAUCA,001,ARAUCA,02,Zona 02,02,COLEGIO TEC. CRISTO REY,37
40,ARAUCA,001,ARAUCA,02,Zona 02,03,ESCUELA FLOR DE MI LLANO,24
40,ARAUCA,001,ARAUCA,02,Zona 02,04,UNIDAD DE SALUD MENTAL ARAUCA,1
40,ARAUCA,001,ARAUCA,02,Zona 02,05,IE JUAN ISIDRO DABOIN,2
40,ARAUCA,001,ARAUCA,02,Zona 02,06,IE SEDE LUIS CARLOS GALAN,1
40,ARAUCA,001,ARAUCA,03,Zona 03,01,COLEGIO SANTANDER PRIMARIA,20
40,ARAUCA,001,ARAUCA,03,Zona 03,02,CONC.ESCOLAR LAS COROCORAS,12
40,ARAUCA,001,ARAUCA,03,Zona 03,03,CONC.ESCOLAR DIVINO NIÑO,26
40,ARAUCA,001,ARAUCA,03,Zona 03,04,COL TEC SANTA TERESITA,13
40,ARAUCA,005,TAME,99,Zona 99,02,BETOYES,5
40,ARAUCA,005,TAME,99,Zona 99,06,PUERTO GAITAN,1
40,ARAUCA,005,TAME,99,Zona 99,12,PUERTO SAN SALVADOR,1
40,ARAUCA,005,TAME,99,Zona 99,25,LA HOLANDA,1
40,ARAUCA,005,TAME,99,Zona 99,27,LA ARENOSA,1
40,ARAUCA,005,TAME,99,Zona 99,29,LAS MALVINAS,2
40,ARAUCA,005,TAME,99,Zona 99,46,PUERTO JORDAN,10
40,ARAUCA,005,TAME,99,Zona 99,50,CACHAMA,1
40,ARAUCA,005,TAME,99,Zona 99,60,EL BOTALON,7
40,ARAUCA,005,TAME,99,Zona 99,70,EL TABLON,2
40,ARAUCA,005,TAME,99,Zona 99,71,CENTRO POBLADO  COROCITO,4
40,ARAUCA,005,TAME,99,Zona 99,72,SANTO DOMINGO,1
40,ARAUCA,005,TAME,01,Zona 01,01,COL. INST. ORIENTAL FEMENINO,19
40,ARAUCA,005,TAME,01,Zona 01,02,ESCUELA SAN ANTONIO,20
40,ARAUCA,005,TAME,01,Zona 01,03,COLISEO CUBIERTO LOS LIBERTADORES,12
40,ARAUCA,005,TAME,02,Zona 02,01,COLEGIO FROILAN FARIAS,18
40,ARAUCA,005,TAME,02,Zona 02,02,CIUDADELA UNIVERSITARIA,13
40,ARAUCA,005,TAME,02,Zona 02,03,IE SAN LUIS,2
40,ARAUCA,010,ARAUQUITA,99,Zona 99,02,AGUACHICA,6
40,ARAUCA,010,ARAUQUITA,99,Zona 99,05,LA ESMERALDA,11
40,ARAUCA,010,ARAUQUITA,99,Zona 99,06,LA PAZ,4
40,ARAUCA,010,ARAUQUITA,99,Zona 99,07,REINERA,4
40,ARAUCA,010,ARAUQUITA,99,Zona 99,16,LA PESQUERA,5
40,ARAUCA,010,ARAUQUITA,99,Zona 99,26,BRISAS DEL CARANAL,2
40,ARAUCA,010,ARAUQUITA,99,Zona 99,27,RESGUARDO INDIGENA EL VIGIA,1
40,ARAUCA,010,ARAUQUITA,99,Zona 99,28,RESGUARDO INDIGENA SAN JOSE DE LIPA,1
40,ARAUCA,010,ARAUQUITA,99,Zona 99,30,RESGUARDO INDIGENA IGUANITOS,1
40,ARAUCA,010,ARAUQUITA,99,Zona 99,31,VEREDA FILIPINAS,1
40,ARAUCA,010,ARAUQUITA,99,Zona 99,32,VEREDA SAN LORENZO,1
40,ARAUCA,010,ARAUQUITA,99,Zona 99,33,VEREDA EL TRONCAL,2
40,ARAUCA,010,ARAUQUITA,99,Zona 99,45,PANAMA DE ARAUCA,11
40,ARAUCA,010,ARAUQUITA,01,Zona 01,01,IE LICEO DEL LLANO,15
40,ARAUCA,010,ARAUQUITA,01,Zona 01,02,IE LICEO DEL LLANO SEDE SIMON BOLIVAR,16
40,ARAUCA,010,ARAUQUITA,02,Zona 02,01,IE GABRIEL GARCIA MARQUEZ SEC PRIMARIA,15
40,ARAUCA,010,ARAUQUITA,02,Zona 02,02,IE GABRIEL GARCIA MARQUEZ SEC SECUNDARIA,16
40,ARAUCA,025,SARAVENA,99,Zona 99,60,PUERTO NARIÑO,10
40,ARAUCA,025,SARAVENA,99,Zona 99,61,RESGUARDO INDIGENAS DE PLAYAS DE BOJABA,1
40,ARAUCA,025,SARAVENA,99,Zona 99,62,VEREDA VIAS,3
40,ARAUCA,025,SARAVENA,01,Zona 01,01,CENTRO CULT Y DEPORTIVO SIMON,18
40,ARAUCA,025,SARAVENA,01,Zona 01,02,IE LA FRONTERA,26
40,ARAUCA,025,SARAVENA,01,Zona 01,03,SEDE EDUCATIVA SEIS DE OCTUBRE,18
40,ARAUCA,025,SARAVENA,01,Zona 01,04,SEDE EDUCATIVA LAS VILLAS,8
40,ARAUCA,025,SARAVENA,02,Zona 02,01,SEDE EDUCATIVA GENERAL SANTANDER,13
40,ARAUCA,025,SARAVENA,02,Zona 02,02,IE TEC.IND.RAFAEL POMBO BTO,24
40,ARAUCA,025,SARAVENA,02,Zona 02,03,SEDE EDUCATIVA MANUELA BELTRAN,2
44,CAQUETA,002,ALBANIA,99,Zona 99,25,DORADO,2
44,CAQUETA,002,ALBANIA,00,Zona 00,00,IE ALBANIA - SD PEREGRINO LOZANO,12
44,CAQUETA,003,CARTAGENA DEL CHAIRA,99,Zona 99,70,RISARALDA,3
44,CAQUETA,003,CARTAGENA DEL CHAIRA,99,Zona 99,75,REMOLINO DEL CAGUAN,6
44,CAQUETA,003,CARTAGENA DEL CHAIRA,99,Zona 99,80,SANTA FE DEL CAGUAN,4
44,CAQUETA,003,CARTAGENA DEL CHAIRA,99,Zona 99,81,MONSERRATE,1
44,CAQUETA,003,CARTAGENA DEL CHAIRA,99,Zona 99,82,LA SARDINATA,2
44,CAQUETA,003,CARTAGENA DEL CHAIRA,99,Zona 99,83,SANTO DOMINGO,1
44,CAQUETA,003,CARTAGENA DEL CHAIRA,99,Zona 99,84,DOCE DE OCTUBRE,5
44,CAQUETA,003,CARTAGENA DEL CHAIRA,00,Zona 00,00,IE. EL CHAIRA JOSE MARIA CORDOBA,51
44,CAQUETA,004,BELEN DE LOS ANDAQUIES,99,Zona 99,01,EL PORTAL,2
44,CAQUETA,004,BELEN DE LOS ANDAQUIES,99,Zona 99,02,VEREDA SAN  LUIS,1
44,CAQUETA,004,BELEN DE LOS ANDAQUIES,00,Zona 00,00,PUESTO CABECERA MUNICIPAL,23
44,CAQUETA,005,EL DONCELLO,99,Zona 99,01,MAGUARE,2
44,CAQUETA,005,EL DONCELLO,99,Zona 99,03,PUERTO HUNGRIA,1
44,CAQUETA,005,EL DONCELLO,99,Zona 99,05,BERLIN,1
44,CAQUETA,005,EL DONCELLO,99,Zona 99,06,URIAS RONDON,1
44,CAQUETA,005,EL DONCELLO,99,Zona 99,10,PEÑAS NEGRAS,1
44,CAQUETA,005,EL DONCELLO,99,Zona 99,60,PUERTO MANRIQUE,1
44,CAQUETA,005,EL DONCELLO,00,Zona 00,00,PUESTO CABECERA MUNICIPAL,42
44,CAQUETA,006,EL PAUJIL,99,Zona 99,04,BOLIVIA,2
44,CAQUETA,006,EL PAUJIL,99,Zona 99,70,VERSALLES,1
44,CAQUETA,006,EL PAUJIL,00,Zona 00,00,PUESTO CABECERA MUNICIPAL,31
44,CAQUETA,007,LA MONTAÑITA,99,Zona 99,03,EL TRIUNFO,1
44,CAQUETA,007,LA MONTAÑITA,99,Zona 99,05,SANTUARIO,4
44,CAQUETA,007,LA MONTAÑITA,99,Zona 99,45,LA UNION PENEYA,10
44,CAQUETA,007,LA MONTAÑITA,99,Zona 99,50,MATEGUADUA,3
44,CAQUETA,007,LA MONTAÑITA,00,Zona 00,00,PUESTO CABECERA MUNICIPAL,20
44,CAQUETA,012,CURILLO,99,Zona 99,40,PUERTO VALDIVIA,1
44,CAQUETA,012,CURILLO,99,Zona 99,80,SALAMINA,1
44,CAQUETA,012,CURILLO,00,Zona 00,00,PUESTO CABECERA MUNICIPAL,21
44,CAQUETA,016,MILAN,99,Zona 99,10,LA ILUSION MATICURU,1
44,CAQUETA,016,MILAN,99,Zona 99,25,GETUCHA (SAN ANTONIO),8
44,CAQUETA,016,MILAN,99,Zona 99,26,AGUA BLANCA,1
44,CAQUETA,016,MILAN,99,Zona 99,50,MATICURU (GRANARIO),1
44,CAQUETA,016,MILAN,99,Zona 99,51,RESGUARDO INDIGENA AGUA NEGRA,2
44,CAQUETA,016,MILAN,99,Zona 99,70,REMOLINO DE ARICUNTI,2
44,CAQUETA,016,MILAN,00,Zona 00,00,PUESTO CABECERA MUNICIPAL,7
44,CAQUETA,017,MORELIA,99,Zona 99,01,VEREDA BOLIVIA,1
44,CAQUETA,017,MORELIA,99,Zona 99,02,VEREDA EL SILENCIO,1
44,CAQUETA,017,MORELIA,99,Zona 99,03,VEREDA SAN MARCOS,1
44,CAQUETA,017,MORELIA,00,Zona 00,00,PUESTO CABECERA MUNICIPAL,11
44,CAQUETA,022,SOLANO,99,Zona 99,25,ARARACUARA,1
44,CAQUETA,022,SOLANO,99,Zona 99,30,CUEMANI,1
44,CAQUETA,022,SOLANO,99,Zona 99,40,LA MANA,1
44,CAQUETA,022,SOLANO,99,Zona 99,45,DANUBIO (CAMPO ALEGRE),2
44,CAQUETA,022,SOLANO,99,Zona 99,50,MONONGUETE,2
44,CAQUETA,022,SOLANO,99,Zona 99,55,PEÑAS BLANCAS,1
44,CAQUETA,022,SOLANO,99,Zona 99,70,PUERTO TEJADA,1
44,CAQUETA,022,SOLANO,99,Zona 99,71,VEREDA PUERTO HERICHA,1
44,CAQUETA,022,SOLANO,99,Zona 99,72,VEREDA PUERTO MERCEDES,1
44,CAQUETA,022,SOLANO,99,Zona 99,73,VEREDA CURI PLAYA,1
44,CAQUETA,022,SOLANO,99,Zona 99,75,VEREDA EL SABALO,1
44,CAQUETA,022,SOLANO,00,Zona 00,00,PUESTO CABECERA MUNICIPAL,18
44,CAQUETA,024,SOLITA,99,Zona 99,01,VEREDA CAMPOLEJANO,1
44,CAQUETA,024,SOLITA,00,Zona 00,00,PUESTO CABECERA MUNICIPAL,17
44,CAQUETA,040,VALPARAISO,99,Zona 99,57,PLAYA RICA,1
44,CAQUETA,040,VALPARAISO,99,Zona 99,58,CAMPO ALEGRE KM 18,1
44,CAQUETA,040,VALPARAISO,99,Zona 99,60,SANTIAGO DE LA SELVA,2
44,CAQUETA,040,VALPARAISO,00,Zona 00,00,PUESTO CABECERA MUNICIPAL,14
44,CAQUETA,009,PUERTO RICO,99,Zona 99,20,LA AGUILILLA,2
44,CAQUETA,009,PUERTO RICO,99,Zona 99,26,LA ESMERALDA,3
44,CAQUETA,009,PUERTO RICO,99,Zona 99,28,LUSITANIA,2
44,CAQUETA,009,PUERTO RICO,99,Zona 99,29,RIO NEGRO,3
44,CAQUETA,009,PUERTO RICO,99,Zona 99,30,LA CHIPA,2
44,CAQUETA,009,PUERTO RICO,99,Zona 99,40,SANTANA RAMOS,2
44,CAQUETA,009,PUERTO RICO,99,Zona 99,60,LA PAZ,2
44,CAQUETA,009,PUERTO RICO,00,Zona 00,01,IE SAGRADOS CORAZONES,25
44,CAQUETA,009,PUERTO RICO,00,Zona 00,02,IE ACEVEDO Y GOMEZ,19
44,CAQUETA,020,SAN JOSE DEL FRAGUA,99,Zona 99,30,FRAGUITA,2
44,CAQUETA,020,SAN JOSE DEL FRAGUA,99,Zona 99,50,PUERTO BELLO,1
44,CAQUETA,020,SAN JOSE DEL FRAGUA,99,Zona 99,55,PUERTO NUEVO,2
44,CAQUETA,020,SAN JOSE DEL FRAGUA,99,Zona 99,80,YURAYACO,6
44,CAQUETA,020,SAN JOSE DEL FRAGUA,00,Zona 00,01,INSTITUCION EDUCATIVA PARROQUIAL,15
44,CAQUETA,020,SAN JOSE DEL FRAGUA,00,Zona 00,02,SEDE 2 I.E. DON QUIJOTE,8
44,CAQUETA,001,FLORENCIA,90,Zona 90,01,UNIVERSIDAD DE LA AMAZONIA,11
44,CAQUETA,001,FLORENCIA,98,Zona 98,01,CARCEL SEDE UNO- EL CUNDUY,1
44,CAQUETA,001,FLORENCIA,98,Zona 98,02,CARCEL SEDE DOS-HELICONIAS,1
44,CAQUETA,001,FLORENCIA,99,Zona 99,04,SAN PEDRO - NORCASIA,2
44,CAQUETA,001,FLORENCIA,99,Zona 99,05,ORTEGUAZA - SANTANA LAS HERMOSAS,2
44,CAQUETA,001,FLORENCIA,99,Zona 99,06,ORTEGUAZA - SAN ANTONIO DE ATENAS.,1
44,CAQUETA,001,FLORENCIA,99,Zona 99,07,ORTEGUAZA - REMOLINO ALTO ORTEGUAZA,1
44,CAQUETA,001,FLORENCIA,99,Zona 99,08,EL DANUBIO - REMOLINO,2
44,CAQUETA,001,FLORENCIA,99,Zona 99,09,EL DANUBIO - SAN GUILLERMO,1
44,CAQUETA,001,FLORENCIA,99,Zona 99,65,EL CARAÑO - AVENIDA EL CARAÑO,4
44,CAQUETA,001,FLORENCIA,99,Zona 99,66,EL CARAÑO - NUEVA JERUSALÉN,2
44,CAQUETA,001,FLORENCIA,99,Zona 99,67,EL CARAÑO - BAJO CALDAS,1
44,CAQUETA,001,FLORENCIA,99,Zona 99,68,EL CARAÑO-BELLO HORIZONTE SD LA FLORIDA,3
44,CAQUETA,001,FLORENCIA,99,Zona 99,70,SANTO DOMINGO - COFEMA,8
44,CAQUETA,001,FLORENCIA,99,Zona 99,71,SANTO DOMINGO - VILLA HERMOSA DOS.,1
44,CAQUETA,001,FLORENCIA,99,Zona 99,72,SANTO DOMINGO - I.E. RURAL SANTANDER,1
44,CAQUETA,001,FLORENCIA,99,Zona 99,75,SAN MARTIN - I.E. ALTOS DE COPOAZU,2
44,CAQUETA,001,FLORENCIA,99,Zona 99,76,SAN MARTIN-ASENT. HUMANO VILLA DE DIOS,2
44,CAQUETA,001,FLORENCIA,99,Zona 99,90,VENECIA - PUERTO ARANGO,2
44,CAQUETA,001,FLORENCIA,99,Zona 99,91,VENECIA - LA LIBERTAD.,1
44,CAQUETA,001,FLORENCIA,99,Zona 99,92,SAN PEDRO - VICTORIA BAJA SEDE EL PARA.,1
44,CAQUETA,001,FLORENCIA,99,Zona 99,93,SAN PEDRO-VICTORIA BAJA SD VICTORIA BAJA,1
44,CAQUETA,001,FLORENCIA,01,Zona 01,01,I.E. JUAN BAUTISTA LA SALLE,22
44,CAQUETA,001,FLORENCIA,01,Zona 01,02,I.E. JUAN BAUTISTA MIGANI,14
44,CAQUETA,001,FLORENCIA,01,Zona 01,03,I.E. SAN FRANCISCO DE ASIS,17
44,CAQUETA,001,FLORENCIA,01,Zona 01,04,I.E. SAGRADOS CORAZONES,18
44,CAQUETA,001,FLORENCIA,01,Zona 01,05,IE JUAN BAUTISTA LA SALLE SD 7 DE AGOSTO,6
44,CAQUETA,001,FLORENCIA,01,Zona 01,06,I.E. SAN FRANCISCO DE ASIS SD CIRCACIA,4
44,CAQUETA,001,FLORENCIA,01,Zona 01,07,I.E.BUINAIMA,19
44,CAQUETA,001,FLORENCIA,01,Zona 01,08,IE LA ESPERANZA,8
44,CAQUETA,001,FLORENCIA,01,Zona 01,09,SEMINARIO MAYOR ARQUIDIOCESANO SAN JOSE,7
44,CAQUETA,001,FLORENCIA,02,Zona 02,01,I.E. ANTONIO RICAURTE SD JUAN XXIII,20
44,CAQUETA,001,FLORENCIA,02,Zona 02,02,I.E. ANTONIO RICAURTE,15
44,CAQUETA,001,FLORENCIA,02,Zona 02,03,I.E. BARRIOS UNIDOS DEL SUR,23
44,CAQUETA,001,FLORENCIA,02,Zona 02,04,INS TEC AGROINDUSTRIAL  DE LA AMAZONIA,14
44,CAQUETA,001,FLORENCIA,02,Zona 02,05,UNIVERSIDAD DE LA AMAZONIA SEDE CENTRO,6
44,CAQUETA,001,FLORENCIA,02,Zona 02,06,I.E. NORMAL SUPERIOR,5
44,CAQUETA,001,FLORENCIA,03,Zona 03,01,I.E.LOS PINOS SEDE LA PAZ,10
44,CAQUETA,001,FLORENCIA,03,Zona 03,02,UNIVERSIDAD UNAD,10
44,CAQUETA,001,FLORENCIA,03,Zona 03,03,INSTITUTO TECNICO INDUSTRIAL,19
44,CAQUETA,001,FLORENCIA,03,Zona 03,04,I.E.LA SALLE,14
44,CAQUETA,001,FLORENCIA,03,Zona 03,05,I.E. LOS PINOS,6
44,CAQUETA,001,FLORENCIA,03,Zona 03,06,I.E. LOS ANDES,2
44,CAQUETA,001,FLORENCIA,04,Zona 04,01,I.E.BUS SD PUEBLO NUEVO,12
44,CAQUETA,001,FLORENCIA,04,Zona 04,02,I.E.BUS SD SANTA INES,8
44,CAQUETA,001,FLORENCIA,04,Zona 04,03,I.E. CIUDADELA SIGLO XXI SD EL TRIUNFO,6
44,CAQUETA,001,FLORENCIA,04,Zona 04,04,I.E.DIV.NIÑO SEDE LAS PALMERAS,12
44,CAQUETA,001,FLORENCIA,04,Zona 04,05,I.E. CIUDADELA SIGLO XXI,22
44,CAQUETA,001,FLORENCIA,04,Zona 04,06,I.E.BELLO HORIZONTE,18
44,CAQUETA,001,FLORENCIA,04,Zona 04,07,IE JORGE ELIECER GAITAN,8
44,CAQUETA,001,FLORENCIA,04,Zona 04,08,I.E. JORGE E. GAITAN SD SIMON BOLIVAR,4
44,CAQUETA,010,SAN VICENTE DEL CAGUAN,99,Zona 99,01,GUACAMAYAS,3
44,CAQUETA,010,SAN VICENTE DEL CAGUAN,99,Zona 99,02,PLAYA RICA,2
44,CAQUETA,010,SAN VICENTE DEL CAGUAN,99,Zona 99,03,SANTA ROSA,1
44,CAQUETA,010,SAN VICENTE DEL CAGUAN,99,Zona 99,04,CAMPO HERMOSO,6
44,CAQUETA,010,SAN VICENTE DEL CAGUAN,99,Zona 99,05,BALSILLAS,1
44,CAQUETA,010,SAN VICENTE DEL CAGUAN,99,Zona 99,07,PUERTO AMOR,3
44,CAQUETA,010,SAN VICENTE DEL CAGUAN,99,Zona 99,08,GUAYABAL,3
44,CAQUETA,010,SAN VICENTE DEL CAGUAN,99,Zona 99,30,LOS POZOS,3
44,CAQUETA,010,SAN VICENTE DEL CAGUAN,99,Zona 99,40,PUERTO BETANIA,3
44,CAQUETA,010,SAN VICENTE DEL CAGUAN,99,Zona 99,50,SAN JUAN DEL LOZADA,5
44,CAQUETA,010,SAN VICENTE DEL CAGUAN,99,Zona 99,85,TRES ESQUINAS,1
44,CAQUETA,010,SAN VICENTE DEL CAGUAN,99,Zona 99,88,TRONCALES,2
44,CAQUETA,010,SAN VICENTE DEL CAGUAN,99,Zona 99,89,CENTRO POBLADO LA NOVIA,3
44,CAQUETA,010,SAN VICENTE DEL CAGUAN,99,Zona 99,90,CIUDAD YARI,2
44,CAQUETA,010,SAN VICENTE DEL CAGUAN,99,Zona 99,91,VILLA CARMONA,2
44,CAQUETA,010,SAN VICENTE DEL CAGUAN,99,Zona 99,92,VILLA LOBOS,3
44,CAQUETA,010,SAN VICENTE DEL CAGUAN,99,Zona 99,93,LAS DAMAS,4
44,CAQUETA,010,SAN VICENTE DEL CAGUAN,99,Zona 99,94,LA CRISTALINA DEL LOZADA,1
44,CAQUETA,010,SAN VICENTE DEL CAGUAN,99,Zona 99,95,LA ESMERALDA DEL LOBO,1
44,CAQUETA,010,SAN VICENTE DEL CAGUAN,01,Zona 01,01,I.E. INST. NAL. PROMOCION SOCIAL,23
44,CAQUETA,010,SAN VICENTE DEL CAGUAN,01,Zona 01,02,I.E. DANTE ALIGHIERI SEDE DIEGO OMAR,15
44,CAQUETA,010,SAN VICENTE DEL CAGUAN,01,Zona 01,03,LICEO MODERNO NELLY PERDOMO DE FALLA,10
44,CAQUETA,010,SAN VICENTE DEL CAGUAN,01,Zona 01,04,I.E. DANTE ALIGHIERI SEDE ANTONIO NARIÑO,6
44,CAQUETA,010,SAN VICENTE DEL CAGUAN,02,Zona 02,01,I.E.VERDE AMAZONICO,11
44,CAQUETA,010,SAN VICENTE DEL CAGUAN,02,Zona 02,02,IE INST NAL DE PROM SOCIAL SD C. JARDIN,7
44,CAQUETA,010,SAN VICENTE DEL CAGUAN,02,Zona 02,03,I E VERDE AMAZONICO SD SANTA  ISABEL,8
46,CASANARE,120,CHAMEZA,00,Zona 00,00,PUESTO CABECERA MUNICIPAL,6
46,CASANARE,320,HATO COROZAL,99,Zona 99,06,BERLIN,1
46,CASANARE,320,HATO COROZAL,99,Zona 99,10,CHIRE,1
46,CASANARE,320,HATO COROZAL,99,Zona 99,15,CORRALITO,1
46,CASANARE,320,HATO COROZAL,99,Zona 99,30,EL GUAFAL,1
46,CASANARE,320,HATO COROZAL,99,Zona 99,45,LA FRONTERA (LA CHAPA),1
46,CASANARE,320,HATO COROZAL,99,Zona 99,48,LAS CAMELIAS,1
46,CASANARE,320,HATO COROZAL,99,Zona 99,50,LAS TAPIAS,1
46,CASANARE,320,HATO COROZAL,99,Zona 99,55,MANARE,1
46,CASANARE,320,HATO COROZAL,99,Zona 99,70,PASO REAL DE ARIPORO,1
46,CASANARE,320,HATO COROZAL,99,Zona 99,73,PUERTO COLOMBIA,1
46,CASANARE,320,HATO COROZAL,99,Zona 99,74,RESGUARDO CAÑO MOCHUELO,2
46,CASANARE,320,HATO COROZAL,99,Zona 99,75,SAN JOSE DE ARIPORO,1
46,CASANARE,320,HATO COROZAL,99,Zona 99,80,SAN NICOLAS,1
46,CASANARE,320,HATO COROZAL,99,Zona 99,85,SAN SALVADOR,1
46,CASANARE,320,HATO COROZAL,99,Zona 99,87,SANTA BARBARA,1
46,CASANARE,320,HATO COROZAL,99,Zona 99,88,SANTA RITA,1
46,CASANARE,320,HATO COROZAL,00,Zona 00,00,PUESTO CABECERA MUNICIPAL,16
46,CASANARE,480,LA SALINA,00,Zona 00,00,PUESTO CABECERA MUNICIPAL,3
46,CASANARE,520,MANI,99,Zona 99,20,CHAVINABE,1
46,CASANARE,520,MANI,99,Zona 99,25,SANTA MARIA DE PALMARITO,1
46,CASANARE,520,MANI,99,Zona 99,30,GUAFALPINTADO,1
46,CASANARE,520,MANI,99,Zona 99,36,LA POYATA,1
46,CASANARE,520,MANI,99,Zona 99,40,LA ARMENIA,1
46,CASANARE,520,MANI,99,Zona 99,50,LAS GAVIOTAS,1
46,CASANARE,520,MANI,99,Zona 99,57,PASO REAL DE GUARIAMENA,1
46,CASANARE,520,MANI,99,Zona 99,75,SAN JOAQUIN DE GARIBAY,1
46,CASANARE,520,MANI,99,Zona 99,80,STA ELENA DE CUSIVA,2
46,CASANARE,520,MANI,00,Zona 00,01,JESUS BERNAL PINZON,16
46,CASANARE,520,MANI,00,Zona 00,02,LUIS ENRIQUE BARON LEAL,14
46,CASANARE,540,MONTERREY,99,Zona 99,10,BRISAS DEL LLANO,1
46,CASANARE,540,MONTERREY,99,Zona 99,20,EL PORVENIR,1
46,CASANARE,540,MONTERREY,99,Zona 99,25,LA ORQUETA,1
46,CASANARE,540,MONTERREY,99,Zona 99,28,PALO NEGRO,1
46,CASANARE,540,MONTERREY,99,Zona 99,95,VILLA CAROLA,2
46,CASANARE,540,MONTERREY,00,Zona 00,00,PUESTO CABECERA MUNICIPAL,33
46,CASANARE,560,NUNCHIA,99,Zona 99,10,BARBACOAS,1
46,CASANARE,560,NUNCHIA,99,Zona 99,12,BARRANQUILLA,1
46,CASANARE,560,NUNCHIA,99,Zona 99,15,COREA,1
46,CASANARE,560,NUNCHIA,99,Zona 99,18,EL CAUCHO,1
46,CASANARE,560,NUNCHIA,99,Zona 99,19,EL CONCHAL,1
46,CASANARE,560,NUNCHIA,99,Zona 99,20,EL CAZADERO,1
46,CASANARE,560,NUNCHIA,99,Zona 99,21,EL PRETEXTO,1
46,CASANARE,560,NUNCHIA,99,Zona 99,30,GUANAPALO,1
46,CASANARE,560,NUNCHIA,99,Zona 99,33,PALMIRA,1
46,CASANARE,560,NUNCHIA,99,Zona 99,35,PEDREGAL,2
46,CASANARE,560,NUNCHIA,99,Zona 99,36,PUERTO TOCARIA,4
46,CASANARE,560,NUNCHIA,99,Zona 99,76,SIRIVANA,1
46,CASANARE,560,NUNCHIA,99,Zona 99,85,VIZERTA,1
46,CASANARE,560,NUNCHIA,00,Zona 00,00,PUESTO CABECERA MUNICIPAL,10
46,CASANARE,640,OROCUE,99,Zona 99,03,BANCO LARGO,1
46,CASANARE,640,OROCUE,99,Zona 99,10,BOCAS DEL CRAVO,1
46,CASANARE,640,OROCUE,99,Zona 99,20,CHURRUBAY,1
46,CASANARE,640,OROCUE,99,Zona 99,25,EL ALGARROBO (CRAVOSUR),5
46,CASANARE,640,OROCUE,99,Zona 99,35,EL DUYA,1
46,CASANARE,640,OROCUE,99,Zona 99,67,TUJUA,1
46,CASANARE,640,OROCUE,00,Zona 00,00,CABECERA MUNICIPAL,19
46,CASANARE,680,PAZ DE ARIPORO (MORENO),98,Zona 98,01,CARCEL,1
46,CASANARE,680,PAZ DE ARIPORO (MORENO),99,Zona 99,10,BOCAS DE LA HERMOSA,1
46,CASANARE,680,PAZ DE ARIPORO (MORENO),99,Zona 99,12,CAÑO CHIQUITO,2
46,CASANARE,680,PAZ DE ARIPORO (MORENO),99,Zona 99,53,LAS GUAMAS,2
46,CASANARE,680,PAZ DE ARIPORO (MORENO),99,Zona 99,54,LA BARRANCA,2
46,CASANARE,680,PAZ DE ARIPORO (MORENO),99,Zona 99,55,MONTAÑAS DEL TOTUMO,3
46,CASANARE,680,PAZ DE ARIPORO (MORENO),99,Zona 99,60,RESGUARDO CAÑO MOCHUELO COM. SAN JOSE,2
46,CASANARE,680,PAZ DE ARIPORO (MORENO),01,Zona 01,01,IE JUAN JOSE RONDON,18
46,CASANARE,680,PAZ DE ARIPORO (MORENO),01,Zona 01,02,IE SAGRADO CORAZON,18
46,CASANARE,680,PAZ DE ARIPORO (MORENO),02,Zona 02,01,INST TEC IND EL PALMAR ITEIPA,19
46,CASANARE,680,PAZ DE ARIPORO (MORENO),02,Zona 02,02,IE FRANCISCO JOSE DE CALDAS,18
46,CASANARE,700,PORE,99,Zona 99,13,EL BANCO,2
46,CASANARE,700,PORE,99,Zona 99,50,LA PLATA,2
46,CASANARE,700,PORE,00,Zona 00,00,PUESTO CABECERA MUNICIPAL,22
46,CASANARE,760,RECETOR,99,Zona 99,08,LOS ALPES,1
46,CASANARE,760,RECETOR,99,Zona 99,15,PUEBLO NUEVO,1
46,CASANARE,760,RECETOR,00,Zona 00,00,PUESTO CABECERA MUNICIPAL,3
46,CASANARE,800,SABANALARGA,99,Zona 99,05,AGUACLARA,2
46,CASANARE,800,SABANALARGA,99,Zona 99,20,EL SECRETO,1
46,CASANARE,800,SABANALARGA,00,Zona 00,00,PUESTO CABECERA MUNICIPAL,7
46,CASANARE,815,SACAMA,99,Zona 99,01,CHAPARRAL Y BARRO NEGRO,1
46,CASANARE,815,SACAMA,00,Zona 00,00,PUESTO CABECERA MUNICIPAL,5
46,CASANARE,830,SAN LUIS DE PALENQUE,99,Zona 99,15,MIRAMAR DE GUANAPALO (BOCAS D,1
46,CASANARE,830,SAN LUIS DE PALENQUE,99,Zona 99,23,GAVIOTAS QUITEVE,1
46,CASANARE,830,SAN LUIS DE PALENQUE,99,Zona 99,30,JAGUEYES,1
46,CASANARE,830,SAN LUIS DE PALENQUE,99,Zona 99,50,LA VENTUROSA,2
46,CASANARE,830,SAN LUIS DE PALENQUE,99,Zona 99,60,RIVERITA,1
46,CASANARE,830,SAN LUIS DE PALENQUE,99,Zona 99,70,SAN FRANCISCO,1
46,CASANARE,830,SAN LUIS DE PALENQUE,99,Zona 99,80,SAN RAFAEL DE GUANAPALO,1
46,CASANARE,830,SAN LUIS DE PALENQUE,99,Zona 99,90,SIRIVANA ALGODONALE,1
46,CASANARE,830,SAN LUIS DE PALENQUE,00,Zona 00,00,PUESTO CABECERA MUNICIPAL,15
46,CASANARE,840,TAMARA,99,Zona 99,23,EL ARIPORO,1
46,CASANARE,840,TAMARA,99,Zona 99,84,TABLON DE TAMARA,1
46,CASANARE,840,TAMARA,99,Zona 99,85,TABLONCITO,1
46,CASANARE,840,TAMARA,99,Zona 99,87,TEN (TEISLANDIA),1
46,CASANARE,840,TAMARA,99,Zona 99,88,ECCE HOMO,1
46,CASANARE,840,TAMARA,99,Zona 99,89,GUARAQUE,1
46,CASANARE,840,TAMARA,99,Zona 99,90,SANTO DOMINGO,1
46,CASANARE,840,TAMARA,00,Zona 00,00,PUESTO CABECERA MUNICIPAL,11
46,CASANARE,850,TAURAMENA,99,Zona 99,15,CARUPANA,1
46,CASANARE,850,TAURAMENA,99,Zona 99,20,COROCITO,2
46,CASANARE,850,TAURAMENA,99,Zona 99,30,PASO CUSIANA,4
46,CASANARE,850,TAURAMENA,99,Zona 99,32,EL RAIZAL,2
46,CASANARE,850,TAURAMENA,99,Zona 99,35,ESC. RURAL LA URAMA,2
46,CASANARE,850,TAURAMENA,00,Zona 00,01,INSTITUCION EDUCATIVA JOSE MARIA CORDOBA,23
46,CASANARE,850,TAURAMENA,00,Zona 00,02,IE TECNICA EMPRESARIAL DEL LLANO,26
46,CASANARE,865,TRINIDAD,99,Zona 99,10,BELGICA,1
46,CASANARE,865,TRINIDAD,99,Zona 99,15,BOCAS DEL PAUTO,2
46,CASANARE,865,TRINIDAD,99,Zona 99,20,CAIMAN,1
46,CASANARE,865,TRINIDAD,99,Zona 99,25,SANTA MARTA,1
46,CASANARE,865,TRINIDAD,99,Zona 99,30,GUAMAL,1
46,CASANARE,865,TRINIDAD,99,Zona 99,40,PASO REAL DE LA SOLEDAD,1
46,CASANARE,865,TRINIDAD,99,Zona 99,50,EL CONVENTO,2
46,CASANARE,865,TRINIDAD,99,Zona 99,54,LOS CHOCHOS,1
46,CASANARE,865,TRINIDAD,99,Zona 99,70,SANTA IRENE,1
46,CASANARE,865,TRINIDAD,99,Zona 99,80,SAN VICENTE,1
46,CASANARE,865,TRINIDAD,00,Zona 00,01,INS.TEC.INTREGRADO B,11
46,CASANARE,865,TRINIDAD,00,Zona 00,02,INS. TEC. INTEGRADO A,11
46,CASANARE,880,VILLANUEVA,99,Zona 99,30,CARIBAYONA,3
46,CASANARE,880,VILLANUEVA,99,Zona 99,60,SAN AGUSTIN,2
46,CASANARE,880,VILLANUEVA,99,Zona 99,80,SANTA HELENA DE UPIA,2
46,CASANARE,880,VILLANUEVA,01,Zona 01,01,I.E. FABIO RIVEROS,30
46,CASANARE,880,VILLANUEVA,01,Zona 01,02,I.E. EZEQUIEL MORENO Y DIAZ SD MORICHAL,17
46,CASANARE,880,VILLANUEVA,02,Zona 02,01,IE NUESTRA SEÑORA DE LOS DOLORES DE MANA,19
46,CASANARE,880,VILLANUEVA,02,Zona 02,02,IE EZEQUIEL MORENO Y DIAZ SD BELLO HORIZ,12
46,CASANARE,001,YOPAL,98,Zona 98,01,CARCEL MUNICIPAL,1
46,CASANARE,001,YOPAL,99,Zona 99,03,ALCARAVAN LA NIATA,3
46,CASANARE,001,YOPAL,99,Zona 99,08,PUNTO NUEVO,2
46,CASANARE,001,YOPAL,99,Zona 99,16,PALO BAJITO,2
46,CASANARE,001,YOPAL,99,Zona 99,17,MATA DE LIMON,1
46,CASANARE,001,YOPAL,99,Zona 99,18,CHARTE,3
46,CASANARE,001,YOPAL,99,Zona 99,19,GUAFILLA,2
46,CASANARE,001,YOPAL,99,Zona 99,20,EL MORRO,10
46,CASANARE,001,YOPAL,99,Zona 99,25,EL TALADRO,2
46,CASANARE,001,YOPAL,99,Zona 99,40,LA CHAPARRERA,7
46,CASANARE,001,YOPAL,99,Zona 99,50,MORICHAL,8
46,CASANARE,001,YOPAL,99,Zona 99,55,SAN RAFAEL,2
46,CASANARE,001,YOPAL,99,Zona 99,60,TACARIMENA,3
46,CASANARE,001,YOPAL,99,Zona 99,80,TILODIRAN,5
46,CASANARE,001,YOPAL,99,Zona 99,85,QUEBRADASECA,2
46,CASANARE,001,YOPAL,01,Zona 01,01,I.E. LUIS HERNANDEZ VARGAS,18
46,CASANARE,001,YOPAL,01,Zona 01,02,C.E. MARCO FIDEL SUAREZ,11
46,CASANARE,001,YOPAL,01,Zona 01,03,IE CENTRO SOCIAL,12
46,CASANARE,001,YOPAL,01,Zona 01,04,COLEGIO DE LA PRESENTACION YOPAL,11
46,CASANARE,001,YOPAL,01,Zona 01,05,IE SALVADOR CAMACHO ROLDAN,4
46,CASANARE,001,YOPAL,02,Zona 02,01,IE CARLOS LLERAS RESTREPO,24
46,CASANARE,001,YOPAL,02,Zona 02,02,IE BRAULIO GONZALEZ SD SIMON BOLIVAR,17
46,CASANARE,001,YOPAL,02,Zona 02,03,IE BRAULIO GONZALEZ SD CENTRO,32
46,CASANARE,001,YOPAL,02,Zona 02,04,IE GABRIEL GARCIA MARQUEZ,7
46,CASANARE,001,YOPAL,02,Zona 02,05,I.E MANUELA BELTRAN SEDE GAVAN,4
46,CASANARE,001,YOPAL,03,Zona 03,01,I TEC EMPRESARIAL YOPAL ITEY,38
46,CASANARE,001,YOPAL,03,Zona 03,02,IE MANUELA BELTRAN,15
46,CASANARE,001,YOPAL,03,Zona 03,03,LA CAMPIÑA,13
46,CASANARE,001,YOPAL,03,Zona 03,04,IE EL PARAISO,30
46,CASANARE,001,YOPAL,03,Zona 03,05,IE JORGE ELIECER GAITAN,15
46,CASANARE,001,YOPAL,04,Zona 04,01,I TEC AMBIENTAL SAN MATEO,31
46,CASANARE,001,YOPAL,04,Zona 04,02,MEGACOLEGIO EL PROGRESO COMUNA CINCO,30
46,CASANARE,001,YOPAL,04,Zona 04,03,IE EMP LLANO LINDO SD A,14
46,CASANARE,001,YOPAL,04,Zona 04,04,IE EMP LLANO LINDO SD B,7
46,CASANARE,001,YOPAL,04,Zona 04,05,IE TERESA DE CALCUTA,3
46,CASANARE,001,YOPAL,04,Zona 04,06,I E BRAULIO GONZALEZ SD CAMPESTRE,12
46,CASANARE,040,AGUAZUL,99,Zona 99,06,BELLAVISTA,1
46,CASANARE,040,AGUAZUL,99,Zona 99,12,PLAN BRISAS,1
46,CASANARE,040,AGUAZUL,99,Zona 99,15,CUPIAGUA,3
46,CASANARE,040,AGUAZUL,99,Zona 99,20,GUADALCANAL,1
46,CASANARE,040,AGUAZUL,99,Zona 99,35,LA TURUA,2
46,CASANARE,040,AGUAZUL,99,Zona 99,50,MONTERRALO,2
46,CASANARE,040,AGUAZUL,99,Zona 99,53,SAN JOSE DEL BUBUY,3
46,CASANARE,040,AGUAZUL,99,Zona 99,56,SAN MIGUEL DE FARALLONES,1
46,CASANARE,040,AGUAZUL,99,Zona 99,90,UNETE,1
46,CASANARE,040,AGUAZUL,01,Zona 01,01,INST. EDUC. CAMILO TORRES REST,20
46,CASANARE,040,AGUAZUL,01,Zona 01,02,INST. EDUC. JORGE ELIECER GAIT,17
46,CASANARE,040,AGUAZUL,02,Zona 02,01,INST. EDUC. ANTONIO NARIÑO,16
46,CASANARE,040,AGUAZUL,02,Zona 02,02,INST. EDUC. SAN AGUSTIN(NUEVA,20
48,LA GUAJIRA,002,ALBANIA,99,Zona 99,10,CUESTECITA,12
48,LA GUAJIRA,002,ALBANIA,99,Zona 99,20,HUARE HUAREN,11
48,LA GUAJIRA,002,ALBANIA,99,Zona 99,30,LOS REMEDIOS,4
48,LA GUAJIRA,002,ALBANIA,99,Zona 99,40,PORCIOSA,6
48,LA GUAJIRA,002,ALBANIA,00,Zona 00,00,PUESTO CABECERA MUNICIPAL,32
48,LA GUAJIRA,005,DIBULLA,99,Zona 99,08,CAMPANA NUEVO,5
48,LA GUAJIRA,005,DIBULLA,99,Zona 99,17,EL MINGUEO SEDE INETRAM,22
48,LA GUAJIRA,005,DIBULLA,99,Zona 99,18,EL MINGUEO SEDE SAN MARTIN,2
48,LA GUAJIRA,005,DIBULLA,99,Zona 99,22,LA PUNTA DE LAS REMEDIOS,8
48,LA GUAJIRA,005,DIBULLA,99,Zona 99,28,LAS FLORES,5
48,LA GUAJIRA,005,DIBULLA,99,Zona 99,41,PALOMINO,7
48,LA GUAJIRA,005,DIBULLA,99,Zona 99,42,RIO ANCHO,4
48,LA GUAJIRA,005,DIBULLA,99,Zona 99,44,SIERRA DE SAN ANTONIO,2
48,LA GUAJIRA,005,DIBULLA,99,Zona 99,45,DOMINGUEKA,1
48,LA GUAJIRA,005,DIBULLA,00,Zona 00,00,PUESTO CABECERA MUNICIPAL,18
48,LA GUAJIRA,006,EL MOLINO,00,Zona 00,00,PUESTO CABECERA MUNICIPAL,27
48,LA GUAJIRA,008,DISTRACCION,99,Zona 99,03,BUENAVISTA,5
48,LA GUAJIRA,008,DISTRACCION,99,Zona 99,10,CHORRERAS,3
48,LA GUAJIRA,008,DISTRACCION,99,Zona 99,17,DOS CAMINOS,1
48,LA GUAJIRA,008,DISTRACCION,99,Zona 99,21,LA CEIBA,4
48,LA GUAJIRA,008,DISTRACCION,99,Zona 99,25,LA DUDA,2
48,LA GUAJIRA,008,DISTRACCION,99,Zona 99,32,LOS HORNITOS,1
48,LA GUAJIRA,008,DISTRACCION,00,Zona 00,00,PUESTO CABECERA MUNICIPAL,20
48,LA GUAJIRA,009,HATONUEVO,99,Zona 99,01,EL CERRO,1
48,LA GUAJIRA,009,HATONUEVO,99,Zona 99,02,GUAMACHITO,1
48,LA GUAJIRA,009,HATONUEVO,99,Zona 99,03,LA CRUZ,1
48,LA GUAJIRA,009,HATONUEVO,00,Zona 00,00,PUESTO CABECERA MUNICIPAL,45
48,LA GUAJIRA,012,LA JAGUA DEL PILAR,99,Zona 99,12,EL PLAN,3
48,LA GUAJIRA,012,LA JAGUA DEL PILAR,00,Zona 00,00,PUESTO CABECERA MUNICIPAL,13
48,LA GUAJIRA,004,BARRANCAS,99,Zona 99,03,CARRETALITO,3
48,LA GUAJIRA,004,BARRANCAS,99,Zona 99,04,GUAYACANAL,3
48,LA GUAJIRA,004,BARRANCAS,99,Zona 99,09,LAGUNITA,1
48,LA GUAJIRA,004,BARRANCAS,99,Zona 99,18,OREGANAL,5
48,LA GUAJIRA,004,BARRANCAS,99,Zona 99,23,PAPAYAL,9
48,LA GUAJIRA,004,BARRANCAS,99,Zona 99,25,POZOHONDO,4
48,LA GUAJIRA,004,BARRANCAS,99,Zona 99,28,ROCHE,4
48,LA GUAJIRA,004,BARRANCAS,99,Zona 99,32,SAN PEDRO,3
48,LA GUAJIRA,004,BARRANCAS,00,Zona 00,01,PAULO VI,47
48,LA GUAJIRA,004,BARRANCAS,00,Zona 00,02,IE REMEDIO SOLANO SD VILLA LUZ,3
48,LA GUAJIRA,018,URUMITA,99,Zona 99,05,LA ESPERANZA,1
48,LA GUAJIRA,018,URUMITA,00,Zona 00,01,IE INMACULADA LIÑAN,26
48,LA GUAJIRA,018,URUMITA,00,Zona 00,02,IE TECNICA AGROPECUARIA,1
48,LA GUAJIRA,001,RIOHACHA,98,Zona 98,01,CARCEL,1
48,LA GUAJIRA,001,RIOHACHA,99,Zona 99,02,CAMARONES,10
48,LA GUAJIRA,001,RIOHACHA,99,Zona 99,03,CAMARONES EL PRINCIPIO,1
48,LA GUAJIRA,001,RIOHACHA,99,Zona 99,04,BOCA DE CAMARONES,2
48,LA GUAJIRA,001,RIOHACHA,99,Zona 99,05,PERICO,2
48,LA GUAJIRA,001,RIOHACHA,99,Zona 99,07,BARBACOAS,3
48,LA GUAJIRA,001,RIOHACHA,99,Zona 99,10,MATITAS,4
48,LA GUAJIRA,001,RIOHACHA,99,Zona 99,12,TOMARRAZON,5
48,LA GUAJIRA,001,RIOHACHA,99,Zona 99,13,LA GLORIA,2
48,LA GUAJIRA,001,RIOHACHA,99,Zona 99,14,CASCAJALITO,1
48,LA GUAJIRA,001,RIOHACHA,99,Zona 99,15,MONGUI JULIAKAT,3
48,LA GUAJIRA,001,RIOHACHA,99,Zona 99,16,MONGUI,6
48,LA GUAJIRA,001,RIOHACHA,99,Zona 99,17,MONGUI  PULICHAMANA,1
48,LA GUAJIRA,001,RIOHACHA,99,Zona 99,18,CUCURUMANA,4
48,LA GUAJIRA,001,RIOHACHA,99,Zona 99,19,COTOPRIX,4
48,LA GUAJIRA,001,RIOHACHA,99,Zona 99,20,GALAN,3
48,LA GUAJIRA,001,RIOHACHA,99,Zona 99,21,VILLA MARTIN (MACHOBAYO),4
48,LA GUAJIRA,001,RIOHACHA,99,Zona 99,22,VILLA MARTIN COPOYOMANA,2
48,LA GUAJIRA,001,RIOHACHA,99,Zona 99,23,VILLA MARTIN UNA APUTCHON,3
48,LA GUAJIRA,001,RIOHACHA,99,Zona 99,24,MONGUI KAITINMANA,1
48,LA GUAJIRA,001,RIOHACHA,99,Zona 99,25,JUAN Y MEDIO,2
48,LA GUAJIRA,001,RIOHACHA,99,Zona 99,26,JUAN Y MEDIO NARANJAL,1
48,LA GUAJIRA,001,RIOHACHA,99,Zona 99,30,LOS MORENEROS,1
48,LA GUAJIRA,001,RIOHACHA,99,Zona 99,31,ARROYO ARENA,2
48,LA GUAJIRA,001,RIOHACHA,99,Zona 99,34,EL ABRA,2
48,LA GUAJIRA,001,RIOHACHA,99,Zona 99,37,CERRILLO,2
48,LA GUAJIRA,001,RIOHACHA,99,Zona 99,45,CHOLES,3
48,LA GUAJIRA,001,RIOHACHA,99,Zona 99,46,ESCUELA RURAL MIXTA LOS COMEJENES,1
48,LA GUAJIRA,001,RIOHACHA,99,Zona 99,47,TIGRERAS,4
48,LA GUAJIRA,001,RIOHACHA,99,Zona 99,50,PELECHUA,3
48,LA GUAJIRA,001,RIOHACHA,99,Zona 99,A1,LAS PALMAS A1,1
48,LA GUAJIRA,001,RIOHACHA,99,Zona 99,A2,LAS PALMAS A2 (SEDE LAS CASITAS),1
48,LA GUAJIRA,001,RIOHACHA,99,Zona 99,A3,LAS PALMAS LA LAGUNA,1
48,LA GUAJIRA,001,RIOHACHA,01,Zona 01,01,INST. EDUC. DIVINA PASTORA,26
48,LA GUAJIRA,001,RIOHACHA,01,Zona 01,02,I.E. EUSEBIO SEPTIMIO MARY,15
48,LA GUAJIRA,001,RIOHACHA,01,Zona 01,03,I.E. LICEO ALMIRANTE PADILLA,35
48,LA GUAJIRA,001,RIOHACHA,01,Zona 01,04,I.E.LIVIO REGINALDO FISCHIONE,17
48,LA GUAJIRA,001,RIOHACHA,01,Zona 01,05,INST. EDUC. JOSE ANTONIO GALAN,15
48,LA GUAJIRA,001,RIOHACHA,01,Zona 01,06,INST EDUCATIVA CHON - KAY,1
48,LA GUAJIRA,001,RIOHACHA,01,Zona 01,07,IE ALMIRANTE PADILLA SD FIDELIA NAVAS S2,14
48,LA GUAJIRA,001,RIOHACHA,02,Zona 02,01,CTRO EDUCATIVO NVO HORIZONTE,19
48,LA GUAJIRA,001,RIOHACHA,02,Zona 02,02,IE JOSE A GALAN SD COOPERATIVO,13
48,LA GUAJIRA,001,RIOHACHA,02,Zona 02,03,INSTITUCION EDUCATIVA  IPC,40
48,LA GUAJIRA,001,RIOHACHA,02,Zona 02,04,I.E. ISABEL MARIA CUESTA,23
48,LA GUAJIRA,001,RIOHACHA,02,Zona 02,05,I.E.JOSE ARNOLDO MARIN,14
48,LA GUAJIRA,001,RIOHACHA,02,Zona 02,06,LAS DELICIAS,2
48,LA GUAJIRA,001,RIOHACHA,02,Zona 02,07,INST. EDUC. DISTRITAL FAMILIA DE NAZARET,1
48,LA GUAJIRA,001,RIOHACHA,02,Zona 02,08,IE LIVIO REGINALDO FISCHIONE SD 2 CELIA,1
48,LA GUAJIRA,001,RIOHACHA,02,Zona 02,09,COLISEO SENA COMERCIO Y SERVICIO,1
48,LA GUAJIRA,001,RIOHACHA,03,Zona 03,01,IE ECOLOGICA EL CARMEN SD RAQUEL BALL.,19
48,LA GUAJIRA,001,RIOHACHA,03,Zona 03,02,IE ECOLOGICA EL CARMEN SD PPAL,21
48,LA GUAJIRA,001,RIOHACHA,03,Zona 03,03,IE MARIA DORALIZA LOPEZ DE MEJIA,31
48,LA GUAJIRA,001,RIOHACHA,03,Zona 03,04,IE HELION PINEDO RIOS,21
48,LA GUAJIRA,001,RIOHACHA,03,Zona 03,05,IE NTRA STA DE FATIMA,5
48,LA GUAJIRA,001,RIOHACHA,03,Zona 03,06,IE DENZIL ESCOLAR SD PPAL,43
48,LA GUAJIRA,001,RIOHACHA,03,Zona 03,07,INSTITUCION ETNOEDUCATIVA No 7 PARAISO,4
48,LA GUAJIRA,001,RIOHACHA,03,Zona 03,08,IE HELION PINEDO RIOS SD LOS CEREZOS,1
48,LA GUAJIRA,001,RIOHACHA,03,Zona 03,09,IE DENZIL ESCOLAR SD TAWAIRA,1
48,LA GUAJIRA,001,RIOHACHA,03,Zona 03,10,IE DENZIL ESCOLAR SD DIVI DIVI,2
48,LA GUAJIRA,007,FONSECA,99,Zona 99,01,BAGAÑITA,4
48,LA GUAJIRA,007,FONSECA,99,Zona 99,04,CARDONAL,1
48,LA GUAJIRA,007,FONSECA,99,Zona 99,05,CONEJO,7
48,LA GUAJIRA,007,FONSECA,99,Zona 99,19,EL CONFUSO,2
48,LA GUAJIRA,007,FONSECA,99,Zona 99,20,EL HATICO,6
48,LA GUAJIRA,007,FONSECA,99,Zona 99,24,LOS ALTOS,3
48,LA GUAJIRA,007,FONSECA,99,Zona 99,25,SITIO NUEVO,1
48,LA GUAJIRA,007,FONSECA,99,Zona 99,26,QUEBRACHAL,2
48,LA GUAJIRA,007,FONSECA,99,Zona 99,27,PONDORES,1
48,LA GUAJIRA,007,FONSECA,99,Zona 99,28,GUAMACHAL,1
48,LA GUAJIRA,007,FONSECA,01,Zona 01,01,IE ROIG Y VILLALBA,16
48,LA GUAJIRA,007,FONSECA,01,Zona 01,02,IE MARIA INMACULADA,15
48,LA GUAJIRA,007,FONSECA,02,Zona 02,01,IE JUAN JACOBO ARAGON,23
48,LA GUAJIRA,007,FONSECA,02,Zona 02,02,IE CALIXTO MAESTRE,17
48,LA GUAJIRA,010,MAICAO,90,Zona 90,01,COLEGIO RODOLFO MORALES,11
48,LA GUAJIRA,010,MAICAO,99,Zona 99,10,CARRAIPIA,10
48,LA GUAJIRA,010,MAICAO,99,Zona 99,18,MAJAYURA,10
48,LA GUAJIRA,010,MAICAO,99,Zona 99,20,EL LIMONCITO,6
48,LA GUAJIRA,010,MAICAO,99,Zona 99,22,IPAPURE,4
48,LA GUAJIRA,010,MAICAO,99,Zona 99,25,PARAGUACHON,16
48,LA GUAJIRA,010,MAICAO,99,Zona 99,27,LA PAZ,6
48,LA GUAJIRA,010,MAICAO,99,Zona 99,30,YOTOJOROY,3
48,LA GUAJIRA,010,MAICAO,99,Zona 99,31,YOTOJOROY PASIPAMANA,2
48,LA GUAJIRA,010,MAICAO,99,Zona 99,35,MAKU,2
48,LA GUAJIRA,010,MAICAO,99,Zona 99,36,MAKU ORROKO,1
48,LA GUAJIRA,010,MAICAO,99,Zona 99,50,SANTA CRUZ,4
48,LA GUAJIRA,010,MAICAO,01,Zona 01,01,ESC. JOSE DOMINGO BOSCAN,38
48,LA GUAJIRA,010,MAICAO,01,Zona 01,02,ESCUELA LA INMACULADA,32
48,LA GUAJIRA,010,MAICAO,01,Zona 01,03,ESCUELA EL CARMEN,34
48,LA GUAJIRA,010,MAICAO,01,Zona 01,04,S. PRINCIPAL ELFA ELINA VIENCO DE CUELLO,22
48,LA GUAJIRA,010,MAICAO,01,Zona 01,05,SEDE YANET MARULANDA NIEVES,12
48,LA GUAJIRA,010,MAICAO,02,Zona 02,01,UNIVERSIDAD LA GUAJIRA,37
48,LA GUAJIRA,010,MAICAO,02,Zona 02,02,ESCUELA MIXTA SAN MARTIN,28
48,LA GUAJIRA,010,MAICAO,02,Zona 02,03,SEDE PRINCIPAL ROSA MARIA PARODI,29
48,LA GUAJIRA,010,MAICAO,03,Zona 03,01,COLEGIO STA CATALINA DE SIENA,21
48,LA GUAJIRA,010,MAICAO,03,Zona 03,02,COLEGIO 20 DE JULIO,26
48,LA GUAJIRA,010,MAICAO,03,Zona 03,03,CTRO DE DESARROLLO INFANTIL IC,23
48,LA GUAJIRA,010,MAICAO,03,Zona 03,04,COL. LEYDA GARRIDO DE GUERRERO,24
48,LA GUAJIRA,011,MANAURE,99,Zona 99,15,AREMASAIN,22
48,LA GUAJIRA,011,MANAURE,99,Zona 99,16,AREMASAIN WIMPIRAREN,1
48,LA GUAJIRA,011,MANAURE,99,Zona 99,17,AREMASAIN JAMUCHECHON,3
48,LA GUAJIRA,011,MANAURE,99,Zona 99,18,AREMASAIN KALANTASUMANA,2
48,LA GUAJIRA,011,MANAURE,99,Zona 99,30,EL PAJARO,12
48,LA GUAJIRA,011,MANAURE,99,Zona 99,33,LA GLORIA,17
48,LA GUAJIRA,011,MANAURE,99,Zona 99,35,LA PAZ,6
48,LA GUAJIRA,011,MANAURE,99,Zona 99,36,MANZANA,6
48,LA GUAJIRA,011,MANAURE,99,Zona 99,40,MAYAPO,11
48,LA GUAJIRA,011,MANAURE,99,Zona 99,50,MUSICHY,6
48,LA GUAJIRA,011,MANAURE,99,Zona 99,80,SAN ANTONIO,5
48,LA GUAJIRA,011,MANAURE,99,Zona 99,90,SHIRURIA,6
48,LA GUAJIRA,011,MANAURE,99,Zona 99,91,SHIRURIA URIUNAKAT,1
48,LA GUAJIRA,011,MANAURE,01,Zona 01,01,INST. EDUC. URBANA MIXTA 1,20
48,LA GUAJIRA,011,MANAURE,01,Zona 01,02,CENTRO EDUC. SAGRADO CORAZON,19
48,LA GUAJIRA,011,MANAURE,02,Zona 02,01,INST.EDUC.EUSEBIO SEPTIMO MAR,27
48,LA GUAJIRA,011,MANAURE,02,Zona 02,02,CTRO EDUC.SANTA RITA DE CASSIA,26
48,LA GUAJIRA,013,SAN JUAN DEL CESAR,99,Zona 99,05,CAÑAVERALES,4
48,LA GUAJIRA,013,SAN JUAN DEL CESAR,99,Zona 99,10,CARACOLI,4
48,LA GUAJIRA,013,SAN JUAN DEL CESAR,99,Zona 99,15,CORRAL DE PIEDRAS,2
48,LA GUAJIRA,013,SAN JUAN DEL CESAR,99,Zona 99,18,CORRALEJA,2
48,LA GUAJIRA,013,SAN JUAN DEL CESAR,99,Zona 99,19,CURAZAO,2
48,LA GUAJIRA,013,SAN JUAN DEL CESAR,99,Zona 99,20,EL HATICO DE LOS INDIOS,1
48,LA GUAJIRA,013,SAN JUAN DEL CESAR,99,Zona 99,25,EL TABLAZO,2
48,LA GUAJIRA,013,SAN JUAN DEL CESAR,99,Zona 99,26,EL TOTUMO,1
48,LA GUAJIRA,013,SAN JUAN DEL CESAR,99,Zona 99,27,GUAYACANAL,1
48,LA GUAJIRA,013,SAN JUAN DEL CESAR,99,Zona 99,28,GUAMACHAL,1
48,LA GUAJIRA,013,SAN JUAN DEL CESAR,99,Zona 99,30,LA JUNTA,4
48,LA GUAJIRA,013,SAN JUAN DEL CESAR,99,Zona 99,35,LA PEÑA,2
48,LA GUAJIRA,013,SAN JUAN DEL CESAR,99,Zona 99,37,LA PEÑA DE LOS INDIOS,2
48,LA GUAJIRA,013,SAN JUAN DEL CESAR,99,Zona 99,40,LA SIERRITA,1
48,LA GUAJIRA,013,SAN JUAN DEL CESAR,99,Zona 99,43,LAGUNITA - TOCAPALMA,1
48,LA GUAJIRA,013,SAN JUAN DEL CESAR,99,Zona 99,44,LOS CARDONES,1
48,LA GUAJIRA,013,SAN JUAN DEL CESAR,99,Zona 99,45,LOS HATICOS,3
48,LA GUAJIRA,013,SAN JUAN DEL CESAR,99,Zona 99,50,LOS PONDORES,5
48,LA GUAJIRA,013,SAN JUAN DEL CESAR,99,Zona 99,51,LOS POZOS,1
48,LA GUAJIRA,013,SAN JUAN DEL CESAR,99,Zona 99,52,PONDORITO,1
48,LA GUAJIRA,013,SAN JUAN DEL CESAR,99,Zona 99,53,VILLA DEL RIO,1
48,LA GUAJIRA,013,SAN JUAN DEL CESAR,99,Zona 99,55,ZAMBRANO,2
48,LA GUAJIRA,013,SAN JUAN DEL CESAR,99,Zona 99,58,POTRERITO,1
48,LA GUAJIRA,013,SAN JUAN DEL CESAR,99,Zona 99,70,VERACRUZ,1
48,LA GUAJIRA,013,SAN JUAN DEL CESAR,01,Zona 01,01,I.E MARIA AUXILIADORA,18
48,LA GUAJIRA,013,SAN JUAN DEL CESAR,01,Zona 01,02,I.E JOSE EDUARDO GUERRA,14
48,LA GUAJIRA,013,SAN JUAN DEL CESAR,02,Zona 02,01,I.E EDUC NORMAL SUPERIOR,19
48,LA GUAJIRA,013,SAN JUAN DEL CESAR,02,Zona 02,02,I.E MARIA EMMA MENDOZA,17
48,LA GUAJIRA,016,URIBIA,99,Zona 99,10,BAHIA HONDA,11
48,LA GUAJIRA,016,URIBIA,99,Zona 99,15,CABO DE LA VELA,10
48,LA GUAJIRA,016,URIBIA,99,Zona 99,18,CABO DE LA VELA (EL EDEN),2
48,LA GUAJIRA,016,URIBIA,99,Zona 99,20,EL CARDON,9
48,LA GUAJIRA,016,URIBIA,99,Zona 99,23,EL CARDON (MALEIWAMANA),2
48,LA GUAJIRA,016,URIBIA,99,Zona 99,25,CARRIZAL,6
48,LA GUAJIRA,016,URIBIA,99,Zona 99,30,CASTILLETES,3
48,LA GUAJIRA,016,URIBIA,99,Zona 99,33,CASUSO,7
48,LA GUAJIRA,016,URIBIA,99,Zona 99,34,EL PARAISO,12
48,LA GUAJIRA,016,URIBIA,99,Zona 99,36,GUARERPA,3
48,LA GUAJIRA,016,URIBIA,99,Zona 99,37,IRRAIPA,9
48,LA GUAJIRA,016,URIBIA,99,Zona 99,39,JONJONCITO,15
48,LA GUAJIRA,016,URIBIA,99,Zona 99,45,NAZARETH,17
48,LA GUAJIRA,016,URIBIA,99,Zona 99,47,PORSHINA,6
48,LA GUAJIRA,016,URIBIA,99,Zona 99,50,PUERTO ESTRELLA,13
48,LA GUAJIRA,016,URIBIA,99,Zona 99,55,PUERTO LOPEZ,5
48,LA GUAJIRA,016,URIBIA,99,Zona 99,57,PUNTA ESPADA,3
48,LA GUAJIRA,016,URIBIA,99,Zona 99,60,GUIMPESI,9
48,LA GUAJIRA,016,URIBIA,99,Zona 99,69,SIAPANA,12
48,LA GUAJIRA,016,URIBIA,99,Zona 99,72,TAGUAIRA,12
48,LA GUAJIRA,016,URIBIA,99,Zona 99,73,TAPARAJIN,10
48,LA GUAJIRA,016,URIBIA,99,Zona 99,75,TAROA,3
48,LA GUAJIRA,016,URIBIA,99,Zona 99,85,URU,8
48,LA GUAJIRA,016,URIBIA,01,Zona 01,01,I ETNOEDUCATIVA JULIA SIERRA,49
48,LA GUAJIRA,016,URIBIA,01,Zona 01,02,SEDE SAN JOSE,37
48,LA GUAJIRA,016,URIBIA,01,Zona 01,03,IE JULIA SIERRA SD COLOMBIA PREESCOLAR,1
48,LA GUAJIRA,016,URIBIA,02,Zona 02,01,COL. ALFONSO LOPEZ PUMAREJO,51
48,LA GUAJIRA,016,URIBIA,02,Zona 02,02,ESCUELA NORMAL,57
48,LA GUAJIRA,016,URIBIA,02,Zona 02,03,ALFONSO LOPEZ PUMAREJO SD COL JUYASIRAIN,1
48,LA GUAJIRA,016,URIBIA,02,Zona 02,04,COLISEO POLIDEPORTIVO AIPIAMANA,2
48,LA GUAJIRA,020,VILLANUEVA,01,Zona 01,01,COLEGIO ROQUE DE ALBA,18
48,LA GUAJIRA,020,VILLANUEVA,01,Zona 01,02,COLEGIO  EL GOL,12
48,LA GUAJIRA,020,VILLANUEVA,02,Zona 02,01,COLEGIO LOS FUNDADORES,15
48,LA GUAJIRA,020,VILLANUEVA,02,Zona 02,02,COLEGIO SILVESTRE DANGOND DAZA,14
50,GUAINIA,070,BARRANCOMINAS,99,Zona 99,03,COMUNIDAD LAGUNA COLORADA,2
50,GUAINIA,070,BARRANCOMINAS,99,Zona 99,05,MAPIRIPANA,2
50,GUAINIA,070,BARRANCOMINAS,99,Zona 99,10,ARRECIFAL,1
50,GUAINIA,070,BARRANCOMINAS,99,Zona 99,15,LA UNION,1
50,GUAINIA,070,BARRANCOMINAS,99,Zona 99,20,SAPUARA,1
50,GUAINIA,070,BARRANCOMINAS,00,Zona 00,00,PUESTO CABECERA MUNICIPAL,11
50,GUAINIA,073,CACAHUAL,00,Zona 00,00,CORREGIMIENTO DEPARTAMENTAL,1
50,GUAINIA,078,LA GUADALUPE,00,Zona 00,00,Corregimiento Departamental,1
50,GUAINIA,083,MORICHAL (MORICHAL NUEVO),00,Zona 00,00,Corregimiento Departamental,1
50,GUAINIA,087,PANA PANA (CAMPO ALEGRE),99,Zona 99,08,BOCAS DEL YARI,1
50,GUAINIA,087,PANA PANA (CAMPO ALEGRE),99,Zona 99,80,VENADO ISANA,1
50,GUAINIA,087,PANA PANA (CAMPO ALEGRE),00,Zona 00,00,Corregimiento Departamental,2
50,GUAINIA,090,PUERTO COLOMBIA,99,Zona 99,20,COMUNIDAD INDIGENA SAN JOSE,1
50,GUAINIA,090,PUERTO COLOMBIA,99,Zona 99,50,INSP. DE CAÑO COLORADO,2
50,GUAINIA,090,PUERTO COLOMBIA,00,Zona 00,00,CORREGIMIENTO DEPARTAMENTAL,2
50,GUAINIA,092,SAN FELIPE,00,Zona 00,00,Corregimiento Departamental,3
50,GUAINIA,001,INIRIDA,98,Zona 98,01,CARCEL,1
50,GUAINIA,001,INIRIDA,99,Zona 99,08,BARRANCO TIGRE (YURI),1
50,GUAINIA,001,INIRIDA,99,Zona 99,15,CHORROBOCON,1
50,GUAINIA,001,INIRIDA,99,Zona 99,20,COM INDIGENA ZANCUDO-RESGUARDO CMARI,1
50,GUAINIA,001,INIRIDA,99,Zona 99,25,COMUNIDAD INDIGENA PUERTO ESPERANZA,1
50,GUAINIA,001,INIRIDA,01,Zona 01,01,IE LUIS CARLOS GALAN SARMIENTO,20
50,GUAINIA,001,INIRIDA,01,Zona 01,02,IE LIBERTADORES,17
50,GUAINIA,001,INIRIDA,02,Zona 02,01,I.E. LA PRIMAVERA,20
50,GUAINIA,001,INIRIDA,02,Zona 02,02,I.E. FRANCISCO DE MIRANDA,22
52,META,006,BARRANCA DE UPIA,99,Zona 99,10,EL HIJOA,1
52,META,006,BARRANCA DE UPIA,99,Zona 99,20,GUAICARAMO,1
52,META,006,BARRANCA DE UPIA,99,Zona 99,70,SAN IGNACIO (CARUTAL),1
52,META,006,BARRANCA DE UPIA,00,Zona 00,00,PUESTO CABECERA MUNICIPAL,16
52,META,008,CABUYARO,99,Zona 99,60,GUAYABAL,1
52,META,008,CABUYARO,99,Zona 99,75,LOS MANGOS,1
52,META,008,CABUYARO,99,Zona 99,80,VISO DE UPIA,3
52,META,008,CABUYARO,00,Zona 00,00,PUESTO CABECERA MUNICIPAL,15
52,META,010,CASTILLA LA NUEVA,99,Zona 99,01,SAN LORENZO,7
52,META,010,CASTILLA LA NUEVA,99,Zona 99,05,ARENALES,2
52,META,010,CASTILLA LA NUEVA,99,Zona 99,20,EL TORO,1
52,META,010,CASTILLA LA NUEVA,00,Zona 00,00,PUESTO CABECERA MUNICIPAL,30
52,META,015,CUBARRAL,00,Zona 00,00,PUESTO CABECERA MUNICIPAL,17
52,META,025,EL CALVARIO,99,Zona 99,04,MONTFORT,1
52,META,025,EL CALVARIO,99,Zona 99,12,SAN FRANCISCO,2
52,META,025,EL CALVARIO,99,Zona 99,15,SAN PEDRO,1
52,META,025,EL CALVARIO,99,Zona 99,17,SAN RAFAEL,1
52,META,025,EL CALVARIO,00,Zona 00,00,PUESTO CABECERA MUNICIPAL,2
52,META,027,EL CASTILLO,99,Zona 99,50,MEDELLIN DEL ARIARI,5
52,META,027,EL CASTILLO,99,Zona 99,51,PUERTO ESPERANZA,1
52,META,027,EL CASTILLO,99,Zona 99,55,MIRAVALLES,1
52,META,027,EL CASTILLO,00,Zona 00,00,PUESTO CABECERA MUNICIPAL,13
52,META,028,EL DORADO,99,Zona 99,50,PUEBLO SANCHEZ,1
52,META,028,EL DORADO,99,Zona 99,60,SAN ISIDRO,3
52,META,028,EL DORADO,00,Zona 00,00,PUESTO CABECERA MUNICIPAL,9
52,META,030,FUENTE DE ORO,99,Zona 99,01,UNION DEL ARIARI (CAÑO BLANCO,2
52,META,030,FUENTE DE ORO,99,Zona 99,02,PUERTO ALJURE,1
52,META,030,FUENTE DE ORO,99,Zona 99,04,PUERTO LIMON,2
52,META,030,FUENTE DE ORO,99,Zona 99,09,PUERTO SANTANDER,2
52,META,030,FUENTE DE ORO,99,Zona 99,14,LA COOPERATIVA,2
52,META,030,FUENTE DE ORO,00,Zona 00,00,PUESTO CABECERA MUNICIPAL,22
52,META,040,GUAMAL,99,Zona 99,04,HUMADEA,1
52,META,040,GUAMAL,99,Zona 99,45,OROTOY,1
52,META,040,GUAMAL,00,Zona 00,00,PUESTO CABECERA MUNICIPAL,38
52,META,041,LA MACARENA,99,Zona 99,20,YARI,1
52,META,041,LA MACARENA,99,Zona 99,35,LA CATALINA,1
52,META,041,LA MACARENA,99,Zona 99,60,SAN JUAN DE LOZADA,5
52,META,041,LA MACARENA,99,Zona 99,61,CRISTALINA DEL LOSADA,2
52,META,041,LA MACARENA,99,Zona 99,62,PLAYA RICA LA Y,1
52,META,041,LA MACARENA,99,Zona 99,63,PUERTO LOZADA,1
52,META,041,LA MACARENA,99,Zona 99,64,SAN FRANCISCO DE LA SOMBRA,1
52,META,041,LA MACARENA,00,Zona 00,00,PUESTO CABECERA MUNICIPAL,25
52,META,042,LEJANIAS,99,Zona 99,05,ANGOSTURAS DEL GUAPE,1
52,META,042,LEJANIAS,99,Zona 99,09,CACAYAL,6
52,META,042,LEJANIAS,99,Zona 99,15,LA VEINTICUATRO,2
52,META,042,LEJANIAS,00,Zona 00,00,PUESTO CABECERA MUNICIPAL,19
52,META,044,MESETAS,99,Zona 99,05,BRISAS DEL DUDA,3
52,META,044,MESETAS,99,Zona 99,08,EL MIRADOR,1
52,META,044,MESETAS,99,Zona 99,12,JARDIN DE LAS PEÑAS,4
52,META,044,MESETAS,00,Zona 00,00,PUESTO CABECERA MUNICIPAL,20
52,META,045,PUERTO LOPEZ,99,Zona 99,02,BOCAS DEL GUAYURIBA,1
52,META,045,PUERTO LOPEZ,99,Zona 99,03,ALTAMIRA,1
52,META,045,PUERTO LOPEZ,99,Zona 99,04,CHAVIVA,5
52,META,045,PUERTO LOPEZ,99,Zona 99,05,EL TIGRE,1
52,META,045,PUERTO LOPEZ,99,Zona 99,06,PUERTO GUADALUPE (CUMARALITO),3
52,META,045,PUERTO LOPEZ,99,Zona 99,09,LA BALSA,2
52,META,045,PUERTO LOPEZ,99,Zona 99,14,MELUA,2
52,META,045,PUERTO LOPEZ,99,Zona 99,15,UNION DE SAN JUAN - LAS DELICIAS,2
52,META,045,PUERTO LOPEZ,99,Zona 99,16,PACHAQUIARO,6
52,META,045,PUERTO LOPEZ,99,Zona 99,20,PUERTO PORFIA,2
52,META,045,PUERTO LOPEZ,99,Zona 99,22,REMOLINO,3
52,META,045,PUERTO LOPEZ,00,Zona 00,00,PUESTO CABECERA MUNICIPAL,53
52,META,046,MAPIRIPAN,99,Zona 99,06,BUENOS AIRES,2
52,META,046,MAPIRIPAN,99,Zona 99,12,EL ANZUELO,1
52,META,046,MAPIRIPAN,99,Zona 99,15,EL MIELON,2
52,META,046,MAPIRIPAN,99,Zona 99,40,LA COOPERATIVA,1
52,META,046,MAPIRIPAN,99,Zona 99,45,LAS GUACAMAYAS,1
52,META,046,MAPIRIPAN,99,Zona 99,50,PUERTO ALVIRA,3
52,META,046,MAPIRIPAN,99,Zona 99,53,PUERTO SIARE,1
52,META,046,MAPIRIPAN,00,Zona 00,00,PUESTO CABECERA MUNICIPAL,11
52,META,047,PUERTO CONCORDIA,99,Zona 99,20,CRUCE DE PORORIO,2
52,META,047,PUERTO CONCORDIA,99,Zona 99,21,SAN FERNANDO,2
52,META,047,PUERTO CONCORDIA,99,Zona 99,40,LINDENAL,2
52,META,047,PUERTO CONCORDIA,00,Zona 00,00,PUESTO CABECERA MUNICIPAL,16
52,META,048,PUERTO LLERAS,99,Zona 99,15,CASIBARE,2
52,META,048,PUERTO LLERAS,99,Zona 99,50,LA UNION,4
52,META,048,PUERTO LLERAS,99,Zona 99,60,TIERRA GRATA,2
52,META,048,PUERTO LLERAS,99,Zona 99,90,VILLA DE LA PAZ,2
52,META,048,PUERTO LLERAS,00,Zona 00,00,PUESTO CABECERA MUNICIPAL,14
52,META,049,PUERTO RICO,99,Zona 99,10,BARRANCO COLORADO,2
52,META,049,PUERTO RICO,99,Zona 99,30,LINDOSA,1
52,META,049,PUERTO RICO,99,Zona 99,40,PUERTO CHISPAS,1
52,META,049,PUERTO RICO,99,Zona 99,60,PUERTO TOLEDO,2
52,META,049,PUERTO RICO,00,Zona 00,00,PUESTO CABECERA MUNICIPAL,24
52,META,050,RESTREPO,00,Zona 00,00,PUESTO CABECERA MUNICIPAL,53
52,META,055,SAN CARLOS DE GUAROA,99,Zona 99,01,RINCON DE PAJURE,2
52,META,055,SAN CARLOS DE GUAROA,99,Zona 99,02,LA PALMERA,7
52,META,055,SAN CARLOS DE GUAROA,99,Zona 99,05,SURIMENA,4
52,META,055,SAN CARLOS DE GUAROA,00,Zona 00,00,PUESTO CABECERA MUNICIPAL,18
52,META,058,SAN JUAN DE ARAMA,99,Zona 99,15,CERRITOS,1
52,META,058,SAN JUAN DE ARAMA,99,Zona 99,20,NUEVO PROGRESO,1
52,META,058,SAN JUAN DE ARAMA,99,Zona 99,30,EL VERGEL,1
52,META,058,SAN JUAN DE ARAMA,99,Zona 99,55,MESA DE FERNANDEZ,1
52,META,058,SAN JUAN DE ARAMA,99,Zona 99,58,MIRAFLORES,1
52,META,058,SAN JUAN DE ARAMA,99,Zona 99,70,PEÑAS BLANCAS,1
52,META,058,SAN JUAN DE ARAMA,00,Zona 00,00,PUESTO CABECERA MUNICIPAL,15
52,META,059,SAN JUANITO,99,Zona 99,40,ESCUELA CANDELARIA,1
52,META,059,SAN JUANITO,99,Zona 99,60,SAN JOSE,1
52,META,059,SAN JUANITO,99,Zona 99,70,SAN LUIS DEL PLAN,1
52,META,059,SAN JUANITO,00,Zona 00,00,PUESTO CABECERA MUNICIPAL,4
52,META,074,URIBE,99,Zona 99,20,DIVISO,3
52,META,074,URIBE,99,Zona 99,21,EL PARAISO,1
52,META,074,URIBE,99,Zona 99,40,LA JULIA,11
52,META,074,URIBE,00,Zona 00,00,PUESTO CABECERA MUNICIPAL,8
52,META,080,VISTA HERMOSA,99,Zona 99,40,CAMPO ALEGRE,1
52,META,080,VISTA HERMOSA,99,Zona 99,45,CAÑO AMARILLO,3
52,META,080,VISTA HERMOSA,99,Zona 99,53,MARACAIBO,2
52,META,080,VISTA HERMOSA,99,Zona 99,60,PIÑALITO,5
52,META,080,VISTA HERMOSA,99,Zona 99,70,PUERTO ESPERANZA,1
52,META,080,VISTA HERMOSA,99,Zona 99,80,PUERTO LUCAS,4
52,META,080,VISTA HERMOSA,99,Zona 99,90,LA COOPERATIVA,2
52,META,080,VISTA HERMOSA,99,Zona 99,91,SANTO DOMINGO,2
52,META,080,VISTA HERMOSA,99,Zona 99,92,COSTA RICA,1
52,META,080,VISTA HERMOSA,99,Zona 99,93,NUEVA COLOMBIA,1
52,META,080,VISTA HERMOSA,00,Zona 00,00,PUESTO CABECERA MUNICIPAL,25
52,META,020,CUMARAL,99,Zona 99,05,CANEY MEDIO,2
52,META,020,CUMARAL,99,Zona 99,06,EL CAIBE,1
52,META,020,CUMARAL,99,Zona 99,08,GUACAVIA,3
52,META,020,CUMARAL,99,Zona 99,10,MONTEBELLO,1
52,META,020,CUMARAL,99,Zona 99,11,PRESENTADO,1
52,META,020,CUMARAL,99,Zona 99,12,PUERTO PECUCA (VERACRUZ),4
52,META,020,CUMARAL,99,Zona 99,19,SAN NICOLAS,2
52,META,020,CUMARAL,99,Zona 99,80,IE JOSE M.GUIOTH SD EL CARMEN DE VARS.,1
52,META,020,CUMARAL,00,Zona 00,01,IE SD JOSE MARIA CORDOBA,43
52,META,020,CUMARAL,00,Zona 00,02,IE TENIENTE CRUZ PAREDES,5
52,META,060,SAN MARTIN DE LOS LLANOS,99,Zona 99,01,ALTO DE IRACA,1
52,META,060,SAN MARTIN DE LOS LLANOS,99,Zona 99,02,BAJO CAMOA,1
52,META,060,SAN MARTIN DE LOS LLANOS,99,Zona 99,03,BRISAS DEL MANACACIAS,1
52,META,060,SAN MARTIN DE LOS LLANOS,99,Zona 99,04,EL MEREY,2
52,META,060,SAN MARTIN DE LOS LLANOS,99,Zona 99,05,GUALAS,1
52,META,060,SAN MARTIN DE LOS LLANOS,99,Zona 99,12,RINCON DE BOLIVAR,1
52,META,060,SAN MARTIN DE LOS LLANOS,00,Zona 00,01,PUESTO CABECERA MUNICIPAL,21
52,META,060,SAN MARTIN DE LOS LLANOS,00,Zona 00,02,INSTITUCION EDUCATIVA MANUELA BELTRAN,27
52,META,060,SAN MARTIN DE LOS LLANOS,00,Zona 00,03,IE INTEGRADO DE SAN MARTIN,4
52,META,001,VILLAVICENCIO,10,Zona 10,01,IE ANTHONY A. PHIPPS,17
52,META,001,VILLAVICENCIO,10,Zona 10,02,IE ABRAHAM LINCOLN,27
52,META,001,VILLAVICENCIO,10,Zona 10,03,IE MIGUEL ANGEL MARTIN,14
52,META,001,VILLAVICENCIO,10,Zona 10,04,IE COLEGIO GUATIQUIA,3
52,META,001,VILLAVICENCIO,11,Zona 11,01,IE COLEGIO DEPARTAMENTAL LA ESPERANZA,24
52,META,001,VILLAVICENCIO,11,Zona 11,02,IE GERMAN ARCINIEGAS,25
52,META,001,VILLAVICENCIO,11,Zona 11,03,IE JHON F. KENNEDY,14
52,META,001,VILLAVICENCIO,11,Zona 11,04,IE COLEGIO NEIL ARMSTRONG,11
52,META,001,VILLAVICENCIO,11,Zona 11,05,IE DPTAL LA ESPERANZA SEDE ICCE,2
52,META,001,VILLAVICENCIO,12,Zona 12,01,IE SAN FRANCISCO ASIS SEDE ALBORADA,12
52,META,001,VILLAVICENCIO,12,Zona 12,02,IE GILBERTO ALZATE AVENDAÑO,26
52,META,001,VILLAVICENCIO,12,Zona 12,03,IE DPTAL SAN FRANCISCO DE ASIS,12
52,META,001,VILLAVICENCIO,12,Zona 12,04,IE SAN FRANCISCO ASIS SD COMUNEROS,6
52,META,001,VILLAVICENCIO,13,Zona 13,01,IE LOS CENTAUROS,14
52,META,001,VILLAVICENCIO,13,Zona 13,02,I. E. S. UNIMINUTO,29
52,META,001,VILLAVICENCIO,13,Zona 13,03,IE LOS CENTUAROS SEDE EL AMOR,1
52,META,001,VILLAVICENCIO,14,Zona 14,01,IE CATUMARE SEDE LA ROCHEL,13
52,META,001,VILLAVICENCIO,14,Zona 14,02,ACADEMIA MILITAR JOSE ANTONIO PAEZ,16
52,META,001,VILLAVICENCIO,14,Zona 14,03,IE CATUMARE SEDE SAN JORGE,22
52,META,001,VILLAVICENCIO,14,Zona 14,04,IE CATUMARE SEDE CAMPESTRE,10
52,META,001,VILLAVICENCIO,14,Zona 14,05,IE NTRA SRA DE LA PAZ SD NUEVO AMANECER,2
52,META,001,VILLAVICENCIO,15,Zona 15,01,IE JUAN B. CABALLERO,16
52,META,001,VILLAVICENCIO,15,Zona 15,02,IE UNIDAD PLAYA RICA,10
52,META,001,VILLAVICENCIO,15,Zona 15,03,IE TECNICO CATUMARE,9
52,META,001,VILLAVICENCIO,15,Zona 15,04,IE ESCUELA VILLA LORENA,1
52,META,001,VILLAVICENCIO,16,Zona 16,01,IE SIMON BOLIVAR SEDE BENPOSTA,7
52,META,001,VILLAVICENCIO,16,Zona 16,02,IE NUESTRA SEÑORA DE LA PAZ,3
52,META,001,VILLAVICENCIO,16,Zona 16,03,IE LUIS CARLOS GALAN SARMIENTO,23
52,META,001,VILLAVICENCIO,16,Zona 16,04,MEGACOLEGIO LUIS CARLOS GALAN SARMIENTO,24
52,META,001,VILLAVICENCIO,17,Zona 17,01,IE LAS PALMAS,19
52,META,001,VILLAVICENCIO,17,Zona 17,02,IE MALALA YOUSAFZAI,20
52,META,001,VILLAVICENCIO,17,Zona 17,03,IE LA MADRID,16
52,META,001,VILLAVICENCIO,18,Zona 18,01,IE LICEO MAYOR JAIME TRIANA RESTREPO,23
52,META,001,VILLAVICENCIO,18,Zona 18,02,IE ALFREDO MOLANO BRAVO,4
52,META,001,VILLAVICENCIO,18,Zona 18,03,IE ISAAC TACHA SEDE RELIQUIA,21
52,META,001,VILLAVICENCIO,18,Zona 18,04,IE MARIA MERCEDES MENDEZ DE GARCIA,12
52,META,001,VILLAVICENCIO,90,Zona 90,01,IE COLEGIO FEMENINO DE BACHILLERATO,24
52,META,001,VILLAVICENCIO,98,Zona 98,01,CARCEL,2
52,META,001,VILLAVICENCIO,99,Zona 99,01,LA CONCEPCION,6
52,META,001,VILLAVICENCIO,99,Zona 99,02,LAS MERCEDES,2
52,META,001,VILLAVICENCIO,99,Zona 99,20,BUENAVISTA,5
52,META,001,VILLAVICENCIO,99,Zona 99,21,PIPIRAL,2
52,META,001,VILLAVICENCIO,99,Zona 99,30,SANTA MARIA LA BAJA,2
52,META,001,VILLAVICENCIO,99,Zona 99,40,ALTO DE POMPEYA,6
52,META,001,VILLAVICENCIO,99,Zona 99,41,PUERTO COLOMBIA,1
52,META,001,VILLAVICENCIO,99,Zona 99,42,RINCON DE POMPEYA,6
52,META,001,VILLAVICENCIO,99,Zona 99,50,VANGUARDIA,11
52,META,001,VILLAVICENCIO,99,Zona 99,51,EL CAIRO ALTO,2
52,META,001,VILLAVICENCIO,99,Zona 99,52,LA POYATA,1
52,META,001,VILLAVICENCIO,99,Zona 99,60,SANTA TERESA,1
52,META,001,VILLAVICENCIO,99,Zona 99,61,SAN JOSE ALTO,1
52,META,001,VILLAVICENCIO,99,Zona 99,70,COCUY,4
52,META,001,VILLAVICENCIO,99,Zona 99,71,APIAY,12
52,META,001,VILLAVICENCIO,99,Zona 99,72,BELLA SUIZA,2
52,META,001,VILLAVICENCIO,99,Zona 99,73,SANTA ROSA,2
52,META,001,VILLAVICENCIO,99,Zona 99,74,EL GUAMO,1
52,META,001,VILLAVICENCIO,99,Zona 99,75,LA CECILIA,2
52,META,001,VILLAVICENCIO,99,Zona 99,76,BARCELONA,2
52,META,001,VILLAVICENCIO,01,Zona 01,01,IE 12 DE OCTUBRE,17
52,META,001,VILLAVICENCIO,01,Zona 01,02,IE FRANCISCO DE PAULA SANTANDER,13
52,META,001,VILLAVICENCIO,01,Zona 01,03,IE POLICARPA SALAVARRIETA,15
52,META,001,VILLAVICENCIO,01,Zona 01,04,IE ANTONIO NARIÑO,22
52,META,001,VILLAVICENCIO,01,Zona 01,05,IE JUAN PABLO II SEDE CHAPINERO BAJO,7
52,META,001,VILLAVICENCIO,02,Zona 02,01,IE COLEGIO LA SALLE,28
52,META,001,VILLAVICENCIO,02,Zona 02,02,I. E. S. UNILLANOS SEDE SAN ANTONIO,29
52,META,001,VILLAVICENCIO,02,Zona 02,03,FUNDETEC ANTIGUA SABIDURIA,4
52,META,001,VILLAVICENCIO,03,Zona 03,01,IE FRANCISCO ARANGO SEDE MESETAS,5
52,META,001,VILLAVICENCIO,03,Zona 03,02,IE FRANCISCO ARANGO,11
52,META,001,VILLAVICENCIO,03,Zona 03,03,IE SIETE DE AGOSTO,13
52,META,001,VILLAVICENCIO,03,Zona 03,04,IE COLEGIO DON BOSCO,16
52,META,001,VILLAVICENCIO,03,Zona 03,05,IE FRANCISCO MIRANDA,14
52,META,001,VILLAVICENCIO,04,Zona 04,01,IE ANTONIO RICAURTE CASD,12
52,META,001,VILLAVICENCIO,04,Zona 04,02,IE INEM SEDE PIO XII,10
52,META,001,VILLAVICENCIO,04,Zona 04,03,IE SANTA INES,16
52,META,001,VILLAVICENCIO,04,Zona 04,04,IE  COLEGIO COFREM,23
52,META,001,VILLAVICENCIO,04,Zona 04,05,IE ABRAHAN LINCOLN SEDE LA VAINILLA,3
52,META,001,VILLAVICENCIO,05,Zona 05,01,IE EDUARDO CARRANZA SEDE CEIBA,20
52,META,001,VILLAVICENCIO,05,Zona 05,02,IE NARCISO MATUS TORRES,33
52,META,001,VILLAVICENCIO,05,Zona 05,03,CENTRO EDUCATIVO MAFALDA,3
52,META,001,VILLAVICENCIO,05,Zona 05,04,IE NARCISO MATUS SEDE MANANTIAL,5
52,META,001,VILLAVICENCIO,06,Zona 06,01,IE UNIDAD SEIS DE ABRIL,9
52,META,001,VILLAVICENCIO,06,Zona 06,02,IE ATANASIO GIRARDOT,29
52,META,001,VILLAVICENCIO,06,Zona 06,03,IE JORGE ELIECER GAITAN AYALA,21
52,META,001,VILLAVICENCIO,06,Zona 06,04,IE MARCO ANTONIO FRANCO,2
52,META,001,VILLAVICENCIO,07,Zona 07,01,VILLA OLIMPICA,24
52,META,001,VILLAVICENCIO,07,Zona 07,02,C D I   POPULAR,3
52,META,001,VILLAVICENCIO,07,Zona 07,03,IE EDUARDO CARRANZA,14
52,META,001,VILLAVICENCIO,07,Zona 07,04,IE MANUELA BELTRAN,31
52,META,001,VILLAVICENCIO,08,Zona 08,01,IE LAS CAMELIAS,16
52,META,001,VILLAVICENCIO,08,Zona 08,02,IE GUILLERMO NIÑO MEDINA,14
52,META,001,VILLAVICENCIO,08,Zona 08,03,IE ALBERTO LLERAS CAMARGO,20
52,META,001,VILLAVICENCIO,08,Zona 08,04,TERMINAL DE TRANSPORTES,19
52,META,001,VILLAVICENCIO,09,Zona 09,01,IE RAFAEL NUÑEZ,17
52,META,001,VILLAVICENCIO,09,Zona 09,02,IE MARCO ANTONIO PINILLA,9
52,META,001,VILLAVICENCIO,09,Zona 09,03,IE SILVIA APONTE,30
52,META,005,ACACIAS,90,Zona 90,01,IE ANTONIO NARIÑO,10
52,META,005,ACACIAS,98,Zona 98,01,CARCEL,1
52,META,005,ACACIAS,99,Zona 99,04,DINAMARCA,6
52,META,005,ACACIAS,99,Zona 99,06,LA LOMA DE SAN JUAN,1
52,META,005,ACACIAS,99,Zona 99,08,MANZANARES,1
52,META,005,ACACIAS,99,Zona 99,50,SAN CRISTOBAL,1
52,META,005,ACACIAS,99,Zona 99,60,SAN ISIDRO DE CHICHIMENE,7
52,META,005,ACACIAS,99,Zona 99,65,SAN JOSE DE LAS PALOMAS,1
52,META,005,ACACIAS,99,Zona 99,66,SANTA TERESITA,2
52,META,005,ACACIAS,01,Zona 01,01,CONC. ESCOLAR GABRIELA MISTRAL,17
52,META,005,ACACIAS,01,Zona 01,02,I.E. ENRIQUE DANIELS,16
52,META,005,ACACIAS,01,Zona 01,03,COL MPAL LUIS CARLOS GALAN SARMIENTO,17
52,META,005,ACACIAS,01,Zona 01,04,COLEGIO  MARIA MONTESSORI,13
52,META,005,ACACIAS,01,Zona 01,05,I. E. PABLO SEXTO,16
52,META,005,ACACIAS,01,Zona 01,06,CONC ESC RAFAEL POMBO,9
52,META,005,ACACIAS,02,Zona 02,01,IE JUAN HUMBERTO BAQUERO SOLER,19
52,META,005,ACACIAS,02,Zona 02,02,IE 20 DE JULIO,18
52,META,005,ACACIAS,02,Zona 02,03,IE LILIA CASTRO DE PARRADO,24
52,META,005,ACACIAS,02,Zona 02,04,COLEGIO COFREM,26
52,META,005,ACACIAS,02,Zona 02,05,ESC NORMAL SUP DE ACACIAS,15
52,META,005,ACACIAS,02,Zona 02,06,COL. NACIONALIZADO PABLO EMILIO RIVEROS,9
52,META,035,GRANADA,90,Zona 90,01,COLEGIO CAMILO TORRES,10
52,META,035,GRANADA,98,Zona 98,01,CARCEL MUNICIPAL,1
52,META,035,GRANADA,99,Zona 99,02,AGUAS CLARAS,4
52,META,035,GRANADA,99,Zona 99,04,CANAGUARO,7
52,META,035,GRANADA,99,Zona 99,07,DOS QUEBRADAS,4
52,META,035,GRANADA,99,Zona 99,12,LA PLAYA,3
52,META,035,GRANADA,99,Zona 99,15,PUERTO CALDAS,4
52,META,035,GRANADA,01,Zona 01,01,INSTITUCION EDUCATIVA VALENTIN,20
52,META,035,GRANADA,01,Zona 01,02,ESCUELA CLUB DE LEONES,12
52,META,035,GRANADA,01,Zona 01,03,INSTITUCION EDUCATIVA GENERAL,20
52,META,035,GRANADA,01,Zona 01,04,SEDE ESCUELA ANTONIO RICAURTE,21
52,META,035,GRANADA,01,Zona 01,05,ESCUELA EL BOSQUE,5
52,META,035,GRANADA,01,Zona 01,06,COMPLEJO DEPORTIVO VILLA OLIMPICA,5
52,META,035,GRANADA,01,Zona 01,07,MEGA COLEGIO BRISAS DE IRIQUE,2
52,META,035,GRANADA,02,Zona 02,01,I.E. ESCUELA NORMAL SUPERIOR MARIA AUXIL,16
52,META,035,GRANADA,02,Zona 02,02,ESCUELA ALFONSO MONTOYA PAVA,22
52,META,035,GRANADA,02,Zona 02,03,INSTITUCION EDUCATIVA LUIS CAR,19
52,META,043,PUERTO GAITAN,99,Zona 99,30,EL PORVENIR,2
52,META,043,PUERTO GAITAN,99,Zona 99,40,LA CRISTALINA,7
52,META,043,PUERTO GAITAN,99,Zona 99,50,PLANAS,4
52,META,043,PUERTO GAITAN,99,Zona 99,55,PUENTE ARIMENA,1
52,META,043,PUERTO GAITAN,99,Zona 99,56,PUERTO TRUJILLO,1
52,META,043,PUERTO GAITAN,99,Zona 99,58,RUBIALES PUERTO TRIUNFO,6
52,META,043,PUERTO GAITAN,99,Zona 99,60,SAN MIGUEL O PESCADERO,3
52,META,043,PUERTO GAITAN,99,Zona 99,70,SAN PEDRO DE ARIMENA,1
52,META,043,PUERTO GAITAN,99,Zona 99,80,TILLAVA,3
52,META,043,PUERTO GAITAN,99,Zona 99,81,CARIMAGUA,2
52,META,043,PUERTO GAITAN,99,Zona 99,82,PUERTO TRIUNFO - EL OASIS,6
52,META,043,PUERTO GAITAN,99,Zona 99,83,ALTO UNUMA,4
52,META,043,PUERTO GAITAN,99,Zona 99,84,DOMO PLANAS,4
52,META,043,PUERTO GAITAN,99,Zona 99,85,EL TIGRE,3
52,META,043,PUERTO GAITAN,99,Zona 99,86,WACOYO,4
52,META,043,PUERTO GAITAN,99,Zona 99,87,VENCEDOR PIRIRI,1
52,META,043,PUERTO GAITAN,99,Zona 99,88,AWALIBA,1
52,META,043,PUERTO GAITAN,01,Zona 01,01,I.E. EDUCATIVA JORGE ELIECER GAITAN,36
52,META,043,PUERTO GAITAN,01,Zona 01,02,I.E. J. ELIECER GAITAN SD CAMILO TORRES,26
52,META,043,PUERTO GAITAN,01,Zona 01,03,BATEAS,5
52,META,043,PUERTO GAITAN,02,Zona 02,01,ESC NORMAL SUP. LUIS CARLOS GALAN S.,29
52,META,043,PUERTO GAITAN,02,Zona 02,02,ESC NORM. SUP LUIS CARLOS GALAN-LA PEREZ,25
54,GUAVIARE,007,EL RETORNO,99,Zona 99,05,TIERRA ALTA,2
54,GUAVIARE,007,EL RETORNO,99,Zona 99,06,SAN ISIDRO UNO,3
54,GUAVIARE,007,EL RETORNO,99,Zona 99,07,CERRITOS,2
54,GUAVIARE,007,EL RETORNO,99,Zona 99,17,LA LIBERTAD,6
54,GUAVIARE,007,EL RETORNO,99,Zona 99,20,EL UNILLA,4
54,GUAVIARE,007,EL RETORNO,99,Zona 99,25,MORICHAL VIEJO,1
54,GUAVIARE,007,EL RETORNO,99,Zona 99,30,LA PAZ,2
54,GUAVIARE,007,EL RETORNO,00,Zona 00,00,PUESTO CABECERA MUNICIPAL,13
54,GUAVIARE,012,MIRAFLORES,99,Zona 99,04,BARRANQUILLITA,1
54,GUAVIARE,012,MIRAFLORES,99,Zona 99,06,LAS PAVAS CAÑO TIGRE,1
54,GUAVIARE,012,MIRAFLORES,99,Zona 99,08,BUENOS AIRES,2
54,GUAVIARE,012,MIRAFLORES,99,Zona 99,12,LAGOS DEL DORADO,2
54,GUAVIARE,012,MIRAFLORES,99,Zona 99,20,LA VUELTA DEL ALIVIO,1
54,GUAVIARE,012,MIRAFLORES,99,Zona 99,21,PUERTO SANTANDER,1
54,GUAVIARE,012,MIRAFLORES,00,Zona 00,00,PUESTO CABECERA MUNICIPAL,7
54,GUAVIARE,003,CALAMAR,99,Zona 99,05,VEREDA LA UNION,2
54,GUAVIARE,003,CALAMAR,99,Zona 99,10,VEREDA LA CRISTALINA,2
54,GUAVIARE,003,CALAMAR,99,Zona 99,15,VEREDA EL TRIUNFO,2
54,GUAVIARE,003,CALAMAR,99,Zona 99,20,VEREDA LAS DAMAS,2
54,GUAVIARE,003,CALAMAR,00,Zona 00,01,IE CARLOS MAURO HOYOS SEDE PRIMARIA,11
54,GUAVIARE,003,CALAMAR,00,Zona 00,02,IE CARLOS MAURO HOYOS SEDE BACHILLERATO,4
54,GUAVIARE,001,SAN JOSE DEL GUAVIARE,98,Zona 98,01,CARCEL,1
54,GUAVIARE,001,SAN JOSE DEL GUAVIARE,99,Zona 99,05,IE JOSE M. LOPEZ CLL PPAL -EL CAPRICHO,8
54,GUAVIARE,001,SAN JOSE DEL GUAVIARE,99,Zona 99,06,IE SANTA ELENA -   PUERTO CACHICAMO,2
54,GUAVIARE,001,SAN JOSE DEL GUAVIARE,99,Zona 99,07,IE LA CARPA PRINCIPAL,2
54,GUAVIARE,001,SAN JOSE DEL GUAVIARE,99,Zona 99,08,IE EL CRISTAL SD CHUAPAL,2
54,GUAVIARE,001,SAN JOSE DEL GUAVIARE,99,Zona 99,10,IE CAÑO BLANCO II SD EL BOQUERON,6
54,GUAVIARE,001,SAN JOSE DEL GUAVIARE,99,Zona 99,11,IE CHARRAS PRINCIPAL,2
54,GUAVIARE,001,SAN JOSE DEL GUAVIARE,99,Zona 99,15,IE TOMACHIPAN PRINCIPAL,1
54,GUAVIARE,001,SAN JOSE DEL GUAVIARE,99,Zona 99,20,IE AGUA BONITA-SD BOCAS-STO DOMINGO,8
54,GUAVIARE,001,SAN JOSE DEL GUAVIARE,99,Zona 99,21,IE AGUA BONITA SD RAFAEL POMBO PPAL,4
54,GUAVIARE,001,SAN JOSE DEL GUAVIARE,99,Zona 99,22,IE EL RESBALON PRINCIPAL,2
54,GUAVIARE,001,SAN JOSE DEL GUAVIARE,99,Zona 99,26,IE GUACAMAYAS SD PRINCIPAL,2
54,GUAVIARE,001,SAN JOSE DEL GUAVIARE,99,Zona 99,31,IE EL RETIRO SD PUERTO ARTURO,2
54,GUAVIARE,001,SAN JOSE DEL GUAVIARE,99,Zona 99,36,IE TRIUNFO II SEDE EL CARACOL,1
54,GUAVIARE,001,SAN JOSE DEL GUAVIARE,01,Zona 01,01,IE ALFONSO LOPEZ PUMAREJO PRINCIPAL,12
54,GUAVIARE,001,SAN JOSE DEL GUAVIARE,01,Zona 01,02,IE SANTANDER PRINCIPAL,19
54,GUAVIARE,001,SAN JOSE DEL GUAVIARE,01,Zona 01,03,IE SANTANDER SD DIVINO NIÑO,12
54,GUAVIARE,001,SAN JOSE DEL GUAVIARE,01,Zona 01,04,IE SANTANDER SD 20 DE JULIO,6
54,GUAVIARE,001,SAN JOSE DEL GUAVIARE,01,Zona 01,05,IE ALFONSO LOPEZ PUMAREJO SD LA PAZ,4
54,GUAVIARE,001,SAN JOSE DEL GUAVIARE,01,Zona 01,06,IE JOSE CELESTINO MUTIS SD SAN JORGE,2
54,GUAVIARE,001,SAN JOSE DEL GUAVIARE,02,Zona 02,01,IE JOSE CELESTINO MUTIS PRINCIPAL,14
54,GUAVIARE,001,SAN JOSE DEL GUAVIARE,02,Zona 02,02,IE C.D.R. PRINCIPAL,15
54,GUAVIARE,001,SAN JOSE DEL GUAVIARE,02,Zona 02,03,IE MANUELA BELTRAN PRINCIPAL,12
54,GUAVIARE,001,SAN JOSE DEL GUAVIARE,02,Zona 02,04,IE CDR SD MI PRIMERA ESCUELITA,7
54,GUAVIARE,001,SAN JOSE DEL GUAVIARE,02,Zona 02,05,IE JOSE CELESTINO M. SD RAFAEL POMBO,2
54,GUAVIARE,001,SAN JOSE DEL GUAVIARE,02,Zona 02,06,CENTRO INTEGRAL ADULTO MAYOR ARAZA,2
56,SAN ANDRES,004,PROVIDENCIA,00,Zona 00,00,PUESTO CABECERA MUNICIPAL,14
56,SAN ANDRES,001,SAN ANDRES,98,Zona 98,01,CARCEL,1
56,SAN ANDRES,001,SAN ANDRES,01,Zona 01,01,INSTITUTO BOLIVARIANO,44
56,SAN ANDRES,001,SAN ANDRES,01,Zona 01,02,COLEGIO NATANIA,25
56,SAN ANDRES,001,SAN ANDRES,01,Zona 01,03,INS.NAC.DE FORMACION TEC. PROF.-INFOTEP,13
56,SAN ANDRES,001,SAN ANDRES,02,Zona 02,01,COLEGIO BROOKS HILL,17
56,SAN ANDRES,001,SAN ANDRES,02,Zona 02,02,COLEGIO RUBEN DARIO,14
56,SAN ANDRES,001,SAN ANDRES,02,Zona 02,03,IE TECNICO INDUSTRIAL,28
60,AMAZONAS,007,PUERTO NARIÑO,99,Zona 99,20,ATACUARI,2
60,AMAZONAS,007,PUERTO NARIÑO,99,Zona 99,21,COMUNIDAD DOCE DE OCTUBRE,2
60,AMAZONAS,007,PUERTO NARIÑO,99,Zona 99,22,COMUNIDAD DE NARANJALES,1
60,AMAZONAS,007,PUERTO NARIÑO,00,Zona 00,00,PUESTO CABECERA MUNICIPAL,12
60,AMAZONAS,010,EL ENCANTO,00,Zona 00,00,CORREGIMIENTO DEPARTAMENTAL,3
60,AMAZONAS,013,LA CHORRERA,00,Zona 00,00,CORREGIMIENTO DEPARTAMENTAL,4
60,AMAZONAS,016,LA PEDRERA,00,Zona 00,00,CORREGIMIENTO DEPARTAMENTAL,4
60,AMAZONAS,017,LA VICTORIA,00,Zona 00,00,CORREGIMIENTO DEPARTAMENTAL,1
60,AMAZONAS,019,MIRITI PARANA,99,Zona 99,70,SANTA ISABEL,1
60,AMAZONAS,019,MIRITI PARANA,00,Zona 00,00,PUESTO CABECERA MUNICIPAL,2
60,AMAZONAS,021,PUERTO SANTANDER,00,Zona 00,00,CORREGIMIENTO DEPARTAMENTAL,2
60,AMAZONAS,022,TARAPACA,99,Zona 99,01,PUERTO EZEQUIEL,1
60,AMAZONAS,022,TARAPACA,00,Zona 00,00,CORREGIMIENTO DEPARTAMENTAL,4
60,AMAZONAS,030,PUERTO ALEGRIA,00,Zona 00,00,CORREGIMIENTO DEPARTAMENTAL,1
60,AMAZONAS,040,PUERTO ARICA,00,Zona 00,00,CORREGIMIENTO DEPARTAMENTAL,2
60,AMAZONAS,001,LETICIA,98,Zona 98,01,CARCEL,1
60,AMAZONAS,001,LETICIA,99,Zona 99,70,SANTA SOFIA,4
60,AMAZONAS,001,LETICIA,99,Zona 99,71,SAN MARTIN DE AMACAYACU,1
60,AMAZONAS,001,LETICIA,99,Zona 99,72,MACEDONIA,2
60,AMAZONAS,001,LETICIA,99,Zona 99,73,NAZARETH,2
60,AMAZONAS,001,LETICIA,99,Zona 99,74,ARARA,2
60,AMAZONAS,001,LETICIA,99,Zona 99,75,SAN JOSE KM 6,3
60,AMAZONAS,001,LETICIA,99,Zona 99,76,IE SAN JUAN BOSCO,1
60,AMAZONAS,001,LETICIA,99,Zona 99,77,KILOMETRO 11,1
60,AMAZONAS,001,LETICIA,01,Zona 01,01,IE INEM JOSE EUSTACIO RIVERA,28
60,AMAZONAS,001,LETICIA,01,Zona 01,02,JORGE ELIECER GAITAN,16
60,AMAZONAS,001,LETICIA,01,Zona 01,03,IE FRANCISCO DEL ROSARIO VELA,3
60,AMAZONAS,001,LETICIA,02,Zona 02,01,IE MARCELIANO E. CANYES,17
60,AMAZONAS,001,LETICIA,02,Zona 02,02,IE NORMAL SUPERIOR M.E.C.,29
60,AMAZONAS,001,LETICIA,02,Zona 02,03,IE SAGRADO CORAZON DE JESUS,24
64,PUTUMAYO,004,PUERTO LEGUIZAMO,99,Zona 99,01,LA TAGUA,3
64,PUTUMAYO,004,PUERTO LEGUIZAMO,99,Zona 99,02,EL MECAYA,2
64,PUTUMAYO,004,PUERTO LEGUIZAMO,99,Zona 99,05,PUERTO OSPINA,5
64,PUTUMAYO,004,PUERTO LEGUIZAMO,99,Zona 99,06,LA PAYA,2
64,PUTUMAYO,004,PUERTO LEGUIZAMO,99,Zona 99,10,EL SENCELLA,1
64,PUTUMAYO,004,PUERTO LEGUIZAMO,99,Zona 99,20,PIÑUÑA NEGRO,2
64,PUTUMAYO,004,PUERTO LEGUIZAMO,99,Zona 99,25,YURILLA,1
64,PUTUMAYO,004,PUERTO LEGUIZAMO,99,Zona 99,30,PUERTO NARIÑO,1
64,PUTUMAYO,004,PUERTO LEGUIZAMO,00,Zona 00,00,PUESTO CABECERA MUNICIPAL,33
64,PUTUMAYO,007,COLON,99,Zona 99,05,SAN PEDRO,3
64,PUTUMAYO,007,COLON,00,Zona 00,00,INS. EDUCATIVA SUCRE - SD LIBERTAD,11
64,PUTUMAYO,013,SAN FRANCISCO,99,Zona 99,60,SAN ANTONIO DEL POROTOYACO,3
64,PUTUMAYO,013,SAN FRANCISCO,00,Zona 00,00,PUESTO CABECERA MUNICIPAL,12
64,PUTUMAYO,016,SANTIAGO,99,Zona 99,05,SAN ANDRES,3
64,PUTUMAYO,016,SANTIAGO,00,Zona 00,00,PUESTO CABECERA MUNICIPAL,16
64,PUTUMAYO,019,SIBUNDOY,00,Zona 00,00,PUESTO CABECERA MUNICIPAL,33
64,PUTUMAYO,025,PUERTO GUZMAN,99,Zona 99,10,EL GALLINAZO,3
64,PUTUMAYO,025,PUERTO GUZMAN,99,Zona 99,13,EL JAUNO,2
64,PUTUMAYO,025,PUERTO GUZMAN,99,Zona 99,15,EL RECREO,2
64,PUTUMAYO,025,PUERTO GUZMAN,99,Zona 99,20,GALILEA,2
64,PUTUMAYO,025,PUERTO GUZMAN,99,Zona 99,40,MANGALPA,2
64,PUTUMAYO,025,PUERTO GUZMAN,99,Zona 99,45,MAYOYOQUE,3
64,PUTUMAYO,025,PUERTO GUZMAN,99,Zona 99,50,QUINORO (JOSE MARIA),2
64,PUTUMAYO,025,PUERTO GUZMAN,99,Zona 99,60,SAN ROQUE,1
64,PUTUMAYO,025,PUERTO GUZMAN,99,Zona 99,65,SANTA LUCIA,4
64,PUTUMAYO,025,PUERTO GUZMAN,99,Zona 99,70,CABILDO NASA JUAN TAMA,1
64,PUTUMAYO,025,PUERTO GUZMAN,99,Zona 99,71,VEREDA SACHAMATE,1
64,PUTUMAYO,025,PUERTO GUZMAN,99,Zona 99,72,CASETA COMUNAL VEREDA BAJO BARANDAS,1
64,PUTUMAYO,025,PUERTO GUZMAN,99,Zona 99,73,VEREDA LAS PERLAS,1
64,PUTUMAYO,025,PUERTO GUZMAN,00,Zona 00,00,PUESTO CABECERA MUNICIPAL,19
64,PUTUMAYO,026,PUERTO CAICEDO,99,Zona 99,02,ARIZONA,3
64,PUTUMAYO,026,PUERTO CAICEDO,99,Zona 99,05,DAMASCO VIDES,1
64,PUTUMAYO,026,PUERTO CAICEDO,99,Zona 99,10,EL CEDRAL,4
64,PUTUMAYO,026,PUERTO CAICEDO,99,Zona 99,30,GUASIMALES,2
64,PUTUMAYO,026,PUERTO CAICEDO,99,Zona 99,40,SAN PEDRO,2
64,PUTUMAYO,026,PUERTO CAICEDO,99,Zona 99,60,VILLAFLOR,1
64,PUTUMAYO,026,PUERTO CAICEDO,00,Zona 00,00,PUESTO CABECERA MUNICIPAL,21
64,PUTUMAYO,018,SAN MIGUEL (LA DORADA),99,Zona 99,40,PUERTO COLON SAN MIGUEL,10
64,PUTUMAYO,018,SAN MIGUEL (LA DORADA),99,Zona 99,41,IER EL SABALO,2
64,PUTUMAYO,018,SAN MIGUEL (LA DORADA),99,Zona 99,42,IER SAN CARLOS,3
64,PUTUMAYO,018,SAN MIGUEL (LA DORADA),99,Zona 99,43,IER AFILADOR,2
64,PUTUMAYO,018,SAN MIGUEL (LA DORADA),99,Zona 99,44,IER SAN MARCELINO,1
64,PUTUMAYO,018,SAN MIGUEL (LA DORADA),99,Zona 99,45,IER AGUA BLANCA,2
64,PUTUMAYO,018,SAN MIGUEL (LA DORADA),99,Zona 99,46,IER JORDAN ORTIZ,2
64,PUTUMAYO,018,SAN MIGUEL (LA DORADA),00,Zona 00,01,PUESTO CABECERA MUNICIPAL,13
64,PUTUMAYO,018,SAN MIGUEL (LA DORADA),00,Zona 00,02,CENTRO DE INTEGRACION CIUDADANA CIC,16
64,PUTUMAYO,030,VILLAGARZON,99,Zona 99,01,BAJO CORAZON,1
64,PUTUMAYO,030,VILLAGARZON,99,Zona 99,05,LA CASTELLANA,4
64,PUTUMAYO,030,VILLAGARZON,99,Zona 99,09,I.E.R. PUERTO UMBRIA,6
64,PUTUMAYO,030,VILLAGARZON,99,Zona 99,10,I.E.R. ALBANIA,1
64,PUTUMAYO,030,VILLAGARZON,99,Zona 99,20,I.E.R. SANTA ROSA DE JUANAMBU,1
64,PUTUMAYO,030,VILLAGARZON,00,Zona 00,01,PUESTO CABECERA MUNICIPAL,26
64,PUTUMAYO,030,VILLAGARZON,00,Zona 00,02,COLEGIO NUESTRA SEÑORA DEL PILAR,25
64,PUTUMAYO,001,MOCOA,98,Zona 98,01,CARCEL - CASA DE JUSTICIA,1
64,PUTUMAYO,001,MOCOA,99,Zona 99,01,CONDAGUA,1
64,PUTUMAYO,001,MOCOA,99,Zona 99,05,EL PEPINO,4
64,PUTUMAYO,001,MOCOA,99,Zona 99,06,LAS PLANADAS,2
64,PUTUMAYO,001,MOCOA,99,Zona 99,08,LA TEBAIDA,2
64,PUTUMAYO,001,MOCOA,99,Zona 99,10,LA FRONTERIZA EL PAISAJE,1
64,PUTUMAYO,001,MOCOA,99,Zona 99,13,PUERTO LIMON,4
64,PUTUMAYO,001,MOCOA,99,Zona 99,37,YUNGUILLO,2
64,PUTUMAYO,001,MOCOA,99,Zona 99,38,VEREDA SAN JOSE DEL PEPINO,2
64,PUTUMAYO,001,MOCOA,99,Zona 99,39,VEREDA RUMIYACO,2
64,PUTUMAYO,001,MOCOA,99,Zona 99,40,VEREDA ALTO AFAN,2
64,PUTUMAYO,001,MOCOA,99,Zona 99,41,VEREDA PUEBLO VIEJO,2
64,PUTUMAYO,001,MOCOA,99,Zona 99,42,VEREDA SAN ANTONIO,1
64,PUTUMAYO,001,MOCOA,99,Zona 99,43,VEREDA EL LIBANO,2
64,PUTUMAYO,001,MOCOA,01,Zona 01,01,COLEGIO NACIONAL PIO XII,18
64,PUTUMAYO,001,MOCOA,01,Zona 01,02,INST.EDUC. CIUDAD MOCOA,15
64,PUTUMAYO,001,MOCOA,01,Zona 01,03,INS. EDUC. FIDEL MONCLART,9
64,PUTUMAYO,001,MOCOA,01,Zona 01,04,COLISEO OLIMPICO MOCOA PUTUMAYO,11
64,PUTUMAYO,001,MOCOA,02,Zona 02,01,INST.EDUC.SANTA MARIA GORETTI,15
64,PUTUMAYO,001,MOCOA,02,Zona 02,02,INST.EDUC. SAN AGUSTIN,6
64,PUTUMAYO,001,MOCOA,02,Zona 02,03,I.E. FRAY PLACIDO SEDE LOS SAUCES,10
64,PUTUMAYO,001,MOCOA,02,Zona 02,04,C. INTEGRA CIUDAD SUROCCIDENTE DE MOCOA,4
64,PUTUMAYO,001,MOCOA,02,Zona 02,05,IE FRAY PLACIDO SEDE CENTRAL,12
64,PUTUMAYO,001,MOCOA,02,Zona 02,06,SENA SEDE MOCOA,6
64,PUTUMAYO,002,PUERTO ASIS,98,Zona 98,01,CARCEL MUNICIPAL,1
64,PUTUMAYO,002,PUERTO ASIS,99,Zona 99,03,PIÑUÑA BLANCO (PUERTO HACHA),3
64,PUTUMAYO,002,PUERTO ASIS,99,Zona 99,15,LA CARMELITA (CUEMBI),9
64,PUTUMAYO,002,PUERTO ASIS,99,Zona 99,20,LA PERLA AMAZONICA (SALON COMUNAL),3
64,PUTUMAYO,002,PUERTO ASIS,99,Zona 99,30,ESCUELA LA LIBERTAD,4
64,PUTUMAYO,002,PUERTO ASIS,99,Zona 99,35,SANTANA,6
64,PUTUMAYO,002,PUERTO ASIS,99,Zona 99,45,BANDERAS ALTO DANUBIO,1
64,PUTUMAYO,002,PUERTO ASIS,99,Zona 99,50,CAÑA BRAVA,2
64,PUTUMAYO,002,PUERTO ASIS,99,Zona 99,55,TETEYE,4
64,PUTUMAYO,002,PUERTO ASIS,99,Zona 99,60,VILLA VICTORIA,2
64,PUTUMAYO,002,PUERTO ASIS,99,Zona 99,65,PENEYA,2
64,PUTUMAYO,002,PUERTO ASIS,01,Zona 01,01,INST. ED. CIUDAD DE ASIS,20
64,PUTUMAYO,002,PUERTO ASIS,01,Zona 01,02,I.E.ALVERNIA,17
64,PUTUMAYO,002,PUERTO ASIS,01,Zona 01,03,ESCUELA SANTA TERESA,20
64,PUTUMAYO,002,PUERTO ASIS,01,Zona 01,04,COLEGIO SAN FERNANDO,13
64,PUTUMAYO,002,PUERTO ASIS,02,Zona 02,01,ESCUELA SAN NICOLAS,16
64,PUTUMAYO,002,PUERTO ASIS,02,Zona 02,02,ESCUELA EL PRADO,11
64,PUTUMAYO,002,PUERTO ASIS,02,Zona 02,03,ESCUELA EL JARDIN,18
64,PUTUMAYO,002,PUERTO ASIS,02,Zona 02,04,ESC URBANA MIXTA 20 DE JULIO,8
64,PUTUMAYO,023,ORITO,99,Zona 99,06,BUENOS AIRES,6
64,PUTUMAYO,023,ORITO,99,Zona 99,08,CHURUYACO,2
64,PUTUMAYO,023,ORITO,99,Zona 99,11,JARDINES DE SUCUMBIOS,1
64,PUTUMAYO,023,ORITO,99,Zona 99,13,PORTUGAL,2
64,PUTUMAYO,023,ORITO,99,Zona 99,15,SAN JUAN VIDES,1
64,PUTUMAYO,023,ORITO,99,Zona 99,18,SIBERIA,6
64,PUTUMAYO,023,ORITO,99,Zona 99,20,TESALIA,3
64,PUTUMAYO,023,ORITO,99,Zona 99,30,SAN VICENTE DEL LUZON,4
64,PUTUMAYO,023,ORITO,99,Zona 99,70,SIMON BOLIVAR,2
64,PUTUMAYO,023,ORITO,01,Zona 01,01,I.E.S.J.O SD NUEVA COLOMBIA,14
64,PUTUMAYO,023,ORITO,01,Zona 01,02,I.E.S.J.O SD LUIS CARLOS GALAN,21
64,PUTUMAYO,023,ORITO,02,Zona 02,01,IE SAN JOSE DE ORITO PRINCIPAL,19
64,PUTUMAYO,023,ORITO,02,Zona 02,02,IE JORGE ELIECER GAITAN,17
64,PUTUMAYO,028,VALLE DEL GUAMUEZ (LA HORMIGA),99,Zona 99,10,EL PLACER,7
64,PUTUMAYO,028,VALLE DEL GUAMUEZ (LA HORMIGA),99,Zona 99,14,EL TIGRE,7
64,PUTUMAYO,028,VALLE DEL GUAMUEZ (LA HORMIGA),99,Zona 99,22,JORDAN DE GUISIA,4
64,PUTUMAYO,028,VALLE DEL GUAMUEZ (LA HORMIGA),99,Zona 99,35,GUADUALITO,2
64,PUTUMAYO,028,VALLE DEL GUAMUEZ (LA HORMIGA),99,Zona 99,50,SAN ANTONIO DEL GUAMUEZ,2
64,PUTUMAYO,028,VALLE DEL GUAMUEZ (LA HORMIGA),99,Zona 99,65,SANTA ROSA DE SUCUMBIOS,1
64,PUTUMAYO,028,VALLE DEL GUAMUEZ (LA HORMIGA),99,Zona 99,70,INSTITUCION EDUCATIVA RURAL EL VENADO,1
64,PUTUMAYO,028,VALLE DEL GUAMUEZ (LA HORMIGA),99,Zona 99,75,IE RURAL EL CAIRO,3
64,PUTUMAYO,028,VALLE DEL GUAMUEZ (LA HORMIGA),01,Zona 01,01,I.E. CIUDAD LA HORMIGA SD S. FRANCISCO,15
64,PUTUMAYO,028,VALLE DEL GUAMUEZ (LA HORMIGA),01,Zona 01,02,COLISEO CUBIERTO COL. AGROPECUARIO,15
64,PUTUMAYO,028,VALLE DEL GUAMUEZ (LA HORMIGA),02,Zona 02,01,INSTITUCION EDUCATIVA LA LIBERTAD,18
64,PUTUMAYO,028,VALLE DEL GUAMUEZ (LA HORMIGA),02,Zona 02,02,I.E. VALLE DEL GUAMUEZ SEDE CENTRAL,18
68,VAUPES,004,CARURU,99,Zona 99,01,BOCAS DE ARARA,1
68,VAUPES,004,CARURU,00,Zona 00,00,PUESTO CABECERA MUNICIPAL,5
68,VAUPES,010,MORICHAL (PAPUNAGUA),99,Zona 99,01,BOCOA,1
68,VAUPES,010,MORICHAL (PAPUNAGUA),00,Zona 00,00,PUERTO SOLANO,1
68,VAUPES,013,BUENOS AIRES (PACOA),99,Zona 99,01,SAN MIGUEL,1
68,VAUPES,013,BUENOS AIRES (PACOA),99,Zona 99,50,PIEDRA ÑI,2
68,VAUPES,013,BUENOS AIRES (PACOA),99,Zona 99,60,SAN JUAN DE CACHIPORRO,1
68,VAUPES,013,BUENOS AIRES (PACOA),00,Zona 00,00,BUENOS AIRES,2
68,VAUPES,017,TARAIRA,99,Zona 99,01,COMUNIDAD VISTA HERMOSA,1
68,VAUPES,017,TARAIRA,99,Zona 99,50,COMUNIDAD BOCAS DE TARAIRA,1
68,VAUPES,017,TARAIRA,00,Zona 00,00,PUESTO CABECERA MUNICIPAL,4
68,VAUPES,022,YAVARATE,99,Zona 99,05,PAPURI (MONFORT),1
68,VAUPES,022,YAVARATE,99,Zona 99,50,PIRACUARA,1
68,VAUPES,022,YAVARATE,99,Zona 99,70,TERESITA,1
68,VAUPES,022,YAVARATE,00,Zona 00,00,YAVARATE,1
68,VAUPES,001,MITU,98,Zona 98,01,ERON MITU,1
68,VAUPES,001,MITU,99,Zona 99,01,MANDI,1
68,VAUPES,001,MITU,99,Zona 99,02,ACARICUARA,2
68,VAUPES,001,MITU,99,Zona 99,03,CAMANAOS,1
68,VAUPES,001,MITU,99,Zona 99,04,CEIMA CACHIVERA,1
68,VAUPES,001,MITU,99,Zona 99,05,QUERARI,1
68,VAUPES,001,MITU,99,Zona 99,13,MACUANA (TAPURUCUARA),2
68,VAUPES,001,MITU,99,Zona 99,15,SAN JAVIER CAÑO CUDUYARI,1
68,VAUPES,001,MITU,99,Zona 99,19,TIQUIE,2
68,VAUPES,001,MITU,99,Zona 99,80,VILLAFATIMA,1
68,VAUPES,001,MITU,99,Zona 99,90,YAPU,2
68,VAUPES,001,MITU,99,Zona 99,95,YURUPARI,2
68,VAUPES,001,MITU,99,Zona 99,96,SAN GABRIEL CAÑO COLORADO,1
68,VAUPES,001,MITU,99,Zona 99,97,SAN PABLO DE WIBA,1
68,VAUPES,001,MITU,00,Zona 00,01,PUESTO CABECERA MUNICIPAL,35
68,VAUPES,001,MITU,00,Zona 00,02,CONCHA ACUSTICA,10
72,VICHADA,002,SANTA ROSALIA,99,Zona 99,10,GUACACIAS,1
72,VICHADA,002,SANTA ROSALIA,99,Zona 99,12,FLOR AMARILLO,1
72,VICHADA,002,SANTA ROSALIA,99,Zona 99,14,VEREDA NAZARETH,1
72,VICHADA,002,SANTA ROSALIA,00,Zona 00,00,PUESTO CABECERA MUNICIPAL,9
72,VICHADA,006,CUMARIBO,99,Zona 99,10,AMANAVEN,1
72,VICHADA,006,CUMARIBO,99,Zona 99,11,"COM. SAN JUAN DEL MORRO RESG, UNUMA",2
72,VICHADA,006,CUMARIBO,99,Zona 99,12,COMUNIDAD MACOCOBA RESGUARDO CAWASI,4
72,VICHADA,006,CUMARIBO,99,Zona 99,13,COM PUEBLO ESCONDIDO RESG BERROCAL AJOTA,1
72,VICHADA,006,CUMARIBO,99,Zona 99,14,COM. BARRANCO COLORADO RESG. ATANA P.,2
72,VICHADA,006,CUMARIBO,99,Zona 99,15,COM. B/QUILLA RESG. CALI B/QUILLA,1
72,VICHADA,006,CUMARIBO,99,Zona 99,16,COM. CAMUNIANAE RESG. BAJO RIO VICHADA,2
72,VICHADA,006,CUMARIBO,99,Zona 99,17,COM. LLANO LINDO RESG. SAN LUIS DEL TOMO,1
72,VICHADA,006,CUMARIBO,99,Zona 99,18,COM. LAG. NEGRA RESG. LAG. NEGRA Y CACAO,1
72,VICHADA,006,CUMARIBO,99,Zona 99,20,CHUPAVE,1
72,VICHADA,006,CUMARIBO,99,Zona 99,40,EL CEJAL,1
72,VICHADA,006,CUMARIBO,99,Zona 99,42,EL VIENTO,3
72,VICHADA,006,CUMARIBO,99,Zona 99,44,GUANAPE,2
72,VICHADA,006,CUMARIBO,99,Zona 99,45,GUERIMA,2
72,VICHADA,006,CUMARIBO,99,Zona 99,47,GUACO,1
72,VICHADA,006,CUMARIBO,99,Zona 99,50,MATAVEN,2
72,VICHADA,006,CUMARIBO,99,Zona 99,52,MANAJUARE,1
72,VICHADA,006,CUMARIBO,99,Zona 99,55,PALMARITO,2
72,VICHADA,006,CUMARIBO,99,Zona 99,57,PUERTO PRINCIPE,2
72,VICHADA,006,CUMARIBO,99,Zona 99,60,SANTA RITA,4
72,VICHADA,006,CUMARIBO,99,Zona 99,65,SAN JOSE DE OCUNE,2
72,VICHADA,006,CUMARIBO,99,Zona 99,70,PUERTO NARIÑO,2
72,VICHADA,006,CUMARIBO,99,Zona 99,75,SHIARE,1
72,VICHADA,006,CUMARIBO,99,Zona 99,80,TRES MATAS,2
72,VICHADA,006,CUMARIBO,99,Zona 99,85,EL TUPARRO,1
72,VICHADA,006,CUMARIBO,99,Zona 99,86,CHAPARRAL,1
72,VICHADA,006,CUMARIBO,99,Zona 99,87,LA CATORCE,2
72,VICHADA,006,CUMARIBO,99,Zona 99,88,PUERTO ORIENTE,1
72,VICHADA,006,CUMARIBO,99,Zona 99,89,COM. BRISAS RESG. AIWAKUNA TSEPAJIBO,4
72,VICHADA,006,CUMARIBO,99,Zona 99,90,COM. LA FLORIDA RESG. SARACURE CADA,3
72,VICHADA,006,CUMARIBO,99,Zona 99,91,COM. RAYA RESG. BAJO RIO VICHADA 1,4
72,VICHADA,006,CUMARIBO,99,Zona 99,93,COM PROG INTEG RESG BAJO RIO VICHADA DOS,3
72,VICHADA,006,CUMARIBO,99,Zona 99,94,COM. SUCUARA RESG. BAJO RIO VICHADA 2,3
72,VICHADA,006,CUMARIBO,99,Zona 99,96,COM PALO GDE RESG STA TERESITA DEL TUP,3
72,VICHADA,006,CUMARIBO,99,Zona 99,97,COM. CHAPARRAL RESG. MUCO GUARROJO,2
72,VICHADA,006,CUMARIBO,99,Zona 99,98,COM. MAMIYARE RESG. GUACAMAYAS MAMIYARE,1
72,VICHADA,006,CUMARIBO,00,Zona 00,00,PUESTO CABECERA MUNICIPAL,22
72,VICHADA,008,LA PRIMAVERA,99,Zona 99,50,MATIYURE,1
72,VICHADA,008,LA PRIMAVERA,99,Zona 99,70,NUEVA ANTIOQUIA,2
72,VICHADA,008,LA PRIMAVERA,99,Zona 99,80,SAN TEODORO,2
72,VICHADA,008,LA PRIMAVERA,99,Zona 99,82,SANTA CECILIA,1
72,VICHADA,008,LA PRIMAVERA,99,Zona 99,90,SANTA BARBARA,2
72,VICHADA,008,LA PRIMAVERA,99,Zona 99,92,BUENAVISTA,1
72,VICHADA,008,LA PRIMAVERA,99,Zona 99,93,RESGUARDO LA LLANURA,2
72,VICHADA,008,LA PRIMAVERA,00,Zona 00,00,PUESTO CABECERA MUNICIPAL,15
72,VICHADA,001,PUERTO CARREÑO,98,Zona 98,01,CARCEL,1
72,VICHADA,001,PUERTO CARREÑO,99,Zona 99,05,ACEITICO,1
72,VICHADA,001,PUERTO CARREÑO,99,Zona 99,10,CASUARITO,5
72,VICHADA,001,PUERTO CARREÑO,99,Zona 99,30,LA VENTUROSA,1
72,VICHADA,001,PUERTO CARREÑO,99,Zona 99,40,GARCITAS,1
72,VICHADA,001,PUERTO CARREÑO,99,Zona 99,45,GUARIPA,1
72,VICHADA,001,PUERTO CARREÑO,99,Zona 99,50,PUERTO MURILLO,1
72,VICHADA,001,PUERTO CARREÑO,99,Zona 99,51,LA ESMERALDA,1
72,VICHADA,001,PUERTO CARREÑO,00,Zona 00,01,PUESTO CABECERA MUNICIPAL,45
72,VICHADA,001,PUERTO CARREÑO,00,Zona 00,02,IE MARIA INMACULADA,9
88,CONSULADOS,115,GHANA,05,Zona 05,02,Accra Consulado,1
88,CONSULADOS,115,GHANA,05,Zona 05,04,Dakar,1
88,CONSULADOS,115,GHANA,05,Zona 05,81,LUNES ACCRA CONSULADO,1
88,CONSULADOS,115,GHANA,05,Zona 05,82,MARTES ACCRA CONSULADO,1
88,CONSULADOS,115,GHANA,05,Zona 05,83,MIERCOLES ACCRA CONSULADO,1
88,CONSULADOS,115,GHANA,05,Zona 05,84,JUEVES ACCRA CONSULADO,1
88,CONSULADOS,115,GHANA,05,Zona 05,85,VIERNES ACCRA CONSULADO,1
88,CONSULADOS,115,GHANA,05,Zona 05,86,SABADO ACCRA CONSULADO,1
88,CONSULADOS,120,ALEMANIA,15,Zona 15,02,Frankfurt Consulado,12
88,CONSULADOS,120,ALEMANIA,15,Zona 15,04,Stuttgart,5
88,CONSULADOS,120,ALEMANIA,15,Zona 15,81,LUNES FRANKFURT CONSULADO,2
88,CONSULADOS,120,ALEMANIA,15,Zona 15,82,MARTES FRANKFURT CONSULADO,1
88,CONSULADOS,120,ALEMANIA,15,Zona 15,83,MIERCOLES FRANKFURT CONSULADO,1
88,CONSULADOS,120,ALEMANIA,15,Zona 15,84,JUEVES FRANKFURT CONSULADO,1
88,CONSULADOS,120,ALEMANIA,15,Zona 15,85,VIERNES FRANKFURT CONSULADO,2
88,CONSULADOS,120,ALEMANIA,15,Zona 15,86,SABADO FRANKFURT CONSULADO,4
88,CONSULADOS,120,ALEMANIA,05,Zona 05,02,Berlin Consulado,9
88,CONSULADOS,120,ALEMANIA,05,Zona 05,04,Hamburgo,4
88,CONSULADOS,120,ALEMANIA,05,Zona 05,06,Bremen,2
88,CONSULADOS,120,ALEMANIA,05,Zona 05,81,LUNES BERLIN CONSULADO,1
88,CONSULADOS,120,ALEMANIA,05,Zona 05,82,MARTES BERLIN CONSULADO,1
88,CONSULADOS,120,ALEMANIA,05,Zona 05,83,MIERCOLES BERLIN CONSULADO,1
88,CONSULADOS,120,ALEMANIA,05,Zona 05,84,JUEVES BERLIN CONSULADO,1
88,CONSULADOS,120,ALEMANIA,05,Zona 05,85,VIERNES BERLIN CONSULADO,3
88,CONSULADOS,120,ALEMANIA,05,Zona 05,86,SABADO BERLIN CONSULADO,4
88,CONSULADOS,130,ARGELIA,05,Zona 05,02,Argel Consulado,1
88,CONSULADOS,130,ARGELIA,05,Zona 05,81,LUNES ARGEL CONSULADO,1
88,CONSULADOS,130,ARGELIA,05,Zona 05,82,MARTES ARGEL CONSULADO,1
88,CONSULADOS,130,ARGELIA,05,Zona 05,83,MIERCOLES ARGEL CONSULADO,1
88,CONSULADOS,130,ARGELIA,05,Zona 05,84,JUEVES ARGEL CONSULADO,1
88,CONSULADOS,130,ARGELIA,05,Zona 05,85,VIERNES ARGEL CONSULADO,1
88,CONSULADOS,130,ARGELIA,05,Zona 05,86,SABADO ARGEL CONSULADO,1
88,CONSULADOS,135,AZERBAIYAN,05,Zona 05,02,Baku Consulado,1
88,CONSULADOS,135,AZERBAIYAN,05,Zona 05,81,LUNES BAKU CONSULADO,1
88,CONSULADOS,135,AZERBAIYAN,05,Zona 05,82,MARTES BAKU CONSULADO,1
88,CONSULADOS,135,AZERBAIYAN,05,Zona 05,83,MIERCOLES BAKU CONSULADO,1
88,CONSULADOS,135,AZERBAIYAN,05,Zona 05,84,JUEVES BAKU CONSULADO,1
88,CONSULADOS,135,AZERBAIYAN,05,Zona 05,85,VIERNES BAKU CONSULADO,1
88,CONSULADOS,135,AZERBAIYAN,05,Zona 05,86,SABADO BAKU CONSULADO,1
88,CONSULADOS,140,CURAZAO,10,Zona 10,02,Willemstad Consulado,5
88,CONSULADOS,140,CURAZAO,10,Zona 10,81,LUNES WILLEMSTAD CONSULADO,1
88,CONSULADOS,140,CURAZAO,10,Zona 10,82,MARTES WILLEMSTAD CONSULADO,1
88,CONSULADOS,140,CURAZAO,10,Zona 10,83,MIERCOLES WILLEMSTAD CONSULADO,1
88,CONSULADOS,140,CURAZAO,10,Zona 10,84,JUEVES WILLEMSTAD CONSULADO,1
88,CONSULADOS,140,CURAZAO,10,Zona 10,85,VIERNES WILLEMSTAD CONSULADO,1
88,CONSULADOS,140,CURAZAO,10,Zona 10,86,SABADO WILLEMSTAD CONSULADO,1
88,CONSULADOS,155,ARGENTINA,05,Zona 05,02,Buenos Aires Consulado,30
88,CONSULADOS,155,ARGENTINA,05,Zona 05,04,Mendoza,1
88,CONSULADOS,155,ARGENTINA,05,Zona 05,05,Córdoba,1
88,CONSULADOS,155,ARGENTINA,05,Zona 05,81,LUNES BUENOS AIRES CONSULADO,4
88,CONSULADOS,155,ARGENTINA,05,Zona 05,82,MARTES BUENOS AIRES CONSULADO,3
88,CONSULADOS,155,ARGENTINA,05,Zona 05,83,MIERCOLES BUENOS AIRES CONSULADO,3
88,CONSULADOS,155,ARGENTINA,05,Zona 05,84,JUEVES BUENOS AIRES CONSULADO,3
88,CONSULADOS,155,ARGENTINA,05,Zona 05,85,VIERNES BUENOS AIRES CONSULADO,3
88,CONSULADOS,155,ARGENTINA,05,Zona 05,86,SABADO BUENOS AIRES CONSULADO,8
88,CONSULADOS,160,ARUBA,05,Zona 05,02,Oranjestad Consulado,11
88,CONSULADOS,160,ARUBA,05,Zona 05,81,LUNES ORANJESTAD CONSULADO,2
88,CONSULADOS,160,ARUBA,05,Zona 05,82,MARTES ORANJESTAD CONSULADO,2
88,CONSULADOS,160,ARUBA,05,Zona 05,83,MIERCOLES ORANJESTAD CONSULADO,2
88,CONSULADOS,160,ARUBA,05,Zona 05,84,JUEVES ORANJESTAD CONSULADO,2
88,CONSULADOS,160,ARUBA,05,Zona 05,85,VIERNES ORANJESTAD CONSULADO,2
88,CONSULADOS,160,ARUBA,05,Zona 05,86,SABADO ORANJESTAD CONSULADO,2
88,CONSULADOS,165,AUSTRALIA,10,Zona 10,02,Sydney Consulado,15
88,CONSULADOS,165,AUSTRALIA,10,Zona 10,04,Brisbane,10
88,CONSULADOS,165,AUSTRALIA,10,Zona 10,81,LUNES SYDNEY CONSULADO,2
88,CONSULADOS,165,AUSTRALIA,10,Zona 10,82,MARTES SYDNEY CONSULADO,2
88,CONSULADOS,165,AUSTRALIA,10,Zona 10,83,MIERCOLES SYDNEY CONSULADO,2
88,CONSULADOS,165,AUSTRALIA,10,Zona 10,84,JUEVES SYDNEY CONSULADO,2
88,CONSULADOS,165,AUSTRALIA,10,Zona 10,85,VIERNES SYDNEY CONSULADO,2
88,CONSULADOS,165,AUSTRALIA,10,Zona 10,86,SABADO SYDNEY CONSULADO,7
88,CONSULADOS,165,AUSTRALIA,03,Zona 03,02,Canberra Consulado,2
88,CONSULADOS,165,AUSTRALIA,03,Zona 03,04,Melbourne,17
88,CONSULADOS,165,AUSTRALIA,03,Zona 03,05,Perth,5
88,CONSULADOS,165,AUSTRALIA,03,Zona 03,81,LUNES CANBERRA CONSULADO,1
88,CONSULADOS,165,AUSTRALIA,03,Zona 03,82,MARTES CANBERRA CONSULADO,1
88,CONSULADOS,165,AUSTRALIA,03,Zona 03,83,MIERCOLES CANBERRA CONSULADO,1
88,CONSULADOS,165,AUSTRALIA,03,Zona 03,84,JUEVES CANBERRA CONSULADO,1
88,CONSULADOS,165,AUSTRALIA,03,Zona 03,85,VIERNES CANBERRA CONSULADO,1
88,CONSULADOS,165,AUSTRALIA,03,Zona 03,86,SABADO CANBERRA CONSULADO,1
88,CONSULADOS,170,AUSTRIA,05,Zona 05,02,Viena Consulado,3
88,CONSULADOS,170,AUSTRIA,05,Zona 05,04,Praga,1
88,CONSULADOS,170,AUSTRIA,05,Zona 05,05,Graz,1
88,CONSULADOS,170,AUSTRIA,05,Zona 05,81,LUNES VIENA CONSULADO,1
88,CONSULADOS,170,AUSTRIA,05,Zona 05,82,MARTES VIENA CONSULADO,1
88,CONSULADOS,170,AUSTRIA,05,Zona 05,83,MIERCOLES VIENA CONSULADO,1
88,CONSULADOS,170,AUSTRIA,05,Zona 05,84,JUEVES VIENA CONSULADO,1
88,CONSULADOS,170,AUSTRIA,05,Zona 05,85,VIERNES VIENA CONSULADO,1
88,CONSULADOS,170,AUSTRIA,05,Zona 05,86,SABADO VIENA CONSULADO,1
88,CONSULADOS,190,BELGICA,05,Zona 05,02,Bruselas Consulado,7
88,CONSULADOS,190,BELGICA,05,Zona 05,04,Luxemburgo,1
88,CONSULADOS,190,BELGICA,05,Zona 05,81,LUNES BRUSELAS CONSULADO,2
88,CONSULADOS,190,BELGICA,05,Zona 05,82,MARTES BRUSELAS CONSULADO,1
88,CONSULADOS,190,BELGICA,05,Zona 05,83,MIERCOLES BRUSELAS CONSULADO,1
88,CONSULADOS,190,BELGICA,05,Zona 05,84,JUEVES BRUSELAS CONSULADO,1
88,CONSULADOS,190,BELGICA,05,Zona 05,85,VIERNES BRUSELAS CONSULADO,1
88,CONSULADOS,190,BELGICA,05,Zona 05,86,SABADO BRUSELAS CONSULADO,2
88,CONSULADOS,215,BOLIVIA,05,Zona 05,02,La Paz Consulado,2
88,CONSULADOS,215,BOLIVIA,05,Zona 05,04,Santa Cruz de la Sierra,2
88,CONSULADOS,215,BOLIVIA,05,Zona 05,81,LUNES LA PAZ CONSULADO,1
88,CONSULADOS,215,BOLIVIA,05,Zona 05,82,MARTES LA PAZ CONSULADO,1
88,CONSULADOS,215,BOLIVIA,05,Zona 05,83,MIERCOLES LA PAZ CONSULADO,1
88,CONSULADOS,215,BOLIVIA,05,Zona 05,84,JUEVES LA PAZ CONSULADO,1
88,CONSULADOS,215,BOLIVIA,05,Zona 05,85,VIERNES LA PAZ CONSULADO,1
88,CONSULADOS,215,BOLIVIA,05,Zona 05,86,SABADO LA PAZ CONSULADO,1
88,CONSULADOS,220,BRASIL,15,Zona 15,02,Manaos - Consulado,1
88,CONSULADOS,220,BRASIL,15,Zona 15,81,LUNES MANAOS - CONSULADO,1
88,CONSULADOS,220,BRASIL,15,Zona 15,82,MARTES MANAOS - CONSULADO,1
88,CONSULADOS,220,BRASIL,15,Zona 15,83,MIERCOLES MANAOS - CONSULADO,1
88,CONSULADOS,220,BRASIL,15,Zona 15,84,JUEVES MANAOS - CONSULADO,1
88,CONSULADOS,220,BRASIL,15,Zona 15,85,VIERNES MANAOS - CONSULADO,1
88,CONSULADOS,220,BRASIL,15,Zona 15,86,SABADO MANAOS - CONSULADO,1
88,CONSULADOS,220,BRASIL,35,Zona 35,02,Sao Paulo Consulado,7
88,CONSULADOS,220,BRASIL,35,Zona 35,04,Belo Horizonte,1
88,CONSULADOS,220,BRASIL,35,Zona 35,05,Florianopolis,1
88,CONSULADOS,220,BRASIL,35,Zona 35,06,Porto Alegre,1
88,CONSULADOS,220,BRASIL,35,Zona 35,08,Curitiba,1
88,CONSULADOS,220,BRASIL,35,Zona 35,09,Foz de Iguazu,1
88,CONSULADOS,220,BRASIL,35,Zona 35,81,LUNES SAO PAULO CONSULADO,1
88,CONSULADOS,220,BRASIL,35,Zona 35,82,MARTES SAO PAULO CONSULADO,1
88,CONSULADOS,220,BRASIL,35,Zona 35,83,MIERCOLES SAO PAULO CONSULADO,1
88,CONSULADOS,220,BRASIL,35,Zona 35,84,JUEVES SAO PAULO CONSULADO,1
88,CONSULADOS,220,BRASIL,35,Zona 35,85,VIERNES SAO PAULO CONSULADO,1
88,CONSULADOS,220,BRASIL,35,Zona 35,86,SABADO SAO PAULO CONSULADO,2
88,CONSULADOS,220,BRASIL,40,Zona 40,02,Tabatinga Consulado,1
88,CONSULADOS,220,BRASIL,40,Zona 40,81,LUNES TABATINGA CONSULADO,1
88,CONSULADOS,220,BRASIL,40,Zona 40,82,MARTES TABATINGA CONSULADO,1
88,CONSULADOS,220,BRASIL,40,Zona 40,83,MIERCOLES TABATINGA CONSULADO,1
88,CONSULADOS,220,BRASIL,40,Zona 40,84,JUEVES TABATINGA CONSULADO,1
88,CONSULADOS,220,BRASIL,40,Zona 40,85,VIERNES TABATINGA CONSULADO,1
88,CONSULADOS,220,BRASIL,40,Zona 40,86,SABADO TABATINGA CONSULADO,1
88,CONSULADOS,220,BRASIL,42,Zona 42,02,Río de Janeiro - Consulado,2
88,CONSULADOS,220,BRASIL,42,Zona 42,04,Fortaleza,1
88,CONSULADOS,220,BRASIL,42,Zona 42,05,Recife,1
88,CONSULADOS,220,BRASIL,42,Zona 42,81,LUNES RÍO DE JANEIRO - CONSULADO,1
88,CONSULADOS,220,BRASIL,42,Zona 42,82,MARTES RÍO DE JANEIRO - CONSULADO,1
88,CONSULADOS,220,BRASIL,42,Zona 42,83,MIERCOLES RÍO DE JANEIRO - CONSULADO,1
88,CONSULADOS,220,BRASIL,42,Zona 42,84,JUEVES RÍO DE JANEIRO - CONSULADO,1
88,CONSULADOS,220,BRASIL,42,Zona 42,85,VIERNES RÍO DE JANEIRO - CONSULADO,1
88,CONSULADOS,220,BRASIL,42,Zona 42,86,SABADO RÍO DE JANEIRO - CONSULADO,1
88,CONSULADOS,220,BRASIL,05,Zona 05,02,Brasilia Consulado,2
88,CONSULADOS,220,BRASIL,05,Zona 05,81,LUNES BRASILIA CONSULADO,1
88,CONSULADOS,220,BRASIL,05,Zona 05,82,MARTES BRASILIA CONSULADO,1
88,CONSULADOS,220,BRASIL,05,Zona 05,83,MIERCOLES BRASILIA CONSULADO,1
88,CONSULADOS,220,BRASIL,05,Zona 05,84,JUEVES BRASILIA CONSULADO,1
88,CONSULADOS,220,BRASIL,05,Zona 05,85,VIERNES BRASILIA CONSULADO,1
88,CONSULADOS,220,BRASIL,05,Zona 05,86,SABADO BRASILIA CONSULADO,2
88,CONSULADOS,250,CANADA,10,Zona 10,02,Toronto Consulado,36
88,CONSULADOS,250,CANADA,10,Zona 10,03,London,5
88,CONSULADOS,250,CANADA,10,Zona 10,81,LUNES TORONTO CONSULADO,4
88,CONSULADOS,250,CANADA,10,Zona 10,82,MARTES TORONTO CONSULADO,4
88,CONSULADOS,250,CANADA,10,Zona 10,83,MIERCOLES TORONTO CONSULADO,4
88,CONSULADOS,250,CANADA,10,Zona 10,84,JUEVES TORONTO CONSULADO,4
88,CONSULADOS,250,CANADA,10,Zona 10,85,VIERNES TORONTO CONSULADO,6
88,CONSULADOS,250,CANADA,10,Zona 10,86,SABADO TORONTO CONSULADO,12
88,CONSULADOS,250,CANADA,20,Zona 20,02,Vancouver Consulado,11
88,CONSULADOS,250,CANADA,20,Zona 20,81,LUNES VANCOUVER CONSULADO,2
88,CONSULADOS,250,CANADA,20,Zona 20,82,MARTES VANCOUVER CONSULADO,2
88,CONSULADOS,250,CANADA,20,Zona 20,83,MIERCOLES VANCOUVER CONSULADO,2
88,CONSULADOS,250,CANADA,20,Zona 20,84,JUEVES VANCOUVER CONSULADO,2
88,CONSULADOS,250,CANADA,20,Zona 20,85,VIERNES VANCOUVER CONSULADO,2
88,CONSULADOS,250,CANADA,20,Zona 20,86,SABADO VANCOUVER CONSULADO,4
88,CONSULADOS,250,CANADA,02,Zona 02,02,Calgary Consulado,14
88,CONSULADOS,250,CANADA,02,Zona 02,81,LUNES CALGARY CONSULADO,1
88,CONSULADOS,250,CANADA,02,Zona 02,82,MARTES CALGARY CONSULADO,1
88,CONSULADOS,250,CANADA,02,Zona 02,83,MIERCOLES CALGARY CONSULADO,1
88,CONSULADOS,250,CANADA,02,Zona 02,84,JUEVES CALGARY CONSULADO,1
88,CONSULADOS,250,CANADA,02,Zona 02,85,VIERNES CALGARY CONSULADO,3
88,CONSULADOS,250,CANADA,02,Zona 02,86,SABADO CALGARY CONSULADO,6
88,CONSULADOS,250,CANADA,03,Zona 03,02,Montreal Consulado,33
88,CONSULADOS,250,CANADA,03,Zona 03,81,LUNES MONTREAL CONSULADO,7
88,CONSULADOS,250,CANADA,03,Zona 03,82,MARTES MONTREAL CONSULADO,7
88,CONSULADOS,250,CANADA,03,Zona 03,83,MIERCOLES MONTREAL CONSULADO,7
88,CONSULADOS,250,CANADA,03,Zona 03,84,JUEVES MONTREAL CONSULADO,7
88,CONSULADOS,250,CANADA,03,Zona 03,85,VIERNES MONTREAL CONSULADO,7
88,CONSULADOS,250,CANADA,03,Zona 03,86,SABADO MONTREAL CONSULADO,7
88,CONSULADOS,250,CANADA,05,Zona 05,02,Ottawa Consulado,9
88,CONSULADOS,250,CANADA,05,Zona 05,81,LUNES OTTAWA CONSULADO,1
88,CONSULADOS,250,CANADA,05,Zona 05,82,MARTES OTTAWA CONSULADO,1
88,CONSULADOS,250,CANADA,05,Zona 05,83,MIERCOLES OTTAWA CONSULADO,1
88,CONSULADOS,250,CANADA,05,Zona 05,84,JUEVES OTTAWA CONSULADO,1
88,CONSULADOS,250,CANADA,05,Zona 05,85,VIERNES OTTAWA CONSULADO,1
88,CONSULADOS,250,CANADA,05,Zona 05,86,SABADO OTTAWA CONSULADO,3
88,CONSULADOS,275,COREA DEL SUR,05,Zona 05,02,Seul - Consulado,1
88,CONSULADOS,275,COREA DEL SUR,05,Zona 05,81,LUNES SEUL - CONSULADO,1
88,CONSULADOS,275,COREA DEL SUR,05,Zona 05,82,MARTES SEUL - CONSULADO,1
88,CONSULADOS,275,COREA DEL SUR,05,Zona 05,83,MIERCOLES SEUL - CONSULADO,1
88,CONSULADOS,275,COREA DEL SUR,05,Zona 05,84,JUEVES SEUL - CONSULADO,1
88,CONSULADOS,275,COREA DEL SUR,05,Zona 05,85,VIERNES SEUL - CONSULADO,1
88,CONSULADOS,275,COREA DEL SUR,05,Zona 05,86,SABADO SEUL - CONSULADO,1
88,CONSULADOS,285,COSTA RICA,05,Zona 05,02,San José - Consulado,18
88,CONSULADOS,285,COSTA RICA,05,Zona 05,81,LUNES SAN JOSÉ - CONSULADO,1
88,CONSULADOS,285,COSTA RICA,05,Zona 05,82,MARTES SAN JOSÉ - CONSULADO,1
88,CONSULADOS,285,COSTA RICA,05,Zona 05,83,MIERCOLES SAN JOSÉ - CONSULADO,1
88,CONSULADOS,285,COSTA RICA,05,Zona 05,84,JUEVES SAN JOSÉ - CONSULADO,1
88,CONSULADOS,285,COSTA RICA,05,Zona 05,85,VIERNES SAN JOSÉ - CONSULADO,1
88,CONSULADOS,285,COSTA RICA,05,Zona 05,86,SABADO SAN JOSÉ - CONSULADO,4
88,CONSULADOS,290,CUBA,05,Zona 05,02,La Habana - Consulado,2
88,CONSULADOS,290,CUBA,05,Zona 05,81,LUNES LA HABANA - CONSULADO,1
88,CONSULADOS,290,CUBA,05,Zona 05,82,MARTES LA HABANA - CONSULADO,1
88,CONSULADOS,290,CUBA,05,Zona 05,83,MIERCOLES LA HABANA - CONSULADO,1
88,CONSULADOS,290,CUBA,05,Zona 05,84,JUEVES LA HABANA - CONSULADO,1
88,CONSULADOS,290,CUBA,05,Zona 05,85,VIERNES LA HABANA - CONSULADO,1
88,CONSULADOS,290,CUBA,05,Zona 05,86,SABADO LA HABANA - CONSULADO,1
88,CONSULADOS,305,CHILE,02,Zona 02,02,Antofagasta Consulado,13
88,CONSULADOS,305,CHILE,02,Zona 02,04,Iquique,1
88,CONSULADOS,305,CHILE,02,Zona 02,81,LUNES ANTOFAGASTA CONSULADO,1
88,CONSULADOS,305,CHILE,02,Zona 02,82,MARTES ANTOFAGASTA CONSULADO,1
88,CONSULADOS,305,CHILE,02,Zona 02,83,MIERCOLES ANTOFAGASTA CONSULADO,1
88,CONSULADOS,305,CHILE,02,Zona 02,84,JUEVES ANTOFAGASTA CONSULADO,1
88,CONSULADOS,305,CHILE,02,Zona 02,85,VIERNES ANTOFAGASTA CONSULADO,1
88,CONSULADOS,305,CHILE,02,Zona 02,86,SABADO ANTOFAGASTA CONSULADO,1
88,CONSULADOS,305,CHILE,05,Zona 05,02,Santiago Consulado,52
88,CONSULADOS,305,CHILE,05,Zona 05,81,LUNES SANTIAGO CONSULADO,4
88,CONSULADOS,305,CHILE,05,Zona 05,82,MARTES SANTIAGO CONSULADO,4
88,CONSULADOS,305,CHILE,05,Zona 05,83,MIERCOLES SANTIAGO CONSULADO,4
88,CONSULADOS,305,CHILE,05,Zona 05,84,JUEVES SANTIAGO CONSULADO,4
88,CONSULADOS,305,CHILE,05,Zona 05,85,VIERNES SANTIAGO CONSULADO,4
88,CONSULADOS,305,CHILE,05,Zona 05,86,SABADO SANTIAGO CONSULADO,20
88,CONSULADOS,315,CHINA REPUBLICA POPULAR,10,Zona 10,02,Guangzhou Consulado,1
88,CONSULADOS,315,CHINA REPUBLICA POPULAR,10,Zona 10,81,LUNES GUANGZHOU CONSULADO,1
88,CONSULADOS,315,CHINA REPUBLICA POPULAR,10,Zona 10,82,MARTES GUANGZHOU CONSULADO,1
88,CONSULADOS,315,CHINA REPUBLICA POPULAR,10,Zona 10,83,MIERCOLES GUANGZHOU CONSULADO,1
88,CONSULADOS,315,CHINA REPUBLICA POPULAR,10,Zona 10,84,JUEVES GUANGZHOU CONSULADO,1
88,CONSULADOS,315,CHINA REPUBLICA POPULAR,10,Zona 10,85,VIERNES GUANGZHOU CONSULADO,1
88,CONSULADOS,315,CHINA REPUBLICA POPULAR,10,Zona 10,86,SABADO GUANGZHOU CONSULADO,1
88,CONSULADOS,315,CHINA REPUBLICA POPULAR,50,Zona 50,02,Hong Kong - Consulado,1
88,CONSULADOS,315,CHINA REPUBLICA POPULAR,50,Zona 50,81,LUNES HONG KONG - CONSULADO,1
88,CONSULADOS,315,CHINA REPUBLICA POPULAR,50,Zona 50,82,MARTES HONG KONG - CONSULADO,1
88,CONSULADOS,315,CHINA REPUBLICA POPULAR,50,Zona 50,83,MIERCOLES HONG KONG - CONSULADO,1
88,CONSULADOS,315,CHINA REPUBLICA POPULAR,50,Zona 50,84,JUEVES HONG KONG - CONSULADO,1
88,CONSULADOS,315,CHINA REPUBLICA POPULAR,50,Zona 50,85,VIERNES HONG KONG - CONSULADO,1
88,CONSULADOS,315,CHINA REPUBLICA POPULAR,50,Zona 50,86,SABADO HONG KONG - CONSULADO,1
88,CONSULADOS,315,CHINA REPUBLICA POPULAR,55,Zona 55,02,Shanghai Consulado,1
88,CONSULADOS,315,CHINA REPUBLICA POPULAR,55,Zona 55,81,LUNES SHANGHAI CONSULADO,1
88,CONSULADOS,315,CHINA REPUBLICA POPULAR,55,Zona 55,82,MARTES SHANGHAI CONSULADO,1
88,CONSULADOS,315,CHINA REPUBLICA POPULAR,55,Zona 55,83,MIERCOLES SHANGHAI CONSULADO,1
88,CONSULADOS,315,CHINA REPUBLICA POPULAR,55,Zona 55,84,JUEVES SHANGHAI CONSULADO,1
88,CONSULADOS,315,CHINA REPUBLICA POPULAR,55,Zona 55,85,VIERNES SHANGHAI CONSULADO,1
88,CONSULADOS,315,CHINA REPUBLICA POPULAR,55,Zona 55,86,SABADO SHANGHAI CONSULADO,1
88,CONSULADOS,315,CHINA REPUBLICA POPULAR,05,Zona 05,02,Beijing - Consulado,1
88,CONSULADOS,315,CHINA REPUBLICA POPULAR,05,Zona 05,81,LUNES BEIJING - CONSULADO,1
88,CONSULADOS,315,CHINA REPUBLICA POPULAR,05,Zona 05,82,MARTES BEIJING - CONSULADO,1
88,CONSULADOS,315,CHINA REPUBLICA POPULAR,05,Zona 05,83,MIERCOLES BEIJING - CONSULADO,1
88,CONSULADOS,315,CHINA REPUBLICA POPULAR,05,Zona 05,84,JUEVES BEIJING - CONSULADO,1
88,CONSULADOS,315,CHINA REPUBLICA POPULAR,05,Zona 05,85,VIERNES BEIJING - CONSULADO,1
88,CONSULADOS,315,CHINA REPUBLICA POPULAR,05,Zona 05,86,SABADO BEIJING - CONSULADO,1
88,CONSULADOS,325,DINAMARCA,05,Zona 05,02,Copenhague Consulado,2
88,CONSULADOS,325,DINAMARCA,05,Zona 05,81,LUNES COPENHAGUE CONSULADO,1
88,CONSULADOS,325,DINAMARCA,05,Zona 05,82,MARTES COPENHAGUE CONSULADO,1
88,CONSULADOS,325,DINAMARCA,05,Zona 05,83,MIERCOLES COPENHAGUE CONSULADO,1
88,CONSULADOS,325,DINAMARCA,05,Zona 05,84,JUEVES COPENHAGUE CONSULADO,1
88,CONSULADOS,325,DINAMARCA,05,Zona 05,85,VIERNES COPENHAGUE CONSULADO,1
88,CONSULADOS,325,DINAMARCA,05,Zona 05,86,SABADO COPENHAGUE CONSULADO,2
88,CONSULADOS,330,ECUADOR,10,Zona 10,02,Esmeraldas - Consulado,4
88,CONSULADOS,330,ECUADOR,10,Zona 10,81,LUNES ESMERALDAS - CONSULADO,1
88,CONSULADOS,330,ECUADOR,10,Zona 10,82,MARTES ESMERALDAS - CONSULADO,1
88,CONSULADOS,330,ECUADOR,10,Zona 10,83,MIERCOLES ESMERALDAS - CONSULADO,1
88,CONSULADOS,330,ECUADOR,10,Zona 10,84,JUEVES ESMERALDAS - CONSULADO,1
88,CONSULADOS,330,ECUADOR,10,Zona 10,85,VIERNES ESMERALDAS - CONSULADO,1
88,CONSULADOS,330,ECUADOR,10,Zona 10,86,SABADO ESMERALDAS - CONSULADO,1
88,CONSULADOS,330,ECUADOR,15,Zona 15,02,Guayaquil - Consulado,14
88,CONSULADOS,330,ECUADOR,15,Zona 15,04,Cuenca,2
88,CONSULADOS,330,ECUADOR,15,Zona 15,06,Manta,1
88,CONSULADOS,330,ECUADOR,15,Zona 15,81,LUNES GUAYAQUIL - CONSULADO,1
88,CONSULADOS,330,ECUADOR,15,Zona 15,82,MARTES GUAYAQUIL - CONSULADO,1
88,CONSULADOS,330,ECUADOR,15,Zona 15,83,MIERCOLES GUAYAQUIL - CONSULADO,1
88,CONSULADOS,330,ECUADOR,15,Zona 15,84,JUEVES GUAYAQUIL - CONSULADO,1
88,CONSULADOS,330,ECUADOR,15,Zona 15,85,VIERNES GUAYAQUIL - CONSULADO,1
88,CONSULADOS,330,ECUADOR,15,Zona 15,86,SABADO GUAYAQUIL - CONSULADO,1
88,CONSULADOS,330,ECUADOR,20,Zona 20,02,Nueva Loja - Consulado,6
88,CONSULADOS,330,ECUADOR,20,Zona 20,81,LUNES NUEVA LOJA - CONSULADO,1
88,CONSULADOS,330,ECUADOR,20,Zona 20,82,MARTES NUEVA LOJA - CONSULADO,1
88,CONSULADOS,330,ECUADOR,20,Zona 20,83,MIERCOLES NUEVA LOJA - CONSULADO,1
88,CONSULADOS,330,ECUADOR,20,Zona 20,84,JUEVES NUEVA LOJA - CONSULADO,1
88,CONSULADOS,330,ECUADOR,20,Zona 20,85,VIERNES NUEVA LOJA - CONSULADO,1
88,CONSULADOS,330,ECUADOR,20,Zona 20,86,SABADO NUEVA LOJA - CONSULADO,1
88,CONSULADOS,330,ECUADOR,35,Zona 35,02,Santo Domingo Tsachilas - Consulado,9
88,CONSULADOS,330,ECUADOR,35,Zona 35,81,LUNES SANTO DOMINGO TSACHILAS - CONSULAD,1
88,CONSULADOS,330,ECUADOR,35,Zona 35,82,MARTES SANTO DOMINGO TSACHILAS - CONSULA,1
88,CONSULADOS,330,ECUADOR,35,Zona 35,83,MIERCOLES SANTO DOMINGO TSACHILAS - CONS,1
88,CONSULADOS,330,ECUADOR,35,Zona 35,84,JUEVES SANTO DOMINGO TSACHILAS - CONSULA,1
88,CONSULADOS,330,ECUADOR,35,Zona 35,85,VIERNES SANTO DOMINGO TSACHILAS - CONSUL,1
88,CONSULADOS,330,ECUADOR,35,Zona 35,86,SABADO SANTO DOMINGO TSACHILAS - CONSULA,1
88,CONSULADOS,330,ECUADOR,40,Zona 40,02,Tulcán - Consulado,3
88,CONSULADOS,330,ECUADOR,40,Zona 40,81,LUNES TULCÁN - CONSULADO,1
88,CONSULADOS,330,ECUADOR,40,Zona 40,82,MARTES TULCÁN - CONSULADO,1
88,CONSULADOS,330,ECUADOR,40,Zona 40,83,MIERCOLES TULCÁN - CONSULADO,1
88,CONSULADOS,330,ECUADOR,40,Zona 40,84,JUEVES TULCÁN - CONSULADO,1
88,CONSULADOS,330,ECUADOR,40,Zona 40,85,VIERNES TULCÁN - CONSULADO,1
88,CONSULADOS,330,ECUADOR,40,Zona 40,86,SABADO TULCÁN - CONSULADO,1
88,CONSULADOS,330,ECUADOR,05,Zona 05,02,Quito - Consulado,29
88,CONSULADOS,330,ECUADOR,05,Zona 05,81,LUNES QUITO - CONSULADO,3
88,CONSULADOS,330,ECUADOR,05,Zona 05,82,MARTES QUITO - CONSULADO,2
88,CONSULADOS,330,ECUADOR,05,Zona 05,83,MIERCOLES QUITO - CONSULADO,2
88,CONSULADOS,330,ECUADOR,05,Zona 05,84,JUEVES QUITO - CONSULADO,2
88,CONSULADOS,330,ECUADOR,05,Zona 05,85,VIERNES QUITO - CONSULADO,2
88,CONSULADOS,330,ECUADOR,05,Zona 05,86,SABADO QUITO - CONSULADO,2
88,CONSULADOS,335,EGIPTO,05,Zona 05,02,El Cairo - Consulado,1
88,CONSULADOS,335,EGIPTO,05,Zona 05,04,Riad,1
88,CONSULADOS,335,EGIPTO,05,Zona 05,81,LUNES EL CAIRO - CONSULADO,1
88,CONSULADOS,335,EGIPTO,05,Zona 05,82,MARTES EL CAIRO - CONSULADO,1
88,CONSULADOS,335,EGIPTO,05,Zona 05,83,MIERCOLES EL CAIRO - CONSULADO,1
88,CONSULADOS,335,EGIPTO,05,Zona 05,84,JUEVES EL CAIRO - CONSULADO,1
88,CONSULADOS,335,EGIPTO,05,Zona 05,85,VIERNES EL CAIRO - CONSULADO,1
88,CONSULADOS,335,EGIPTO,05,Zona 05,86,SABADO EL CAIRO - CONSULADO,1
88,CONSULADOS,340,EL SALVADOR,05,Zona 05,02,San Salvador - Consulado,2
88,CONSULADOS,340,EL SALVADOR,05,Zona 05,04,Belmopán,1
88,CONSULADOS,340,EL SALVADOR,05,Zona 05,81,LUNES SAN SALVADOR - CONSULADO,1
88,CONSULADOS,340,EL SALVADOR,05,Zona 05,82,MARTES SAN SALVADOR - CONSULADO,1
88,CONSULADOS,340,EL SALVADOR,05,Zona 05,83,MIERCOLES SAN SALVADOR - CONSULADO,1
88,CONSULADOS,340,EL SALVADOR,05,Zona 05,84,JUEVES SAN SALVADOR - CONSULADO,1
88,CONSULADOS,340,EL SALVADOR,05,Zona 05,85,VIERNES SAN SALVADOR - CONSULADO,1
88,CONSULADOS,340,EL SALVADOR,05,Zona 05,86,SABADO SAN SALVADOR - CONSULADO,1
88,CONSULADOS,350,EMIRATOS ARABES UNIDOS,05,Zona 05,02,Abu Dhabi - Consulado,6
88,CONSULADOS,350,EMIRATOS ARABES UNIDOS,05,Zona 05,04,Doha,1
88,CONSULADOS,350,EMIRATOS ARABES UNIDOS,05,Zona 05,81,LUNES ABU DHABI - CONSULADO,2
88,CONSULADOS,350,EMIRATOS ARABES UNIDOS,05,Zona 05,82,MARTES ABU DHABI - CONSULADO,2
88,CONSULADOS,350,EMIRATOS ARABES UNIDOS,05,Zona 05,83,MIERCOLES ABU DHABI - CONSULADO,2
88,CONSULADOS,350,EMIRATOS ARABES UNIDOS,05,Zona 05,84,JUEVES ABU DHABI - CONSULADO,2
88,CONSULADOS,350,EMIRATOS ARABES UNIDOS,05,Zona 05,85,VIERNES ABU DHABI - CONSULADO,2
88,CONSULADOS,350,EMIRATOS ARABES UNIDOS,05,Zona 05,86,SABADO ABU DHABI - CONSULADO,3
88,CONSULADOS,355,ESPAÑA,50,Zona 50,02,Sevilla - Consulado,24
88,CONSULADOS,355,ESPAÑA,50,Zona 50,04,Málaga,11
88,CONSULADOS,355,ESPAÑA,50,Zona 50,05,Almería,4
88,CONSULADOS,355,ESPAÑA,50,Zona 50,81,LUNES SEVILLA - CONSULADO,1
88,CONSULADOS,355,ESPAÑA,50,Zona 50,82,MARTES SEVILLA - CONSULADO,1
88,CONSULADOS,355,ESPAÑA,50,Zona 50,83,MIERCOLES SEVILLA - CONSULADO,1
88,CONSULADOS,355,ESPAÑA,50,Zona 50,84,JUEVES SEVILLA - CONSULADO,1
88,CONSULADOS,355,ESPAÑA,50,Zona 50,85,VIERNES SEVILLA - CONSULADO,1
88,CONSULADOS,355,ESPAÑA,50,Zona 50,86,SABADO SEVILLA - CONSULADO,2
88,CONSULADOS,355,ESPAÑA,60,Zona 60,02,Palma de Mallorca - Consulado,16
88,CONSULADOS,355,ESPAÑA,60,Zona 60,04,Ibiza,2
88,CONSULADOS,355,ESPAÑA,60,Zona 60,81,LUNES PALMA DE MALLORCA - CONSULADO,2
88,CONSULADOS,355,ESPAÑA,60,Zona 60,82,MARTES PALMA DE MALLORCA - CONSULADO,2
88,CONSULADOS,355,ESPAÑA,60,Zona 60,83,MIERCOLES PALMA DE MALLORCA - CONSULADO,2
88,CONSULADOS,355,ESPAÑA,60,Zona 60,84,JUEVES PALMA DE MALLORCA - CONSULADO,2
88,CONSULADOS,355,ESPAÑA,60,Zona 60,85,VIERNES PALMA DE MALLORCA - CONSULADO,2
88,CONSULADOS,355,ESPAÑA,60,Zona 60,86,SABADO PALMA DE MALLORCA - CONSULADO,3
88,CONSULADOS,355,ESPAÑA,65,Zona 65,02,Valencia - Consulado,51
88,CONSULADOS,355,ESPAÑA,65,Zona 65,04,Murcia,7
88,CONSULADOS,355,ESPAÑA,65,Zona 65,06,Alicante,11
88,CONSULADOS,355,ESPAÑA,65,Zona 65,81,LUNES VALENCIA - CONSULADO,4
88,CONSULADOS,355,ESPAÑA,65,Zona 65,82,MARTES VALENCIA - CONSULADO,4
88,CONSULADOS,355,ESPAÑA,65,Zona 65,83,MIERCOLES VALENCIA - CONSULADO,4
88,CONSULADOS,355,ESPAÑA,65,Zona 65,84,JUEVES VALENCIA - CONSULADO,4
88,CONSULADOS,355,ESPAÑA,65,Zona 65,85,VIERNES VALENCIA - CONSULADO,4
88,CONSULADOS,355,ESPAÑA,65,Zona 65,86,SABADO VALENCIA - CONSULADO,5
88,CONSULADOS,355,ESPAÑA,70,Zona 70,02,Palmas de Gran Canaria - Consulado,13
88,CONSULADOS,355,ESPAÑA,70,Zona 70,04,Santa Cruz de Tenerife,4
88,CONSULADOS,355,ESPAÑA,70,Zona 70,05,Lanzarote,3
88,CONSULADOS,355,ESPAÑA,70,Zona 70,81,LUNES PALMAS DE GRAN CANARIA - CONSULADO,1
88,CONSULADOS,355,ESPAÑA,70,Zona 70,82,MARTES PALMAS DE GRAN CANARIA - CONSULAD,1
88,CONSULADOS,355,ESPAÑA,70,Zona 70,83,MIERCOLES PALMAS DE GRAN CANARIA - CONSU,1
88,CONSULADOS,355,ESPAÑA,70,Zona 70,84,JUEVES PALMAS DE GRAN CANARIA - CONSULAD,1
88,CONSULADOS,355,ESPAÑA,70,Zona 70,85,VIERNES PALMAS DE GRAN CANARIA - CONSULA,1
88,CONSULADOS,355,ESPAÑA,70,Zona 70,86,SABADO PALMAS DE GRAN CANARIA - CONSULAD,1
88,CONSULADOS,355,ESPAÑA,03,Zona 03,02,Barcelona - Consulado,72
88,CONSULADOS,355,ESPAÑA,03,Zona 03,04,Zaragoza,7
88,CONSULADOS,355,ESPAÑA,03,Zona 03,06,Tarragona,5
88,CONSULADOS,355,ESPAÑA,03,Zona 03,08,Barcelona - Girona,3
88,CONSULADOS,355,ESPAÑA,03,Zona 03,10,Barcelona - Lleida,3
88,CONSULADOS,355,ESPAÑA,03,Zona 03,81,LUNES BARCELONA - CONSULADO,5
88,CONSULADOS,355,ESPAÑA,03,Zona 03,82,MARTES BARCELONA - CONSULADO,5
88,CONSULADOS,355,ESPAÑA,03,Zona 03,83,MIERCOLES BARCELONA - CONSULADO,5
88,CONSULADOS,355,ESPAÑA,03,Zona 03,84,JUEVES BARCELONA - CONSULADO,5
88,CONSULADOS,355,ESPAÑA,03,Zona 03,85,VIERNES BARCELONA - CONSULADO,10
88,CONSULADOS,355,ESPAÑA,03,Zona 03,86,SABADO BARCELONA - CONSULADO,15
88,CONSULADOS,355,ESPAÑA,04,Zona 04,02,Bilbao - Consulado,33
88,CONSULADOS,355,ESPAÑA,04,Zona 04,03,Pamplona,5
88,CONSULADOS,355,ESPAÑA,04,Zona 04,04,Logroño,4
88,CONSULADOS,355,ESPAÑA,04,Zona 04,05,Oviedo - Bilbao,3
88,CONSULADOS,355,ESPAÑA,04,Zona 04,81,LUNES BILBAO - CONSULADO,3
88,CONSULADOS,355,ESPAÑA,04,Zona 04,82,MARTES BILBAO - CONSULADO,3
88,CONSULADOS,355,ESPAÑA,04,Zona 04,83,MIERCOLES BILBAO - CONSULADO,3
88,CONSULADOS,355,ESPAÑA,04,Zona 04,84,JUEVES BILBAO - CONSULADO,3
88,CONSULADOS,355,ESPAÑA,04,Zona 04,85,VIERNES BILBAO - CONSULADO,3
88,CONSULADOS,355,ESPAÑA,04,Zona 04,86,SABADO BILBAO - CONSULADO,3
88,CONSULADOS,355,ESPAÑA,05,Zona 05,02,Madrid - Consulado,159
88,CONSULADOS,355,ESPAÑA,05,Zona 05,04,Lugo,7
88,CONSULADOS,355,ESPAÑA,05,Zona 05,05,Albacete,3
88,CONSULADOS,355,ESPAÑA,05,Zona 05,06,Valladolid,7
88,CONSULADOS,355,ESPAÑA,05,Zona 05,81,LUNES MADRID - CONSULADO,15
88,CONSULADOS,355,ESPAÑA,05,Zona 05,82,MARTES MADRID - CONSULADO,15
88,CONSULADOS,355,ESPAÑA,05,Zona 05,83,MIERCOLES MADRID - CONSULADO,15
88,CONSULADOS,355,ESPAÑA,05,Zona 05,84,JUEVES MADRID - CONSULADO,15
88,CONSULADOS,355,ESPAÑA,05,Zona 05,85,VIERNES MADRID - CONSULADO,15
88,CONSULADOS,355,ESPAÑA,05,Zona 05,86,SABADO MADRID - CONSULADO,50
88,CONSULADOS,360,ESTADOS UNIDOS,10,Zona 10,02,Boston - Consulado,24
88,CONSULADOS,360,ESTADOS UNIDOS,10,Zona 10,04,Boston - Central Falls,3
88,CONSULADOS,360,ESTADOS UNIDOS,10,Zona 10,81,LUNES BOSTON - CONSULADO,2
88,CONSULADOS,360,ESTADOS UNIDOS,10,Zona 10,82,MARTES BOSTON - CONSULADO,2
88,CONSULADOS,360,ESTADOS UNIDOS,10,Zona 10,83,MIERCOLES BOSTON - CONSULADO,2
88,CONSULADOS,360,ESTADOS UNIDOS,10,Zona 10,84,JUEVES BOSTON - CONSULADO,2
88,CONSULADOS,360,ESTADOS UNIDOS,10,Zona 10,85,VIERNES BOSTON - CONSULADO,2
88,CONSULADOS,360,ESTADOS UNIDOS,10,Zona 10,86,SABADO BOSTON - CONSULADO,5
88,CONSULADOS,360,ESTADOS UNIDOS,15,Zona 15,02,Chicago - Consulado,21
88,CONSULADOS,360,ESTADOS UNIDOS,15,Zona 15,03,"Columbus, Ohio",2
88,CONSULADOS,360,ESTADOS UNIDOS,15,Zona 15,04,Kansas City,2
88,CONSULADOS,360,ESTADOS UNIDOS,15,Zona 15,05,Michigan,2
88,CONSULADOS,360,ESTADOS UNIDOS,15,Zona 15,06,Missouri,2
88,CONSULADOS,360,ESTADOS UNIDOS,15,Zona 15,07,Minnesota,3
88,CONSULADOS,360,ESTADOS UNIDOS,15,Zona 15,81,LUNES CHICAGO - CONSULADO,2
88,CONSULADOS,360,ESTADOS UNIDOS,15,Zona 15,82,MARTES CHICAGO - CONSULADO,2
88,CONSULADOS,360,ESTADOS UNIDOS,15,Zona 15,83,MIERCOLES CHICAGO - CONSULADO,2
88,CONSULADOS,360,ESTADOS UNIDOS,15,Zona 15,84,JUEVES CHICAGO - CONSULADO,2
88,CONSULADOS,360,ESTADOS UNIDOS,15,Zona 15,85,VIERNES CHICAGO - CONSULADO,3
88,CONSULADOS,360,ESTADOS UNIDOS,15,Zona 15,86,SABADO CHICAGO - CONSULADO,5
88,CONSULADOS,360,ESTADOS UNIDOS,30,Zona 30,02,Houston - Consulado,34
88,CONSULADOS,360,ESTADOS UNIDOS,30,Zona 30,04,Houston - Austin,4
88,CONSULADOS,360,ESTADOS UNIDOS,30,Zona 30,05,Houston - Dallas,9
88,CONSULADOS,360,ESTADOS UNIDOS,30,Zona 30,06,Houston - Nueva Orleans,2
88,CONSULADOS,360,ESTADOS UNIDOS,30,Zona 30,07,Houston - Oklahoma City,2
88,CONSULADOS,360,ESTADOS UNIDOS,30,Zona 30,08,Houston - San Antonio,3
88,CONSULADOS,360,ESTADOS UNIDOS,30,Zona 30,81,LUNES HOUSTON - CONSULADO,5
88,CONSULADOS,360,ESTADOS UNIDOS,30,Zona 30,82,MARTES HOUSTON - CONSULADO,5
88,CONSULADOS,360,ESTADOS UNIDOS,30,Zona 30,83,MIERCOLES HOUSTON - CONSULADO,5
88,CONSULADOS,360,ESTADOS UNIDOS,30,Zona 30,84,JUEVES HOUSTON - CONSULADO,5
88,CONSULADOS,360,ESTADOS UNIDOS,30,Zona 30,85,VIERNES HOUSTON - CONSULADO,5
88,CONSULADOS,360,ESTADOS UNIDOS,30,Zona 30,86,SABADO HOUSTON - CONSULADO,5
88,CONSULADOS,360,ESTADOS UNIDOS,35,Zona 35,02,Los Angeles - Consulado,19
88,CONSULADOS,360,ESTADOS UNIDOS,35,Zona 35,04,Los Angeles - Albuquerque,1
88,CONSULADOS,360,ESTADOS UNIDOS,35,Zona 35,05,Los Angeles - Phoenix,3
88,CONSULADOS,360,ESTADOS UNIDOS,35,Zona 35,06,Los Angeles - San Diego,2
88,CONSULADOS,360,ESTADOS UNIDOS,35,Zona 35,81,LUNES LOS ANGELES - CONSULADO,1
88,CONSULADOS,360,ESTADOS UNIDOS,35,Zona 35,82,MARTES LOS ANGELES - CONSULADO,1
88,CONSULADOS,360,ESTADOS UNIDOS,35,Zona 35,83,MIERCOLES LOS ANGELES - CONSULADO,1
88,CONSULADOS,360,ESTADOS UNIDOS,35,Zona 35,84,JUEVES LOS ANGELES - CONSULADO,1
88,CONSULADOS,360,ESTADOS UNIDOS,35,Zona 35,85,VIERNES LOS ANGELES - CONSULADO,1
88,CONSULADOS,360,ESTADOS UNIDOS,35,Zona 35,86,SABADO LOS ANGELES - CONSULADO,2
88,CONSULADOS,360,ESTADOS UNIDOS,40,Zona 40,02,Miami - Consulado,73
88,CONSULADOS,360,ESTADOS UNIDOS,40,Zona 40,04,Miami - Hialeah,16
88,CONSULADOS,360,ESTADOS UNIDOS,40,Zona 40,05,Miami - Kendall,25
88,CONSULADOS,360,ESTADOS UNIDOS,40,Zona 40,06,Miami - Coral Springs,20
88,CONSULADOS,360,ESTADOS UNIDOS,40,Zona 40,07,Miami - Sarasota,4
88,CONSULADOS,360,ESTADOS UNIDOS,40,Zona 40,08,Miami - Weston,30
88,CONSULADOS,360,ESTADOS UNIDOS,40,Zona 40,09,Miami - West Palm Beach,17
88,CONSULADOS,360,ESTADOS UNIDOS,40,Zona 40,81,LUNES MIAMI - CONSULADO,15
88,CONSULADOS,360,ESTADOS UNIDOS,40,Zona 40,82,MARTES MIAMI - CONSULADO,15
88,CONSULADOS,360,ESTADOS UNIDOS,40,Zona 40,83,MIERCOLES MIAMI - CONSULADO,15
88,CONSULADOS,360,ESTADOS UNIDOS,40,Zona 40,84,JUEVES MIAMI - CONSULADO,15
88,CONSULADOS,360,ESTADOS UNIDOS,40,Zona 40,85,VIERNES MIAMI - CONSULADO,15
88,CONSULADOS,360,ESTADOS UNIDOS,40,Zona 40,86,SABADO MIAMI - CONSULADO,17
88,CONSULADOS,360,ESTADOS UNIDOS,55,Zona 55,02,Nueva York - Consulado,55
88,CONSULADOS,360,ESTADOS UNIDOS,55,Zona 55,04,Nueva York - Brentwood,6
88,CONSULADOS,360,ESTADOS UNIDOS,55,Zona 55,05,Nueva York - Connecticut - Bridge,5
88,CONSULADOS,360,ESTADOS UNIDOS,55,Zona 55,06,Nueva York - Port Chester,4
88,CONSULADOS,360,ESTADOS UNIDOS,55,Zona 55,07,Nueva York - Queens,34
88,CONSULADOS,360,ESTADOS UNIDOS,55,Zona 55,08,Nueva York - White Plains,5
88,CONSULADOS,360,ESTADOS UNIDOS,55,Zona 55,10,Nueva York - Los Hampton,2
88,CONSULADOS,360,ESTADOS UNIDOS,55,Zona 55,81,LUNES NUEVA YORK - CONSULADO,3
88,CONSULADOS,360,ESTADOS UNIDOS,55,Zona 55,82,MARTES NUEVA YORK - CONSULADO,3
88,CONSULADOS,360,ESTADOS UNIDOS,55,Zona 55,83,MIERCOLES NUEVA YORK - CONSULADO,3
88,CONSULADOS,360,ESTADOS UNIDOS,55,Zona 55,84,JUEVES NUEVA YORK - CONSULADO,3
88,CONSULADOS,360,ESTADOS UNIDOS,55,Zona 55,85,VIERNES NUEVA YORK - CONSULADO,3
88,CONSULADOS,360,ESTADOS UNIDOS,55,Zona 55,86,SABADO NUEVA YORK - CONSULADO,3
88,CONSULADOS,360,ESTADOS UNIDOS,57,Zona 57,02,Newark - Consulado,12
88,CONSULADOS,360,ESTADOS UNIDOS,57,Zona 57,04,Newark - Atlantic City,2
88,CONSULADOS,360,ESTADOS UNIDOS,57,Zona 57,05,Newark - Dover,6
88,CONSULADOS,360,ESTADOS UNIDOS,57,Zona 57,06,Newark  - Elizabeth,15
88,CONSULADOS,360,ESTADOS UNIDOS,57,Zona 57,07,Newark - Hackensack,9
88,CONSULADOS,360,ESTADOS UNIDOS,57,Zona 57,08,Newark  - Morristown,3
88,CONSULADOS,360,ESTADOS UNIDOS,57,Zona 57,09,Newark - Paterson,5
88,CONSULADOS,360,ESTADOS UNIDOS,57,Zona 57,10,Newark - Philadelphia,5
88,CONSULADOS,360,ESTADOS UNIDOS,57,Zona 57,11,Newark  - Trenton,2
88,CONSULADOS,360,ESTADOS UNIDOS,57,Zona 57,12,Newark - Union City,8
88,CONSULADOS,360,ESTADOS UNIDOS,57,Zona 57,13,Newark - Pittsburgh,1
88,CONSULADOS,360,ESTADOS UNIDOS,57,Zona 57,81,LUNES NEWARK - CONSULADO,1
88,CONSULADOS,360,ESTADOS UNIDOS,57,Zona 57,82,MARTES NEWARK - CONSULADO,1
88,CONSULADOS,360,ESTADOS UNIDOS,57,Zona 57,83,MIERCOLES NEWARK - CONSULADO,1
88,CONSULADOS,360,ESTADOS UNIDOS,57,Zona 57,84,JUEVES NEWARK - CONSULADO,1
88,CONSULADOS,360,ESTADOS UNIDOS,57,Zona 57,85,VIERNES NEWARK - CONSULADO,1
88,CONSULADOS,360,ESTADOS UNIDOS,57,Zona 57,86,SABADO NEWARK - CONSULADO,3
88,CONSULADOS,360,ESTADOS UNIDOS,59,Zona 59,02,Orlando - Consulado,44
88,CONSULADOS,360,ESTADOS UNIDOS,59,Zona 59,04,Orlando - Jacksonville,4
88,CONSULADOS,360,ESTADOS UNIDOS,59,Zona 59,05,Orlando - Tampa,16
88,CONSULADOS,360,ESTADOS UNIDOS,59,Zona 59,81,LUNES ORLANDO - CONSULADO,6
88,CONSULADOS,360,ESTADOS UNIDOS,59,Zona 59,82,MARTES ORLANDO - CONSULADO,6
88,CONSULADOS,360,ESTADOS UNIDOS,59,Zona 59,83,MIERCOLES ORLANDO - CONSULADO,6
88,CONSULADOS,360,ESTADOS UNIDOS,59,Zona 59,84,JUEVES ORLANDO - CONSULADO,6
88,CONSULADOS,360,ESTADOS UNIDOS,59,Zona 59,85,VIERNES ORLANDO - CONSULADO,6
88,CONSULADOS,360,ESTADOS UNIDOS,59,Zona 59,86,SABADO ORLANDO - CONSULADO,6
88,CONSULADOS,360,ESTADOS UNIDOS,60,Zona 60,02,San Francisco - Consulado,17
88,CONSULADOS,360,ESTADOS UNIDOS,60,Zona 60,04,San Francisco - Denver,4
88,CONSULADOS,360,ESTADOS UNIDOS,60,Zona 60,05,San Francisco - Seattle,4
88,CONSULADOS,360,ESTADOS UNIDOS,60,Zona 60,06,Salt Lake City,5
88,CONSULADOS,360,ESTADOS UNIDOS,60,Zona 60,09,San Francisco - Las Vegas Nevada,2
88,CONSULADOS,360,ESTADOS UNIDOS,60,Zona 60,10,San Francisco - Alaska,1
88,CONSULADOS,360,ESTADOS UNIDOS,60,Zona 60,11,Hawaii,1
88,CONSULADOS,360,ESTADOS UNIDOS,60,Zona 60,81,LUNES SAN FRANCISCO - CONSULADO,3
88,CONSULADOS,360,ESTADOS UNIDOS,60,Zona 60,82,MARTES SAN FRANCISCO - CONSULADO,3
88,CONSULADOS,360,ESTADOS UNIDOS,60,Zona 60,83,MIERCOLES SAN FRANCISCO - CONSULADO,3
88,CONSULADOS,360,ESTADOS UNIDOS,60,Zona 60,84,JUEVES SAN FRANCISCO - CONSULADO,3
88,CONSULADOS,360,ESTADOS UNIDOS,60,Zona 60,85,VIERNES SAN FRANCISCO - CONSULADO,3
88,CONSULADOS,360,ESTADOS UNIDOS,60,Zona 60,86,SABADO SAN FRANCISCO - CONSULADO,5
88,CONSULADOS,360,ESTADOS UNIDOS,01,Zona 01,02,Atlanta - Consulado,28
88,CONSULADOS,360,ESTADOS UNIDOS,01,Zona 01,04,Atlanta - Charlotte,10
88,CONSULADOS,360,ESTADOS UNIDOS,01,Zona 01,05,Atlanta - Greenville,6
88,CONSULADOS,360,ESTADOS UNIDOS,01,Zona 01,81,LUNES ATLANTA - CONSULADO,5
88,CONSULADOS,360,ESTADOS UNIDOS,01,Zona 01,82,MARTES ATLANTA - CONSULADO,5
88,CONSULADOS,360,ESTADOS UNIDOS,01,Zona 01,83,MIERCOLES ATLANTA - CONSULADO,5
88,CONSULADOS,360,ESTADOS UNIDOS,01,Zona 01,84,JUEVES ATLANTA - CONSULADO,5
88,CONSULADOS,360,ESTADOS UNIDOS,01,Zona 01,85,VIERNES ATLANTA - CONSULADO,5
88,CONSULADOS,360,ESTADOS UNIDOS,01,Zona 01,86,SABADO ATLANTA - CONSULADO,12
88,CONSULADOS,360,ESTADOS UNIDOS,05,Zona 05,02,Washington - Consulado,40
88,CONSULADOS,360,ESTADOS UNIDOS,05,Zona 05,81,LUNES WASHINGTON - CONSULADO,4
88,CONSULADOS,360,ESTADOS UNIDOS,05,Zona 05,82,MARTES WASHINGTON - CONSULADO,4
88,CONSULADOS,360,ESTADOS UNIDOS,05,Zona 05,83,MIERCOLES WASHINGTON - CONSULADO,4
88,CONSULADOS,360,ESTADOS UNIDOS,05,Zona 05,84,JUEVES WASHINGTON - CONSULADO,4
88,CONSULADOS,360,ESTADOS UNIDOS,05,Zona 05,85,VIERNES WASHINGTON - CONSULADO,4
88,CONSULADOS,360,ESTADOS UNIDOS,05,Zona 05,86,SABADO WASHINGTON - CONSULADO,4
88,CONSULADOS,370,REPUBLICA DE FILIPINAS,05,Zona 05,02,Manila Consulado,1
88,CONSULADOS,370,REPUBLICA DE FILIPINAS,05,Zona 05,81,LUNES MANILA CONSULADO,1
88,CONSULADOS,370,REPUBLICA DE FILIPINAS,05,Zona 05,82,MARTES MANILA CONSULADO,1
88,CONSULADOS,370,REPUBLICA DE FILIPINAS,05,Zona 05,83,MIERCOLES MANILA CONSULADO,1
88,CONSULADOS,370,REPUBLICA DE FILIPINAS,05,Zona 05,84,JUEVES MANILA CONSULADO,1
88,CONSULADOS,370,REPUBLICA DE FILIPINAS,05,Zona 05,85,VIERNES MANILA CONSULADO,1
88,CONSULADOS,370,REPUBLICA DE FILIPINAS,05,Zona 05,86,SABADO MANILA CONSULADO,1
88,CONSULADOS,375,FINLANDIA,05,Zona 05,02,Helsinki - Consulado,1
88,CONSULADOS,375,FINLANDIA,05,Zona 05,81,LUNES HELSINKI - CONSULADO,1
88,CONSULADOS,375,FINLANDIA,05,Zona 05,82,MARTES HELSINKI - CONSULADO,1
88,CONSULADOS,375,FINLANDIA,05,Zona 05,83,MIERCOLES HELSINKI - CONSULADO,1
88,CONSULADOS,375,FINLANDIA,05,Zona 05,84,JUEVES HELSINKI - CONSULADO,1
88,CONSULADOS,375,FINLANDIA,05,Zona 05,85,VIERNES HELSINKI - CONSULADO,1
88,CONSULADOS,375,FINLANDIA,05,Zona 05,86,SABADO HELSINKI - CONSULADO,1
88,CONSULADOS,380,FRANCIA,05,Zona 05,02,Paris - Consulado,30
88,CONSULADOS,380,FRANCIA,05,Zona 05,04,Paris - Estrasburgo,1
88,CONSULADOS,380,FRANCIA,05,Zona 05,05,Paris - Lyon,4
88,CONSULADOS,380,FRANCIA,05,Zona 05,06,Paris - Montpellier,3
88,CONSULADOS,380,FRANCIA,05,Zona 05,08,Paris - Nantes,2
88,CONSULADOS,380,FRANCIA,05,Zona 05,10,Paris - Toulouse,2
88,CONSULADOS,380,FRANCIA,05,Zona 05,81,LUNES PARIS - CONSULADO,5
88,CONSULADOS,380,FRANCIA,05,Zona 05,82,MARTES PARIS - CONSULADO,5
88,CONSULADOS,380,FRANCIA,05,Zona 05,83,MIERCOLES PARIS - CONSULADO,5
88,CONSULADOS,380,FRANCIA,05,Zona 05,84,JUEVES PARIS - CONSULADO,5
88,CONSULADOS,380,FRANCIA,05,Zona 05,85,VIERNES PARIS - CONSULADO,5
88,CONSULADOS,380,FRANCIA,05,Zona 05,86,SABADO PARIS - CONSULADO,14
88,CONSULADOS,410,GUATEMALA,05,Zona 05,02,Guatemala - Consulado,4
88,CONSULADOS,410,GUATEMALA,05,Zona 05,81,LUNES GUATEMALA - CONSULADO,1
88,CONSULADOS,410,GUATEMALA,05,Zona 05,82,MARTES GUATEMALA - CONSULADO,1
88,CONSULADOS,410,GUATEMALA,05,Zona 05,83,MIERCOLES GUATEMALA - CONSULADO,1
88,CONSULADOS,410,GUATEMALA,05,Zona 05,84,JUEVES GUATEMALA - CONSULADO,1
88,CONSULADOS,410,GUATEMALA,05,Zona 05,85,VIERNES GUATEMALA - CONSULADO,1
88,CONSULADOS,410,GUATEMALA,05,Zona 05,86,SABADO GUATEMALA - CONSULADO,1
88,CONSULADOS,430,HAITI,05,Zona 05,02,Puerto Principe - Consulado,1
88,CONSULADOS,430,HAITI,05,Zona 05,81,LUNES PUERTO PRINCIPE - CONSULADO,1
88,CONSULADOS,430,HAITI,05,Zona 05,82,MARTES PUERTO PRINCIPE - CONSULADO,1
88,CONSULADOS,430,HAITI,05,Zona 05,83,MIERCOLES PUERTO PRINCIPE - CONSULADO,1
88,CONSULADOS,430,HAITI,05,Zona 05,84,JUEVES PUERTO PRINCIPE - CONSULADO,1
88,CONSULADOS,430,HAITI,05,Zona 05,85,VIERNES PUERTO PRINCIPE - CONSULADO,1
88,CONSULADOS,430,HAITI,05,Zona 05,86,SABADO PUERTO PRINCIPE - CONSULADO,1
88,CONSULADOS,435,PAISES BAJOS,05,Zona 05,02,Amsterdam Consulado,7
88,CONSULADOS,435,PAISES BAJOS,05,Zona 05,04,La Haya,3
88,CONSULADOS,435,PAISES BAJOS,05,Zona 05,81,LUNES AMSTERDAM CONSULADO,2
88,CONSULADOS,435,PAISES BAJOS,05,Zona 05,82,MARTES AMSTERDAM CONSULADO,2
88,CONSULADOS,435,PAISES BAJOS,05,Zona 05,83,MIERCOLES AMSTERDAM CONSULADO,2
88,CONSULADOS,435,PAISES BAJOS,05,Zona 05,84,JUEVES AMSTERDAM CONSULADO,2
88,CONSULADOS,435,PAISES BAJOS,05,Zona 05,85,VIERNES AMSTERDAM CONSULADO,2
88,CONSULADOS,435,PAISES BAJOS,05,Zona 05,86,SABADO AMSTERDAM CONSULADO,2
88,CONSULADOS,440,HONDURAS,05,Zona 05,02,Tegucigalpa - Consulado,2
88,CONSULADOS,440,HONDURAS,05,Zona 05,81,LUNES TEGUCIGALPA - CONSULADO,1
88,CONSULADOS,440,HONDURAS,05,Zona 05,82,MARTES TEGUCIGALPA - CONSULADO,1
88,CONSULADOS,440,HONDURAS,05,Zona 05,83,MIERCOLES TEGUCIGALPA - CONSULADO,1
88,CONSULADOS,440,HONDURAS,05,Zona 05,84,JUEVES TEGUCIGALPA - CONSULADO,1
88,CONSULADOS,440,HONDURAS,05,Zona 05,85,VIERNES TEGUCIGALPA - CONSULADO,1
88,CONSULADOS,440,HONDURAS,05,Zona 05,86,SABADO TEGUCIGALPA - CONSULADO,1
88,CONSULADOS,445,HUNGRIA,05,Zona 05,02,Budapest Consulado,1
88,CONSULADOS,445,HUNGRIA,05,Zona 05,81,LUNES BUDAPEST CONSULADO,1
88,CONSULADOS,445,HUNGRIA,05,Zona 05,82,MARTES BUDAPEST CONSULADO,1
88,CONSULADOS,445,HUNGRIA,05,Zona 05,83,MIERCOLES BUDAPEST CONSULADO,1
88,CONSULADOS,445,HUNGRIA,05,Zona 05,84,JUEVES BUDAPEST CONSULADO,1
88,CONSULADOS,445,HUNGRIA,05,Zona 05,85,VIERNES BUDAPEST CONSULADO,1
88,CONSULADOS,445,HUNGRIA,05,Zona 05,86,SABADO BUDAPEST CONSULADO,1
88,CONSULADOS,455,INDIA,05,Zona 05,02,Nueva Delhi - Consulado,1
88,CONSULADOS,455,INDIA,05,Zona 05,81,LUNES NUEVA DELHI - CONSULADO,1
88,CONSULADOS,455,INDIA,05,Zona 05,82,MARTES NUEVA DELHI - CONSULADO,1
88,CONSULADOS,455,INDIA,05,Zona 05,83,MIERCOLES NUEVA DELHI - CONSULADO,1
88,CONSULADOS,455,INDIA,05,Zona 05,84,JUEVES NUEVA DELHI - CONSULADO,1
88,CONSULADOS,455,INDIA,05,Zona 05,85,VIERNES NUEVA DELHI - CONSULADO,1
88,CONSULADOS,455,INDIA,05,Zona 05,86,SABADO NUEVA DELHI - CONSULADO,1
88,CONSULADOS,460,INDONESIA,05,Zona 05,02,Jakarta Consulado,1
88,CONSULADOS,460,INDONESIA,05,Zona 05,81,LUNES JAKARTA CONSULADO,1
88,CONSULADOS,460,INDONESIA,05,Zona 05,82,MARTES JAKARTA CONSULADO,1
88,CONSULADOS,460,INDONESIA,05,Zona 05,83,MIERCOLES JAKARTA CONSULADO,1
88,CONSULADOS,460,INDONESIA,05,Zona 05,84,JUEVES JAKARTA CONSULADO,1
88,CONSULADOS,460,INDONESIA,05,Zona 05,85,VIERNES JAKARTA CONSULADO,1
88,CONSULADOS,460,INDONESIA,05,Zona 05,86,SABADO JAKARTA CONSULADO,1
88,CONSULADOS,465,INGLATERRA,05,Zona 05,02,Londres - Consulado,34
88,CONSULADOS,465,INGLATERRA,05,Zona 05,03,Londres - Edimburgo,1
88,CONSULADOS,465,INGLATERRA,05,Zona 05,81,LUNES LONDRES - CONSULADO,4
88,CONSULADOS,465,INGLATERRA,05,Zona 05,82,MARTES LONDRES - CONSULADO,4
88,CONSULADOS,465,INGLATERRA,05,Zona 05,83,MIERCOLES LONDRES - CONSULADO,4
88,CONSULADOS,465,INGLATERRA,05,Zona 05,84,JUEVES LONDRES - CONSULADO,4
88,CONSULADOS,465,INGLATERRA,05,Zona 05,85,VIERNES LONDRES - CONSULADO,8
88,CONSULADOS,465,INGLATERRA,05,Zona 05,86,SABADO LONDRES - CONSULADO,15
88,CONSULADOS,470,IRLANDA,05,Zona 05,02,Dublín Consulado,2
88,CONSULADOS,470,IRLANDA,05,Zona 05,81,LUNES DUBLÍN CONSULADO,1
88,CONSULADOS,470,IRLANDA,05,Zona 05,82,MARTES DUBLÍN CONSULADO,1
88,CONSULADOS,470,IRLANDA,05,Zona 05,83,MIERCOLES DUBLÍN CONSULADO,1
88,CONSULADOS,470,IRLANDA,05,Zona 05,84,JUEVES DUBLÍN CONSULADO,1
88,CONSULADOS,470,IRLANDA,05,Zona 05,85,VIERNES DUBLÍN CONSULADO,1
88,CONSULADOS,470,IRLANDA,05,Zona 05,86,SABADO DUBLÍN CONSULADO,1
88,CONSULADOS,490,ISRAEL,05,Zona 05,02,Tel Aviv - Consulado,4
88,CONSULADOS,490,ISRAEL,05,Zona 05,04,Ramallah - Palestina,1
88,CONSULADOS,490,ISRAEL,05,Zona 05,81,LUNES TEL AVIV - CONSULADO,1
88,CONSULADOS,490,ISRAEL,05,Zona 05,82,MARTES TEL AVIV - CONSULADO,1
88,CONSULADOS,490,ISRAEL,05,Zona 05,83,MIERCOLES TEL AVIV - CONSULADO,1
88,CONSULADOS,490,ISRAEL,05,Zona 05,84,JUEVES TEL AVIV - CONSULADO,1
88,CONSULADOS,490,ISRAEL,05,Zona 05,85,VIERNES TEL AVIV - CONSULADO,1
88,CONSULADOS,490,ISRAEL,05,Zona 05,86,SABADO TEL AVIV - CONSULADO,1
88,CONSULADOS,495,ITALIA,10,Zona 10,02,Roma - Consulado,8
88,CONSULADOS,495,ITALIA,10,Zona 10,04,Malta - La Valeta,5
88,CONSULADOS,495,ITALIA,10,Zona 10,05,Limassol - Chipre,1
88,CONSULADOS,495,ITALIA,10,Zona 10,06,Atenas - Grecia,1
88,CONSULADOS,495,ITALIA,10,Zona 10,07,Florencia,2
88,CONSULADOS,495,ITALIA,10,Zona 10,08,Nápoles,1
88,CONSULADOS,495,ITALIA,10,Zona 10,81,LUNES ROMA - CONSULADO,1
88,CONSULADOS,495,ITALIA,10,Zona 10,82,MARTES ROMA - CONSULADO,1
88,CONSULADOS,495,ITALIA,10,Zona 10,83,MIERCOLES ROMA - CONSULADO,1
88,CONSULADOS,495,ITALIA,10,Zona 10,84,JUEVES ROMA - CONSULADO,1
88,CONSULADOS,495,ITALIA,10,Zona 10,85,VIERNES ROMA - CONSULADO,1
88,CONSULADOS,495,ITALIA,10,Zona 10,86,SABADO ROMA - CONSULADO,1
88,CONSULADOS,495,ITALIA,05,Zona 05,02,Milán Consulado,13
88,CONSULADOS,495,ITALIA,05,Zona 05,04,Turín,2
88,CONSULADOS,495,ITALIA,05,Zona 05,05,Génova,1
88,CONSULADOS,495,ITALIA,05,Zona 05,81,LUNES MILÁN CONSULADO,1
88,CONSULADOS,495,ITALIA,05,Zona 05,82,MARTES MILÁN CONSULADO,1
88,CONSULADOS,495,ITALIA,05,Zona 05,83,MIERCOLES MILÁN CONSULADO,1
88,CONSULADOS,495,ITALIA,05,Zona 05,84,JUEVES MILÁN CONSULADO,1
88,CONSULADOS,495,ITALIA,05,Zona 05,85,VIERNES MILÁN CONSULADO,1
88,CONSULADOS,495,ITALIA,05,Zona 05,86,SABADO MILÁN CONSULADO,2
88,CONSULADOS,500,JAMAICA,05,Zona 05,02,Kingston - Consulado,1
88,CONSULADOS,500,JAMAICA,05,Zona 05,04,Islas Caimán,1
88,CONSULADOS,500,JAMAICA,05,Zona 05,81,LUNES KINGSTON - CONSULADO,1
88,CONSULADOS,500,JAMAICA,05,Zona 05,82,MARTES KINGSTON - CONSULADO,1
88,CONSULADOS,500,JAMAICA,05,Zona 05,83,MIERCOLES KINGSTON - CONSULADO,1
88,CONSULADOS,500,JAMAICA,05,Zona 05,84,JUEVES KINGSTON - CONSULADO,1
88,CONSULADOS,500,JAMAICA,05,Zona 05,85,VIERNES KINGSTON - CONSULADO,1
88,CONSULADOS,500,JAMAICA,05,Zona 05,86,SABADO KINGSTON - CONSULADO,1
88,CONSULADOS,505,JAPON,10,Zona 10,02,Tokio - Consulado,2
88,CONSULADOS,505,JAPON,10,Zona 10,04,Nagoya,1
88,CONSULADOS,505,JAPON,10,Zona 10,05,Osaka,1
88,CONSULADOS,505,JAPON,10,Zona 10,81,LUNES TOKIO - CONSULADO,1
88,CONSULADOS,505,JAPON,10,Zona 10,82,MARTES TOKIO - CONSULADO,1
88,CONSULADOS,505,JAPON,10,Zona 10,83,MIERCOLES TOKIO - CONSULADO,1
88,CONSULADOS,505,JAPON,10,Zona 10,84,JUEVES TOKIO - CONSULADO,1
88,CONSULADOS,505,JAPON,10,Zona 10,85,VIERNES TOKIO - CONSULADO,1
88,CONSULADOS,505,JAPON,10,Zona 10,86,SABADO TOKIO - CONSULADO,2
88,CONSULADOS,515,KENIA,05,Zona 05,02,Nairobi - Consulado,1
88,CONSULADOS,515,KENIA,05,Zona 05,81,LUNES NAIROBI - CONSULADO,1
88,CONSULADOS,515,KENIA,05,Zona 05,82,MARTES NAIROBI - CONSULADO,1
88,CONSULADOS,515,KENIA,05,Zona 05,83,MIERCOLES NAIROBI - CONSULADO,1
88,CONSULADOS,515,KENIA,05,Zona 05,84,JUEVES NAIROBI - CONSULADO,1
88,CONSULADOS,515,KENIA,05,Zona 05,85,VIERNES NAIROBI - CONSULADO,1
88,CONSULADOS,515,KENIA,05,Zona 05,86,SABADO NAIROBI - CONSULADO,1
88,CONSULADOS,535,LIBANO,05,Zona 05,02,Beirut - Consulado,3
88,CONSULADOS,535,LIBANO,05,Zona 05,81,LUNES BEIRUT - CONSULADO,1
88,CONSULADOS,535,LIBANO,05,Zona 05,82,MARTES BEIRUT - CONSULADO,1
88,CONSULADOS,535,LIBANO,05,Zona 05,83,MIERCOLES BEIRUT - CONSULADO,1
88,CONSULADOS,535,LIBANO,05,Zona 05,84,JUEVES BEIRUT - CONSULADO,1
88,CONSULADOS,535,LIBANO,05,Zona 05,85,VIERNES BEIRUT - CONSULADO,1
88,CONSULADOS,535,LIBANO,05,Zona 05,86,SABADO BEIRUT - CONSULADO,1
88,CONSULADOS,560,MALASIA,05,Zona 05,02,Kualalumpur - Consulado,1
88,CONSULADOS,560,MALASIA,05,Zona 05,81,LUNES KUALALUMPUR - CONSULADO,1
88,CONSULADOS,560,MALASIA,05,Zona 05,82,MARTES KUALALUMPUR - CONSULADO,1
88,CONSULADOS,560,MALASIA,05,Zona 05,83,MIERCOLES KUALALUMPUR - CONSULADO,1
88,CONSULADOS,560,MALASIA,05,Zona 05,84,JUEVES KUALALUMPUR - CONSULADO,1
88,CONSULADOS,560,MALASIA,05,Zona 05,85,VIERNES KUALALUMPUR - CONSULADO,1
88,CONSULADOS,560,MALASIA,05,Zona 05,86,SABADO KUALALUMPUR - CONSULADO,1
88,CONSULADOS,580,MARRUECOS,05,Zona 05,02,Rabat Consulado,1
88,CONSULADOS,580,MARRUECOS,05,Zona 05,81,LUNES RABAT CONSULADO,1
88,CONSULADOS,580,MARRUECOS,05,Zona 05,82,MARTES RABAT CONSULADO,1
88,CONSULADOS,580,MARRUECOS,05,Zona 05,83,MIERCOLES RABAT CONSULADO,1
88,CONSULADOS,580,MARRUECOS,05,Zona 05,84,JUEVES RABAT CONSULADO,1
88,CONSULADOS,580,MARRUECOS,05,Zona 05,85,VIERNES RABAT CONSULADO,1
88,CONSULADOS,580,MARRUECOS,05,Zona 05,86,SABADO RABAT CONSULADO,1
88,CONSULADOS,590,MEXICO,10,Zona 10,02,Cancún Consulado,2
88,CONSULADOS,590,MEXICO,10,Zona 10,04,Mérida,1
88,CONSULADOS,590,MEXICO,10,Zona 10,05,Villahermosa,1
88,CONSULADOS,590,MEXICO,10,Zona 10,81,LUNES CANCÚN CONSULADO,1
88,CONSULADOS,590,MEXICO,10,Zona 10,82,MARTES CANCÚN CONSULADO,1
88,CONSULADOS,590,MEXICO,10,Zona 10,83,MIERCOLES CANCÚN CONSULADO,1
88,CONSULADOS,590,MEXICO,10,Zona 10,84,JUEVES CANCÚN CONSULADO,1
88,CONSULADOS,590,MEXICO,10,Zona 10,85,VIERNES CANCÚN CONSULADO,1
88,CONSULADOS,590,MEXICO,10,Zona 10,86,SABADO CANCÚN CONSULADO,1
88,CONSULADOS,590,MEXICO,15,Zona 15,02,Monterrey Consulado,3
88,CONSULADOS,590,MEXICO,15,Zona 15,81,LUNES MONTERREY CONSULADO,1
88,CONSULADOS,590,MEXICO,15,Zona 15,82,MARTES MONTERREY CONSULADO,1
88,CONSULADOS,590,MEXICO,15,Zona 15,83,MIERCOLES MONTERREY CONSULADO,1
88,CONSULADOS,590,MEXICO,15,Zona 15,84,JUEVES MONTERREY CONSULADO,1
88,CONSULADOS,590,MEXICO,15,Zona 15,85,VIERNES MONTERREY CONSULADO,1
88,CONSULADOS,590,MEXICO,15,Zona 15,86,SABADO MONTERREY CONSULADO,1
88,CONSULADOS,590,MEXICO,20,Zona 20,02,Guadalajara Consulado,4
88,CONSULADOS,590,MEXICO,20,Zona 20,81,LUNES GUADALAJARA CONSULADO,1
88,CONSULADOS,590,MEXICO,20,Zona 20,82,MARTES GUADALAJARA CONSULADO,1
88,CONSULADOS,590,MEXICO,20,Zona 20,83,MIERCOLES GUADALAJARA CONSULADO,1
88,CONSULADOS,590,MEXICO,20,Zona 20,84,JUEVES GUADALAJARA CONSULADO,1
88,CONSULADOS,590,MEXICO,20,Zona 20,85,VIERNES GUADALAJARA CONSULADO,1
88,CONSULADOS,590,MEXICO,20,Zona 20,86,SABADO GUADALAJARA CONSULADO,1
88,CONSULADOS,590,MEXICO,05,Zona 05,02,Ciudad de México - Consulado,23
88,CONSULADOS,590,MEXICO,05,Zona 05,81,LUNES CIUDAD DE MÉXICO - CONSULADO,4
88,CONSULADOS,590,MEXICO,05,Zona 05,82,MARTES CIUDAD DE MÉXICO - CONSULADO,4
88,CONSULADOS,590,MEXICO,05,Zona 05,83,MIERCOLES CIUDAD DE MÉXICO - CONSULADO,4
88,CONSULADOS,590,MEXICO,05,Zona 05,84,JUEVES CIUDAD DE MÉXICO - CONSULADO,4
88,CONSULADOS,590,MEXICO,05,Zona 05,85,VIERNES CIUDAD DE MÉXICO - CONSULADO,4
88,CONSULADOS,590,MEXICO,05,Zona 05,86,SABADO CIUDAD DE MÉXICO - CONSULADO,8
88,CONSULADOS,620,NICARAGUA,05,Zona 05,02,Managua - Consulado,1
88,CONSULADOS,620,NICARAGUA,05,Zona 05,81,LUNES MANAGUA - CONSULADO,1
88,CONSULADOS,620,NICARAGUA,05,Zona 05,82,MARTES MANAGUA - CONSULADO,1
88,CONSULADOS,620,NICARAGUA,05,Zona 05,83,MIERCOLES MANAGUA - CONSULADO,1
88,CONSULADOS,620,NICARAGUA,05,Zona 05,84,JUEVES MANAGUA - CONSULADO,1
88,CONSULADOS,620,NICARAGUA,05,Zona 05,85,VIERNES MANAGUA - CONSULADO,1
88,CONSULADOS,620,NICARAGUA,05,Zona 05,86,SABADO MANAGUA - CONSULADO,1
88,CONSULADOS,625,NUEVA ZELANDIA,02,Zona 02,02,Auckland - Consulado,3
88,CONSULADOS,625,NUEVA ZELANDIA,02,Zona 02,04,Wellington,1
88,CONSULADOS,625,NUEVA ZELANDIA,02,Zona 02,81,LUNES AUCKLAND - CONSULADO,1
88,CONSULADOS,625,NUEVA ZELANDIA,02,Zona 02,82,MARTES AUCKLAND - CONSULADO,1
88,CONSULADOS,625,NUEVA ZELANDIA,02,Zona 02,83,MIERCOLES AUCKLAND - CONSULADO,1
88,CONSULADOS,625,NUEVA ZELANDIA,02,Zona 02,84,JUEVES AUCKLAND - CONSULADO,1
88,CONSULADOS,625,NUEVA ZELANDIA,02,Zona 02,85,VIERNES AUCKLAND - CONSULADO,1
88,CONSULADOS,625,NUEVA ZELANDIA,02,Zona 02,86,SABADO AUCKLAND - CONSULADO,1
88,CONSULADOS,635,NORUEGA,05,Zona 05,02,Oslo - Consulado,2
88,CONSULADOS,635,NORUEGA,05,Zona 05,81,LUNES OSLO - CONSULADO,1
88,CONSULADOS,635,NORUEGA,05,Zona 05,82,MARTES OSLO - CONSULADO,1
88,CONSULADOS,635,NORUEGA,05,Zona 05,83,MIERCOLES OSLO - CONSULADO,1
88,CONSULADOS,635,NORUEGA,05,Zona 05,84,JUEVES OSLO - CONSULADO,1
88,CONSULADOS,635,NORUEGA,05,Zona 05,85,VIERNES OSLO - CONSULADO,1
88,CONSULADOS,635,NORUEGA,05,Zona 05,86,SABADO OSLO - CONSULADO,1
88,CONSULADOS,655,PANAMA,12,Zona 12,02,Jaqué Consulado,1
88,CONSULADOS,655,PANAMA,12,Zona 12,81,LUNES JAQUÉ CONSULADO,1
88,CONSULADOS,655,PANAMA,12,Zona 12,82,MARTES JAQUÉ CONSULADO,1
88,CONSULADOS,655,PANAMA,12,Zona 12,83,MIERCOLES JAQUÉ CONSULADO,1
88,CONSULADOS,655,PANAMA,12,Zona 12,84,JUEVES JAQUÉ CONSULADO,1
88,CONSULADOS,655,PANAMA,12,Zona 12,85,VIERNES JAQUÉ CONSULADO,1
88,CONSULADOS,655,PANAMA,12,Zona 12,86,SABADO JAQUÉ CONSULADO,1
88,CONSULADOS,655,PANAMA,20,Zona 20,02,Puerto Obaldía - Consulado,1
88,CONSULADOS,655,PANAMA,20,Zona 20,81,LUNES PUERTO OBALDÍA - CONSULADO,1
88,CONSULADOS,655,PANAMA,20,Zona 20,82,MARTES PUERTO OBALDÍA - CONSULADO,1
88,CONSULADOS,655,PANAMA,20,Zona 20,83,MIERCOLES PUERTO OBALDÍA - CONSULADO,1
88,CONSULADOS,655,PANAMA,20,Zona 20,84,JUEVES PUERTO OBALDÍA - CONSULADO,1
88,CONSULADOS,655,PANAMA,20,Zona 20,85,VIERNES PUERTO OBALDÍA - CONSULADO,1
88,CONSULADOS,655,PANAMA,20,Zona 20,86,SABADO PUERTO OBALDÍA - CONSULADO,1
88,CONSULADOS,655,PANAMA,05,Zona 05,02,Panama - Consulado,38
88,CONSULADOS,655,PANAMA,05,Zona 05,05,Panama - David,1
88,CONSULADOS,655,PANAMA,05,Zona 05,81,LUNES PANAMA - CONSULADO,4
88,CONSULADOS,655,PANAMA,05,Zona 05,82,MARTES PANAMA - CONSULADO,4
88,CONSULADOS,655,PANAMA,05,Zona 05,83,MIERCOLES PANAMA - CONSULADO,4
88,CONSULADOS,655,PANAMA,05,Zona 05,84,JUEVES PANAMA - CONSULADO,4
88,CONSULADOS,655,PANAMA,05,Zona 05,85,VIERNES PANAMA - CONSULADO,4
88,CONSULADOS,655,PANAMA,05,Zona 05,86,SABADO PANAMA - CONSULADO,4
88,CONSULADOS,655,PANAMA,07,Zona 07,02,Colón - Consulado,4
88,CONSULADOS,655,PANAMA,07,Zona 07,81,LUNES COLÓN - CONSULADO,1
88,CONSULADOS,655,PANAMA,07,Zona 07,82,MARTES COLÓN - CONSULADO,1
88,CONSULADOS,655,PANAMA,07,Zona 07,83,MIERCOLES COLÓN - CONSULADO,1
88,CONSULADOS,655,PANAMA,07,Zona 07,84,JUEVES COLÓN - CONSULADO,1
88,CONSULADOS,655,PANAMA,07,Zona 07,85,VIERNES COLÓN - CONSULADO,1
88,CONSULADOS,655,PANAMA,07,Zona 07,86,SABADO COLÓN - CONSULADO,1
88,CONSULADOS,665,PARAGUAY,05,Zona 05,02,Asunción - Consulado,2
88,CONSULADOS,665,PARAGUAY,05,Zona 05,81,LUNES ASUNCIÓN - CONSULADO,1
88,CONSULADOS,665,PARAGUAY,05,Zona 05,82,MARTES ASUNCIÓN - CONSULADO,1
88,CONSULADOS,665,PARAGUAY,05,Zona 05,83,MIERCOLES ASUNCIÓN - CONSULADO,1
88,CONSULADOS,665,PARAGUAY,05,Zona 05,84,JUEVES ASUNCIÓN - CONSULADO,1
88,CONSULADOS,665,PARAGUAY,05,Zona 05,85,VIERNES ASUNCIÓN - CONSULADO,1
88,CONSULADOS,665,PARAGUAY,05,Zona 05,86,SABADO ASUNCIÓN - CONSULADO,1
88,CONSULADOS,670,PERU,15,Zona 15,02,Iquitos - Consulado,1
88,CONSULADOS,670,PERU,15,Zona 15,81,LUNES IQUITOS - CONSULADO,1
88,CONSULADOS,670,PERU,15,Zona 15,82,MARTES IQUITOS - CONSULADO,1
88,CONSULADOS,670,PERU,15,Zona 15,83,MIERCOLES IQUITOS - CONSULADO,1
88,CONSULADOS,670,PERU,15,Zona 15,84,JUEVES IQUITOS - CONSULADO,1
88,CONSULADOS,670,PERU,15,Zona 15,85,VIERNES IQUITOS - CONSULADO,1
88,CONSULADOS,670,PERU,15,Zona 15,86,SABADO IQUITOS - CONSULADO,1
88,CONSULADOS,670,PERU,05,Zona 05,02,Lima - Consulado,13
88,CONSULADOS,670,PERU,05,Zona 05,81,LUNES LIMA - CONSULADO,1
88,CONSULADOS,670,PERU,05,Zona 05,82,MARTES LIMA - CONSULADO,1
88,CONSULADOS,670,PERU,05,Zona 05,83,MIERCOLES LIMA - CONSULADO,1
88,CONSULADOS,670,PERU,05,Zona 05,84,JUEVES LIMA - CONSULADO,1
88,CONSULADOS,670,PERU,05,Zona 05,85,VIERNES LIMA - CONSULADO,1
88,CONSULADOS,670,PERU,05,Zona 05,86,SABADO LIMA - CONSULADO,3
88,CONSULADOS,675,POLONIA,05,Zona 05,02,Varsovia - Consulado,6
88,CONSULADOS,675,POLONIA,05,Zona 05,04,Bucarest,1
88,CONSULADOS,675,POLONIA,05,Zona 05,81,LUNES VARSOVIA - CONSULADO,1
88,CONSULADOS,675,POLONIA,05,Zona 05,82,MARTES VARSOVIA - CONSULADO,1
88,CONSULADOS,675,POLONIA,05,Zona 05,83,MIERCOLES VARSOVIA - CONSULADO,1
88,CONSULADOS,675,POLONIA,05,Zona 05,84,JUEVES VARSOVIA - CONSULADO,1
88,CONSULADOS,675,POLONIA,05,Zona 05,85,VIERNES VARSOVIA - CONSULADO,1
88,CONSULADOS,675,POLONIA,05,Zona 05,86,SABADO VARSOVIA - CONSULADO,2
88,CONSULADOS,680,PORTUGAL,05,Zona 05,02,Lisboa - Consulado,5
88,CONSULADOS,680,PORTUGAL,05,Zona 05,04,Oporto,4
88,CONSULADOS,680,PORTUGAL,05,Zona 05,81,LUNES LISBOA - CONSULADO,1
88,CONSULADOS,680,PORTUGAL,05,Zona 05,82,MARTES LISBOA - CONSULADO,1
88,CONSULADOS,680,PORTUGAL,05,Zona 05,83,MIERCOLES LISBOA - CONSULADO,1
88,CONSULADOS,680,PORTUGAL,05,Zona 05,84,JUEVES LISBOA - CONSULADO,1
88,CONSULADOS,680,PORTUGAL,05,Zona 05,85,VIERNES LISBOA - CONSULADO,1
88,CONSULADOS,680,PORTUGAL,05,Zona 05,86,SABADO LISBOA - CONSULADO,4
88,CONSULADOS,683,PUERTO RICO,05,Zona 05,02,San Juan de Puerto Rico - Consulado,4
88,CONSULADOS,683,PUERTO RICO,05,Zona 05,81,LUNES SAN JUAN DE PUERTO RICO - CONSULAD,1
88,CONSULADOS,683,PUERTO RICO,05,Zona 05,82,MARTES SAN JUAN DE PUERTO RICO - CONSULA,1
88,CONSULADOS,683,PUERTO RICO,05,Zona 05,83,MIERCOLES SAN JUAN DE PUERTO RICO - CONS,1
88,CONSULADOS,683,PUERTO RICO,05,Zona 05,84,JUEVES SAN JUAN DE PUERTO RICO - CONSULA,1
88,CONSULADOS,683,PUERTO RICO,05,Zona 05,85,VIERNES SAN JUAN DE PUERTO RICO - CONSUL,1
88,CONSULADOS,683,PUERTO RICO,05,Zona 05,86,SABADO SAN JUAN DE PUERTO RICO - CONSULA,2
88,CONSULADOS,685,REPUBLICA DOMINICANA,05,Zona 05,02,Santo Domingo - Consulado,6
88,CONSULADOS,685,REPUBLICA DOMINICANA,05,Zona 05,81,LUNES SANTO DOMINGO - CONSULADO,1
88,CONSULADOS,685,REPUBLICA DOMINICANA,05,Zona 05,82,MARTES SANTO DOMINGO - CONSULADO,1
88,CONSULADOS,685,REPUBLICA DOMINICANA,05,Zona 05,83,MIERCOLES SANTO DOMINGO - CONSULADO,1
88,CONSULADOS,685,REPUBLICA DOMINICANA,05,Zona 05,84,JUEVES SANTO DOMINGO - CONSULADO,1
88,CONSULADOS,685,REPUBLICA DOMINICANA,05,Zona 05,85,VIERNES SANTO DOMINGO - CONSULADO,1
88,CONSULADOS,685,REPUBLICA DOMINICANA,05,Zona 05,86,SABADO SANTO DOMINGO - CONSULADO,2
88,CONSULADOS,688,REPUBLICA DE SINGAPUR,11,Zona 11,02,Singapur - Consulado,1
88,CONSULADOS,688,REPUBLICA DE SINGAPUR,11,Zona 11,81,LUNES SINGAPUR - CONSULADO,1
88,CONSULADOS,688,REPUBLICA DE SINGAPUR,11,Zona 11,82,MARTES SINGAPUR - CONSULADO,1
88,CONSULADOS,688,REPUBLICA DE SINGAPUR,11,Zona 11,83,MIERCOLES SINGAPUR - CONSULADO,1
88,CONSULADOS,688,REPUBLICA DE SINGAPUR,11,Zona 11,84,JUEVES SINGAPUR - CONSULADO,1
88,CONSULADOS,688,REPUBLICA DE SINGAPUR,11,Zona 11,85,VIERNES SINGAPUR - CONSULADO,1
88,CONSULADOS,688,REPUBLICA DE SINGAPUR,11,Zona 11,86,SABADO SINGAPUR - CONSULADO,1
88,CONSULADOS,690,REPUBLICA SOCIALISTA DE VIETNA,05,Zona 05,02,Hanoi Consulado,1
88,CONSULADOS,690,REPUBLICA SOCIALISTA DE VIETNA,05,Zona 05,81,LUNES HANOI CONSULADO,1
88,CONSULADOS,690,REPUBLICA SOCIALISTA DE VIETNA,05,Zona 05,82,MARTES HANOI CONSULADO,1
88,CONSULADOS,690,REPUBLICA SOCIALISTA DE VIETNA,05,Zona 05,83,MIERCOLES HANOI CONSULADO,1
88,CONSULADOS,690,REPUBLICA SOCIALISTA DE VIETNA,05,Zona 05,84,JUEVES HANOI CONSULADO,1
88,CONSULADOS,690,REPUBLICA SOCIALISTA DE VIETNA,05,Zona 05,85,VIERNES HANOI CONSULADO,1
88,CONSULADOS,690,REPUBLICA SOCIALISTA DE VIETNA,05,Zona 05,86,SABADO HANOI CONSULADO,1
88,CONSULADOS,700,RUSIA,05,Zona 05,02,Moscú - Consulado,2
88,CONSULADOS,700,RUSIA,05,Zona 05,81,LUNES MOSCÚ - CONSULADO,1
88,CONSULADOS,700,RUSIA,05,Zona 05,82,MARTES MOSCÚ - CONSULADO,1
88,CONSULADOS,700,RUSIA,05,Zona 05,83,MIERCOLES MOSCÚ - CONSULADO,1
88,CONSULADOS,700,RUSIA,05,Zona 05,84,JUEVES MOSCÚ - CONSULADO,1
88,CONSULADOS,700,RUSIA,05,Zona 05,85,VIERNES MOSCÚ - CONSULADO,1
88,CONSULADOS,700,RUSIA,05,Zona 05,86,SABADO MOSCÚ - CONSULADO,1
88,CONSULADOS,745,SUDAFRICA,05,Zona 05,02,Pretoria - Consulado,1
88,CONSULADOS,745,SUDAFRICA,05,Zona 05,04,Ciudad del Cabo,1
88,CONSULADOS,745,SUDAFRICA,05,Zona 05,81,LUNES PRETORIA - CONSULADO,1
88,CONSULADOS,745,SUDAFRICA,05,Zona 05,82,MARTES PRETORIA - CONSULADO,1
88,CONSULADOS,745,SUDAFRICA,05,Zona 05,83,MIERCOLES PRETORIA - CONSULADO,1
88,CONSULADOS,745,SUDAFRICA,05,Zona 05,84,JUEVES PRETORIA - CONSULADO,1
88,CONSULADOS,745,SUDAFRICA,05,Zona 05,85,VIERNES PRETORIA - CONSULADO,1
88,CONSULADOS,745,SUDAFRICA,05,Zona 05,86,SABADO PRETORIA - CONSULADO,1
88,CONSULADOS,755,SUECIA,05,Zona 05,02,Estocolmo - Consulado,6
88,CONSULADOS,755,SUECIA,05,Zona 05,81,LUNES ESTOCOLMO - CONSULADO,3
88,CONSULADOS,755,SUECIA,05,Zona 05,82,MARTES ESTOCOLMO - CONSULADO,3
88,CONSULADOS,755,SUECIA,05,Zona 05,83,MIERCOLES ESTOCOLMO - CONSULADO,3
88,CONSULADOS,755,SUECIA,05,Zona 05,84,JUEVES ESTOCOLMO - CONSULADO,3
88,CONSULADOS,755,SUECIA,05,Zona 05,85,VIERNES ESTOCOLMO - CONSULADO,3
88,CONSULADOS,755,SUECIA,05,Zona 05,86,SABADO ESTOCOLMO - CONSULADO,6
88,CONSULADOS,760,SUIZA,05,Zona 05,02,Berna - Consulado,5
88,CONSULADOS,760,SUIZA,05,Zona 05,04,Ginebra,5
88,CONSULADOS,760,SUIZA,05,Zona 05,05,Lugano,1
88,CONSULADOS,760,SUIZA,05,Zona 05,06,Zurich,4
88,CONSULADOS,760,SUIZA,05,Zona 05,81,LUNES BERNA - CONSULADO,1
88,CONSULADOS,760,SUIZA,05,Zona 05,82,MARTES BERNA - CONSULADO,1
88,CONSULADOS,760,SUIZA,05,Zona 05,83,MIERCOLES BERNA - CONSULADO,1
88,CONSULADOS,760,SUIZA,05,Zona 05,84,JUEVES BERNA - CONSULADO,1
88,CONSULADOS,760,SUIZA,05,Zona 05,85,VIERNES BERNA - CONSULADO,1
88,CONSULADOS,760,SUIZA,05,Zona 05,86,SABADO BERNA - CONSULADO,1
88,CONSULADOS,765,TAILANDIA,02,Zona 02,02,Bangkok Consulado,1
88,CONSULADOS,765,TAILANDIA,02,Zona 02,81,LUNES BANGKOK CONSULADO,1
88,CONSULADOS,765,TAILANDIA,02,Zona 02,82,MARTES BANGKOK CONSULADO,1
88,CONSULADOS,765,TAILANDIA,02,Zona 02,83,MIERCOLES BANGKOK CONSULADO,1
88,CONSULADOS,765,TAILANDIA,02,Zona 02,84,JUEVES BANGKOK CONSULADO,1
88,CONSULADOS,765,TAILANDIA,02,Zona 02,85,VIERNES BANGKOK CONSULADO,1
88,CONSULADOS,765,TAILANDIA,02,Zona 02,86,SABADO BANGKOK CONSULADO,1
88,CONSULADOS,770,TURQUIA,02,Zona 02,02,Ankara Consulado,1
88,CONSULADOS,770,TURQUIA,02,Zona 02,81,LUNES ANKARA CONSULADO,1
88,CONSULADOS,770,TURQUIA,02,Zona 02,82,MARTES ANKARA CONSULADO,1
88,CONSULADOS,770,TURQUIA,02,Zona 02,83,MIERCOLES ANKARA CONSULADO,1
88,CONSULADOS,770,TURQUIA,02,Zona 02,84,JUEVES ANKARA CONSULADO,1
88,CONSULADOS,770,TURQUIA,02,Zona 02,85,VIERNES ANKARA CONSULADO,1
88,CONSULADOS,770,TURQUIA,02,Zona 02,86,SABADO ANKARA CONSULADO,1
88,CONSULADOS,770,TURQUIA,03,Zona 03,02,Estambul Consulado,1
88,CONSULADOS,770,TURQUIA,03,Zona 03,81,LUNES ESTAMBUL CONSULADO,1
88,CONSULADOS,770,TURQUIA,03,Zona 03,82,MARTES ESTAMBUL CONSULADO,1
88,CONSULADOS,770,TURQUIA,03,Zona 03,83,MIERCOLES ESTAMBUL CONSULADO,1
88,CONSULADOS,770,TURQUIA,03,Zona 03,84,JUEVES ESTAMBUL CONSULADO,1
88,CONSULADOS,770,TURQUIA,03,Zona 03,85,VIERNES ESTAMBUL CONSULADO,1
88,CONSULADOS,770,TURQUIA,03,Zona 03,86,SABADO ESTAMBUL CONSULADO,1
88,CONSULADOS,785,TRINIDAD Y TOBAGO,05,Zona 05,02,Puerto España - Consulado,1
88,CONSULADOS,785,TRINIDAD Y TOBAGO,05,Zona 05,04,Bridgetown,1
88,CONSULADOS,785,TRINIDAD Y TOBAGO,05,Zona 05,06,Georgetown,1
88,CONSULADOS,785,TRINIDAD Y TOBAGO,05,Zona 05,81,LUNES PUERTO ESPAÑA - CONSULADO,1
88,CONSULADOS,785,TRINIDAD Y TOBAGO,05,Zona 05,82,MARTES PUERTO ESPAÑA - CONSULADO,1
88,CONSULADOS,785,TRINIDAD Y TOBAGO,05,Zona 05,83,MIERCOLES PUERTO ESPAÑA - CONSULADO,1
88,CONSULADOS,785,TRINIDAD Y TOBAGO,05,Zona 05,84,JUEVES PUERTO ESPAÑA - CONSULADO,1
88,CONSULADOS,785,TRINIDAD Y TOBAGO,05,Zona 05,85,VIERNES PUERTO ESPAÑA - CONSULADO,1
88,CONSULADOS,785,TRINIDAD Y TOBAGO,05,Zona 05,86,SABADO PUERTO ESPAÑA - CONSULADO,1
88,CONSULADOS,805,URUGUAY,05,Zona 05,02,Montevideo - Consulado,3
88,CONSULADOS,805,URUGUAY,05,Zona 05,81,LUNES MONTEVIDEO - CONSULADO,1
88,CONSULADOS,805,URUGUAY,05,Zona 05,82,MARTES MONTEVIDEO - CONSULADO,1
88,CONSULADOS,805,URUGUAY,05,Zona 05,83,MIERCOLES MONTEVIDEO - CONSULADO,1
88,CONSULADOS,805,URUGUAY,05,Zona 05,84,JUEVES MONTEVIDEO - CONSULADO,1
88,CONSULADOS,805,URUGUAY,05,Zona 05,85,VIERNES MONTEVIDEO - CONSULADO,1
88,CONSULADOS,805,URUGUAY,05,Zona 05,86,SABADO MONTEVIDEO - CONSULADO,1
88,CONSULADOS,815,VENEZUELA,10,Zona 10,02,Barquisimeto - Consulado,10
88,CONSULADOS,815,VENEZUELA,10,Zona 10,81,LUNES BARQUISIMETO - CONSULADO,1
88,CONSULADOS,815,VENEZUELA,10,Zona 10,82,MARTES BARQUISIMETO - CONSULADO,1
88,CONSULADOS,815,VENEZUELA,10,Zona 10,83,MIERCOLES BARQUISIMETO - CONSULADO,1
88,CONSULADOS,815,VENEZUELA,10,Zona 10,84,JUEVES BARQUISIMETO - CONSULADO,1
88,CONSULADOS,815,VENEZUELA,10,Zona 10,85,VIERNES BARQUISIMETO - CONSULADO,1
88,CONSULADOS,815,VENEZUELA,10,Zona 10,86,SABADO BARQUISIMETO - CONSULADO,1
88,CONSULADOS,815,VENEZUELA,35,Zona 35,02,Maracaibo - Consulado,37
88,CONSULADOS,815,VENEZUELA,35,Zona 35,04,Maracaibo - Machiques,12
88,CONSULADOS,815,VENEZUELA,35,Zona 35,06,Maracaibo - San Carlos del Zulia,15
88,CONSULADOS,815,VENEZUELA,35,Zona 35,81,LUNES MARACAIBO - CONSULADO,2
88,CONSULADOS,815,VENEZUELA,35,Zona 35,82,MARTES MARACAIBO - CONSULADO,2
88,CONSULADOS,815,VENEZUELA,35,Zona 35,83,MIERCOLES MARACAIBO - CONSULADO,2
88,CONSULADOS,815,VENEZUELA,35,Zona 35,84,JUEVES MARACAIBO - CONSULADO,2
88,CONSULADOS,815,VENEZUELA,35,Zona 35,85,VIERNES MARACAIBO - CONSULADO,2
88,CONSULADOS,815,VENEZUELA,35,Zona 35,86,SABADO MARACAIBO - CONSULADO,2
88,CONSULADOS,815,VENEZUELA,52,Zona 52,02,Puerto Ordaz - Consulado,6
88,CONSULADOS,815,VENEZUELA,52,Zona 52,04,Puerto Ordaz - Bolívar,1
88,CONSULADOS,815,VENEZUELA,52,Zona 52,81,LUNES PUERTO ORDAZ - CONSULADO,1
88,CONSULADOS,815,VENEZUELA,52,Zona 52,82,MARTES PUERTO ORDAZ - CONSULADO,1
88,CONSULADOS,815,VENEZUELA,52,Zona 52,83,MIERCOLES PUERTO ORDAZ - CONSULADO,1
88,CONSULADOS,815,VENEZUELA,52,Zona 52,84,JUEVES PUERTO ORDAZ - CONSULADO,1
88,CONSULADOS,815,VENEZUELA,52,Zona 52,85,VIERNES PUERTO ORDAZ - CONSULADO,1
88,CONSULADOS,815,VENEZUELA,52,Zona 52,86,SABADO PUERTO ORDAZ - CONSULADO,1
88,CONSULADOS,815,VENEZUELA,55,Zona 55,02,San Antonio del Táchira - Consulado,6
88,CONSULADOS,815,VENEZUELA,55,Zona 55,03,Guasdualito,1
88,CONSULADOS,815,VENEZUELA,55,Zona 55,04,San Antonio del Táchira - Rubio,3
88,CONSULADOS,815,VENEZUELA,55,Zona 55,05,Guasdualito - El Amparo,1
88,CONSULADOS,815,VENEZUELA,55,Zona 55,06,Guasdualito - Barinas,12
88,CONSULADOS,815,VENEZUELA,55,Zona 55,07,Guasdualito - Ezequiel Mora,1
88,CONSULADOS,815,VENEZUELA,55,Zona 55,08,Guasdualito - San Fernando de Apure,1
88,CONSULADOS,815,VENEZUELA,55,Zona 55,81,LUNES SAN ANTONIO DEL TÁCHIRA - CONSULAD,1
88,CONSULADOS,815,VENEZUELA,55,Zona 55,82,MARTES SAN ANTONIO DEL TÁCHIRA - CONSULA,1
88,CONSULADOS,815,VENEZUELA,55,Zona 55,83,MIERCOLES SAN ANTONIO DEL TÁCHIRA - CONS,1
88,CONSULADOS,815,VENEZUELA,55,Zona 55,84,JUEVES SAN ANTONIO DEL TÁCHIRA - CONSULA,1
88,CONSULADOS,815,VENEZUELA,55,Zona 55,85,VIERNES SAN ANTONIO DEL TÁCHIRA - CONSUL,1
88,CONSULADOS,815,VENEZUELA,55,Zona 55,86,SABADO SAN ANTONIO DEL TÁCHIRA - CONSULA,1
88,CONSULADOS,815,VENEZUELA,65,Zona 65,02,San Cristóbal - Consulado,33
88,CONSULADOS,815,VENEZUELA,65,Zona 65,03,Puerto Ayacucho,3
88,CONSULADOS,815,VENEZUELA,65,Zona 65,05,San Cristóbal - Fernández Feo,1
88,CONSULADOS,815,VENEZUELA,65,Zona 65,06,San Cristóbal - García de Hevia,2
88,CONSULADOS,815,VENEZUELA,65,Zona 65,07,San Cristóbal - Jauregui,1
88,CONSULADOS,815,VENEZUELA,65,Zona 65,08,San Cristóbal - Mérida,11
88,CONSULADOS,815,VENEZUELA,65,Zona 65,09,San Fernando de Atabapo,1
88,CONSULADOS,815,VENEZUELA,65,Zona 65,81,LUNES SAN CRISTÓBAL - CONSULADO,3
88,CONSULADOS,815,VENEZUELA,65,Zona 65,82,MARTES SAN CRISTÓBAL - CONSULADO,3
88,CONSULADOS,815,VENEZUELA,65,Zona 65,83,MIERCOLES SAN CRISTÓBAL - CONSULADO,3
88,CONSULADOS,815,VENEZUELA,65,Zona 65,84,JUEVES SAN CRISTÓBAL - CONSULADO,3
88,CONSULADOS,815,VENEZUELA,65,Zona 65,85,VIERNES SAN CRISTÓBAL - CONSULADO,3
88,CONSULADOS,815,VENEZUELA,65,Zona 65,86,SABADO SAN CRISTÓBAL - CONSULADO,6
88,CONSULADOS,815,VENEZUELA,05,Zona 05,02,Caracas - Consulado,81
88,CONSULADOS,815,VENEZUELA,05,Zona 05,04,Valencia,26
88,CONSULADOS,815,VENEZUELA,05,Zona 05,05,Puerto La Cruz,8
88,CONSULADOS,815,VENEZUELA,05,Zona 05,81,LUNES CARACAS - CONSULADO,4
88,CONSULADOS,815,VENEZUELA,05,Zona 05,82,MARTES CARACAS - CONSULADO,4
88,CONSULADOS,815,VENEZUELA,05,Zona 05,83,MIERCOLES CARACAS - CONSULADO,4
88,CONSULADOS,815,VENEZUELA,05,Zona 05,84,JUEVES CARACAS - CONSULADO,4
88,CONSULADOS,815,VENEZUELA,05,Zona 05,85,VIERNES CARACAS - CONSULADO,4
88,CONSULADOS,815,VENEZUELA,05,Zona 05,86,SABADO CARACAS - CONSULADO,5
01,ANTIOQUIA,100,CONCORDIA,99,Zona 99,01,ESCUELA EL SOCORRO,2
01,ANTIOQUIA,100,CONCORDIA,99,Zona 99,05,ESCUELA MORELIA,2
01,ANTIOQUIA,100,CONCORDIA,99,Zona 99,07,ESCUELA SAN JOSE DEL GOLPE,2
01,ANTIOQUIA,100,CONCORDIA,00,Zona 00,00,I.E DE JESUS,43
01,ANTIOQUIA,103,COPACABANA,99,Zona 99,01,I.E. SAN RAFAEL,2
01,ANTIOQUIA,103,COPACABANA,99,Zona 99,02,SEDE MONTAÑUELA - I. E. SAN LUIS GONZAGA,1
01,ANTIOQUIA,103,COPACABANA,01,Zona 01,01,IE GABRIELA MISTRAL,5
01,ANTIOQUIA,103,COPACABANA,01,Zona 01,02,IE PRESBITERO B. MONTOYA,21
01,ANTIOQUIA,103,COPACABANA,01,Zona 01,03,COL COOP JUAN DEL CORRAL,10
01,ANTIOQUIA,103,COPACABANA,01,Zona 01,04,IE VILLANUEVA,23
01,ANTIOQUIA,103,COPACABANA,01,Zona 01,05,CASA DE LA CULTURA,5
01,ANTIOQUIA,103,COPACABANA,02,Zona 02,01,SEDE COPACABANA TECNOLOGICO DE ANTIOQUIA,7
01,ANTIOQUIA,103,COPACABANA,02,Zona 02,02,I.E JOSE MIGUEL DE RESTREPO Y PUERTA,47
01,ANTIOQUIA,103,COPACABANA,02,Zona 02,03,IE CAMILO TORRES,19
01,ANTIOQUIA,103,COPACABANA,02,Zona 02,04,IE ASUNCION SECUNDARIA,15
01,ANTIOQUIA,103,COPACABANA,03,Zona 03,01,Col. Autónomo Ntra. Señora de la B. E,11
01,ANTIOQUIA,103,COPACABANA,03,Zona 03,02,I.E SAN LUIS GONZAGA,30
01,ANTIOQUIA,103,COPACABANA,03,Zona 03,03,IE LA TRINIDAD,26
01,ANTIOQUIA,103,COPACABANA,03,Zona 03,04,ESC. URB. LA MISERICORDIA,5
01,ANTIOQUIA,106,CHIGORODO,99,Zona 99,05,CASETA COMUNAL BARRANQUILLITA,4
01,ANTIOQUIA,106,CHIGORODO,01,Zona 01,01,INST.EDUCATIVA LOS ANDES,21
01,ANTIOQUIA,106,CHIGORODO,01,Zona 01,02,I. E. GONZALO MEJIA,13
01,ANTIOQUIA,106,CHIGORODO,02,Zona 02,01,I.E. CHIGORODO,24
01,ANTIOQUIA,106,CHIGORODO,02,Zona 02,02,I. E. MARIA AUXILIADORA,11
01,ANTIOQUIA,106,CHIGORODO,03,Zona 03,01,LICEO MUNICIPAL,28
01,ANTIOQUIA,106,CHIGORODO,03,Zona 03,02,IE JUAN EVANGELISTA B-BRISAS DE LA CAS,16
01,ANTIOQUIA,106,CHIGORODO,04,Zona 04,01,ESC. SIMON BOLIVAR,14
01,ANTIOQUIA,106,CHIGORODO,04,Zona 04,02,INS. EDUC. BRISAS DEL RIO,7
01,ANTIOQUIA,106,CHIGORODO,04,Zona 04,03,COLEGIO DIOCESANO LAURA MONTOYA,17
01,ANTIOQUIA,109,DABEIBA,99,Zona 99,01,CASETA COMUNAL CAMPARRUSIA,4
01,ANTIOQUIA,109,DABEIBA,99,Zona 99,02,SD LLANO GRANDE I.E. MADRE LAURA MONTOYA,1
01,ANTIOQUIA,109,DABEIBA,99,Zona 99,03,SD VALLESI I.E. MADRE LAURA MONTOYA,2
01,ANTIOQUIA,109,DABEIBA,99,Zona 99,04,C.E.R. JOSEFA ROMERO,2
01,ANTIOQUIA,109,DABEIBA,99,Zona 99,05,SEDE BOTON - I.E. JUAN H. WHITE,1
01,ANTIOQUIA,109,DABEIBA,99,Zona 99,09,I.E.R. URAMA SEDE PRIMARIA,3
01,ANTIOQUIA,109,DABEIBA,99,Zona 99,10,CASETA COMUNAL LA BALSITA,2
01,ANTIOQUIA,109,DABEIBA,99,Zona 99,70,SD TAPARALES IER INDIGENISTA LLANO GORDO,2
01,ANTIOQUIA,109,DABEIBA,00,Zona 00,01,COLISEO MUNICIPAL DESTREZAS DABEIBANAS,25
01,ANTIOQUIA,109,DABEIBA,00,Zona 00,02,ESC JUAN HENRIQUE WHITE,22
01,ANTIOQUIA,112,DON MATIAS,99,Zona 99,01,COL. ANTONIO JOSE CADAVID CHAV,3
01,ANTIOQUIA,112,DON MATIAS,99,Zona 99,05,C.E.R. RIOGRANDE,2
01,ANTIOQUIA,112,DON MATIAS,00,Zona 00,00,I.E DONMATIAS SEDE LUIS LOPEZ DE MESA,50
01,ANTIOQUIA,115,EBEJICO,99,Zona 99,05,I. E. BOYACA,4
01,ANTIOQUIA,115,EBEJICO,99,Zona 99,06,I. E. R. SAN PIO X,1
01,ANTIOQUIA,115,EBEJICO,99,Zona 99,07,ESC LA ARGENTINA,1
01,ANTIOQUIA,115,EBEJICO,99,Zona 99,09,I. E. LA CLARA,2
01,ANTIOQUIA,115,EBEJICO,99,Zona 99,25,I.E.R PRESBITERO GABRIEL YEPES YEPES,7
01,ANTIOQUIA,115,EBEJICO,00,Zona 00,00,I.E.U. SAN JOSE,20
01,ANTIOQUIA,117,EL BAGRE,99,Zona 99,60,ESCUELA RURAL PUERTO CLAVER,16
01,ANTIOQUIA,117,EL BAGRE,99,Zona 99,65,COLEGIO RURAL PUERTO LOPEZ,10
01,ANTIOQUIA,117,EL BAGRE,01,Zona 01,01,CTRO DE FORM. MINERO AMB. SD ROLDAN BL1,28
01,ANTIOQUIA,117,EL BAGRE,01,Zona 01,02,COLEGIO LA ESMERALDA,19
01,ANTIOQUIA,117,EL BAGRE,02,Zona 02,01,ESCUELA PORTUGAL,17
01,ANTIOQUIA,117,EL BAGRE,02,Zona 02,02,COLEGIO 20 DE JULIO,34
01,ANTIOQUIA,118,ENTRERRIOS,00,Zona 00,00,I.E. ENTRERRIOS,28
01,ANTIOQUIA,121,ENVIGADO,10,Zona 10,01,IE ALEJANDRO VELEZ BARRIENTOS SD ALCALA,7
01,ANTIOQUIA,121,ENVIGADO,10,Zona 10,02,I.E JOSE MANUEL RESTREPO VELEZ (JOMAR),20
01,ANTIOQUIA,121,ENVIGADO,10,Zona 10,03,TECNOLOGICO DE ARTES DEBORA ARANGO,31
01,ANTIOQUIA,121,ENVIGADO,10,Zona 10,04,IE MANUEL URIBE ANGEL (MUA),33
01,ANTIOQUIA,121,ENVIGADO,10,Zona 10,05,COLEGIO DE LA PRESENTACION DE ENVIGADO,3
01,ANTIOQUIA,121,ENVIGADO,98,Zona 98,01,CARCEL MUNICIPAL DE ENVIGADO,1
01,ANTIOQUIA,121,ENVIGADO,99,Zona 99,01,LAS PALMAS CENTRO DE SALUD,12
01,ANTIOQUIA,121,ENVIGADO,99,Zona 99,02,PANTANILLO IE MARTIN EDUARDO RIOS LLANOS,2
01,ANTIOQUIA,121,ENVIGADO,01,Zona 01,01,COL LA SALLE DE ENVIGADO,37
01,ANTIOQUIA,121,ENVIGADO,01,Zona 01,02,UNIVERSIDAD EIA.  SEDE ZUÑIGA,5
01,ANTIOQUIA,121,ENVIGADO,01,Zona 01,03,COLEGIO BENEDITINO DE SANTA MARIA,8
01,ANTIOQUIA,121,ENVIGADO,02,Zona 02,01,COL UNID EDUC SAN MARCOS,37
01,ANTIOQUIA,121,ENVIGADO,02,Zona 02,02,CTRO DE ENCUENTRO CIUDADANO SAN MARCOS,12
01,ANTIOQUIA,121,ENVIGADO,02,Zona 02,03,COLEGIO COLOMBO BRITANICO,8
01,ANTIOQUIA,121,ENVIGADO,03,Zona 03,01,IE MARCELIANO VELEZ,35
01,ANTIOQUIA,121,ENVIGADO,03,Zona 03,02,LICEO FRANCISCO RESTREPO MOLINA,40
01,ANTIOQUIA,121,ENVIGADO,03,Zona 03,03,I.E JOSE MIGUEL DE LA CALLE,3
01,ANTIOQUIA,121,ENVIGADO,04,Zona 04,01,CENTRO GERONTOLOGICO ATARDESER,9
01,ANTIOQUIA,121,ENVIGADO,04,Zona 04,02,I.E NORMAL SUPERIOR DE ENVIGADO,37
01,ANTIOQUIA,121,ENVIGADO,04,Zona 04,03,ESCUELA PIO XII,30
01,ANTIOQUIA,121,ENVIGADO,05,Zona 05,01,IE DARIO DE BEDOUT,17
01,ANTIOQUIA,121,ENVIGADO,05,Zona 05,02,IE MARIA PAUSSEPIN,10
01,ANTIOQUIA,121,ENVIGADO,05,Zona 05,03,COL CUMBRES,34
01,ANTIOQUIA,121,ENVIGADO,05,Zona 05,04,COLEGIO FRANCISCANO PALERMO DE SAN JOSE,2
01,ANTIOQUIA,121,ENVIGADO,06,Zona 06,01,IE EL SALADO,20
01,ANTIOQUIA,121,ENVIGADO,06,Zona 06,02,CENTRO DE ENCUENTRO CIUDADANO ARENALES,1
01,ANTIOQUIA,121,ENVIGADO,06,Zona 06,03,INST UNIVERSITARIA ENVIGADO,43
01,ANTIOQUIA,121,ENVIGADO,06,Zona 06,04,IE COMERCIAL DE ENVIGADO,26
01,ANTIOQUIA,121,ENVIGADO,07,Zona 07,01,SECRETARIA DE OBRAS PUBLICAS DE ENVIGADO,36
01,ANTIOQUIA,121,ENVIGADO,07,Zona 07,02,CTRO DE DESAR. INFANTIL CDI EL DORADO,23
01,ANTIOQUIA,121,ENVIGADO,07,Zona 07,03,CANCHA LA MERCED,6
01,ANTIOQUIA,121,ENVIGADO,08,Zona 08,01,SD JHON F KENNEDY I.E LA PAZ,28
01,ANTIOQUIA,121,ENVIGADO,08,Zona 08,02,IE LETICIA ARANGO DE AVENDAÑO,17
01,ANTIOQUIA,121,ENVIGADO,08,Zona 08,03,SD PRINCIPAL I.E. LA PAZ,29
01,ANTIOQUIA,121,ENVIGADO,09,Zona 09,01,COLEGIO GIMNASIO INTEGRAL SANTA ANA,2
01,ANTIOQUIA,121,ENVIGADO,09,Zona 09,02,URB. MULTIFAMILIAR  SEÑORIAL,19
01,ANTIOQUIA,121,ENVIGADO,09,Zona 09,03,I.E SAN VICENTE ALTO DE LAS FLORES,2
01,ANTIOQUIA,121,ENVIGADO,09,Zona 09,04,POLIDEPORTIVO SUR DE ENVIGADO,26
01,ANTIOQUIA,124,FREDONIA,98,Zona 98,01,CARCEL,1
01,ANTIOQUIA,124,FREDONIA,99,Zona 99,01,LOCAL ANTIGUO PUESTO DE SALUD,2
01,ANTIOQUIA,124,FREDONIA,99,Zona 99,02,IE MINAS SECC LA GARRUCHA,1
01,ANTIOQUIA,124,FREDONIA,99,Zona 99,03,I.E. LOS PALOMOS,2
01,ANTIOQUIA,124,FREDONIA,99,Zona 99,04,I.E. LLANO GRANDE,2
01,ANTIOQUIA,124,FREDONIA,99,Zona 99,05,I.E. LLANO GRANDE ALFONSO PALACIO,2
01,ANTIOQUIA,124,FREDONIA,99,Zona 99,20,I.E. EDELMIRA ALVAREZ,2
01,ANTIOQUIA,124,FREDONIA,99,Zona 99,70,I.E. PIEDRA VERDE,2
01,ANTIOQUIA,124,FREDONIA,00,Zona 00,01,ESC NORMAL SUPERIOR MARIANO OSPINA SEC P,31
01,ANTIOQUIA,124,FREDONIA,00,Zona 00,02,ESCUELA MARCO FIDEL SUAREZ,12
01,ANTIOQUIA,127,FRONTINO,99,Zona 99,01,C.E.R. CARAUTA I.E.R. NOBOGACITA,1
01,ANTIOQUIA,127,FRONTINO,99,Zona 99,03,CASETA COMUNAL CHONTADURO,1
01,ANTIOQUIA,127,FRONTINO,99,Zona 99,05,C.E.R EL CERRO IE MANUEL ANTONIO TORO,1
01,ANTIOQUIA,127,FRONTINO,99,Zona 99,07,C.E.R. EL MADERO,1
01,ANTIOQUIA,127,FRONTINO,99,Zona 99,09,C.E.R. FUEMIA I.E. MANUEL ANTONIO TORO,1
01,ANTIOQUIA,127,FRONTINO,99,Zona 99,10,C.E.R.ALTOS DE MURRI I.E.R.LA BLANQUITA,1
01,ANTIOQUIA,127,FRONTINO,99,Zona 99,13,COLISEO LA BLANQUITA,7
01,ANTIOQUIA,127,FRONTINO,99,Zona 99,14,C.E.R. SINCERIN I.E.R. NOBOGACITA,2
01,ANTIOQUIA,127,FRONTINO,99,Zona 99,17,C.E.R.PONTON E.N.S MIGUEL ANGEL ALVAREZ,1
01,ANTIOQUIA,127,FRONTINO,99,Zona 99,19,C.E.R. NOBOGA I.E. LAS MERCEDES,1
01,ANTIOQUIA,127,FRONTINO,99,Zona 99,21,I.E. GABRIELA WHITE DE VELEZ,5
01,ANTIOQUIA,127,FRONTINO,99,Zona 99,55,C.E.R. PANTANOS I.E.R. LA BLANQUITA,1
01,ANTIOQUIA,127,FRONTINO,99,Zona 99,58,C.E.R.EL SALADO E.N.S.MIGUEL A. ALVAREZ,1
01,ANTIOQUIA,127,FRONTINO,00,Zona 00,01,UNIDAD DEPORTIVA LA MANDARINA,27
01,ANTIOQUIA,127,FRONTINO,00,Zona 00,02,I.E. AGROPECUARIA PEDRO ANTONIO ELEJALDE,7
01,ANTIOQUIA,130,GIRALDO,99,Zona 99,07,ESCUELA MANGLAR,3
01,ANTIOQUIA,130,GIRALDO,99,Zona 99,30,ESCUELA PINGURO,2
01,ANTIOQUIA,130,GIRALDO,00,Zona 00,00,COLISEO GUILLERMO GAVIRIA,12
01,ANTIOQUIA,133,GIRARDOTA,99,Zona 99,10,I.E.R. SAN DIEGO,6
01,ANTIOQUIA,133,GIRARDOTA,99,Zona 99,20,ESCUELA MANGA ARRIBA,4
01,ANTIOQUIA,133,GIRARDOTA,99,Zona 99,30,I.E. NUESTRA SEÑORA DEL CARMEN,1
01,ANTIOQUIA,133,GIRARDOTA,99,Zona 99,80,PARROQUIA LA SAGRADA FAMILIA,7
01,ANTIOQUIA,133,GIRARDOTA,01,Zona 01,01,NTRA. SRA. DE LA PRESENTACION,19
01,ANTIOQUIA,133,GIRARDOTA,01,Zona 01,02,COLEGIO NUESTRA SEÑORA DEL ROSARIO,33
01,ANTIOQUIA,133,GIRARDOTA,02,Zona 02,01,I.E. ATANASIO GIRARDOT,29
01,ANTIOQUIA,133,GIRARDOTA,02,Zona 02,02,COLEGIO JUAN BERNARDONE,33
01,ANTIOQUIA,133,GIRARDOTA,02,Zona 02,03,I.E. EMILIANO GARCIA,30
01,ANTIOQUIA,133,GIRARDOTA,02,Zona 02,04,LICEO  MANUEL  JOSE  SIERRA,3
01,ANTIOQUIA,136,GOMEZ PLATA,99,Zona 99,01,I. E.R. EL SALTO,2
01,ANTIOQUIA,136,GOMEZ PLATA,99,Zona 99,05,CENTRO DE SALUD SAN MATIAS,1
01,ANTIOQUIA,136,GOMEZ PLATA,99,Zona 99,20,C.E.R. LA ESTRELLA,1
01,ANTIOQUIA,136,GOMEZ PLATA,00,Zona 00,00,I.E. GOMEZ PLATA BLOQUE 1,23
01,ANTIOQUIA,139,GRANADA,99,Zona 99,01,SD SANTA ANA  I.E. JORGE ALBERTO GOMEZ,2
01,ANTIOQUIA,139,GRANADA,99,Zona 99,40,SD JESUS MARIA  I.E. JORGE ALBERTO GOMEZ,1
01,ANTIOQUIA,139,GRANADA,00,Zona 00,00,COLISEO CUBIERTO,27
01,ANTIOQUIA,140,GUADALUPE,99,Zona 99,45,C.E.R. LUIS JARAMILLO HINCAPIE,2
01,ANTIOQUIA,140,GUADALUPE,99,Zona 99,75,CER ALBERTO BETANCUR,1
01,ANTIOQUIA,140,GUADALUPE,99,Zona 99,85,C.E.R. SAN JUAN ABAJO,1
01,ANTIOQUIA,140,GUADALUPE,00,Zona 00,00,COLISEO MUNICIPAL GUADALUPE,15
01,ANTIOQUIA,142,GUARNE,99,Zona 99,15,E.R. MANUEL JOSE SIERRA,4
01,ANTIOQUIA,142,GUARNE,99,Zona 99,20,C.E. SAN IGNACIO,3
01,ANTIOQUIA,142,GUARNE,99,Zona 99,40,J.A.C. TOLDAS,4
01,ANTIOQUIA,142,GUARNE,99,Zona 99,45,I.E. PIEDRAS BLANCAS,4
01,ANTIOQUIA,142,GUARNE,99,Zona 99,80,I.E. EZEQUIEL SIERRA,2
01,ANTIOQUIA,142,GUARNE,99,Zona 99,90,I.E.R ESCUELA SAN JOSE,1
01,ANTIOQUIA,142,GUARNE,01,Zona 01,01,I.E. SANTO TOMAS,20
01,ANTIOQUIA,142,GUARNE,01,Zona 01,02,COLISEO SANTO TOMAS,14
01,ANTIOQUIA,142,GUARNE,01,Zona 01,03,I.E. EL SANGO,10
01,ANTIOQUIA,142,GUARNE,01,Zona 01,04,INDER POLIGONO 25,11
01,ANTIOQUIA,142,GUARNE,01,Zona 01,05,CDI-CARRUSEL DE LOS SUEÑOS 1,6
01,ANTIOQUIA,142,GUARNE,02,Zona 02,01,I.E. LA INMACULADA CONCEPCION,24
01,ANTIOQUIA,142,GUARNE,02,Zona 02,02,COLEGIO SAN ANTONIO,23
01,ANTIOQUIA,142,GUARNE,02,Zona 02,03,I.E. CHAPARRAL SEDE CENTRAL,9
01,ANTIOQUIA,145,GUATAPE,00,Zona 00,00,COLISEO MUNICIPAL DE GUATAPÉ,24
01,ANTIOQUIA,148,HELICONIA,99,Zona 99,01,I.E. ALTO DEL CORRAL,3
01,ANTIOQUIA,148,HELICONIA,99,Zona 99,04,C.E.R LA PAVA,1
01,ANTIOQUIA,148,HELICONIA,99,Zona 99,05,I.E HECTOR HIGINIO BEDOYA VARGAS,2
01,ANTIOQUIA,148,HELICONIA,99,Zona 99,13,SALON COMUNAL LLANO DE SAN JOSE,2
01,ANTIOQUIA,148,HELICONIA,00,Zona 00,00,I.E SAN RAFAEL,11
01,ANTIOQUIA,150,HISPANIA,99,Zona 99,25,C.E.R. EL LLANETE,1
01,ANTIOQUIA,150,HISPANIA,00,Zona 00,00,I.E. AURA MARIA VALENCIA,15
01,ANTIOQUIA,151,ITAGUI,90,Zona 90,01,POLIDEPORTIVO MUNICIPAL,17
01,ANTIOQUIA,151,ITAGUI,90,Zona 90,02,UNIVERSIDAD IDEAS,16
01,ANTIOQUIA,151,ITAGUI,98,Zona 98,01,CARCEL DISTRITO NACIONAL,1
01,ANTIOQUIA,151,ITAGUI,98,Zona 98,02,CARCEL YARUMITO,1
01,ANTIOQUIA,151,ITAGUI,99,Zona 99,A1,I.E LOS GOMEZ,21
01,ANTIOQUIA,151,ITAGUI,99,Zona 99,B1,I.E. MARIA JOSEFA ESCOBAR,7
01,ANTIOQUIA,151,ITAGUI,99,Zona 99,C1,I.E. LOS GOMEZ SEDE EL AJIZAL,3
01,ANTIOQUIA,151,ITAGUI,01,Zona 01,01,I.E. DIEGO ECHAVARRIA MISAS,38
01,ANTIOQUIA,151,ITAGUI,01,Zona 01,02,I.E. JUAN N. CADAVID,20
01,ANTIOQUIA,151,ITAGUI,01,Zona 01,03,COLEGIO EL ROSARIO,31
01,ANTIOQUIA,151,ITAGUI,01,Zona 01,04,I.E. MARIA JESUS MEJIA SEDE BACHILLERATO,17
01,ANTIOQUIA,151,ITAGUI,02,Zona 02,01,I.E. ANTONIO JOSE DE SUCRE,54
01,ANTIOQUIA,151,ITAGUI,02,Zona 02,02,I.E. AVELINO SALDARRIAGA GAVIRIA,34
01,ANTIOQUIA,151,ITAGUI,02,Zona 02,03,I.E. SAN JOSE,3
01,ANTIOQUIA,151,ITAGUI,03,Zona 03,01,I.E. ISOLDA ECHAVARRIA,24
01,ANTIOQUIA,151,ITAGUI,03,Zona 03,02,I.E. JOHN F. KENNEDY,32
01,ANTIOQUIA,151,ITAGUI,03,Zona 03,03,I.E. FELIPE DE RESTREPO,31
01,ANTIOQUIA,151,ITAGUI,03,Zona 03,04,CASA DE LA MUJER,2
01,ANTIOQUIA,151,ITAGUI,03,Zona 03,05,SEDE JUNTA DE ACCION COMUNAL LA FINQUITA,5
01,ANTIOQUIA,151,ITAGUI,04,Zona 04,01,IE CONCEJO MUNICIPAL-SEDE SAN FRANCISCO,27
01,ANTIOQUIA,151,ITAGUI,04,Zona 04,02,SD PRINCIPAL I.E. ESTEBAN OCHOA,25
01,ANTIOQUIA,151,ITAGUI,04,Zona 04,03,SD 2 I.E. ESTEBAN OCHOA,5
01,ANTIOQUIA,151,ITAGUI,04,Zona 04,04,I.E. CONCEJO MUNICIPAL - SEDE BARILOCHE,5
01,ANTIOQUIA,151,ITAGUI,04,Zona 04,05,I.E. LUIS CARLOS GALAN,11
01,ANTIOQUIA,151,ITAGUI,05,Zona 05,01,I.E. SIMON BOLIVAR,29
01,ANTIOQUIA,151,ITAGUI,05,Zona 05,02,I.E. ENRIQUE VELEZ ESCOBAR,30
01,ANTIOQUIA,151,ITAGUI,05,Zona 05,03,I.E. MARCELIANA SALDARRIAGA,39
01,ANTIOQUIA,151,ITAGUI,05,Zona 05,04,SD PROVIDENCIA IE ENRIQUE VELEZ ESCOBAR,3
01,ANTIOQUIA,151,ITAGUI,06,Zona 06,01,SD ARNULFO FLOREZ IE ENRIQUE VELEZ E.,32
01,ANTIOQUIA,151,ITAGUI,06,Zona 06,02,I.E. PEDRO ESTRADA,21
01,ANTIOQUIA,151,ITAGUI,06,Zona 06,03,I.E. BENEDIKTA ZUR NIEDEN,18
01,ANTIOQUIA,151,ITAGUI,06,Zona 06,04,I.E. ORESTES SINDICCE,12
01,ANTIOQUIA,151,ITAGUI,06,Zona 06,05,CENTRAL MAYORISTA,3
01,ANTIOQUIA,151,ITAGUI,07,Zona 07,01,I.E. LOMA LINDA,27
01,ANTIOQUIA,151,ITAGUI,07,Zona 07,02,IE CIUDAD ITAGÜÍ-SD MARÍA BERNAL MOLINA,15
01,ANTIOQUIA,151,ITAGUI,07,Zona 07,03,I.E. MARIA JESUS MEJIA SEDE 2,18
01,ANTIOQUIA,151,ITAGUI,07,Zona 07,04,I.E. CARLOS ENRIQUE CORTES,11
01,ANTIOQUIA,151,ITAGUI,07,Zona 07,05,I.E. CIUDAD ITAGÜÍ SEDE EL TABLAZO,4
01,ANTIOQUIA,151,ITAGUI,08,Zona 08,01,I.E. EL ROSARIO,22
01,ANTIOQUIA,151,ITAGUI,08,Zona 08,02,I.E. AVELINO SALDARRIAGA SEDE LA UNIÓN,18
01,ANTIOQUIA,151,ITAGUI,08,Zona 08,03,PLACA POLIDEPORTIVA LA UNIÓN,1
01,ANTIOQUIA,151,ITAGUI,08,Zona 08,04,SEDE JUNTA DE ACCION COMUNAL LA UNIÓN,3
01,ANTIOQUIA,151,ITAGUI,08,Zona 08,05,PLACA POLIDEPORTIVA SANTA MARIA LA NUEVA,1
01,ANTIOQUIA,154,ITUANGO,98,Zona 98,01,CARCEL ITUANGO,1
01,ANTIOQUIA,154,ITUANGO,99,Zona 99,05,I.E BADILLO,1
01,ANTIOQUIA,154,ITUANGO,99,Zona 99,08,TIENDA LA GUAMERA,1
01,ANTIOQUIA,154,ITUANGO,99,Zona 99,09,CASETA COMUNAL EL ARO,2
01,ANTIOQUIA,154,ITUANGO,99,Zona 99,11,C.E.R EL CEDRAL,2
01,ANTIOQUIA,154,ITUANGO,99,Zona 99,13,I.E JESUS MARIA VALLE JARAMILLO,4
01,ANTIOQUIA,154,ITUANGO,99,Zona 99,16,C.E.R PATRICIO SUCERQUIA,2
01,ANTIOQUIA,154,ITUANGO,99,Zona 99,17,SALON PARROQUIAL SANTA ANA,1
01,ANTIOQUIA,154,ITUANGO,99,Zona 99,18,I.E LA PEREZ,2
01,ANTIOQUIA,154,ITUANGO,99,Zona 99,19,C.E.R SANTA LUCIA,2
01,ANTIOQUIA,154,ITUANGO,99,Zona 99,20,C.E.R SAN JUANILLO,1
01,ANTIOQUIA,154,ITUANGO,99,Zona 99,21,CASA DE LA CULTURA SANTA RITA DE ITUANGO,7
01,ANTIOQUIA,154,ITUANGO,99,Zona 99,50,ANTIGUA INSPECCION DE POLICIA LA HUNDIDA,1
01,ANTIOQUIA,154,ITUANGO,00,Zona 00,00,I.E PEDRO NEL OSPINA,32
01,ANTIOQUIA,157,JARDIN,99,Zona 99,06,I.E. DAVID CROZIER,2
01,ANTIOQUIA,157,JARDIN,99,Zona 99,08,I.E. MARIA JOSEFA CORREA,1
01,ANTIOQUIA,157,JARDIN,00,Zona 00,00,I.E. ESCUELA MOISES ROJAS,36
01,ANTIOQUIA,160,JERICO,98,Zona 98,01,CARCEL,1
01,ANTIOQUIA,160,JERICO,99,Zona 99,07,I.E.R SAN FRANCISCO DE ASIS,1
01,ANTIOQUIA,160,JERICO,00,Zona 00,00,I.E. ESCUELA MADRE LAURA,32
01,ANTIOQUIA,163,LA CEJA,99,Zona 99,47,I.E FRANCISCO MARIA CARDONA,5
01,ANTIOQUIA,163,LA CEJA,01,Zona 01,01,ESC. MARIA JOSEFA MARULANDA,13
01,ANTIOQUIA,163,LA CEJA,01,Zona 01,02,C.E.LA PAZ,25
01,ANTIOQUIA,163,LA CEJA,01,Zona 01,03,PARQUE BIBLIOTECA EL PARAISO,17
01,ANTIOQUIA,163,LA CEJA,01,Zona 01,04,IE CONCEJO MUNICIPAL,11
01,ANTIOQUIA,163,LA CEJA,02,Zona 02,01,ESC JUSTO PASTOR MEJIA,15
01,ANTIOQUIA,163,LA CEJA,02,Zona 02,02,ESC. ALFONSO URIBE JARAMILLO,22
01,ANTIOQUIA,163,LA CEJA,02,Zona 02,03,CENTRO DIA GERONTOLOGICO,12
01,ANTIOQUIA,163,LA CEJA,03,Zona 03,01,IE BERNARDO URIBE LONDOÑO SD 1,14
01,ANTIOQUIA,163,LA CEJA,03,Zona 03,02,COLISEO DE COMBATE,9
01,ANTIOQUIA,163,LA CEJA,03,Zona 03,03,COLISEO POLIDEPORTIVO LA CEJA,21
01,ANTIOQUIA,163,LA CEJA,03,Zona 03,04,I.E.LA PAZ SEDE 2,17
01,ANTIOQUIA,166,LA ESTRELLA,98,Zona 98,01,CARCEL MUNICIPAL LA ESTRELLA,1
01,ANTIOQUIA,166,LA ESTRELLA,01,Zona 01,01,I.E. BAM SEDE JAIME ARANGO VELASQUEZ,16
01,ANTIOQUIA,166,LA ESTRELLA,01,Zona 01,02,CASA PARA LA EDUCACION,16
01,ANTIOQUIA,166,LA ESTRELLA,01,Zona 01,03,SD RAFAEL POMBO I.E. BAM,22
01,ANTIOQUIA,166,LA ESTRELLA,01,Zona 01,04,COL. DIVINO SALVADOR,21
01,ANTIOQUIA,166,LA ESTRELLA,01,Zona 01,05,I.E. ANA EVA ESCOBAR SEDE BACHILLERATO,9
01,ANTIOQUIA,166,LA ESTRELLA,01,Zona 01,06,AULA AMBIENTAL,3
01,ANTIOQUIA,166,LA ESTRELLA,02,Zona 02,01,"INST. MPAL DE DEPORTES ""INDERE""",22
01,ANTIOQUIA,166,LA ESTRELLA,02,Zona 02,02,I.E. CONCEJO MUNICIPAL,28
01,ANTIOQUIA,166,LA ESTRELLA,02,Zona 02,03,SD TULIO OSPINA I.E. JAGA,27
01,ANTIOQUIA,166,LA ESTRELLA,02,Zona 02,04,SD INMACULADA FE Y ALEGRIA I.E. JAGA,19
01,ANTIOQUIA,166,LA ESTRELLA,02,Zona 02,05,I.E. JOSE ANTONIO GALAN,5
01,ANTIOQUIA,166,LA ESTRELLA,02,Zona 02,06,SD MANUELA BELTRAN I.E. BAM,8
01,ANTIOQUIA,168,PUERTO NARE-LA MAGDALENA,99,Zona 99,04,C.E.R. EL DELIRIO,1
01,ANTIOQUIA,168,PUERTO NARE-LA MAGDALENA,99,Zona 99,05,I.E.R. LA SIERRA,13
01,ANTIOQUIA,168,PUERTO NARE-LA MAGDALENA,99,Zona 99,10,I.E.R. LA UNION,2
01,ANTIOQUIA,168,PUERTO NARE-LA MAGDALENA,99,Zona 99,15,C.E.R. LA ARABIA,1
01,ANTIOQUIA,168,PUERTO NARE-LA MAGDALENA,99,Zona 99,20,I.E.JORGE ENRIQUE VILLEGAS,3
01,ANTIOQUIA,168,PUERTO NARE-LA MAGDALENA,00,Zona 00,00,I E CARLOS A DUQUE R SECC PRIMARIA,18
01,ANTIOQUIA,169,LA UNION,99,Zona 99,01,I.E. MARCO EMILIO LOPEZ GALLEGO,3
01,ANTIOQUIA,169,LA UNION,00,Zona 00,01,COLISEO ERNESTO RIOS ARIAS,36
01,ANTIOQUIA,169,LA UNION,00,Zona 00,02,I.E. FELIX MARIA RESTREPO LONDOÑO,21
01,ANTIOQUIA,170,LA PINTADA,00,Zona 00,00,COLISEO MARCO TULIO RESTREPO MUNERA,22
01,ANTIOQUIA,172,LIBORINA,99,Zona 99,01,EL CARMEN DE LA VENTA PLACA POLIDEPORT.,2
01,ANTIOQUIA,172,LIBORINA,99,Zona 99,05,LA HONDA PLACA POLIDEPORTIVA,3
01,ANTIOQUIA,172,LIBORINA,99,Zona 99,09,LA MERCED DEL PLAYON PLACA POLIDEPORT.,2
01,ANTIOQUIA,172,LIBORINA,99,Zona 99,13,SAN DIEGO PLACA POLIDEPORTIVA,7
01,ANTIOQUIA,172,LIBORINA,00,Zona 00,00,COLISEO MUNICIPAL,16
01,ANTIOQUIA,175,MACEO,99,Zona 99,01,CASA DE LA CULTURA,3
01,ANTIOQUIA,175,MACEO,99,Zona 99,02,COLEGIO LA FLORESTA,4
01,ANTIOQUIA,175,MACEO,99,Zona 99,03,ROUND POINT VIA MEDELLIN A PUERTO BERRIO,2
01,ANTIOQUIA,175,MACEO,00,Zona 00,00,COLISEO CUBIERTO CENTENARIO,18
01,ANTIOQUIA,178,MARINILLA,99,Zona 99,58,I.E.R. ROSALIA HOYOS,2
01,ANTIOQUIA,178,MARINILLA,01,Zona 01,01,COLISEO MUNICIPAL,22
01,ANTIOQUIA,178,MARINILLA,01,Zona 01,02,ESC. NORMAL SUP RAFAEL M. GIR,23
01,ANTIOQUIA,178,MARINILLA,01,Zona 01,03,SIMONA DUQUE SECUNDARIA IE TEC INDUST.,28
01,ANTIOQUIA,178,MARINILLA,02,Zona 02,01,COLEGIO NACIONAL SAN JOSE,24
01,ANTIOQUIA,178,MARINILLA,02,Zona 02,02,IE ROMAN GOMEZ SD PRIMARIA ESCUELA ROJA,23
01,ANTIOQUIA,178,MARINILLA,03,Zona 03,01,PRIMARIA ESCUELA AZUL IE TEC INDUSTRIAL,22
01,ANTIOQUIA,178,MARINILLA,03,Zona 03,02,COREDI,12
01,ANTIOQUIA,181,MONTEBELLO,99,Zona 99,01,C.E.R SABALETAS,1
01,ANTIOQUIA,181,MONTEBELLO,99,Zona 99,05,C.E.R EL CARMELO,1
01,ANTIOQUIA,181,MONTEBELLO,00,Zona 00,00,COLISEO MUNICIPAL,18
01,ANTIOQUIA,184,MURINDO,99,Zona 99,01,I.E. OPOGADO,1
01,ANTIOQUIA,184,MURINDO,99,Zona 99,02,I.E. CAMPO ALEGRE,2
01,ANTIOQUIA,184,MURINDO,99,Zona 99,03,I.E. JEDEGA,2
01,ANTIOQUIA,184,MURINDO,00,Zona 00,00,I.E MURINDO,8
01,ANTIOQUIA,187,MUTATA,99,Zona 99,01,C.E.R PAVARANDOCITO,1
01,ANTIOQUIA,187,MUTATA,99,Zona 99,03,C.E.R LA MILAGROSA,4
01,ANTIOQUIA,187,MUTATA,99,Zona 99,04,PLACA POLIDEPORTIVA PAVARANDOGRANDE,7
01,ANTIOQUIA,187,MUTATA,99,Zona 99,05,I.E.R. LA INMACULADA CAUCHERAS,7
01,ANTIOQUIA,187,MUTATA,00,Zona 00,00,I.E MUTATA,29
01,ANTIOQUIA,190,NARIÑO,99,Zona 99,04,SD BALSORA C.E.R. UVITAL,1
01,ANTIOQUIA,190,NARIÑO,99,Zona 99,06,SD PRINCIPAL C.E.R. UVITAL,1
01,ANTIOQUIA,190,NARIÑO,99,Zona 99,07,COLISEO DAVID CIFUENTES,4
01,ANTIOQUIA,190,NARIÑO,99,Zona 99,20,SD PRINCIPAL C.E.R. EL CARMELO,1
01,ANTIOQUIA,190,NARIÑO,99,Zona 99,25,SD LA LINDA I.E INMACULADA CONCEPCION,1
01,ANTIOQUIA,190,NARIÑO,99,Zona 99,60,SD LAS MANGAS C.E.R. EL CARMELO,1
01,ANTIOQUIA,190,NARIÑO,00,Zona 00,00,SD PRIMARIA I.E INMACULADA CONCEPCION,20
01,ANTIOQUIA,191,NECHI,99,Zona 99,01,I.E.R. TRINIDAD ARRIBA - SAN PABLO ABAJO,3
01,ANTIOQUIA,191,NECHI,99,Zona 99,06,BIJAGUAL I.E. JORGE ELICER GAITAN,2
01,ANTIOQUIA,191,NECHI,99,Zona 99,12,I. E. COLORADO,5
01,ANTIOQUIA,191,NECHI,99,Zona 99,15,I.E.R. LA CONCHA,4
01,ANTIOQUIA,191,NECHI,99,Zona 99,17,I. E. LAS FLORES,3
01,ANTIOQUIA,191,NECHI,99,Zona 99,24,LOS CARGUEROS I.E. JORGE ELICER GAITAN,3
01,ANTIOQUIA,191,NECHI,00,Zona 00,01,SD PRINCIPAL I.E. NECHI,43
01,ANTIOQUIA,191,NECHI,00,Zona 00,02,ESCUELA URBANA I.E. NECHI,3
01,ANTIOQUIA,192,NECOCLI,99,Zona 99,01,I.E.R CARIBIA,3
01,ANTIOQUIA,192,NECOCLI,99,Zona 99,02,I.E.R LAS CHANGAS,9
01,ANTIOQUIA,192,NECOCLI,99,Zona 99,03,I.E.R. TULAPITA,3
01,ANTIOQUIA,192,NECOCLI,99,Zona 99,10,I.E.R EL MELLITO,8
01,ANTIOQUIA,192,NECOCLI,99,Zona 99,12,I.E.R EL TOTUMO,11
01,ANTIOQUIA,192,NECOCLI,99,Zona 99,15,I.E.R MELLO VILLAVICENCIO,5
01,ANTIOQUIA,192,NECOCLI,99,Zona 99,16,I.E.R MULATOS,6
01,ANTIOQUIA,192,NECOCLI,99,Zona 99,23,I.E.R PUEBLO NUEVO,13
01,ANTIOQUIA,192,NECOCLI,99,Zona 99,27,I.E.R ZAPATA,5
01,ANTIOQUIA,192,NECOCLI,00,Zona 00,01,I.E ANTONIO ROLDAN BETANCUR,54
01,ANTIOQUIA,192,NECOCLI,00,Zona 00,02,I.E EDUARDO ESPITIA ROMERO,2
01,ANTIOQUIA,193,OLAYA,99,Zona 99,01,I.E LLANADAS PRIMAVERA,5
01,ANTIOQUIA,193,OLAYA,99,Zona 99,03,I.E VEREDA EL PENCAL,1
01,ANTIOQUIA,193,OLAYA,99,Zona 99,05,SUCRE - CASA DE LA CULTURA,3
01,ANTIOQUIA,193,OLAYA,00,Zona 00,00,CASA DE LA CULTURA - CABECERA,1
01,ANTIOQUIA,196,PEÑOL,00,Zona 00,01,I.E. LEON XIII,54
01,ANTIOQUIA,199,PEQUE,99,Zona 99,01,I.E RENEGADO VALLE,1
01,ANTIOQUIA,199,PEQUE,99,Zona 99,02,C.E.R. JUAN IGNACIO TAMAYO,2
01,ANTIOQUIA,199,PEQUE,99,Zona 99,04,C.E.R. JERIGUA,1
01,ANTIOQUIA,199,PEQUE,99,Zona 99,05,C.E.R. LOMITAS,1
01,ANTIOQUIA,199,PEQUE,99,Zona 99,09,I.E.R. FLORENCIO SALAS TUBERQUIA,2
01,ANTIOQUIA,199,PEQUE,99,Zona 99,13,C.E.R. VEGA DEL INGLES,1
01,ANTIOQUIA,199,PEQUE,00,Zona 00,00,COLISEO RICARDO ANTONIO DAVID PIEDRAHITA,14
01,ANTIOQUIA,202,PUEBLORRICO,00,Zona 00,00,I. E. EL SALVADOR,21
01,ANTIOQUIA,205,PUERTO BERRIO,98,Zona 98,01,CARCEL,1
01,ANTIOQUIA,205,PUERTO BERRIO,99,Zona 99,01,SD MURILLO I.E.R LA CARLOTA,1
01,ANTIOQUIA,205,PUERTO BERRIO,99,Zona 99,04,SD CRISTALINA I.E.R LA CARLOTA,2
01,ANTIOQUIA,205,PUERTO BERRIO,99,Zona 99,05,SD EL BRASIL I.E.R LA CARLOTA,3
01,ANTIOQUIA,205,PUERTO BERRIO,99,Zona 99,09,I.E.R MADRE LAURA,2
01,ANTIOQUIA,205,PUERTO BERRIO,99,Zona 99,15,I. E. R PEDRO JUSTO BERRIO,2
01,ANTIOQUIA,205,PUERTO BERRIO,01,Zona 01,01,I.E AMERICA,12
01,ANTIOQUIA,205,PUERTO BERRIO,01,Zona 01,02,ESC. LA MILLA,8
01,ANTIOQUIA,205,PUERTO BERRIO,01,Zona 01,03,I.E. ANTONIO NARIÑO,12
01,ANTIOQUIA,205,PUERTO BERRIO,01,Zona 01,04,I.E. ALFONSO LOPEZ PUMAREJO,16
01,ANTIOQUIA,205,PUERTO BERRIO,02,Zona 02,01,INSTITUTO LA INMACULADA,21
01,ANTIOQUIA,205,PUERTO BERRIO,02,Zona 02,02,ESC. LA ISLA,6
01,ANTIOQUIA,205,PUERTO BERRIO,02,Zona 02,03,I.E. BOMBONA,15
01,ANTIOQUIA,205,PUERTO BERRIO,02,Zona 02,04,CENTRO DIA,6
01,ANTIOQUIA,206,PUERTO TRIUNFO,98,Zona 98,01,CARCEL MUNICIPAL,1
01,ANTIOQUIA,206,PUERTO TRIUNFO,98,Zona 98,02,CARCEL PENITENCIARIA DE MEDIA SEGURIDAD,1
01,ANTIOQUIA,206,PUERTO TRIUNFO,99,Zona 99,11,I.E. DORADAL,17
01,ANTIOQUIA,206,PUERTO TRIUNFO,99,Zona 99,13,I.E. ESTACION COCORNA,3
01,ANTIOQUIA,206,PUERTO TRIUNFO,99,Zona 99,18,I.E. LA MERCED,4
01,ANTIOQUIA,206,PUERTO TRIUNFO,99,Zona 99,23,I.E. PUERTO PERALES,5
01,ANTIOQUIA,206,PUERTO TRIUNFO,99,Zona 99,26,CENTRO DE DESARROLLO SOCIAL,3
01,ANTIOQUIA,206,PUERTO TRIUNFO,00,Zona 00,00,SD PRIMARIA I.E. PABLO VI,13
01,ANTIOQUIA,208,REMEDIOS,99,Zona 99,01,SEDE B I. E.R. LA CRUZADA,11
01,ANTIOQUIA,208,REMEDIOS,99,Zona 99,02,E. R. CAMPO VIJAO,1
01,ANTIOQUIA,208,REMEDIOS,99,Zona 99,03,C.E.R. CAÑAVERAL,4
01,ANTIOQUIA,208,REMEDIOS,99,Zona 99,04,C.E.R. CHORRO DE LAGRIMAS,1
01,ANTIOQUIA,208,REMEDIOS,99,Zona 99,05,I. E.R. PABLO VI,5
01,ANTIOQUIA,208,REMEDIOS,99,Zona 99,06,SD LA GORGONA - IE IGNACIO YEPES YEPES,1
01,ANTIOQUIA,208,REMEDIOS,99,Zona 99,07,CENTRO CULTURAL LEJANIAS,2
01,ANTIOQUIA,208,REMEDIOS,00,Zona 00,01,I.E. IGNACIO YEPES YEPES,32
01,ANTIOQUIA,208,REMEDIOS,00,Zona 00,02,PARQUE EDUC. ISABELITA TEJADA CUARTAS,15
01,ANTIOQUIA,211,RETIRO,99,Zona 99,70,IE LUIS EDUARDO POSADA,11
01,ANTIOQUIA,211,RETIRO,00,Zona 00,01,COLISEO MUN CARLOS MAURO HOYOS,37
01,ANTIOQUIA,211,RETIRO,00,Zona 00,02,IE IGNACIO BOTERO VALLEJO,19
01,ANTIOQUIA,214,RIONEGRO,98,Zona 98,01,CARCEL MUNICIPAL,1
01,ANTIOQUIA,214,RIONEGRO,99,Zona 99,A2,I E GILBERTO ECHEVERRY MEJIA,26
01,ANTIOQUIA,214,RIONEGRO,99,Zona 99,B1,I E ANTONIO DONADO CAMACHO,9
01,ANTIOQUIA,214,RIONEGRO,99,Zona 99,B2,AUDITORIO AEROPUERTO CORR. J.M.C.,11
01,ANTIOQUIA,214,RIONEGRO,99,Zona 99,C1,I E BARRO BLANCO,7
01,ANTIOQUIA,214,RIONEGRO,99,Zona 99,C2,ESC SAN JOSE DE LAS CUCHILLAS,6
01,ANTIOQUIA,214,RIONEGRO,99,Zona 99,D1,CASETA COMUNAL GALICIA,6
01,ANTIOQUIA,214,RIONEGRO,99,Zona 99,D2,IE ANA GOMEZ DE SIERRA,13
01,ANTIOQUIA,214,RIONEGRO,01,Zona 01,01,I.E. JULIO SANIN,26
01,ANTIOQUIA,214,RIONEGRO,01,Zona 01,02,OFICINA VALORIZACION ALCALDIA,31
01,ANTIOQUIA,214,RIONEGRO,01,Zona 01,03,COLISEO RUBEN DARIO QUINTERO,28
01,ANTIOQUIA,214,RIONEGRO,02,Zona 02,01,ESCUELA UNIDA,19
01,ANTIOQUIA,214,RIONEGRO,02,Zona 02,02,SD BALDOMERO IE JOSEFINA MUÑOZ GONZALEZ,32
01,ANTIOQUIA,214,RIONEGRO,03,Zona 03,01,IE SAN ANTONIO,37
01,ANTIOQUIA,214,RIONEGRO,03,Zona 03,02,IT SANTIAGO DE ARMA,24
01,ANTIOQUIA,214,RIONEGRO,03,Zona 03,03,COLISEO IVAN RAMIRO CORDOBA,28
01,ANTIOQUIA,214,RIONEGRO,03,Zona 03,04,SD CUATRO ESQ IE JOSEFINA MUÑOZ GONZALEZ,23
01,ANTIOQUIA,214,RIONEGRO,04,Zona 04,01,ESC EDUARDO URIBE BOTERO,22
01,ANTIOQUIA,214,RIONEGRO,04,Zona 04,02,LIC CONSEJO MUNICIPAL,29
01,ANTIOQUIA,214,RIONEGRO,04,Zona 04,03,ESC PASCUALA MUÑOZ,14
01,ANTIOQUIA,217,SABANALARGA,99,Zona 99,01,SALON PARROQUIAL,2
01,ANTIOQUIA,217,SABANALARGA,99,Zona 99,02,I.E.R EL SOCORRO,1
01,ANTIOQUIA,217,SABANALARGA,99,Zona 99,03,I.E.R EL JUNCO,3
01,ANTIOQUIA,217,SABANALARGA,00,Zona 00,00,COLISEO MPAL FRANCISCO LUIS HOLGUIN F,18
01,ANTIOQUIA,218,SABANETA,99,Zona 99,01,I.E MARIA AUXILIADORA    ,5
01,ANTIOQUIA,218,SABANETA,99,Zona 99,02,E.R. LAS LOMITAS (JAC),1
01,ANTIOQUIA,218,SABANETA,99,Zona 99,03,JAC VEREDA SAN JOSE,2
01,ANTIOQUIA,218,SABANETA,01,Zona 01,01,I.E. RAFAEL J. MEJIA,35
01,ANTIOQUIA,218,SABANETA,01,Zona 01,02,I.E. PRIMITIVO LEAL LA DOCTORA,24
01,ANTIOQUIA,218,SABANETA,01,Zona 01,03,CTRO PARA EL ADULTO MAYOR CAITES,35
01,ANTIOQUIA,218,SABANETA,01,Zona 01,04,I.E. PRESBITERO ANTONIO BAENA SALAZAR,5
01,ANTIOQUIA,218,SABANETA,02,Zona 02,01,COL PADRE RAMON ARCILA R,14
01,ANTIOQUIA,218,SABANETA,02,Zona 02,02,IE JOSE FELIX DE RESTREPO,44
01,ANTIOQUIA,218,SABANETA,02,Zona 02,03,BIBLIOTECA MUNICIPAL,17
01,ANTIOQUIA,218,SABANETA,02,Zona 02,04,CASA DE LA CULTURA LA BARQUEREÑA,10
01,ANTIOQUIA,218,SABANETA,03,Zona 03,01,CTRO DE ATENCION 1RA INFANCIA CAIPI,16
01,ANTIOQUIA,218,SABANETA,03,Zona 03,02,IE CONCEJO DE SABANETA JMCB,29
01,ANTIOQUIA,218,SABANETA,03,Zona 03,03,IE MARIA MEDIADORA,21
01,ANTIOQUIA,218,SABANETA,03,Zona 03,04,PARQUE DE LOS 4 ELEMENTOS,7
01,ANTIOQUIA,218,SABANETA,03,Zona 03,05,GIMNASIO CAMPESTRE LOS ALCAZARES,24
01,ANTIOQUIA,220,SALGAR,99,Zona 99,01,CASETA COMUNAL EL CONCILIO,2
01,ANTIOQUIA,220,SALGAR,99,Zona 99,05,I.E.R. ABELARDO OCHOA,3
01,ANTIOQUIA,220,SALGAR,99,Zona 99,07,CASETA COMUNAL LA GULUNGA ALTA,2
01,ANTIOQUIA,220,SALGAR,99,Zona 99,09,C. E. R. CARLOS VIECO ORTIZ,2
01,ANTIOQUIA,220,SALGAR,99,Zona 99,70,C. E. R. PEÑALISA,2
01,ANTIOQUIA,220,SALGAR,00,Zona 00,00,IE JULIO RESTREPO,32
01,ANTIOQUIA,223,SAN ANDRES,99,Zona 99,01,I.E.R. ANA JOAQUINA RESTREPO,1
01,ANTIOQUIA,223,SAN ANDRES,99,Zona 99,02,I.E.R. LAS CRUCES,1
01,ANTIOQUIA,223,SAN ANDRES,99,Zona 99,03,ESCUELA MONTAÑA/ADENTRO,1
01,ANTIOQUIA,223,SAN ANDRES,99,Zona 99,04,ESCUELA LA CIENAGA,1
01,ANTIOQUIA,223,SAN ANDRES,99,Zona 99,07,PUESTO DE SALUD  SAN RAFAEL,1
01,ANTIOQUIA,223,SAN ANDRES,99,Zona 99,08,C.E.R. COREDI,1
01,ANTIOQUIA,223,SAN ANDRES,99,Zona 99,20,ESCUELA EL PEÑOL I.E.R. LAS CRUCES,1
01,ANTIOQUIA,223,SAN ANDRES,99,Zona 99,60,ESC. SANTA GERTRUDIS I.E.R. LAS CRUCES,1
01,ANTIOQUIA,223,SAN ANDRES,00,Zona 00,00,COLISEO LOS FUNDADORES,13
01,ANTIOQUIA,226,SAN CARLOS,99,Zona 99,01,I.E.R. EL JORDAN,5
01,ANTIOQUIA,226,SAN CARLOS,99,Zona 99,02,I.E.R.PALMICHAL SEDE EL CHOCO,2
01,ANTIOQUIA,226,SAN CARLOS,99,Zona 99,05,C.E.R. SIMON BOLIVAR,1
01,ANTIOQUIA,226,SAN CARLOS,99,Zona 99,07,C.E.R. SAMANA,2
01,ANTIOQUIA,226,SAN CARLOS,99,Zona 99,50,I.E.R PUERTO GARZA,2
01,ANTIOQUIA,226,SAN CARLOS,00,Zona 00,00,COLIS. MPAL JULIAN CONRADO E IVAN GIRAL.,36
01,ANTIOQUIA,227,SAN FRANCISCO,99,Zona 99,05,NUEVA SD C.E.R.SAN JUAN DE AQUITANIA,4
01,ANTIOQUIA,227,SAN FRANCISCO,00,Zona 00,00,CENTRO DE DESARROLLO INFANTIL,15
01,ANTIOQUIA,229,SAN JERONIMO,99,Zona 99,06,SD TOMASA MENDEZ I.E.R. AGRICOLA,3
01,ANTIOQUIA,229,SAN JERONIMO,99,Zona 99,13,C.E.R. LOS CEDROS,2
01,ANTIOQUIA,229,SAN JERONIMO,99,Zona 99,18,ENORSGED SD FRANCISCO HERRERA CAMPUZANO,2
01,ANTIOQUIA,229,SAN JERONIMO,99,Zona 99,36,SD RAFAEL J MEJIA IE BENIGNO MENA,2
01,ANTIOQUIA,229,SAN JERONIMO,00,Zona 00,00,COLISEO MUNICIPAL,33
01,ANTIOQUIA,230,SAN JOSE DE LA MONTAÑA,00,Zona 00,00,IE FRANCISCO ABEL GALLEGO - SECCION C,10
01,ANTIOQUIA,231,SAN JUAN DE URABA,99,Zona 99,01,I.E.R BELEN,4
01,ANTIOQUIA,231,SAN JUAN DE URABA,99,Zona 99,10,I.E.R MONSEÑOR ESCOBAR VELEZ,6
01,ANTIOQUIA,231,SAN JUAN DE URABA,99,Zona 99,20,E.R. LA BALSITA,2
01,ANTIOQUIA,231,SAN JUAN DE URABA,99,Zona 99,30,I.E.R EL FILO DE DAMAQUIEL,3
01,ANTIOQUIA,231,SAN JUAN DE URABA,99,Zona 99,80,C.E.R SAN JUANCITO,3
01,ANTIOQUIA,231,SAN JUAN DE URABA,99,Zona 99,82,C.E.R SAN NICOLAS DEL RIO,4
01,ANTIOQUIA,231,SAN JUAN DE URABA,99,Zona 99,86,I.E.R SIETE VUELTAS,4
01,ANTIOQUIA,231,SAN JUAN DE URABA,99,Zona 99,91,I.E.R UVEROS,5
01,ANTIOQUIA,231,SAN JUAN DE URABA,00,Zona 00,00,IE SAN JUAN DE URABA,33
01,ANTIOQUIA,232,SAN LUIS,99,Zona 99,03,C.E.R. BUENOS AIRES,2
01,ANTIOQUIA,232,SAN LUIS,99,Zona 99,04,COLISEO EL PRODIGIO,2
01,ANTIOQUIA,232,SAN LUIS,99,Zona 99,05,C.E.R. EL SILENCIO,1
01,ANTIOQUIA,232,SAN LUIS,99,Zona 99,15,C.E.R. LA JOSEFINA,4
01,ANTIOQUIA,232,SAN LUIS,99,Zona 99,18,C.E.R. LA TEBAIDA,1
01,ANTIOQUIA,232,SAN LUIS,99,Zona 99,50,C.E.R. RIOCLARO,1
01,ANTIOQUIA,232,SAN LUIS,99,Zona 99,75,C.E.R. SAN PABLO,1
01,ANTIOQUIA,232,SAN LUIS,00,Zona 00,00,SEDE JUAN JOSE HOYOS,26
01,ANTIOQUIA,235,SAN PEDRO,99,Zona 99,01,I.E.R. SAN JUAN,1
01,ANTIOQUIA,235,SAN PEDRO,99,Zona 99,08,I.E.R. CEREZALES,1
01,ANTIOQUIA,235,SAN PEDRO,99,Zona 99,25,I.E.R. EL ESPINAL,1
01,ANTIOQUIA,235,SAN PEDRO,99,Zona 99,50,I.E.R. OVEJAS,4
01,ANTIOQUIA,235,SAN PEDRO,99,Zona 99,70,I.E.R. PANTANILLO,3
01,ANTIOQUIA,235,SAN PEDRO,01,Zona 01,01,I E PIO XII,15
01,ANTIOQUIA,235,SAN PEDRO,01,Zona 01,02,SD LA GABRIELA I E PIO XII,14
01,ANTIOQUIA,235,SAN PEDRO,02,Zona 02,01,COLISEO TIPO B,17
01,ANTIOQUIA,235,SAN PEDRO,02,Zona 02,02,CTRO DE INTEGRAC. CIUDAD. LOS ENCENILLOS,15
01,ANTIOQUIA,237,SAN PEDRO DE URABA,99,Zona 99,01,I.E.R. LOS ALMENDROS,1
01,ANTIOQUIA,237,SAN PEDRO DE URABA,99,Zona 99,02,I.E.R. LOS ALMAGROS,1
01,ANTIOQUIA,237,SAN PEDRO DE URABA,99,Zona 99,03,I.E.R. BUCHADO MEDIO,2
01,ANTIOQUIA,237,SAN PEDRO DE URABA,99,Zona 99,04,I.E.R. ALTO ROSARIO,3
01,ANTIOQUIA,237,SAN PEDRO DE URABA,99,Zona 99,05,I.E.R. LAS PAVAS,1
01,ANTIOQUIA,237,SAN PEDRO DE URABA,99,Zona 99,06,I.E.R ARENAS MONAS,3
01,ANTIOQUIA,237,SAN PEDRO DE URABA,99,Zona 99,10,I.E.R EL TOMATE,4
01,ANTIOQUIA,237,SAN PEDRO DE URABA,99,Zona 99,15,I.E.R EL RAYO,3
01,ANTIOQUIA,237,SAN PEDRO DE URABA,99,Zona 99,25,I.E.R SANTA CATALINA,8
01,ANTIOQUIA,237,SAN PEDRO DE URABA,99,Zona 99,32,I.E.R ZAPINDONGA,4
01,ANTIOQUIA,237,SAN PEDRO DE URABA,01,Zona 01,01,I.E. SAN PEDRO DE URABA,22
01,ANTIOQUIA,237,SAN PEDRO DE URABA,01,Zona 01,02,E.U.I.  ZOILA LOPEZ,10
01,ANTIOQUIA,237,SAN PEDRO DE URABA,02,Zona 02,01,SD POLICARPA S. I.E. SAN PEDRO DE URABA,17
01,ANTIOQUIA,237,SAN PEDRO DE URABA,02,Zona 02,02,E.U.I. HERNANDEZ CASTILLO,11
01,ANTIOQUIA,238,SAN RAFAEL,99,Zona 99,15,ESTADERO EL BIZCOCHO,1
01,ANTIOQUIA,238,SAN RAFAEL,99,Zona 99,23,SALON COREDI,1
01,ANTIOQUIA,238,SAN RAFAEL,00,Zona 00,01,COLISEO MUNICIPAL SECTOR EL JARDIN,36
01,ANTIOQUIA,238,SAN RAFAEL,00,Zona 00,02,IE SAN RAFAEL SEDE NARCISA ARBELAEZ,3
01,ANTIOQUIA,241,SAN ROQUE,99,Zona 99,05,I.E.R. CRISTALES,5
01,ANTIOQUIA,241,SAN ROQUE,99,Zona 99,06,I.E.R. PROVIDENCIA,4
01,ANTIOQUIA,241,SAN ROQUE,99,Zona 99,07,CER ALEJANDRO GOMEZ DIEZ,2
01,ANTIOQUIA,241,SAN ROQUE,99,Zona 99,09,I.E.R. SAN JOSE DEL NUS,6
01,ANTIOQUIA,241,SAN ROQUE,00,Zona 00,00,IE NORMAL SUPERIOR SAN ROQUE,33
01,ANTIOQUIA,244,SAN VICENTE,99,Zona 99,02,C.E.R. LA TRAVESIA,2
01,ANTIOQUIA,244,SAN VICENTE,99,Zona 99,03,C.E.R. CORRIENTES,1
01,ANTIOQUIA,244,SAN VICENTE,99,Zona 99,05,C.E.R. LA FLORESTA,1
01,ANTIOQUIA,244,SAN VICENTE,99,Zona 99,06,C.E.R. COMPAÑÍA ABAJO,1
01,ANTIOQUIA,244,SAN VICENTE,99,Zona 99,08,COLEGIO LA MAGDALENA,2
01,ANTIOQUIA,244,SAN VICENTE,99,Zona 99,09,C.E.R. SAN JOSE,2
01,ANTIOQUIA,244,SAN VICENTE,99,Zona 99,11,C.E.R. EL CORAL,2
01,ANTIOQUIA,244,SAN VICENTE,99,Zona 99,12,COLISEO MARCO TULIO TORRES,2
01,ANTIOQUIA,244,SAN VICENTE,99,Zona 99,14,I.E.R. CHAPARRAL,5
01,ANTIOQUIA,244,SAN VICENTE,99,Zona 99,40,C.E.R. OVEJAS,2
01,ANTIOQUIA,244,SAN VICENTE,00,Zona 00,00,COLISEO MUNICIPAL SAN VICENTE FERRER,34
01,ANTIOQUIA,247,SANTA BARBARA,98,Zona 98,01,CARCEL,1
01,ANTIOQUIA,247,SANTA BARBARA,99,Zona 99,01,ESCUELA DAMASCO,3
01,ANTIOQUIA,247,SANTA BARBARA,99,Zona 99,13,ESCUELA VERSALLES,5
01,ANTIOQUIA,247,SANTA BARBARA,01,Zona 01,01,I.E. MARIA AUXILIADORA,16
01,ANTIOQUIA,247,SANTA BARBARA,01,Zona 01,02,I.E. JESUS MARIA PAGOLA,14
01,ANTIOQUIA,247,SANTA BARBARA,02,Zona 02,01,I.E. MONSEÑOR EMILIO BOTERO,16
01,ANTIOQUIA,247,SANTA BARBARA,02,Zona 02,02,COLISEO LUIS FERNANDO PATIÑO,14
01,ANTIOQUIA,250,SANTA ROSA DE OSOS,98,Zona 98,01,CARCEL,1
01,ANTIOQUIA,250,SANTA ROSA DE OSOS,99,Zona 99,01,I.E.R ARAGON,3
01,ANTIOQUIA,250,SANTA ROSA DE OSOS,99,Zona 99,02,C.E.R SAN JOSE DE LA AHUMADA,1
01,ANTIOQUIA,250,SANTA ROSA DE OSOS,99,Zona 99,05,C.E.R CHAQUIRO,2
01,ANTIOQUIA,250,SANTA ROSA DE OSOS,99,Zona 99,09,I.E.R HOYO RICO,3
01,ANTIOQUIA,250,SANTA ROSA DE OSOS,99,Zona 99,10,CASETA COMUNAL RIO GRANDE,1
01,ANTIOQUIA,250,SANTA ROSA DE OSOS,99,Zona 99,11,I.E.R SAN ISIDRO,3
01,ANTIOQUIA,250,SANTA ROSA DE OSOS,99,Zona 99,13,CASA DE LA CULTURA SAN PABLO,3
01,ANTIOQUIA,250,SANTA ROSA DE OSOS,99,Zona 99,20,C.E.R EL CANEY,2
01,ANTIOQUIA,250,SANTA ROSA DE OSOS,01,Zona 01,01,ESC. NORMAL SUPERIOR PEDRO JUSTO BERRIO,18
01,ANTIOQUIA,250,SANTA ROSA DE OSOS,01,Zona 01,02,PARQUE NEURONA EDUCATIVA,8
01,ANTIOQUIA,250,SANTA ROSA DE OSOS,01,Zona 01,03,TERMINAL DEL TRANSPORTE,8
01,ANTIOQUIA,250,SANTA ROSA DE OSOS,02,Zona 02,01,COLISEO ANTONIO ROLDAN BETANCUR,22
01,ANTIOQUIA,250,SANTA ROSA DE OSOS,02,Zona 02,02,COLISEO MENOR,16
01,ANTIOQUIA,253,SANTO DOMINGO,98,Zona 98,01,CARCEL NACIONAL,1
01,ANTIOQUIA,253,SANTO DOMINGO,99,Zona 99,01,I.E.R. BOTERO,3
01,ANTIOQUIA,253,SANTO DOMINGO,99,Zona 99,05,ANTIGUO HOTEL EL LIMON,1
01,ANTIOQUIA,253,SANTO DOMINGO,99,Zona 99,09,I.E.R. PORCESITO,3
01,ANTIOQUIA,253,SANTO DOMINGO,99,Zona 99,13,I.E.R. PEDRO PABLO CASTRILLON,3
01,ANTIOQUIA,253,SANTO DOMINGO,99,Zona 99,14,IE ROBERTO LOPEZ GOMEZ,3
01,ANTIOQUIA,253,SANTO DOMINGO,99,Zona 99,40,SALON CAPILLA JUNTA ACCION COMUNAL,1
01,ANTIOQUIA,253,SANTO DOMINGO,00,Zona 00,00,COLISEO JORGE EDUARDO ARIAS,17
01,ANTIOQUIA,256,SANTUARIO,99,Zona 99,08,CER JOSE IGNACIO BOTERO SD LA PAZ,1
01,ANTIOQUIA,256,SANTUARIO,99,Zona 99,40,C.E.R. MONSEÑOR FRANCISCO L. GOMEZ G.,2
01,ANTIOQUIA,256,SANTUARIO,01,Zona 01,01,I.E. SENDEROS,22
01,ANTIOQUIA,256,SANTUARIO,01,Zona 01,02,CASA DE LA CULTURA,9
01,ANTIOQUIA,256,SANTUARIO,01,Zona 01,03,PARQUE EDUCATIVO,10
01,ANTIOQUIA,256,SANTUARIO,02,Zona 02,01,ESCUELA CLARA ZULUAGA,23
01,ANTIOQUIA,256,SANTUARIO,02,Zona 02,02,I.E.T.I. JOSE MARIA CORDOBA SD PRIMARIA,24
01,ANTIOQUIA,259,SEGOVIA,99,Zona 99,01,I.E.R. FRAY MARTIN DE PORRES (FRAGUAS),6
01,ANTIOQUIA,259,SEGOVIA,99,Zona 99,02,SD CAMPO ALEGRE I.E.R. LIBORIO BATALLER,4
01,ANTIOQUIA,259,SEGOVIA,99,Zona 99,03,I.E.R. SANTA LAURA,3
01,ANTIOQUIA,259,SEGOVIA,99,Zona 99,04,SD LA PO CAMPESINA-IE STO DOMINGO SAVIO,1
01,ANTIOQUIA,259,SEGOVIA,01,Zona 01,01,I.E. DOMINGO SAVIO,19
01,ANTIOQUIA,259,SEGOVIA,01,Zona 01,02,COLISEO CUBIERTO ABEL RIVERA VILLA,27
01,ANTIOQUIA,259,SEGOVIA,02,Zona 02,01,I.E. MARIA GORETTI,25
01,ANTIOQUIA,259,SEGOVIA,02,Zona 02,02,I.E. MANUEL CEPEDA,14
01,ANTIOQUIA,262,SONSON,98,Zona 98,01,CARCEL,1
01,ANTIOQUIA,262,SONSON,99,Zona 99,01,C.E.R ALTO DE SABANAS,2
01,ANTIOQUIA,262,SONSON,99,Zona 99,02,C.E.R EL SALTO,1
01,ANTIOQUIA,262,SONSON,99,Zona 99,04,C.E.R LA LOMA,1
01,ANTIOQUIA,262,SONSON,99,Zona 99,05,C.E.R LLANADA SANTA CLARA,2
01,ANTIOQUIA,262,SONSON,99,Zona 99,06,C.E.R. ROBLAL ARRIBA,1
01,ANTIOQUIA,262,SONSON,99,Zona 99,07,I.E.R. LA DANTA,7
01,ANTIOQUIA,262,SONSON,99,Zona 99,08,I.E.R. LA MESA,1
01,ANTIOQUIA,262,SONSON,99,Zona 99,09,C.E.R LA LINDA,1
01,ANTIOQUIA,262,SONSON,99,Zona 99,10,C.E.R SAN MIGUEL,4
01,ANTIOQUIA,262,SONSON,99,Zona 99,11,C.E.R CAUNZAL LOS MEDIOS,2
01,ANTIOQUIA,262,SONSON,99,Zona 99,13,C.E.R LAS CRUCES,1
01,ANTIOQUIA,262,SONSON,99,Zona 99,15,C.E.R ARENILLAL,1
01,ANTIOQUIA,262,SONSON,99,Zona 99,20,C.E.R LOS PLANES,1
01,ANTIOQUIA,262,SONSON,99,Zona 99,25,C.E.R LOS POTREROS,1
01,ANTIOQUIA,262,SONSON,99,Zona 99,30,C.E.R EL SALADO,1
01,ANTIOQUIA,262,SONSON,99,Zona 99,35,C.E.R LA TORRE,1
01,ANTIOQUIA,262,SONSON,99,Zona 99,37,C.E.R RIO VERDE DE LOS HENAOS,1
01,ANTIOQUIA,262,SONSON,99,Zona 99,40,C.E.R JERUSALEN LA FLORIDA,2
01,ANTIOQUIA,262,SONSON,99,Zona 99,42,C.E.R BRASILAL,1
01,ANTIOQUIA,262,SONSON,99,Zona 99,47,I.E.R. LA SOLEDAD,2
01,ANTIOQUIA,262,SONSON,99,Zona 99,50,C.E.R. LA MORELIA,1
01,ANTIOQUIA,262,SONSON,99,Zona 99,55,C.E.R. MANZANARES CENTRO,2
01,ANTIOQUIA,262,SONSON,99,Zona 99,62,C.E.R SAN PABLO LA QUIEBRA,1
01,ANTIOQUIA,262,SONSON,01,Zona 01,01,IE ROSA MARIA HENAO DE LAS PAVAS,15
01,ANTIOQUIA,262,SONSON,01,Zona 01,02,SD 2 I.E. TECNICO INDUSTRIAL,9
01,ANTIOQUIA,262,SONSON,02,Zona 02,01,IE BRAULIO MEJIA,21
01,ANTIOQUIA,262,SONSON,02,Zona 02,02,SENA,11
01,ANTIOQUIA,265,SOPETRAN,99,Zona 99,01,SD CORDOBA - IE ESC. NORMAL SUPERIOR,2
01,ANTIOQUIA,265,SOPETRAN,99,Zona 99,05,SD GUAYABAL I.E. JOSE MARIA VILLA,2
01,ANTIOQUIA,265,SOPETRAN,99,Zona 99,09,SD HORIZONTES I.E. JOSE MARIA VILLA,2
01,ANTIOQUIA,265,SOPETRAN,99,Zona 99,13,SD MONTEGRANDE I.E. JOSE MARIA VILLA,2
01,ANTIOQUIA,265,SOPETRAN,99,Zona 99,15,SD NUEVO HORIZONTE I.E. JOSE MARIA VILLA,2
01,ANTIOQUIA,265,SOPETRAN,99,Zona 99,17,SD SAN NICOLAS - IE ESC NORMAL SUPERIOR,1
01,ANTIOQUIA,265,SOPETRAN,00,Zona 00,00,COLISEO MUNICIPAL - SECTOR AGUAMALA,32
01,ANTIOQUIA,268,TAMESIS,98,Zona 98,01,CARCEL,1
01,ANTIOQUIA,268,TAMESIS,99,Zona 99,01,CASA DE LA CULTURA PALERMO,5
01,ANTIOQUIA,268,TAMESIS,99,Zona 99,05,I.E.R. SAN PABLO SECCION PRIMARIA,3
01,ANTIOQUIA,268,TAMESIS,00,Zona 00,00,IE AGRICOLA VICTOR MANUEL OROZCO,36
01,ANTIOQUIA,270,TARAZA,98,Zona 98,01,CÁRCEL MUNICIPAL,1
01,ANTIOQUIA,270,TARAZA,99,Zona 99,10,I.E.R MONTENEGRO,4
01,ANTIOQUIA,270,TARAZA,99,Zona 99,20,IE LA INMACULADA,6
01,ANTIOQUIA,270,TARAZA,99,Zona 99,30,IE LA CAUCANA,8
01,ANTIOQUIA,270,TARAZA,99,Zona 99,35,C.E.R EL GUAIMARO,2
01,ANTIOQUIA,270,TARAZA,99,Zona 99,60,C.E.R PUERTO ANTIOQUIA,2
01,ANTIOQUIA,270,TARAZA,01,Zona 01,01,I.E. ANTONIO ROLDAN BETANCUR,14
01,ANTIOQUIA,270,TARAZA,01,Zona 01,02,PARQUE EDUCATIVO JESUS ARCANGEL RAMIREZ,12
01,ANTIOQUIA,270,TARAZA,02,Zona 02,01,COLEGIO SEDE ANGEL AMABLE ARROYAVE,9
01,ANTIOQUIA,270,TARAZA,02,Zona 02,02,I.E. RAFAEL NUÑEZ,17
01,ANTIOQUIA,271,TARSO,00,Zona 00,00,PLACA POLID. IE JOSE PRIETO SEC.PRIMA.,18
01,ANTIOQUIA,274,TITIRIBI,99,Zona 99,01,C.E.R ANTONIO JOSE,1
01,ANTIOQUIA,274,TITIRIBI,99,Zona 99,02,C.E.R. CORCOVADO,1
01,ANTIOQUIA,274,TITIRIBI,99,Zona 99,05,IE BENJAMIN CORREA,3
01,ANTIOQUIA,274,TITIRIBI,99,Zona 99,09,C.E.R OFELIA ECHEVERRI,2
01,ANTIOQUIA,274,TITIRIBI,99,Zona 99,13,C.E.R LUIS ZEA URIBE,1
01,ANTIOQUIA,274,TITIRIBI,00,Zona 00,01,ESCUELA EVANGELINA BETANCUR,11
01,ANTIOQUIA,274,TITIRIBI,00,Zona 00,02,PQ EDUC. JUAN BAUTISTA MONTOYA Y FLOREZ,8
01,ANTIOQUIA,277,TOLEDO,99,Zona 99,01,I.E.R. BUENAVISTA,1
01,ANTIOQUIA,277,TOLEDO,99,Zona 99,05,I.E.R. EL VALLE,1
01,ANTIOQUIA,277,TOLEDO,00,Zona 00,00,I.E.J. EMILIO VALDERRAMA AGUDELO,12
01,ANTIOQUIA,280,TURBO,99,Zona 99,01,I.E. VILLA MARIA,3
01,ANTIOQUIA,280,TURBO,99,Zona 99,02,C.E.R PUYA DEL MEDIO,2
01,ANTIOQUIA,280,TURBO,99,Zona 99,03,IE SAN JOSE-LA SALLE,22
01,ANTIOQUIA,280,TURBO,99,Zona 99,04,I.E. PUERTO CESAR,1
01,ANTIOQUIA,280,TURBO,99,Zona 99,05,I.E. COMUNAL SAN JORGE,5
01,ANTIOQUIA,280,TURBO,99,Zona 99,06,IE EL DOS,10
01,ANTIOQUIA,280,TURBO,99,Zona 99,07,C.E. SANTIAGO DE URABA,1
01,ANTIOQUIA,280,TURBO,99,Zona 99,08,IE NUEVO ANTIOQUIA,5
01,ANTIOQUIA,280,TURBO,99,Zona 99,09,IE NUEVA GRANADA,2
01,ANTIOQUIA,280,TURBO,99,Zona 99,10,IE PUNTA DE PIEDRA,9
01,ANTIOQUIA,280,TURBO,99,Zona 99,12,IE PUEBLO BELLO,5
01,ANTIOQUIA,280,TURBO,99,Zona 99,13,IE RIOGRANDE,8
01,ANTIOQUIA,280,TURBO,99,Zona 99,14,IE NUEVA COLONIA,19
01,ANTIOQUIA,280,TURBO,99,Zona 99,16,IE SAN JOSE DE MULATOS,5
01,ANTIOQUIA,280,TURBO,99,Zona 99,17,IE SAN PABLO DE TULAPA,2
01,ANTIOQUIA,280,TURBO,99,Zona 99,18,IE SAN VICENTE DEL CONGO,5
01,ANTIOQUIA,280,TURBO,99,Zona 99,26,IE BOCAS DEL ATRATO,1
01,ANTIOQUIA,280,TURBO,99,Zona 99,30,IE ALTO DE MULATOS,3
01,ANTIOQUIA,280,TURBO,99,Zona 99,35,E.U.I. LOMAS AISLADAS,2
01,ANTIOQUIA,280,TURBO,99,Zona 99,A1,IE CURRULAO,25
01,ANTIOQUIA,280,TURBO,99,Zona 99,A2,IE CENTRAL,20
01,ANTIOQUIA,280,TURBO,01,Zona 01,01,I.E. ANGEL MILAN PEREA,23
01,ANTIOQUIA,280,TURBO,01,Zona 01,02,IE SANTA FE LA PLAYA,17
01,ANTIOQUIA,280,TURBO,01,Zona 01,03,COL DIOCESANO NTRA SRA DEL CARMEN,8
01,ANTIOQUIA,280,TURBO,02,Zona 02,01,IE SAGRADO CORAZON,13
01,ANTIOQUIA,280,TURBO,02,Zona 02,02,IE SAN MARTIN DE PORRES,22
01,ANTIOQUIA,280,TURBO,02,Zona 02,03,IE FRANCISCO VALDERRAMA,16
01,ANTIOQUIA,280,TURBO,03,Zona 03,01,UNIV DE ANTIOQUIA CIENCIAS DEL MAR,20
01,ANTIOQUIA,280,TURBO,03,Zona 03,02,IE NORMAL SUPERIOR DE URABA,18
01,ANTIOQUIA,280,TURBO,03,Zona 03,03,IE SAG. CORAZON DE JESUS SD JESUS MORA,7
01,ANTIOQUIA,282,URAMITA,99,Zona 99,07,CASETA COMUNAL,1
01,ANTIOQUIA,282,URAMITA,99,Zona 99,70,C.E.R. EL PITAL,1
01,ANTIOQUIA,282,URAMITA,00,Zona 00,00,COLISEO MUNICIPAL,19
01,ANTIOQUIA,283,URRAO,99,Zona 99,09,C.E.R ANTONIO JOSE ARANGO,2
01,ANTIOQUIA,283,URRAO,99,Zona 99,13,C.E.R. VASQUEZ,3
01,ANTIOQUIA,283,URRAO,99,Zona 99,15,C.E.R MARIA AUXILIADORA,1
01,ANTIOQUIA,283,URRAO,99,Zona 99,17,C.E.R PUNTA DE OCAIDO,2
01,ANTIOQUIA,283,URRAO,99,Zona 99,21,C.E.R SAN JOSE,2
01,ANTIOQUIA,283,URRAO,01,Zona 01,01,CASA DEL DEPORTE,17
01,ANTIOQUIA,283,URRAO,01,Zona 01,02,COLISEO,14
01,ANTIOQUIA,283,URRAO,02,Zona 02,01,ESC. ANEXA NORMAL SAGRADA FLIA,22
01,ANTIOQUIA,283,URRAO,02,Zona 02,02,I.E. JAIPERA,15
01,ANTIOQUIA,286,VALDIVIA,99,Zona 99,05,COLISEO ROBERTO GALLEGO,15
01,ANTIOQUIA,286,VALDIVIA,99,Zona 99,09,PUESTO DE SALUD (RAUDAL),2
01,ANTIOQUIA,286,VALDIVIA,00,Zona 00,00,COLISEO GUILLERMO GAVIRIA,20
01,ANTIOQUIA,289,VALPARAISO,99,Zona 99,80,C.E.R. SAN MIGUEL,1
01,ANTIOQUIA,289,VALPARAISO,00,Zona 00,00,E.U. DE NIÑOS GUILLERMO VALENCIA,16
01,ANTIOQUIA,290,VEGACHI,99,Zona 99,01,I.E. JOHN F. KENNEDY SEDE EL CINCO,1
01,ANTIOQUIA,290,VEGACHI,99,Zona 99,40,CASETA COMUNAL,3
01,ANTIOQUIA,290,VEGACHI,00,Zona 00,01,BLOQUE II -  LA ESCUELA I.E. EFE GOMEZ,19
01,ANTIOQUIA,290,VEGACHI,00,Zona 00,02,BLOQUE I -  EL COLEGIO I.E. EFE GOMEZ,14
01,ANTIOQUIA,291,VIGIA DEL FUERTE,99,Zona 99,04,I.E. PLAYA BAJO MURRI,2
01,ANTIOQUIA,291,VIGIA DEL FUERTE,99,Zona 99,05,IE BUCHADO,3
01,ANTIOQUIA,291,VIGIA DEL FUERTE,99,Zona 99,20,IE LOMA MURRI,1
01,ANTIOQUIA,291,VIGIA DEL FUERTE,99,Zona 99,30,IE PALOBLANCO,1
01,ANTIOQUIA,291,VIGIA DEL FUERTE,99,Zona 99,75,IE SAN ALEJANDRO,1
01,ANTIOQUIA,291,VIGIA DEL FUERTE,99,Zona 99,82,IE S.A. DE PADUA,3
01,ANTIOQUIA,291,VIGIA DEL FUERTE,99,Zona 99,86,CASA COMUNAL SAN MIGUEL,2
01,ANTIOQUIA,291,VIGIA DEL FUERTE,99,Zona 99,91,IE ALIANZA PARA EL PROGRESO,3
01,ANTIOQUIA,291,VIGIA DEL FUERTE,00,Zona 00,00,PARQUE EDUCATIVO SABERES ANCESTRALES,9
01,ANTIOQUIA,292,VENECIA,99,Zona 99,01,ESCUELA PIEDRAS BLANCAS,2
01,ANTIOQUIA,292,VENECIA,99,Zona 99,05,IE ORLANDO VELASQUEZ - ESCUELA PRIMARIA,6
01,ANTIOQUIA,292,VENECIA,99,Zona 99,15,ESCUELA EL CERRO,1
01,ANTIOQUIA,292,VENECIA,99,Zona 99,25,ANTIGUO COLEGIO,1
01,ANTIOQUIA,292,VENECIA,99,Zona 99,50,ESCUELA PALENQUE,2
01,ANTIOQUIA,292,VENECIA,00,Zona 00,00,COLISEO MUNICIPAL,23
01,ANTIOQUIA,293,YALI,99,Zona 99,01,C.E.R. LA MASCARA,1
01,ANTIOQUIA,293,YALI,00,Zona 00,00,IE LORENZO YALI - SEDE PRIMARIA,19
01,ANTIOQUIA,295,YARUMAL,98,Zona 98,01,CARCEL,1
01,ANTIOQUIA,295,YARUMAL,99,Zona 99,09,IE CEDEÑO,4
01,ANTIOQUIA,295,YARUMAL,99,Zona 99,11,CASETA COMUNAL EL PUEBLITO,1
01,ANTIOQUIA,295,YARUMAL,99,Zona 99,13,IE EL CEDRO,2
01,ANTIOQUIA,295,YARUMAL,99,Zona 99,15,IE LLANOS DE CUIVA,6
01,ANTIOQUIA,295,YARUMAL,99,Zona 99,16,C.E.R. EL LLANO,1
01,ANTIOQUIA,295,YARUMAL,99,Zona 99,17,IE OCHALI SEDE BASICA PRIMARIA,1
01,ANTIOQUIA,295,YARUMAL,99,Zona 99,50,C.E.R LA LOMA,1
01,ANTIOQUIA,295,YARUMAL,01,Zona 01,01,ESCUELA EPIFANIO MEJIA,6
01,ANTIOQUIA,295,YARUMAL,01,Zona 01,02,IE DE MARIA,18
01,ANTIOQUIA,295,YARUMAL,01,Zona 01,03,ESC MARIA AUXILIADORA,7
01,ANTIOQUIA,295,YARUMAL,01,Zona 01,04,CDI URB JOSE MARIA CORDOBA,6
01,ANTIOQUIA,295,YARUMAL,01,Zona 01,05,ESCUELA NORMAL SUPERIOR LA MERCED,7
01,ANTIOQUIA,295,YARUMAL,01,Zona 01,06,COL.CUBIERTO POLIDEP.DEL CAFE,14
01,ANTIOQUIA,295,YARUMAL,02,Zona 02,01,I.E. SAN LUIS,14
01,ANTIOQUIA,295,YARUMAL,02,Zona 02,02,ESCUELA LA INMACULADA,11
01,ANTIOQUIA,295,YARUMAL,02,Zona 02,03,COLEGIO CATOLICO LA INMACULADA,8
01,ANTIOQUIA,298,YOLOMBO,99,Zona 99,01,I.E.R. LA FLORESTA,4
01,ANTIOQUIA,298,YOLOMBO,99,Zona 99,02,C.E.R.LA ARGENTINA,1
01,ANTIOQUIA,298,YOLOMBO,99,Zona 99,03,C.E.R. VILLANUEVA,4
01,ANTIOQUIA,298,YOLOMBO,99,Zona 99,04,I.E.R. PRESBITERO EDUARDO ZULUAGA,3
01,ANTIOQUIA,298,YOLOMBO,99,Zona 99,05,C.E.R. PEDRO CASTRILLON,1
01,ANTIOQUIA,298,YOLOMBO,99,Zona 99,06,I.E.R. CACHUMBAL,1
01,ANTIOQUIA,298,YOLOMBO,00,Zona 00,01,IE COLEGIO EDUARDO AGUILAR,23
01,ANTIOQUIA,298,YOLOMBO,00,Zona 00,02,PARQ. EDUC. BARBARA CABALLERO Y ALZATE,16
01,ANTIOQUIA,300,YONDO-CASABE,99,Zona 99,25,C.E.R CUATRO BOCAS,1
01,ANTIOQUIA,300,YONDO-CASABE,99,Zona 99,32,I.E.R. ALTO CIMITARRA,2
01,ANTIOQUIA,300,YONDO-CASABE,99,Zona 99,50,C.E.R CAÑO BLANCO,1
01,ANTIOQUIA,300,YONDO-CASABE,99,Zona 99,60,I.E.R. SAN LUIS BELTRAN,2
01,ANTIOQUIA,300,YONDO-CASABE,99,Zona 99,65,I.E.R. SAN MIGUEL DEL TIGRE,5
01,ANTIOQUIA,300,YONDO-CASABE,00,Zona 00,01,IE LUIS EDUARDO DIAZ SECCION PRIMARIA,35
01,ANTIOQUIA,300,YONDO-CASABE,00,Zona 00,02,COLISEO BENITO ARIAS,4
01,ANTIOQUIA,301,ZARAGOZA,99,Zona 99,01,IE LA PAJUILA,4
01,ANTIOQUIA,301,ZARAGOZA,99,Zona 99,02,I.E.R. VEGAS DE SEGOVIA,3
01,ANTIOQUIA,301,ZARAGOZA,99,Zona 99,03,IE NANCY ROCIO GARCIA,5
01,ANTIOQUIA,301,ZARAGOZA,99,Zona 99,04,C.E.R CORDERO ICACAL,2
01,ANTIOQUIA,301,ZARAGOZA,99,Zona 99,05,C.E.R. EL SALTILLO,1
01,ANTIOQUIA,301,ZARAGOZA,99,Zona 99,13,IE SIMON BOLIVAR,4
01,ANTIOQUIA,301,ZARAGOZA,00,Zona 00,01,IE SANTO CRISTO DE ZARAGOZA,32
01,ANTIOQUIA,301,ZARAGOZA,00,Zona 00,02,IE LUIS FERNANDO RESTREPO RESTREPO,15
01,ANTIOQUIA,004,ABEJORRAL,98,Zona 98,01,CARCEL MUNICIPAL,1
01,ANTIOQUIA,004,ABEJORRAL,99,Zona 99,01,IER PANTANILLO,3
01,ANTIOQUIA,004,ABEJORRAL,99,Zona 99,09,CHAGUALAL IER ZOILA DUQUE BAENA,2
01,ANTIOQUIA,004,ABEJORRAL,99,Zona 99,11,GUAICO GRANDE IER CELIA DUQUE,2
01,ANTIOQUIA,004,ABEJORRAL,99,Zona 99,17,PORTUGAL IER ZOILA DUQUE BAENA,1
01,ANTIOQUIA,004,ABEJORRAL,99,Zona 99,40,PURIMA IER CELIA DUQUE,1
01,ANTIOQUIA,004,ABEJORRAL,00,Zona 00,00,I.E. FUNDACION CELIA DUQUE,38
01,ANTIOQUIA,007,ABRIAQUI,99,Zona 99,05,SD  LA ANTIGUA I.E LA MILAGROSA,2
01,ANTIOQUIA,007,ABRIAQUI,00,Zona 00,00,I.E LA MILAGROSA,5
01,ANTIOQUIA,010,ALEJANDRIA,00,Zona 00,00,I.E. PROCESA DELGADO,14
01,ANTIOQUIA,022,ANGELOPOLIS,99,Zona 99,01,I.E  LOS ANGELES,3
01,ANTIOQUIA,022,ANGELOPOLIS,99,Zona 99,70,C.E.R. SAN ISIDRO,1
01,ANTIOQUIA,022,ANGELOPOLIS,00,Zona 00,00,I.E SAN JOSE,15
01,ANTIOQUIA,025,ANGOSTURA,99,Zona 99,06,CER LA QUINTA -SEDE GABRIELA MISTRAL,2
01,ANTIOQUIA,025,ANGOSTURA,99,Zona 99,12,CER SAN FERNANDO,1
01,ANTIOQUIA,025,ANGOSTURA,99,Zona 99,15,IGLESIA DE LLANOS DE CUIVA,1
01,ANTIOQUIA,025,ANGOSTURA,00,Zona 00,00,I.E. MARIANO DE JESUS EUSSE,24
01,ANTIOQUIA,028,ANORI,99,Zona 99,03,C.E.R MERCEDES YEPES,2
01,ANTIOQUIA,028,ANORI,99,Zona 99,05,I.E.R AMANDA POSADA,2
01,ANTIOQUIA,028,ANORI,99,Zona 99,09,C.E.R LA HONDONA,3
01,ANTIOQUIA,028,ANORI,99,Zona 99,13,C.E.R MADRESECA,2
01,ANTIOQUIA,028,ANORI,99,Zona 99,15,C.E.R EL CARMÍN,2
01,ANTIOQUIA,028,ANORI,99,Zona 99,16,C.E.R LA CASITA,1
01,ANTIOQUIA,028,ANORI,99,Zona 99,37,C.E.R SANTO DOMINGO,1
01,ANTIOQUIA,028,ANORI,00,Zona 00,00,COLISEO LUIS RODRIGO CÁRDENAS LOPERA,30
01,ANTIOQUIA,034,ANZA,99,Zona 99,01,I.E.R.  ASCENCION MONTOYA DE TORRES,7
01,ANTIOQUIA,034,ANZA,99,Zona 99,30,I.E.R. LA CEJITA,2
01,ANTIOQUIA,034,ANZA,00,Zona 00,00,I.E ANZA,11
01,ANTIOQUIA,037,ARBOLETES,99,Zona 99,03,C.E.R BUENOS AIRES,4
01,ANTIOQUIA,037,ARBOLETES,99,Zona 99,05,C.E.R EL CARMELO,4
01,ANTIOQUIA,037,ARBOLETES,99,Zona 99,06,I.E SANTA FE DE LAS PLATAS,4
01,ANTIOQUIA,037,ARBOLETES,99,Zona 99,08,I.E LAS NARANJITAS,3
01,ANTIOQUIA,037,ARBOLETES,99,Zona 99,12,I.E GUADUAL,5
01,ANTIOQUIA,037,ARBOLETES,99,Zona 99,20,I.E LA CANDELARIA,5
01,ANTIOQUIA,037,ARBOLETES,99,Zona 99,75,I.E LA TRINIDAD,6
01,ANTIOQUIA,037,ARBOLETES,99,Zona 99,80,I.E PAJILLAL,3
01,ANTIOQUIA,037,ARBOLETES,00,Zona 00,00,I.E. MIGUEL VICENTE GARRIDO,38
01,ANTIOQUIA,039,ARGELIA,99,Zona 99,04,SD EL PITAL I.E. PBRO MARIO ANGEL,1
01,ANTIOQUIA,039,ARGELIA,99,Zona 99,07,SD EL ROSARIO I.E STA. TERESA,1
01,ANTIOQUIA,039,ARGELIA,99,Zona 99,10,SD GUADUALITO I.E. STA TERESA,1
01,ANTIOQUIA,039,ARGELIA,99,Zona 99,20,SD BUENOS AIRES I.E. STA TERESA,1
01,ANTIOQUIA,039,ARGELIA,99,Zona 99,25,SD MESONES I.E STA TERESA,1
01,ANTIOQUIA,039,ARGELIA,99,Zona 99,80,SD SAN AGUSTIN I.E. PBRO MARIO ANGEL,1
01,ANTIOQUIA,039,ARGELIA,00,Zona 00,00,I.E. SANTA TERESA,17
01,ANTIOQUIA,040,ARMENIA,99,Zona 99,01,SD LA HERRADURA I.E ROSA MESA DE MEJIA,2
01,ANTIOQUIA,040,ARMENIA,00,Zona 00,00,I.E ROSA MESA DE MEJIA,12
01,ANTIOQUIA,046,BELMIRA,99,Zona 99,01,I.E.R. LABORES,2
01,ANTIOQUIA,046,BELMIRA,99,Zona 99,03,C.E.R. PLAYAS,4
01,ANTIOQUIA,046,BELMIRA,99,Zona 99,04,I.E.R. CARLOS GONZALEZ.,2
01,ANTIOQUIA,046,BELMIRA,99,Zona 99,05,C.E.R. QUEBRADITAS.,1
01,ANTIOQUIA,046,BELMIRA,00,Zona 00,00,IE PRESBITERO RICARDO LUIS GUTIERREZ T.,10
01,ANTIOQUIA,052,BETANIA,99,Zona 99,40,I.E. LA LIBIA,2
01,ANTIOQUIA,052,BETANIA,00,Zona 00,00,COLISEO ANTONIO ROLDAN BETANCUR,23
01,ANTIOQUIA,061,BURITICA,99,Zona 99,01,I.E.R. URARCO,1
01,ANTIOQUIA,061,BURITICA,99,Zona 99,03,INSPECCION DE POLICIA,2
01,ANTIOQUIA,061,BURITICA,99,Zona 99,04,I.E.R. GUARCO,1
01,ANTIOQUIA,061,BURITICA,99,Zona 99,05,I.E.R. ADOLFO MORENO USUGA,4
01,ANTIOQUIA,061,BURITICA,99,Zona 99,13,CASETA COMUNAL,1
01,ANTIOQUIA,061,BURITICA,00,Zona 00,00,I.E. SANTA GEMA,18
01,ANTIOQUIA,062,BRICEÑO,99,Zona 99,17,C.E.R. BUENAVISTA,1
01,ANTIOQUIA,062,BRICEÑO,99,Zona 99,20,C.E.R. PESCADO CAPITAN,1
01,ANTIOQUIA,062,BRICEÑO,99,Zona 99,22,C.E.R. CHORRILLOS,1
01,ANTIOQUIA,062,BRICEÑO,99,Zona 99,25,C.E.R.VEREDA EL ANIME,1
01,ANTIOQUIA,062,BRICEÑO,99,Zona 99,30,C.E.R. EL ROBLAL,2
01,ANTIOQUIA,062,BRICEÑO,99,Zona 99,40,C.E.R. CHIRI,1
01,ANTIOQUIA,062,BRICEÑO,99,Zona 99,50,C.E. LAS CRUCES,2
01,ANTIOQUIA,062,BRICEÑO,99,Zona 99,60,C.E.R. MORAVIA,1
01,ANTIOQUIA,062,BRICEÑO,00,Zona 00,00,I.E. ANTONIO ROLDAN BETANCUR,13
01,ANTIOQUIA,064,CACERES,99,Zona 99,01,I.E. COL. GUARUMO,10
01,ANTIOQUIA,064,CACERES,99,Zona 99,02,C.E.R EL TIGRE,2
01,ANTIOQUIA,064,CACERES,99,Zona 99,03,SEDE SAN PABLO - C.E.R. EL TIGRE,2
01,ANTIOQUIA,064,CACERES,99,Zona 99,05,I.E. GASPAR DE RODAS JARDIN SEDE 2,16
01,ANTIOQUIA,064,CACERES,99,Zona 99,07,I.E. ESC. MANIZALEZ,3
01,ANTIOQUIA,064,CACERES,99,Zona 99,13,IE AURELIO MEJIA PTO BELGICA,6
01,ANTIOQUIA,064,CACERES,99,Zona 99,29,I.E. ESC. PIAMONTE,4
01,ANTIOQUIA,064,CACERES,00,Zona 00,00,IE MONSEÑOR GERARDO PATIÑO,21
01,ANTIOQUIA,067,CAICEDO,99,Zona 99,23,COLISEO CUBIERTO,1
01,ANTIOQUIA,067,CAICEDO,00,Zona 00,00,SD PRINCIPAL I.E. SAN JUAN BOSCO,20
01,ANTIOQUIA,073,CAMPAMENTO,99,Zona 99,10,ESCUELA LA CHIQUITA,1
01,ANTIOQUIA,073,CAMPAMENTO,99,Zona 99,80,ESCUELA  NORIZAL,2
01,ANTIOQUIA,073,CAMPAMENTO,00,Zona 00,00,COLISEO MUNICIPAL DE CAMPAMENTO,19
01,ANTIOQUIA,078,CARACOLI,99,Zona 99,04,C.E.R. HELOINA BEDOYA,1
01,ANTIOQUIA,078,CARACOLI,99,Zona 99,09,C.E.R. EL BAGRE,1
01,ANTIOQUIA,078,CARACOLI,99,Zona 99,13,C.E.R. GABRIEL HENAO JARAMILLO,1
01,ANTIOQUIA,078,CARACOLI,00,Zona 00,00,I.E. GABRIEL CORREA VELEZ,13
01,ANTIOQUIA,079,CARAMANTA,99,Zona 99,03,I.E.R ALEGRIAS,2
01,ANTIOQUIA,079,CARAMANTA,99,Zona 99,07,C.E.R MARGARITA MARIA,1
01,ANTIOQUIA,079,CARAMANTA,99,Zona 99,37,C.E.R JUAN DE LA CRUZ VALENCIA,1
01,ANTIOQUIA,079,CARAMANTA,00,Zona 00,00,I.E JUAN PABLO GOMEZ OCHOA,12
01,ANTIOQUIA,085,CAROLINA,00,Zona 00,00,I.E. PRESBITERO JULIO TAMAYO C,13
01,ANTIOQUIA,091,CISNEROS,00,Zona 00,00,I.E CISNEROS SEDE LICEO,37
01,ANTIOQUIA,094,COCORNA,99,Zona 99,02,C.E.R. AGUALINDA,1
01,ANTIOQUIA,094,COCORNA,99,Zona 99,03,I.E. EVA TULIA QUINTERO DE TORO,4
01,ANTIOQUIA,094,COCORNA,99,Zona 99,04,I.E.R. CRUCES,2
01,ANTIOQUIA,094,COCORNA,99,Zona 99,13,C.E.R. LA FLORIDA,1
01,ANTIOQUIA,094,COCORNA,99,Zona 99,30,C.E.R. LA GRANJA,2
01,ANTIOQUIA,094,COCORNA,99,Zona 99,55,C.E.R. LA PRIMAVERA,1
01,ANTIOQUIA,094,COCORNA,99,Zona 99,58,C.E.R. PAILANIA,1
01,ANTIOQUIA,094,COCORNA,00,Zona 00,00,I.E. COCORNA,34
01,ANTIOQUIA,097,CONCEPCION,00,Zona 00,00,I. E. PRESBITERO LIBARDO AGUIRRE,13
01,ANTIOQUIA,016,AMALFI,98,Zona 98,01,CARCEL MUNICIPAL,1
01,ANTIOQUIA,016,AMALFI,99,Zona 99,01,I.E.R. LA MANGUITA,1
01,ANTIOQUIA,016,AMALFI,99,Zona 99,10,I.E.R. PORTACHUELO,2
01,ANTIOQUIA,016,AMALFI,00,Zona 00,01,IE EDUARDO FERNANDEZ BOTERO,30
01,ANTIOQUIA,016,AMALFI,00,Zona 00,02,SEDE B  I.E. EDUARDO FERNANDEZ BOTERO,22
01,ANTIOQUIA,055,BETULIA,99,Zona 99,01,E.U. FRANCISCO CESAR,7
01,ANTIOQUIA,055,BETULIA,99,Zona 99,05,CER LEONOR ANGEL VANEGAS,1
01,ANTIOQUIA,055,BETULIA,99,Zona 99,09,CER LA GUAMALA,4
01,ANTIOQUIA,055,BETULIA,99,Zona 99,85,CASETA COMUNAL,2
01,ANTIOQUIA,055,BETULIA,00,Zona 00,01,COLISEO MARIO GIL,13
01,ANTIOQUIA,055,BETULIA,00,Zona 00,02,COLISEO IVAN ARANGO ARCILA,15
01,ANTIOQUIA,076,CAÑASGORDAS,99,Zona 99,05,I.E.R. BERNARDO SIERRA,4
01,ANTIOQUIA,076,CAÑASGORDAS,99,Zona 99,09,I.E.R. JUNTAS DE URAMITA,2
01,ANTIOQUIA,076,CAÑASGORDAS,99,Zona 99,13,CASETA J.A.C LA BALSA,1
01,ANTIOQUIA,076,CAÑASGORDAS,99,Zona 99,22,I.E.R. SAN PASCUAL,3
01,ANTIOQUIA,076,CAÑASGORDAS,00,Zona 00,01,COLISEO MUNICIPAL,31
01,ANTIOQUIA,076,CAÑASGORDAS,00,Zona 00,02,IE NICOLAS GAVIRIA SD ESC URBANA CAÑASGO,2
01,ANTIOQUIA,001,MEDELLIN,10,Zona 10,01,I.E. MARIA MONTESSORI,38
01,ANTIOQUIA,001,MEDELLIN,10,Zona 10,02,ITM CASTILLA,49
01,ANTIOQUIA,001,MEDELLIN,10,Zona 10,03,I.E. DINAMARCA,18
01,ANTIOQUIA,001,MEDELLIN,10,Zona 10,04,I.E. REPUBLICA DE URUGUAY,35
01,ANTIOQUIA,001,MEDELLIN,10,Zona 10,05,IE FELIX DE BEDOUT MORENO,12
01,ANTIOQUIA,001,MEDELLIN,10,Zona 10,06,TERMINAL DE TRANSPORTES DEL NORTE,8
01,ANTIOQUIA,001,MEDELLIN,11,Zona 11,01,I.E. CIUDADELA LAS AMERICAS,34
01,ANTIOQUIA,001,MEDELLIN,11,Zona 11,02,I.E. PROGRESAR,21
01,ANTIOQUIA,001,MEDELLIN,11,Zona 11,03,SEC. ESC. LEON DE GREIFF,19
01,ANTIOQUIA,001,MEDELLIN,11,Zona 11,04,I.E. DOCE DE OCTUBRE,19
01,ANTIOQUIA,001,MEDELLIN,11,Zona 11,05,I.E. JOSE MARIA ESPINOSA PRIETO - CASD,9
01,ANTIOQUIA,001,MEDELLIN,11,Zona 11,06,I.E. EL TRIUNFO SANTA TERESA,11
01,ANTIOQUIA,001,MEDELLIN,11,Zona 11,07,I.E. SANTA JUANA DE LESTONNAC,23
01,ANTIOQUIA,001,MEDELLIN,11,Zona 11,08,I.E. JESUS MARIA VALLE,16
01,ANTIOQUIA,001,MEDELLIN,12,Zona 12,01,I.E.MAESTRO FERNANDO BOTERO,28
01,ANTIOQUIA,001,MEDELLIN,12,Zona 12,02,I.E.ALFREDO COCK ARANGO,28
01,ANTIOQUIA,001,MEDELLIN,12,Zona 12,03,SEC.ESC.SAN MARTIN DE PORRES,20
01,ANTIOQUIA,001,MEDELLIN,12,Zona 12,04,I.E. KENNEDY,31
01,ANTIOQUIA,001,MEDELLIN,12,Zona 12,05,SEC.CONCENTRACION EDUC.KENNEDY,23
01,ANTIOQUIA,001,MEDELLIN,12,Zona 12,06,I.E. JORGE ELIECER GAITAN,11
01,ANTIOQUIA,001,MEDELLIN,12,Zona 12,07,SEC. ESC. EL PEDREGAL,15
01,ANTIOQUIA,001,MEDELLIN,12,Zona 12,08,I.E.LA ESPERANZA,11
01,ANTIOQUIA,001,MEDELLIN,12,Zona 12,09,SENA PEDREGAL,1
01,ANTIOQUIA,001,MEDELLIN,13,Zona 13,01,I.E. SAN VICENTE DE PAUL,28
01,ANTIOQUIA,001,MEDELLIN,13,Zona 13,02,SEC.ESC. EL DIAMANTE,25
01,ANTIOQUIA,001,MEDELLIN,13,Zona 13,03,I.E.EL DIAMANTE (SEDE BTO),26
01,ANTIOQUIA,001,MEDELLIN,13,Zona 13,04,I.E. VILLA DE LA CANDELARIA,32
01,ANTIOQUIA,001,MEDELLIN,13,Zona 13,05,I.E.FE Y ALEGRIA SAN JOSE,17
01,ANTIOQUIA,001,MEDELLIN,13,Zona 13,06,TECNOLOGICO DE ANTIOQUIA,30
01,ANTIOQUIA,001,MEDELLIN,13,Zona 13,07,IE JESUS REY,19
01,ANTIOQUIA,001,MEDELLIN,13,Zona 13,08,IE AURES,16
01,ANTIOQUIA,001,MEDELLIN,14,Zona 14,01,IE MON GERARDO VALENCIA CANO,15
01,ANTIOQUIA,001,MEDELLIN,14,Zona 14,02,I.E. JORGE ROBLEDO,33
01,ANTIOQUIA,001,MEDELLIN,14,Zona 14,03,I.E.MARISCAL ROBLEDO,20
01,ANTIOQUIA,001,MEDELLIN,14,Zona 14,04,SEC.ESC. SANTA MARGARITA,24
01,ANTIOQUIA,001,MEDELLIN,14,Zona 14,05,INSTITUTO FERRINI - SEDE ROBLEDO,39
01,ANTIOQUIA,001,MEDELLIN,14,Zona 14,06,I.E.CAMILO MORA CARRASQUILLA,12
01,ANTIOQUIA,001,MEDELLIN,14,Zona 14,07,COL MAYOR DE ANTIOQUIA,16
01,ANTIOQUIA,001,MEDELLIN,14,Zona 14,08,IE BARRIO OLAYA HERRERA,8
01,ANTIOQUIA,001,MEDELLIN,15,Zona 15,01,I.E. JUAN DE DIOS CARVAJAL,26
01,ANTIOQUIA,001,MEDELLIN,15,Zona 15,02,I.E. JUAN DE LA CRUZ POSADA,14
01,ANTIOQUIA,001,MEDELLIN,15,Zona 15,03,I.E.JOSE CELESTINO MUTIS,16
01,ANTIOQUIA,001,MEDELLIN,15,Zona 15,04,I.T.M. (CAMPUS FRATERNIDAD),11
01,ANTIOQUIA,001,MEDELLIN,15,Zona 15,05,SEC.ESC.JULIA AGUDELO,54
01,ANTIOQUIA,001,MEDELLIN,15,Zona 15,06,SEC.ESC.NIÑO JESUS DE PRAGA,14
01,ANTIOQUIA,001,MEDELLIN,15,Zona 15,07,I.E.SOL DE ORIENTE,10
01,ANTIOQUIA,001,MEDELLIN,15,Zona 15,08,I.E. LUIS CARLOS GALAN SARMIENTO,17
01,ANTIOQUIA,001,MEDELLIN,15,Zona 15,09,IE ESC NORMAL SUPERIOR DE MEDELLIN,9
01,ANTIOQUIA,001,MEDELLIN,16,Zona 16,01,SEC. ESC. VILLA TURBAY,14
01,ANTIOQUIA,001,MEDELLIN,16,Zona 16,02,SECCION ESCUELA HOGAR ANTIOQUIA,9
01,ANTIOQUIA,001,MEDELLIN,16,Zona 16,03,SEC ESC SOR MARIA LUISA COURBIN,23
01,ANTIOQUIA,001,MEDELLIN,16,Zona 16,04,I.E. SAN FRANCISCO DE ASIS,24
01,ANTIOQUIA,001,MEDELLIN,16,Zona 16,05,IE FELIX HENAO BOTERO,24
01,ANTIOQUIA,001,MEDELLIN,16,Zona 16,06,IE GABRIEL GARCIA MARQUEZ,4
01,ANTIOQUIA,001,MEDELLIN,17,Zona 17,01,I.E.GUADALUPANO LA SALLE,32
01,ANTIOQUIA,001,MEDELLIN,17,Zona 17,02,IE MERCEDITAS GOMEZ MARTINEZ,29
01,ANTIOQUIA,001,MEDELLIN,17,Zona 17,03,I.E. MANUEL JOSÉ CAYZEDO,28
01,ANTIOQUIA,001,MEDELLIN,17,Zona 17,04,I.E. LA MILAGROSA,47
01,ANTIOQUIA,001,MEDELLIN,17,Zona 17,05,COLEGIO EUCARISTICO,20
01,ANTIOQUIA,001,MEDELLIN,17,Zona 17,06,SENA - SEDE BUENOS AIRES,10
01,ANTIOQUIA,001,MEDELLIN,17,Zona 17,07,IE ARZOBISPO TULIO BOTERO SALAZAR,9
01,ANTIOQUIA,001,MEDELLIN,17,Zona 17,08,IE MADRE LAURA,11
01,ANTIOQUIA,001,MEDELLIN,17,Zona 17,09,SECCION ESCUELA ALEJANDRO ECHAVARRIA,12
01,ANTIOQUIA,001,MEDELLIN,18,Zona 18,01,I.E. GABRIELA GOMEZ CARVAJAL,28
01,ANTIOQUIA,001,MEDELLIN,18,Zona 18,02,IE FEDERICO OZANAM,34
01,ANTIOQUIA,001,MEDELLIN,18,Zona 18,03,ESC NORMAL SUPERIOR ANTIOQUEÑA,28
01,ANTIOQUIA,001,MEDELLIN,18,Zona 18,04,SEC. ESC. JOSE DE SAN MARTIN,35
01,ANTIOQUIA,001,MEDELLIN,18,Zona 18,05,SEC. ESC. JUAN CANCIO RESTREPO,6
01,ANTIOQUIA,001,MEDELLIN,19,Zona 19,01,I.E. TULIO OSPINA,28
01,ANTIOQUIA,001,MEDELLIN,19,Zona 19,02,SEC. COL. AGUSTIN NIETO CABALLERO,10
01,ANTIOQUIA,001,MEDELLIN,19,Zona 19,03,COLEGIO SALESIANO EL SUFRAGIO,37
01,ANTIOQUIA,001,MEDELLIN,19,Zona 19,04,I.E. CENTRO FORMATIVO DE ANTIOQUIA -CEFA,46
01,ANTIOQUIA,001,MEDELLIN,19,Zona 19,05,I.E. HECTOR ABAD GOMEZ,31
01,ANTIOQUIA,001,MEDELLIN,19,Zona 19,06,I.E. JAVIERA LONDOÑO,12
01,ANTIOQUIA,001,MEDELLIN,19,Zona 19,07,I.T.M. (PRADO CENTRO),10
01,ANTIOQUIA,001,MEDELLIN,20,Zona 20,01,AUDITORIO CC SAN DIEGO TORRE NTE PISO 11,39
01,ANTIOQUIA,001,MEDELLIN,20,Zona 20,02,ALCALDIA MUNICIPAL (SOTANO),40
01,ANTIOQUIA,001,MEDELLIN,20,Zona 20,03,SENA,16
01,ANTIOQUIA,001,MEDELLIN,20,Zona 20,04,UNIVERSIDAD CLARETIANA,8
01,ANTIOQUIA,001,MEDELLIN,20,Zona 20,05,PLAZA MINORISTA JOSE MARIA VILLA,3
01,ANTIOQUIA,001,MEDELLIN,21,Zona 21,01,INSTITUTO JORGE ROBLEDO,25
01,ANTIOQUIA,001,MEDELLIN,21,Zona 21,02,I.E. MATER DEI,26
01,ANTIOQUIA,001,MEDELLIN,21,Zona 21,03,I.E. MARCO FIDEL SUAREZ,27
01,ANTIOQUIA,001,MEDELLIN,21,Zona 21,04,COL. CALASANZ (FEM) CAMPESTRE ESCOLAPIAS,30
01,ANTIOQUIA,001,MEDELLIN,21,Zona 21,05,COL. SAN IGNACIO DE LOYOLA - SD MAYORES,11
01,ANTIOQUIA,001,MEDELLIN,21,Zona 21,06,SEC. ESC. CARLOS OBANDO VELASCO,6
01,ANTIOQUIA,001,MEDELLIN,21,Zona 21,07,INST. UNIVERSITARIA SALAZAR Y HERRERA,2
01,ANTIOQUIA,001,MEDELLIN,22,Zona 22,01,SEC.ESC. AGRUPACION COLOMBIA,28
01,ANTIOQUIA,001,MEDELLIN,22,Zona 22,02,I.E. LUCRECIO JARAMILLO VELEZ,39
01,ANTIOQUIA,001,MEDELLIN,22,Zona 22,03,COLEGIO BETHLEMITAS,21
01,ANTIOQUIA,001,MEDELLIN,22,Zona 22,04,COL. SAN IGNACIO DE LOYOLA - SD INFANTIL,14
01,ANTIOQUIA,001,MEDELLIN,22,Zona 22,05,CORP. UNIVERSITARIA ADVENTISTA - UNAC,18
01,ANTIOQUIA,001,MEDELLIN,22,Zona 22,06,UNIVERSIDAD PONTIFICIA BOLIVARIANA,37
01,ANTIOQUIA,001,MEDELLIN,23,Zona 23,01,SEC. ESC. SANTA LUCIA,28
01,ANTIOQUIA,001,MEDELLIN,23,Zona 23,02,I.E. CONCEJO DE MEDELLIN,47
01,ANTIOQUIA,001,MEDELLIN,23,Zona 23,03,I.E. LA PIEDAD,24
01,ANTIOQUIA,001,MEDELLIN,23,Zona 23,04,I.E.SANTA ROSA DE LIMA,19
01,ANTIOQUIA,001,MEDELLIN,23,Zona 23,05,IE LOLA GONZALEZ,16
01,ANTIOQUIA,001,MEDELLIN,23,Zona 23,06,INST. FERRINI - SD CALASANZ,20
01,ANTIOQUIA,001,MEDELLIN,24,Zona 24,01,COLEGIO LATINO,21
01,ANTIOQUIA,001,MEDELLIN,24,Zona 24,02,SEC.ESC.RAFAEL URIBE URIBE,11
01,ANTIOQUIA,001,MEDELLIN,24,Zona 24,03,SEC. ESC. PEDRO DE CASTRO,15
01,ANTIOQUIA,001,MEDELLIN,24,Zona 24,04,I.E.FRANCISCO ANTONIO ZEA,15
01,ANTIOQUIA,001,MEDELLIN,24,Zona 24,05,I.E AMERICA,11
01,ANTIOQUIA,001,MEDELLIN,24,Zona 24,06,C4TA CIUDADELA,9
01,ANTIOQUIA,001,MEDELLIN,24,Zona 24,07,LICEO SALAZAR Y HERRERA,40
01,ANTIOQUIA,001,MEDELLIN,25,Zona 25,01,I.E. BLANQUIZAL,20
01,ANTIOQUIA,001,MEDELLIN,25,Zona 25,02,SEC. ESC. REPUBLICA DE PANAMA,17
01,ANTIOQUIA,001,MEDELLIN,25,Zona 25,03,I.E JUAN XXIII,18
01,ANTIOQUIA,001,MEDELLIN,25,Zona 25,04,SEC. ESC. MONSEÑOR PERDOMO,28
01,ANTIOQUIA,001,MEDELLIN,25,Zona 25,05,SEC.ESC.PIO XII,23
01,ANTIOQUIA,001,MEDELLIN,25,Zona 25,06,I.E.STELLA VELEZ LONDOÑO,7
01,ANTIOQUIA,001,MEDELLIN,25,Zona 25,07,SEC ESC JUAN DE DIOS ARANZAZU,9
01,ANTIOQUIA,001,MEDELLIN,26,Zona 26,01,I.E.LA INDEPENDENCIA,38
01,ANTIOQUIA,001,MEDELLIN,26,Zona 26,02,SEC.ESC.EL SOCORRO,18
01,ANTIOQUIA,001,MEDELLIN,26,Zona 26,03,SEC. ESC. BETANIA,27
01,ANTIOQUIA,001,MEDELLIN,26,Zona 26,04,I.E.EL CORAZON,11
01,ANTIOQUIA,001,MEDELLIN,26,Zona 26,05,I.E.EDUARDO SANTOS,15
01,ANTIOQUIA,001,MEDELLIN,26,Zona 26,06,I.E. CARLOS VIECO ORTIZ,19
01,ANTIOQUIA,001,MEDELLIN,26,Zona 26,07,SEC. ESC. AMOR AL NIÑO,13
01,ANTIOQUIA,001,MEDELLIN,26,Zona 26,08,I.E FUNDADORES,16
01,ANTIOQUIA,001,MEDELLIN,26,Zona 26,09,SEC. ESC. VEINTE DE JULIO,3
01,ANTIOQUIA,001,MEDELLIN,27,Zona 27,01,PARQUE COMERCIAL EL TESORO,45
01,ANTIOQUIA,001,MEDELLIN,27,Zona 27,02,COL.MARYMOUNT,38
01,ANTIOQUIA,001,MEDELLIN,27,Zona 27,03,COLEGIO SAN LUCAS,18
01,ANTIOQUIA,001,MEDELLIN,27,Zona 27,04,SEC. ESC. GUILLERMO ECHAVARRIA MISAS,8
01,ANTIOQUIA,001,MEDELLIN,27,Zona 27,05,COLEGIO CAMPESTRE MANZANARES,4
01,ANTIOQUIA,001,MEDELLIN,27,Zona 27,06,COLEGIO SAN JOSE DE LA SALLE,3
01,ANTIOQUIA,001,MEDELLIN,28,Zona 28,01,POLITECNICO JAIME ISAZA CADAVID,38
01,ANTIOQUIA,001,MEDELLIN,28,Zona 28,02,I.E. INEM JOSE FELIX DE RESTREPO,30
01,ANTIOQUIA,001,MEDELLIN,28,Zona 28,03,UNIVERSIDAD EAFIT,37
01,ANTIOQUIA,001,MEDELLIN,28,Zona 28,04,COL DE LA COMPAÑIA DE MARIA LA ENSEÑANZA,23
01,ANTIOQUIA,001,MEDELLIN,28,Zona 28,05,COL. SAN JOSE DE LAS VEGAS,31
01,ANTIOQUIA,001,MEDELLIN,28,Zona 28,06,COLEGIO PINARES ALTOVERDE,4
01,ANTIOQUIA,001,MEDELLIN,29,Zona 29,01,I.E. CAMILO C. RESTREPO,21
01,ANTIOQUIA,001,MEDELLIN,29,Zona 29,02,I.E.BENJAMIN HERRERA,23
01,ANTIOQUIA,001,MEDELLIN,29,Zona 29,03,I.E.CRISTO REY,28
01,ANTIOQUIA,001,MEDELLIN,29,Zona 29,04,SEC. ESC. REPUBLICA DE COSTA RICA,24
01,ANTIOQUIA,001,MEDELLIN,29,Zona 29,05,SEC.ESC.LA COLINA,20
01,ANTIOQUIA,001,MEDELLIN,29,Zona 29,06,I.E. LA SALLE DE CAMPOAMOR,21
01,ANTIOQUIA,001,MEDELLIN,29,Zona 29,07,SEC ESC CRISTO REY APOLO,10
01,ANTIOQUIA,001,MEDELLIN,29,Zona 29,08,SEC. ESC. SANTISIMA TRINIDAD,1
01,ANTIOQUIA,001,MEDELLIN,30,Zona 30,01,I.E. FATIMA NUTIBARA,28
01,ANTIOQUIA,001,MEDELLIN,30,Zona 30,02,SEC. ESC. SOFIA OSPINA DE NAVARRO,15
01,ANTIOQUIA,001,MEDELLIN,30,Zona 30,03,I.E.JUAN MARIA CESPEDES,42
01,ANTIOQUIA,001,MEDELLIN,30,Zona 30,04,I.E. GUILLERMO VALENCIA,23
01,ANTIOQUIA,001,MEDELLIN,30,Zona 30,05,UNID.DEPORTIVA ANDRES ESCOBAR,12
01,ANTIOQUIA,001,MEDELLIN,30,Zona 30,06,LICEO SAN RAFAEL,20
01,ANTIOQUIA,001,MEDELLIN,30,Zona 30,07,COLEGIO SAN JUAN BOSCO,10
01,ANTIOQUIA,001,MEDELLIN,30,Zona 30,08,IE YERMO Y PARRES,5
01,ANTIOQUIA,001,MEDELLIN,30,Zona 30,09,SECCION ESCUELA CARLOS FRANCO,2
01,ANTIOQUIA,001,MEDELLIN,30,Zona 30,10,INSTITUCION EDUCATIVA ROSALIA SUAREZ,13
01,ANTIOQUIA,001,MEDELLIN,31,Zona 31,01,I.E. OCTAVIO HARRY - JACQUELINE KENNEDY,20
01,ANTIOQUIA,001,MEDELLIN,31,Zona 31,02,I.E.JOSE MARIA BERNAL,30
01,ANTIOQUIA,001,MEDELLIN,31,Zona 31,03,INSTITUTO SAN CARLOS,30
01,ANTIOQUIA,001,MEDELLIN,31,Zona 31,04,I.E.ALCALDIA DE MEDELLIN,32
01,ANTIOQUIA,001,MEDELLIN,31,Zona 31,05,COLEGIO PADRE MANYANET,22
01,ANTIOQUIA,001,MEDELLIN,31,Zona 31,06,I.E. CAPILLA DEL ROSARIO,13
01,ANTIOQUIA,001,MEDELLIN,31,Zona 31,07,IE ANTONIO RICAURTE,17
01,ANTIOQUIA,001,MEDELLIN,31,Zona 31,08,COL LA INMACULADA,29
01,ANTIOQUIA,001,MEDELLIN,32,Zona 32,01,I.E.RAMON GIRALDO CEBALLOS,30
01,ANTIOQUIA,001,MEDELLIN,32,Zona 32,02,UNIVERSIDAD DE MEDELLIN,39
01,ANTIOQUIA,001,MEDELLIN,32,Zona 32,03,I.E HORACIO MUÑOZ SUESCUN,23
01,ANTIOQUIA,001,MEDELLIN,32,Zona 32,04,I.E.REPUBLICA DE VENEZUELA,20
01,ANTIOQUIA,001,MEDELLIN,32,Zona 32,05,I. E. SAN ROBERTO BELARMINO,15
01,ANTIOQUIA,001,MEDELLIN,32,Zona 32,06,INST. SALESIANO PEDRO JUSTO BERRIO,6
01,ANTIOQUIA,001,MEDELLIN,32,Zona 32,07,IE PEDRO OCTAVIO AMADO,6
01,ANTIOQUIA,001,MEDELLIN,90,Zona 90,01,ESTADIO ATANASIO GIRARDOT,60
01,ANTIOQUIA,001,MEDELLIN,90,Zona 90,02,PLAZA MAYOR CTRO EXPOS. CONVEN,56
01,ANTIOQUIA,001,MEDELLIN,98,Zona 98,01,RECLUSION DE MUJERES PEDREGAL MEDELLIN,1
01,ANTIOQUIA,001,MEDELLIN,98,Zona 98,02,ESTABLECIMIENTO CARCELARIO PEDREGAL MEDE,1
01,ANTIOQUIA,001,MEDELLIN,98,Zona 98,03,CENTRO CARLOS LLERAS RESTREPO,2
01,ANTIOQUIA,001,MEDELLIN,99,Zona 99,01,CENTRO EDUCATIVO EL MANZANILLO,4
01,ANTIOQUIA,001,MEDELLIN,99,Zona 99,02,C.E. MARIA PAULINA TABORDA,1
01,ANTIOQUIA,001,MEDELLIN,99,Zona 99,03,I.E. DEBORA ARANGO PEREZ,27
01,ANTIOQUIA,001,MEDELLIN,99,Zona 99,04,COLEGIO PACHA MAMA,2
01,ANTIOQUIA,001,MEDELLIN,99,Zona 99,10,IE FE Y ALEGRIA EL LIMONAR,26
01,ANTIOQUIA,001,MEDELLIN,99,Zona 99,17,IE HECTOR ROGELIO MONTOYA,8
01,ANTIOQUIA,001,MEDELLIN,99,Zona 99,33,CASA DE GOBIERNO SANTA ELENA,9
01,ANTIOQUIA,001,MEDELLIN,99,Zona 99,34,COLISEO SANTA ELENA,14
01,ANTIOQUIA,001,MEDELLIN,99,Zona 99,35,C.E. JUAN ANDRES PATIÑO,2
01,ANTIOQUIA,001,MEDELLIN,99,Zona 99,36,C.E. MEDIA LUNA,1
01,ANTIOQUIA,001,MEDELLIN,99,Zona 99,A1,IE SAN ANTONIO DE PRADO,45
01,ANTIOQUIA,001,MEDELLIN,99,Zona 99,A2,I.E. MANUEL J. BETANCUR,40
01,ANTIOQUIA,001,MEDELLIN,99,Zona 99,A3,IE MONSEÑOR VICTOR WIEDEMANN,17
01,ANTIOQUIA,001,MEDELLIN,99,Zona 99,A4,CENTRO DE DESARROLLO SOCIAL (CDS),20
01,ANTIOQUIA,001,MEDELLIN,99,Zona 99,A5,PAR. BIBLIOTECA JOSE HORACIO BETANCUR,12
01,ANTIOQUIA,001,MEDELLIN,99,Zona 99,A6,IE ANGELA RESTREPO MORENO,9
01,ANTIOQUIA,001,MEDELLIN,99,Zona 99,B1,IE SAN CRISTOBAL,37
01,ANTIOQUIA,001,MEDELLIN,99,Zona 99,B2,PARQUE BIBLIOTECA FERNANDO BOTERO,37
01,ANTIOQUIA,001,MEDELLIN,99,Zona 99,B3,IE LUSITANIA,31
01,ANTIOQUIA,001,MEDELLIN,99,Zona 99,B4,I.E. PRESBITERO JUAN J. ESCOBAR,16
01,ANTIOQUIA,001,MEDELLIN,99,Zona 99,B5,IE LOMA HERMOSA,9
01,ANTIOQUIA,001,MEDELLIN,99,Zona 99,B6,SEC ESC JUAN NEPOMUCENO MORALES,10
01,ANTIOQUIA,001,MEDELLIN,99,Zona 99,B7,IE ALFONSO UPEGUI OROZCO,10
01,ANTIOQUIA,001,MEDELLIN,01,Zona 01,01,SEC. ESC. LA ESPERANZA No 2,36
01,ANTIOQUIA,001,MEDELLIN,01,Zona 01,02,INST.EDUC. LA CANDELARIA,44
01,ANTIOQUIA,001,MEDELLIN,01,Zona 01,03,IE MARIA DE LOS ANGELES CANO MARQUEZ,25
01,ANTIOQUIA,001,MEDELLIN,01,Zona 01,04,SEC. ESC. MEDELLIN,26
01,ANTIOQUIA,001,MEDELLIN,01,Zona 01,05,I.E.FE Y ALEGRIA GRANIZAL,15
01,ANTIOQUIA,001,MEDELLIN,01,Zona 01,06,IE LA AVANZADA,7
01,ANTIOQUIA,001,MEDELLIN,01,Zona 01,07,SEC. ESC. CARPINELO AMAPOLITA,7
01,ANTIOQUIA,001,MEDELLIN,01,Zona 01,08,IE ANTONIO DERKA,21
01,ANTIOQUIA,001,MEDELLIN,01,Zona 01,09,SEC. ESC. NUEVO HORIZONTE 2,32
01,ANTIOQUIA,001,MEDELLIN,02,Zona 02,01,I.E. NUEVO HORIZONTE - PAULO VI,29
01,ANTIOQUIA,001,MEDELLIN,02,Zona 02,02,SEC. ESC. DIVINA PROVIDENCIA,34
01,ANTIOQUIA,001,MEDELLIN,02,Zona 02,03,SEC.ESC.AGRIPINA MONTES DEL VALLE,22
01,ANTIOQUIA,001,MEDELLIN,02,Zona 02,04,I.E.FEDERICO CARRASQUILLA,16
01,ANTIOQUIA,001,MEDELLIN,02,Zona 02,05,I.E.GUADALUPE,25
01,ANTIOQUIA,001,MEDELLIN,03,Zona 03,01,I.E.  ASIA IGNACIANA,41
01,ANTIOQUIA,001,MEDELLIN,03,Zona 03,02,SEC.ESC.  MANUEL URIBE ANGEL,42
01,ANTIOQUIA,001,MEDELLIN,03,Zona 03,03,SEC. ESC. FIDEL ANTONIO SALDARRIAGA,25
01,ANTIOQUIA,001,MEDELLIN,03,Zona 03,04,SEC ESC LA FRONTERA,12
01,ANTIOQUIA,001,MEDELLIN,04,Zona 04,01,I.E. BARRIO SANTA CRUZ,32
01,ANTIOQUIA,001,MEDELLIN,04,Zona 04,02,SEC. ESC. ARZOBISPO GARCIA,29
01,ANTIOQUIA,001,MEDELLIN,04,Zona 04,03,I.E. REPUBLICA DE HONDURAS,27
01,ANTIOQUIA,001,MEDELLIN,05,Zona 05,01,I.E. MONTECARLO GUILLERMO GAVIRIA CORREA,44
01,ANTIOQUIA,001,MEDELLIN,05,Zona 05,02,IE LAS NIEVES,35
01,ANTIOQUIA,001,MEDELLIN,05,Zona 05,03,I.E. MANUELA BELTRAN,25
01,ANTIOQUIA,001,MEDELLIN,05,Zona 05,04,SEC ESC SAN JOSE (IE MANUELA BELTRAN),42
01,ANTIOQUIA,001,MEDELLIN,05,Zona 05,05,I.E.RAMON MUNERA LOPERA,19
01,ANTIOQUIA,001,MEDELLIN,05,Zona 05,06,IE BELLO ORIENTE,8
01,ANTIOQUIA,001,MEDELLIN,05,Zona 05,07,IE JOSE ROBERTO VASQUEZ,11
01,ANTIOQUIA,001,MEDELLIN,05,Zona 05,08,SEC. ESC. BALDOMERO SANIN CANO,20
01,ANTIOQUIA,001,MEDELLIN,06,Zona 06,01,I.E. JOSE ANTONIO GALAN,34
01,ANTIOQUIA,001,MEDELLIN,06,Zona 06,02,I.E. HERNAN TORO AGUDELO,39
01,ANTIOQUIA,001,MEDELLIN,06,Zona 06,03,IE RODRIGO LARA BONILLA - SEDE LA SUSANA,23
01,ANTIOQUIA,001,MEDELLIN,06,Zona 06,04,IE SAN JUAN BAUTISTA DE LA SALLE,14
01,ANTIOQUIA,001,MEDELLIN,07,Zona 07,01,COL AGUSTINIANO DE SAN NICOLAS,36
01,ANTIOQUIA,001,MEDELLIN,07,Zona 07,02,I.E. MONSEÑOR FRANCISCO CRISTOBAL TORO,30
01,ANTIOQUIA,001,MEDELLIN,07,Zona 07,03,I.E. GILBERTO ALZATE AVENDAÑO,33
01,ANTIOQUIA,001,MEDELLIN,07,Zona 07,04,I.E. CAMPO VALDES,35
01,ANTIOQUIA,001,MEDELLIN,07,Zona 07,05,I.E.SAN JUAN BOSCO,10
01,ANTIOQUIA,001,MEDELLIN,07,Zona 07,06,I.E. JOSE EUSEBIO CARO,10
01,ANTIOQUIA,001,MEDELLIN,07,Zona 07,07,IE LORENZA VILLEGAS DE SANTOS,10
01,ANTIOQUIA,001,MEDELLIN,07,Zona 07,08,SEC ESC TOMAS CARRASQUILLA No 1,5
01,ANTIOQUIA,001,MEDELLIN,08,Zona 08,01,I.E. ALFONSO MORA NARANJO,28
01,ANTIOQUIA,001,MEDELLIN,08,Zona 08,02,I.E. JOSE MARIA BRAVO MARQUEZ,22
01,ANTIOQUIA,001,MEDELLIN,08,Zona 08,03,I.E. FRANCISCO MIRANDA,41
01,ANTIOQUIA,001,MEDELLIN,08,Zona 08,04,I.E. JAVIERA LONDOÑO SEVILLA,35
01,ANTIOQUIA,001,MEDELLIN,08,Zona 08,05,I.E. EL BOSQUE,14
01,ANTIOQUIA,001,MEDELLIN,08,Zona 08,06,SEC ESC JULIO ARBOLEDA,7
01,ANTIOQUIA,001,MEDELLIN,08,Zona 08,07,SEC. ESC. PORFIRIO BARBA JACOB,3
01,ANTIOQUIA,001,MEDELLIN,08,Zona 08,08,IE FE Y ALEGRIA LUIS AMIGO MORAVIA,8
01,ANTIOQUIA,001,MEDELLIN,09,Zona 09,01,I.E. JULIO CESAR GARCIA,30
01,ANTIOQUIA,001,MEDELLIN,09,Zona 09,02,IE DIEGO ECHAVARRIA MISAS,32
01,ANTIOQUIA,001,MEDELLIN,09,Zona 09,03,I.E. PBRO ANTONIO JOSE BERNAL LONDOÑO SJ,39
01,ANTIOQUIA,001,MEDELLIN,09,Zona 09,04,I.E.SEBASTIAN DE BELALCAZAR,9
01,ANTIOQUIA,001,MEDELLIN,09,Zona 09,05,SEC ESC TRICENTENARIO,27
01,ANTIOQUIA,001,MEDELLIN,09,Zona 09,06,SEC ESC TOSCANA,8
01,ANTIOQUIA,013,AMAGA,98,Zona 98,01,CARCEL MUNICIPAL,1
01,ANTIOQUIA,013,AMAGA,99,Zona 99,01,I.E.R. URBANO RUIZ,2
01,ANTIOQUIA,013,AMAGA,99,Zona 99,03,I.E BELISARIO BETANCUR C,3
01,ANTIOQUIA,013,AMAGA,99,Zona 99,04,I.E. SAN FERNANDO DE AMAGA ,4
01,ANTIOQUIA,013,AMAGA,99,Zona 99,05,I.E PASCUAL CORREA F. SEDE BACHILLERATO,7
01,ANTIOQUIA,013,AMAGA,01,Zona 01,01,E.U. ALEJANDRO TORO,13
01,ANTIOQUIA,013,AMAGA,01,Zona 01,02,I.E. NORMAL SUPERIOR AMAGA,14
01,ANTIOQUIA,013,AMAGA,02,Zona 02,01,ESCUELA URBANA MARIA AUXILIADORA,16
01,ANTIOQUIA,013,AMAGA,02,Zona 02,02,COLISEO CTO JUAN MONTOYA CORREA,14
01,ANTIOQUIA,019,ANDES,98,Zona 98,01,CARCEL,1
01,ANTIOQUIA,019,ANDES,99,Zona 99,01,I.E.R. FELIPE HENAO JARAMILLO,4
01,ANTIOQUIA,019,ANDES,99,Zona 99,03,C.E.R. GABRIEL ALVAREZ RESTREPO,2
01,ANTIOQUIA,019,ANDES,99,Zona 99,05,IE SAN JOSE -SEDE PRIMARIA,3
01,ANTIOQUIA,019,ANDES,99,Zona 99,06,I.E.R.CARBONERA,2
01,ANTIOQUIA,019,ANDES,99,Zona 99,09,I.E.R. SANTA INES,4
01,ANTIOQUIA,019,ANDES,99,Zona 99,13,IE SANTA RITA,7
01,ANTIOQUIA,019,ANDES,99,Zona 99,17,IE TAPARTO,7
01,ANTIOQUIA,019,ANDES,99,Zona 99,23,IE SAN PERUCHITO,3
01,ANTIOQUIA,019,ANDES,01,Zona 01,01,IE SAN JUAN DE LOS ANDES,15
01,ANTIOQUIA,019,ANDES,01,Zona 01,02,IE MARIA AUXILIADORA,8
01,ANTIOQUIA,019,ANDES,01,Zona 01,03,C DE DESARROLLO INFANTIL CDI CAFETERITOS,7
01,ANTIOQUIA,019,ANDES,02,Zona 02,01,IE MARCO FIDEL SUAREZ,10
01,ANTIOQUIA,019,ANDES,02,Zona 02,02,PLACA POLIDEPORTIVA,9
01,ANTIOQUIA,019,ANDES,03,Zona 03,01,COLISEO PEDRO ANTONIO RPO ESCO,10
01,ANTIOQUIA,019,ANDES,03,Zona 03,02,LICEO JUAN DE DIOS URIBE,18
01,ANTIOQUIA,019,ANDES,03,Zona 03,03,SEDE EDUCATIVA LA AGUADA,1
01,ANTIOQUIA,031,ANTIOQUIA,99,Zona 99,01,CER SANTA INES,1
01,ANTIOQUIA,031,ANTIOQUIA,99,Zona 99,02,ESCUELA MORADITAS CENTRAL,2
01,ANTIOQUIA,031,ANTIOQUIA,99,Zona 99,04,CER EL PESCADO,2
01,ANTIOQUIA,031,ANTIOQUIA,99,Zona 99,05,CER CACIQUE GUASABRA,2
01,ANTIOQUIA,031,ANTIOQUIA,99,Zona 99,07,CER LAS AZULES,1
01,ANTIOQUIA,031,ANTIOQUIA,99,Zona 99,09,CER MANUEL MARIA TORO,2
01,ANTIOQUIA,031,ANTIOQUIA,99,Zona 99,15,CER SOCORRO DE SABANAS,2
01,ANTIOQUIA,031,ANTIOQUIA,01,Zona 01,01,I.E. SAN LUIS GONZAGA,14
01,ANTIOQUIA,031,ANTIOQUIA,01,Zona 01,02,COLISEO HERNAN SEPULVEDA,15
01,ANTIOQUIA,031,ANTIOQUIA,02,Zona 02,01,IE ARTURO VELASQUEZ ORTIZ,18
01,ANTIOQUIA,031,ANTIOQUIA,02,Zona 02,02,ESCUELA MARTINEZ PARDO,16
01,ANTIOQUIA,035,APARTADO,98,Zona 98,01,CARCEL Y PENIT DE MEDIA SEG DE APARTADO,1
01,ANTIOQUIA,035,APARTADO,99,Zona 99,15,I.E.R CHURIDO PUEBLO,6
01,ANTIOQUIA,035,APARTADO,99,Zona 99,21,I.E.R PUERTO GIRON,3
01,ANTIOQUIA,035,APARTADO,99,Zona 99,25,I.E.R. BARTOLOME CATAÑO VALLEJO,6
01,ANTIOQUIA,035,APARTADO,99,Zona 99,50,I.E.R. EL REPOSO,16
01,ANTIOQUIA,035,APARTADO,01,Zona 01,01,I.E ALFONSO LOPEZ,25
01,ANTIOQUIA,035,APARTADO,01,Zona 01,02,I.E. POLICARPA SALAVARRIETA,25
01,ANTIOQUIA,035,APARTADO,01,Zona 01,03,I.E. LA PAZ,15
01,ANTIOQUIA,035,APARTADO,01,Zona 01,04,SD 20 DE ENERO I.E. LA PAZ,10
01,ANTIOQUIA,035,APARTADO,02,Zona 02,01,I. E. SAN FRANCISCO DE ASIS,26
01,ANTIOQUIA,035,APARTADO,02,Zona 02,02,I. E. SAN PEDRO CLAVER,25
01,ANTIOQUIA,035,APARTADO,02,Zona 02,03,CDI ALEGRES GIRASOLES,14
01,ANTIOQUIA,035,APARTADO,02,Zona 02,04,I. E. SANTA MARIA LA ANTIGUA,5
01,ANTIOQUIA,035,APARTADO,03,Zona 03,01,UNIVERSIDAD COOPERATIVA,2
01,ANTIOQUIA,035,APARTADO,03,Zona 03,02,I.E. HERACLIO MENA PADILLA,25
01,ANTIOQUIA,035,APARTADO,03,Zona 03,03,COLEGIO ADVENTISTA,17
01,ANTIOQUIA,035,APARTADO,03,Zona 03,04,I.E CADENA LAS PLAYAS,6
01,ANTIOQUIA,035,APARTADO,04,Zona 04,01,I. E. CAMPO ALEGRE,7
01,ANTIOQUIA,035,APARTADO,04,Zona 04,02,I.E. MADRE LAURA,14
01,ANTIOQUIA,035,APARTADO,04,Zona 04,03,COLEGIO COOPERATIVO CARB,18
01,ANTIOQUIA,035,APARTADO,04,Zona 04,04,I.E. JOSE JOAQUIN VELEZ,21
01,ANTIOQUIA,035,APARTADO,04,Zona 04,05,I.E JOSE CELESTINO MUTIS,15
01,ANTIOQUIA,035,APARTADO,04,Zona 04,06,COLISEO CUBIERTO ANTONIO ROLDAN BETANCUR,18
01,ANTIOQUIA,035,APARTADO,04,Zona 04,07,SENA REGIONAL APARTADO,3
01,ANTIOQUIA,043,BARBOSA,98,Zona 98,01,CARCEL,1
01,ANTIOQUIA,043,BARBOSA,99,Zona 99,01,I.E.R. EL HATILLO,17
01,ANTIOQUIA,043,BARBOSA,01,Zona 01,01,PBRO. LUIS EDUARDO PEREZ MOLINA,18
01,ANTIOQUIA,043,BARBOSA,01,Zona 01,02,I.E. MANUEL JOSE CAICEDO,24
01,ANTIOQUIA,043,BARBOSA,01,Zona 01,03,IE LUIS EDUARDO ARIAS,23
01,ANTIOQUIA,043,BARBOSA,02,Zona 02,01,CENTRO DE EDUCACION SUPERIOR,7
01,ANTIOQUIA,043,BARBOSA,02,Zona 02,02,COL. COOPERATIVO SIMÓN BOLIVAR,8
01,ANTIOQUIA,043,BARBOSA,02,Zona 02,03,C.A.S DIEGO FERNANDEZ BARBOSA,7
01,ANTIOQUIA,043,BARBOSA,02,Zona 02,04,UNIDAD DEPORTIVA LOS BUCAROS,27
01,ANTIOQUIA,043,BARBOSA,02,Zona 02,05,BIBLIOTECA ISOLDA ECHAVARRIA,6
01,ANTIOQUIA,049,BELLO,10,Zona 10,01,I.E. LAS VEGAS,15
01,ANTIOQUIA,049,BELLO,10,Zona 10,02,I.E FONTIDUEÑO JAIME ARANGO R,25
01,ANTIOQUIA,049,BELLO,10,Zona 10,03,SEC PRIMARIA IE FONTIDUEÑO JAIME ARANGO,1
01,ANTIOQUIA,049,BELLO,11,Zona 11,01,IE ZAMORA CENTENARIO,13
01,ANTIOQUIA,049,BELLO,11,Zona 11,02,I.E FEDERICO SIERRA ARANGO,30
01,ANTIOQUIA,049,BELLO,11,Zona 11,03,I.E. LA GABRIELA,23
01,ANTIOQUIA,049,BELLO,11,Zona 11,04,SD 2 I.E. LA GABRIELA,4
01,ANTIOQUIA,049,BELLO,90,Zona 90,01,I.E. ANDRES BELLO,22
01,ANTIOQUIA,049,BELLO,90,Zona 90,02,UNIVERSIDAD PUBLICA DE BELLO,26
01,ANTIOQUIA,049,BELLO,98,Zona 98,01,CARCEL NACIONAL DE BELLAVISTA,2
01,ANTIOQUIA,049,BELLO,99,Zona 99,01,I.E. SAN FELIX,8
01,ANTIOQUIA,049,BELLO,99,Zona 99,02,I.E LA UNION SAN FELIX,1
01,ANTIOQUIA,049,BELLO,99,Zona 99,03,SD JOSE MARIA GRIJELMO FE Y ALEGRIA,5
01,ANTIOQUIA,049,BELLO,01,Zona 01,01,MEGACOLEGIO I.E. BARRIO PARIS,16
01,ANTIOQUIA,049,BELLO,01,Zona 01,02,SD PRINCIPAL I.E. ALBERTO DIAZ MUÑOZ,21
01,ANTIOQUIA,049,BELLO,01,Zona 01,03,SD PRADERA I.E ALBERTO DIAZ MUÑOZ,9
01,ANTIOQUIA,049,BELLO,01,Zona 01,04,IE BARRIO PARIS,13
01,ANTIOQUIA,049,BELLO,01,Zona 01,05,I.E. SAN JUDAS BARRIO PARIS,2
01,ANTIOQUIA,049,BELLO,01,Zona 01,06,CENTRO EDUCAT RAQUEL JARAMILLO,25
01,ANTIOQUIA,049,BELLO,02,Zona 02,01,I.E. ATANASIO GIRARDOT,43
01,ANTIOQUIA,049,BELLO,02,Zona 02,02,COLEGIO PARROQUIAL SAN FCO DE ASIS,29
01,ANTIOQUIA,049,BELLO,02,Zona 02,03,COLEGIO SAN BUENAVENTURA,23
01,ANTIOQUIA,049,BELLO,02,Zona 02,04,COLEGIO BETHLEMITAS,5
01,ANTIOQUIA,049,BELLO,02,Zona 02,05,SD AVENIDAS LICEO ANTIOQUEÑO,2
01,ANTIOQUIA,049,BELLO,02,Zona 02,06,IE SUAREZ DE LA PRESENTACION,35
01,ANTIOQUIA,049,BELLO,03,Zona 03,01,SD SERRAMONTE LICEO ANTIOQUEÑO,3
01,ANTIOQUIA,049,BELLO,03,Zona 03,02,COLEGIO LA SALLE,45
01,ANTIOQUIA,049,BELLO,03,Zona 03,03,I.E. TOMAS CADAVID RESTREPO,25
01,ANTIOQUIA,049,BELLO,04,Zona 04,01,I.E MARCO FIDEL SUAREZ SEDE NAZARETH,22
01,ANTIOQUIA,049,BELLO,04,Zona 04,02,I.E DIVINA EUCARISTIA,2
01,ANTIOQUIA,049,BELLO,04,Zona 04,03,INST. UNIVERSITARIA MARCO FIDEL SUAREZ,34
01,ANTIOQUIA,049,BELLO,04,Zona 04,04,IE JORGE ELIECER GAITAN,46
01,ANTIOQUIA,049,BELLO,04,Zona 04,05,IE SAGRADO CORAZON,19
01,ANTIOQUIA,049,BELLO,04,Zona 04,06,COL JESUS DE LA BUENA ESPERANZ,40
01,ANTIOQUIA,049,BELLO,04,Zona 04,07,I.E. SANTA CATALINA,23
01,ANTIOQUIA,049,BELLO,04,Zona 04,08,I.E. LA MILAGROSA,26
01,ANTIOQUIA,049,BELLO,05,Zona 05,01,I.E. FERNANDO VELEZ,30
01,ANTIOQUIA,049,BELLO,05,Zona 05,02,I.E CARLOS PEREZ SEDE ROSALIA,20
01,ANTIOQUIA,049,BELLO,05,Zona 05,03,COLEGIO CARMELITANO,3
01,ANTIOQUIA,049,BELLO,05,Zona 05,04,COLEGIO MANO AMIGA,35
01,ANTIOQUIA,049,BELLO,06,Zona 06,01,SECC VILLA LINDA IE ANTONIO MARIA BEDOYA,2
01,ANTIOQUIA,049,BELLO,06,Zona 06,02,TIERRA ADENTRO I.E. ANTONIO MARIA BEDOYA,1
01,ANTIOQUIA,049,BELLO,06,Zona 06,03,IE VILLA DEL SOL SEC 1,39
01,ANTIOQUIA,049,BELLO,06,Zona 06,04,I.E. HERNAN VILLA BAENA,30
01,ANTIOQUIA,049,BELLO,07,Zona 07,01,I.E. GILBERTO ECHEVERRI MEJIA,21
01,ANTIOQUIA,049,BELLO,07,Zona 07,02,I.E. CIAL ANTONIO ROLDAN,18
01,ANTIOQUIA,049,BELLO,07,Zona 07,03,IE JOSEFA CAMPOS,27
01,ANTIOQUIA,049,BELLO,08,Zona 08,01,COL NUESTRA SEÑORA DE CHIQUINQ,26
01,ANTIOQUIA,049,BELLO,08,Zona 08,02,I.E FE Y ALEGRIA NUEVA GENERAC,30
01,ANTIOQUIA,049,BELLO,08,Zona 08,03,BETSABE ESPINAL,26
01,ANTIOQUIA,049,BELLO,08,Zona 08,04,I.E. CONCEJO DE BELLO,30
01,ANTIOQUIA,049,BELLO,08,Zona 08,05,COLEGIO ANA MARIA JANER,2
01,ANTIOQUIA,049,BELLO,09,Zona 09,01,I.E. NAVARRA,11
01,ANTIOQUIA,049,BELLO,09,Zona 09,02,SD EL TREBOL I.E. NAVARRA,7
01,ANTIOQUIA,049,BELLO,09,Zona 09,03,I.E SAN GABRIEL ARCANGEL,2
01,ANTIOQUIA,058,BOLIVAR,98,Zona 98,01,CARCEL,1
01,ANTIOQUIA,058,BOLIVAR,99,Zona 99,01,I. E. JUAN TAMAYO,3
01,ANTIOQUIA,058,BOLIVAR,99,Zona 99,08,I. E. FARALLONES DEL CITARA,3
01,ANTIOQUIA,058,BOLIVAR,99,Zona 99,50,I.E PAULINA PUERTA,1
01,ANTIOQUIA,058,BOLIVAR,01,Zona 01,01,I. E SAN JOSE DEL CITARA,13
01,ANTIOQUIA,058,BOLIVAR,01,Zona 01,02,COLISEO CUBIERTO,20
01,ANTIOQUIA,058,BOLIVAR,02,Zona 02,01,I.E JOSE MARIA HERRAN,15
01,ANTIOQUIA,058,BOLIVAR,02,Zona 02,02,I.E.MARIA AUXILIADORA,15
01,ANTIOQUIA,070,CALDAS,01,Zona 01,01,I.E.GABRIEL ECHAVARRIA,12
01,ANTIOQUIA,070,CALDAS,01,Zona 01,02,COLEGIO CAMPESTRE MONTEALEGRE,2
01,ANTIOQUIA,070,CALDAS,01,Zona 01,03,I.E. SANTA MARIA GORETTI,20
01,ANTIOQUIA,070,CALDAS,01,Zona 01,04,C.D.I. TRES AGUAS,2
01,ANTIOQUIA,070,CALDAS,02,Zona 02,01,I.E JOSE MARIA BERNAL,25
01,ANTIOQUIA,070,CALDAS,02,Zona 02,02,I.E. JOAQUIN ARISTIZABAL,26
01,ANTIOQUIA,070,CALDAS,03,Zona 03,01,I.E JORGE VALENCIA,2
01,ANTIOQUIA,070,CALDAS,03,Zona 03,02,CENTRO ARTISTICO Y CULTURAL,20
01,ANTIOQUIA,070,CALDAS,03,Zona 03,03,I.E. MARIA AUXILIADORA,27
01,ANTIOQUIA,070,CALDAS,04,Zona 04,01,CENTRO INTEGRACION CIUDADANA,7
01,ANTIOQUIA,070,CALDAS,04,Zona 04,02,COLISEO,27
01,ANTIOQUIA,070,CALDAS,04,Zona 04,03,I.E. SANTA INES,8
01,ANTIOQUIA,070,CALDAS,05,Zona 05,01,I.E. FEDERICO ANGEL,18
01,ANTIOQUIA,070,CALDAS,05,Zona 05,02,PARQUE HABITAT DEL SUR,16
01,ANTIOQUIA,070,CALDAS,05,Zona 05,03,I.E.R. DARIO GUTIERREZ RAVE,1
01,ANTIOQUIA,080,CAREPA,99,Zona 99,10,C.E.R. VIJAGUAL,2
01,ANTIOQUIA,080,CAREPA,99,Zona 99,20,I.E.R. VILLA NELLY,8
01,ANTIOQUIA,080,CAREPA,99,Zona 99,30,I.E. PIEDRAS BLANCAS,10
01,ANTIOQUIA,080,CAREPA,99,Zona 99,70,I.E. ZUNGO EMBARCADERO,10
01,ANTIOQUIA,080,CAREPA,01,Zona 01,01,INST. EDUC. JOSE MARIA MUÑOZ,16
01,ANTIOQUIA,080,CAREPA,01,Zona 01,02,INST. EDUCATIVA COLOMBIA,14
01,ANTIOQUIA,080,CAREPA,01,Zona 01,03,CREM CENTRO DE RECURSOS EDUCATIVOS,7
01,ANTIOQUIA,080,CAREPA,01,Zona 01,04,I.E. COLOMBIA Sede OBRERO,1
01,ANTIOQUIA,080,CAREPA,02,Zona 02,01,I.E. LICEO LUIS CARLOS GALAN S,20
01,ANTIOQUIA,080,CAREPA,02,Zona 02,02,I.E. J.M.M Sede SAN MARINO,12
01,ANTIOQUIA,080,CAREPA,02,Zona 02,03,PLACA POLIDEPORTIVA SAN MARINO,4
01,ANTIOQUIA,080,CAREPA,02,Zona 02,04,IE LA CADENA,5
01,ANTIOQUIA,080,CAREPA,03,Zona 03,01,I.E. ACAIDANA,13
01,ANTIOQUIA,080,CAREPA,03,Zona 03,02,COLISEO CUBIERTO,14
01,ANTIOQUIA,080,CAREPA,03,Zona 03,03,PLACA POLIDEPORTIVA EL OASIS,9
01,ANTIOQUIA,080,CAREPA,03,Zona 03,04,I.E. LUIS CARLOS GALAN SEDE MEGA COLEGIO,4
01,ANTIOQUIA,082,CARMEN DE VIBORAL,99,Zona 99,01,PUESTO DE SALUD LA ESPERANZA,2
01,ANTIOQUIA,082,CARMEN DE VIBORAL,99,Zona 99,02,C.E.R. ALTO GRANDE,1
01,ANTIOQUIA,082,CARMEN DE VIBORAL,99,Zona 99,03,I.E.R. CAMPESTRE NUEVO HORIZONTE,4
01,ANTIOQUIA,082,CARMEN DE VIBORAL,99,Zona 99,04,C.E.R. EL PORVENIR,1
01,ANTIOQUIA,082,CARMEN DE VIBORAL,99,Zona 99,05,C.E.R.SANTA INES,1
01,ANTIOQUIA,082,CARMEN DE VIBORAL,99,Zona 99,15,C.E.R. LA MADERA,2
01,ANTIOQUIA,082,CARMEN DE VIBORAL,99,Zona 99,40,I. E. R. SANTA MARIA,7
01,ANTIOQUIA,082,CARMEN DE VIBORAL,01,Zona 01,01,I. E. FRAY JULIO TOBON  SEDE C,2
01,ANTIOQUIA,082,CARMEN DE VIBORAL,01,Zona 01,02,CENTRO DE CONVENCIONES,24
01,ANTIOQUIA,082,CARMEN DE VIBORAL,01,Zona 01,03,I. E. T. I. JORGE ELIECER GAITAN,4
01,ANTIOQUIA,082,CARMEN DE VIBORAL,02,Zona 02,01,COLISEO MUNICIPAL,30
01,ANTIOQUIA,082,CARMEN DE VIBORAL,02,Zona 02,02,POLIDEPORTIVO MUNICIPAL,31
01,ANTIOQUIA,082,CARMEN DE VIBORAL,02,Zona 02,03,CASA DE LA CULTURA,3
01,ANTIOQUIA,082,CARMEN DE VIBORAL,03,Zona 03,01,IE EL PROGRESO,26
01,ANTIOQUIA,082,CARMEN DE VIBORAL,03,Zona 03,02,PARQUE EDUCATIVO,3
01,ANTIOQUIA,088,CAUCASIA,98,Zona 98,01,CARCEL,1
01,ANTIOQUIA,088,CAUCASIA,99,Zona 99,01,I.E. VILLA DEL SOCORRO,2
01,ANTIOQUIA,088,CAUCASIA,99,Zona 99,05,I.E.R. CUTURU - SEDE CUTURU,5
01,ANTIOQUIA,088,CAUCASIA,99,Zona 99,06,CER NO HAY COMO DIOS - SEDE SANTA ELENA,2
01,ANTIOQUIA,088,CAUCASIA,99,Zona 99,10,SD LA ILUSION C.E.R SANTA ELENA,1
01,ANTIOQUIA,088,CAUCASIA,99,Zona 99,17,I.E.R MARGENTO - SEDE MARGENTO,3
01,ANTIOQUIA,088,CAUCASIA,99,Zona 99,25,SD RIVERAS DEL CAUCA CER SANTA ELENA,1
01,ANTIOQUIA,088,CAUCASIA,99,Zona 99,27,CER VILLA FATIMA - SEDE VEINTE DE JULIO,1
01,ANTIOQUIA,088,CAUCASIA,99,Zona 99,28,CER RIVERAS DEL CAUCA - SANTIAGO CASTILL,2
01,ANTIOQUIA,088,CAUCASIA,99,Zona 99,40,SD CACERI I.E.R. CACERI,3
01,ANTIOQUIA,088,CAUCASIA,99,Zona 99,60,SD ALTO CACERI I.E.R. CACERI,2
01,ANTIOQUIA,088,CAUCASIA,99,Zona 99,70,C.E.R SANTA ROSITA,1
01,ANTIOQUIA,088,CAUCASIA,01,Zona 01,01,I.E. SANTO DOMINGO,16
01,ANTIOQUIA,088,CAUCASIA,01,Zona 01,02,I.E. SANTO DOMINGO NUEVA SANTA H,14
01,ANTIOQUIA,088,CAUCASIA,01,Zona 01,03,I.E. LICEO CAUCASIA STA HELENA,8
01,ANTIOQUIA,088,CAUCASIA,01,Zona 01,04,I.E. LICEO CAUCASIA,23
01,ANTIOQUIA,088,CAUCASIA,01,Zona 01,05,I.E. LICEO CONCEJO MUNICIPAL,4
01,ANTIOQUIA,088,CAUCASIA,01,Zona 01,06,I.E. STA TERESITA LOMA FRESCA,9
01,ANTIOQUIA,088,CAUCASIA,01,Zona 01,07,I.E. STA TERESITA CENTRO,17
01,ANTIOQUIA,088,CAUCASIA,01,Zona 01,08,I.E. ANTIOQUIA LA GRANDE,2
01,ANTIOQUIA,088,CAUCASIA,02,Zona 02,01,I.E. LA MISERICORDIA SAN RAFAEL,8
01,ANTIOQUIA,088,CAUCASIA,02,Zona 02,02,COL MIL EL TESORO DEL SABER,13
01,ANTIOQUIA,088,CAUCASIA,02,Zona 02,03,I.E. LA MISERICORDIA PPAL,23
01,ANTIOQUIA,088,CAUCASIA,02,Zona 02,04,I.E. MARCO FIDEL SUAREZ,22
01,ANTIOQUIA,088,CAUCASIA,02,Zona 02,05,I.E. DIVINO NIÑO PRINCIPAL,20
01,ANTIOQUIA,088,CAUCASIA,02,Zona 02,06,SD CARACOLI I.E. DIVINO NIÑO,13
01,ANTIOQUIA,088,CAUCASIA,02,Zona 02,07,SD SAN JOSE I.E. DIVINO NIÑO,4
01,ANTIOQUIA,088,CAUCASIA,02,Zona 02,08,I.E. LAS MALVINAS,12
05,BOLIVAR,106,SOPLAVIENTO,00,Zona 00,00,NUEVO LIBANO,26
05,BOLIVAR,110,TALAIGUA NUEVO,99,Zona 99,14,CAÑO HONDO,1
05,BOLIVAR,110,TALAIGUA NUEVO,99,Zona 99,28,EL PORVENIR,2
05,BOLIVAR,110,TALAIGUA NUEVO,99,Zona 99,35,EL VESUBIO,3
05,BOLIVAR,110,TALAIGUA NUEVO,99,Zona 99,49,LAS MARIAS,1
05,BOLIVAR,110,TALAIGUA NUEVO,99,Zona 99,51,LOS MANGOS,1
05,BOLIVAR,110,TALAIGUA NUEVO,99,Zona 99,56,PATICO,3
05,BOLIVAR,110,TALAIGUA NUEVO,99,Zona 99,63,PEÑON DE DURAN,2
05,BOLIVAR,110,TALAIGUA NUEVO,99,Zona 99,91,SAN MARTIN (LA LADERA DE TALA,1
05,BOLIVAR,110,TALAIGUA NUEVO,99,Zona 99,96,TUPE,1
05,BOLIVAR,110,TALAIGUA NUEVO,99,Zona 99,98,TALAIGUA VIEJO,3
05,BOLIVAR,110,TALAIGUA NUEVO,00,Zona 00,00,PUESTO CABECERA MUNICIPAL,16
05,BOLIVAR,113,TIQUISIO (PTO. RICO),99,Zona 99,05,AGUAS NEGRAS,1
05,BOLIVAR,113,TIQUISIO (PTO. RICO),99,Zona 99,10,BOCAS DE SOLIS,1
05,BOLIVAR,113,TIQUISIO (PTO. RICO),99,Zona 99,15,BOLOMBOLO,1
05,BOLIVAR,113,TIQUISIO (PTO. RICO),99,Zona 99,20,INSTITUCION EDUCATIVA DE COLORADO,3
05,BOLIVAR,113,TIQUISIO (PTO. RICO),99,Zona 99,21,DOS BOCAS,2
05,BOLIVAR,113,TIQUISIO (PTO. RICO),99,Zona 99,23,EL SUDAN,5
05,BOLIVAR,113,TIQUISIO (PTO. RICO),99,Zona 99,30,LA VENTURA,3
05,BOLIVAR,113,TIQUISIO (PTO. RICO),99,Zona 99,33,MINA SECA,2
05,BOLIVAR,113,TIQUISIO (PTO. RICO),99,Zona 99,35,PALMA ESTERAL,1
05,BOLIVAR,113,TIQUISIO (PTO. RICO),99,Zona 99,40,PUERTO COCA,2
05,BOLIVAR,113,TIQUISIO (PTO. RICO),99,Zona 99,42,QUEBRADA DEL MEDIO,2
05,BOLIVAR,113,TIQUISIO (PTO. RICO),99,Zona 99,50,SABANAS DEL FIRME,1
05,BOLIVAR,113,TIQUISIO (PTO. RICO),99,Zona 99,65,TIQUISIO NUEVO,5
05,BOLIVAR,113,TIQUISIO (PTO. RICO),99,Zona 99,70,INST EDUC DE MINA SECA SEDE LOS PLANOS,1
05,BOLIVAR,113,TIQUISIO (PTO. RICO),00,Zona 00,00,INSTITUCION EDUCATIVA DE PUERTO RICO,21
05,BOLIVAR,118,TURBACO,90,Zona 90,01,CENTRO DE VIDA,19
05,BOLIVAR,118,TURBACO,98,Zona 98,01,CARCEL DE TURBACO,1
05,BOLIVAR,118,TURBACO,99,Zona 99,01,CAÑAVERAL,9
05,BOLIVAR,118,TURBACO,99,Zona 99,02,I E AGUAS PRIETAS,1
05,BOLIVAR,118,TURBACO,99,Zona 99,05,CHIQUITO,1
05,BOLIVAR,118,TURBACO,01,Zona 01,01,INST EDC CRISANTO LUQUE,43
05,BOLIVAR,118,TURBACO,01,Zona 01,02,SENA REGIONAL BOLIVAR,15
05,BOLIVAR,118,TURBACO,01,Zona 01,03,INST EDUC ALFONSO LOPEZ PUMARE,14
05,BOLIVAR,118,TURBACO,01,Zona 01,04,INST EDUC LA BUENA ESPERANZA,19
05,BOLIVAR,118,TURBACO,01,Zona 01,05,I.E. QUERIDOS AMIGOS,5
05,BOLIVAR,118,TURBACO,02,Zona 02,01,INST EDUC CUARTA POZA DE MANGA,33
05,BOLIVAR,118,TURBACO,02,Zona 02,02,INST EDUC 4 P. DE MANGA - HILD,10
05,BOLIVAR,118,TURBACO,02,Zona 02,03,INST EDUC FELIPE SANTIAGO ESCO,19
05,BOLIVAR,118,TURBACO,02,Zona 02,04,INST EDUC F SANTIAGO - MARIA A,8
05,BOLIVAR,118,TURBACO,02,Zona 02,05,INST EDUC CRISANTO LUQUE SEDE,8
05,BOLIVAR,118,TURBACO,02,Zona 02,06,IE 4TA POZA DE MANGA SD N SRA DE SOCORRO,15
05,BOLIVAR,121,TURBANA,99,Zona 99,01,BALLESTAS,6
05,BOLIVAR,121,TURBANA,99,Zona 99,02,COVADO - PUEBLO NUEVO,2
05,BOLIVAR,121,TURBANA,99,Zona 99,03,VEREDA EL CHORRO Y LA LEGUA,1
05,BOLIVAR,121,TURBANA,00,Zona 00,01,IE MARCO FIDEL SUAREZ,18
05,BOLIVAR,121,TURBANA,00,Zona 00,02,IE INETI SEDE NUESTRA SEÑORA DEL CARMEN,23
05,BOLIVAR,124,VILLANUEVA,99,Zona 99,01,CIPACOA,5
05,BOLIVAR,124,VILLANUEVA,99,Zona 99,05,ALGARROBO,1
05,BOLIVAR,124,VILLANUEVA,00,Zona 00,00,PUESTO CABECERA MUNICIPAL,46
05,BOLIVAR,127,ZAMBRANO,99,Zona 99,02,VEREDA CAPACA,1
05,BOLIVAR,127,ZAMBRANO,00,Zona 00,00,PUESTO CABECERA MUNICIPAL,28
05,BOLIVAR,004,ACHI,99,Zona 99,01,BOYACA,2
05,BOLIVAR,004,ACHI,99,Zona 99,05,BUENAVISTA,2
05,BOLIVAR,004,ACHI,99,Zona 99,06,BUENOS AIRES,1
05,BOLIVAR,004,ACHI,99,Zona 99,11,CENTRO ALEGRE,2
05,BOLIVAR,004,ACHI,99,Zona 99,13,EL ALGARROBO,1
05,BOLIVAR,004,ACHI,99,Zona 99,15,EL GALLEGO,2
05,BOLIVAR,004,ACHI,99,Zona 99,21,GUACAMAYO,4
05,BOLIVAR,004,ACHI,99,Zona 99,25,GUAMO,2
05,BOLIVAR,004,ACHI,99,Zona 99,30,LOS NISPEROS,2
05,BOLIVAR,004,ACHI,99,Zona 99,32,NUEVA ESPERANZA,2
05,BOLIVAR,004,ACHI,99,Zona 99,34,PALENQUILLO,1
05,BOLIVAR,004,ACHI,99,Zona 99,35,PAYANDE,2
05,BOLIVAR,004,ACHI,99,Zona 99,37,PLAYA ALTA,6
05,BOLIVAR,004,ACHI,99,Zona 99,39,PUERTO VENECIA,2
05,BOLIVAR,004,ACHI,99,Zona 99,40,PUERTO ISABEL,2
05,BOLIVAR,004,ACHI,99,Zona 99,42,PROVIDENCIA,2
05,BOLIVAR,004,ACHI,99,Zona 99,45,RIONEGRO,3
05,BOLIVAR,004,ACHI,99,Zona 99,52,SANTA LUCIA,2
05,BOLIVAR,004,ACHI,99,Zona 99,53,TACUYALTA,2
05,BOLIVAR,004,ACHI,99,Zona 99,61,TRES CRUCES,3
05,BOLIVAR,004,ACHI,99,Zona 99,63,CORREGIMIENTO PARAISO,1
05,BOLIVAR,004,ACHI,00,Zona 00,00,PUESTO CABECERA MUNICIPAL,17
05,BOLIVAR,005,ARENAL,99,Zona 99,10,BUENAVISTA,3
05,BOLIVAR,005,ARENAL,99,Zona 99,15,CARNIZALA,2
05,BOLIVAR,005,ARENAL,99,Zona 99,20,SAN RAFAEL,2
05,BOLIVAR,005,ARENAL,99,Zona 99,25,SANTO DOMINGO,1
05,BOLIVAR,005,ARENAL,99,Zona 99,30,SAN AGUSTIN,1
05,BOLIVAR,005,ARENAL,99,Zona 99,35,SABANA BAJA,1
05,BOLIVAR,005,ARENAL,00,Zona 00,00,PUESTO CABECERA MUNICIPAL,14
05,BOLIVAR,006,ALTOS DEL ROSARIO,99,Zona 99,15,EL RUBIO,1
05,BOLIVAR,006,ALTOS DEL ROSARIO,99,Zona 99,20,LA PACHA,6
05,BOLIVAR,006,ALTOS DEL ROSARIO,99,Zona 99,38,SAN ISIDRO,2
05,BOLIVAR,006,ALTOS DEL ROSARIO,99,Zona 99,40,SANTA LUCIA,1
05,BOLIVAR,006,ALTOS DEL ROSARIO,00,Zona 00,00,PUESTO CABECERA MUNICIPAL,16
05,BOLIVAR,009,ARROYO HONDO,99,Zona 99,17,MACHADO,3
05,BOLIVAR,009,ARROYO HONDO,99,Zona 99,19,MONROY,2
05,BOLIVAR,009,ARROYO HONDO,99,Zona 99,21,PILON,2
05,BOLIVAR,009,ARROYO HONDO,99,Zona 99,29,SATO,3
05,BOLIVAR,009,ARROYO HONDO,99,Zona 99,35,SAN FRANCISCO,2
05,BOLIVAR,009,ARROYO HONDO,00,Zona 00,00,PUESTO CABECERA MUNICIPAL,21
05,BOLIVAR,010,BARRANCO DE LOBA,99,Zona 99,04,LOS CERRITOS,4
05,BOLIVAR,010,BARRANCO DE LOBA,99,Zona 99,05,RIONUEVO,2
05,BOLIVAR,010,BARRANCO DE LOBA,99,Zona 99,09,SAN ANTONIO,5
05,BOLIVAR,010,BARRANCO DE LOBA,99,Zona 99,40,LAS MINAS DE SANTA CRUZ,3
05,BOLIVAR,010,BARRANCO DE LOBA,99,Zona 99,50,LAS DELICIAS,2
05,BOLIVAR,010,BARRANCO DE LOBA,99,Zona 99,70,PUEBLITO MEJIA,2
05,BOLIVAR,010,BARRANCO DE LOBA,00,Zona 00,00,PUESTO CABECERA MUNICIPAL,22
05,BOLIVAR,013,CALAMAR,99,Zona 99,05,BARRANCA NUEVA,5
05,BOLIVAR,013,CALAMAR,99,Zona 99,09,BARRANCA VIEJA,4
05,BOLIVAR,013,CALAMAR,99,Zona 99,13,HATO VIEJO,11
05,BOLIVAR,013,CALAMAR,99,Zona 99,25,SAN PEDRITO,1
05,BOLIVAR,013,CALAMAR,99,Zona 99,33,YUCAL,4
05,BOLIVAR,013,CALAMAR,00,Zona 00,00,PUESTO CABECERA MUNICIPAL,37
05,BOLIVAR,014,CANTAGALLO,99,Zona 99,10,BRISAS DE BOLIVAR,4
05,BOLIVAR,014,CANTAGALLO,99,Zona 99,20,LAVICTORIA,1
05,BOLIVAR,014,CANTAGALLO,99,Zona 99,50,SAN LORENZO,3
05,BOLIVAR,014,CANTAGALLO,00,Zona 00,00,PUESTO CABECERA MUNICIPAL,18
05,BOLIVAR,015,CICUCO,99,Zona 99,20,CAMPO SERENO,1
05,BOLIVAR,015,CICUCO,99,Zona 99,35,LA PEÑA,4
05,BOLIVAR,015,CICUCO,99,Zona 99,40,PUEBLO NUEVO,1
05,BOLIVAR,015,CICUCO,99,Zona 99,65,SAN FRANCISCO DE LOBA,5
05,BOLIVAR,015,CICUCO,99,Zona 99,70,SAN JAVIER,1
05,BOLIVAR,015,CICUCO,00,Zona 00,00,PUESTO CABECERA MUNICIPAL,24
05,BOLIVAR,016,CORDOBA,99,Zona 99,01,GUAIMARAL,4
05,BOLIVAR,016,CORDOBA,99,Zona 99,05,SAN ANDRES,7
05,BOLIVAR,016,CORDOBA,99,Zona 99,06,SINCELEJITO,3
05,BOLIVAR,016,CORDOBA,99,Zona 99,09,TACAMOCHO,6
05,BOLIVAR,016,CORDOBA,99,Zona 99,20,MARTIN ALONZO,5
05,BOLIVAR,016,CORDOBA,99,Zona 99,26,PUEBLO NUEVO,3
05,BOLIVAR,016,CORDOBA,99,Zona 99,70,SANTA LUCIA,2
05,BOLIVAR,016,CORDOBA,99,Zona 99,80,TACAMOCHITO,2
05,BOLIVAR,016,CORDOBA,99,Zona 99,90,VEREDA LA SIERRA,1
05,BOLIVAR,016,CORDOBA,00,Zona 00,00,PUESTO CABECERA MUNICIPAL,16
05,BOLIVAR,018,CLEMENCIA,99,Zona 99,15,EL PEÑIQUE,2
05,BOLIVAR,018,CLEMENCIA,99,Zona 99,20,LAS CARAS,3
05,BOLIVAR,018,CLEMENCIA,00,Zona 00,00,PUESTO CABECERA MUNICIPAL,34
05,BOLIVAR,025,EL GUAMO,99,Zona 99,01,LA ENEA,2
05,BOLIVAR,025,EL GUAMO,99,Zona 99,05,LATA,2
05,BOLIVAR,025,EL GUAMO,99,Zona 99,09,NERVITI,4
05,BOLIVAR,025,EL GUAMO,99,Zona 99,13,ROBLES,5
05,BOLIVAR,025,EL GUAMO,99,Zona 99,17,TASAJERA,1
05,BOLIVAR,025,EL GUAMO,00,Zona 00,00,PUESTO CABECERA MUNICIPAL,13
05,BOLIVAR,026,HATILLO DE LOBA,99,Zona 99,04,CERRO DE LAS AGUADAS,1
05,BOLIVAR,026,HATILLO DE LOBA,99,Zona 99,12,EL POZON,2
05,BOLIVAR,026,HATILLO DE LOBA,99,Zona 99,20,JUANA SANCHEZ,4
05,BOLIVAR,026,HATILLO DE LOBA,99,Zona 99,30,LA RIBONA,4
05,BOLIVAR,026,HATILLO DE LOBA,99,Zona 99,32,LA VICTORIA,7
05,BOLIVAR,026,HATILLO DE LOBA,99,Zona 99,36,LAS BRISAS,2
05,BOLIVAR,026,HATILLO DE LOBA,99,Zona 99,42,PUEBLO NUEVO,1
05,BOLIVAR,026,HATILLO DE LOBA,99,Zona 99,55,SAN MIGUEL,6
05,BOLIVAR,026,HATILLO DE LOBA,00,Zona 00,00,PUESTO CABECERA MUNICIPAL,12
05,BOLIVAR,027,EL PEÑON,99,Zona 99,03,BUENOS AIRES,2
05,BOLIVAR,027,EL PEÑON,99,Zona 99,04,CASTAÑAL,2
05,BOLIVAR,027,EL PEÑON,99,Zona 99,15,CHAPETONA,3
05,BOLIVAR,027,EL PEÑON,99,Zona 99,20,LA HUMAREDA,2
05,BOLIVAR,027,EL PEÑON,99,Zona 99,25,EL JAPON,1
05,BOLIVAR,027,EL PEÑON,99,Zona 99,31,PEÑONCITO,4
05,BOLIVAR,027,EL PEÑON,00,Zona 00,00,PUESTO CABECERA MUNICIPAL,10
05,BOLIVAR,037,MARGARITA,99,Zona 99,01,BOTON DE LEIVA,2
05,BOLIVAR,037,MARGARITA,99,Zona 99,05,CAUSADO,2
05,BOLIVAR,037,MARGARITA,99,Zona 99,09,CANTERA,2
05,BOLIVAR,037,MARGARITA,99,Zona 99,10,CAÑO MONO,1
05,BOLIVAR,037,MARGARITA,99,Zona 99,11,COROCITO,2
05,BOLIVAR,037,MARGARITA,99,Zona 99,13,CHILLOA,3
05,BOLIVAR,037,MARGARITA,99,Zona 99,17,DOÑA JUANA,2
05,BOLIVAR,037,MARGARITA,99,Zona 99,21,GUATACA SUR,4
05,BOLIVAR,037,MARGARITA,99,Zona 99,22,LA MONTAÑA,2
05,BOLIVAR,037,MARGARITA,99,Zona 99,25,MAMONCITO,4
05,BOLIVAR,037,MARGARITA,99,Zona 99,27,SAN JOSE,2
05,BOLIVAR,037,MARGARITA,99,Zona 99,29,SANDOVAL,2
05,BOLIVAR,037,MARGARITA,00,Zona 00,00,I.E.DE MARGARITA - SEDE MARIA BERNARDA,7
05,BOLIVAR,041,MONTECRISTO,99,Zona 99,02,ALTO CARIBONA,1
05,BOLIVAR,041,MONTECRISTO,99,Zona 99,10,BETANIA,2
05,BOLIVAR,041,MONTECRISTO,99,Zona 99,12,CAMPO ALEGRE,1
05,BOLIVAR,041,MONTECRISTO,99,Zona 99,15,EL PARAISO,2
05,BOLIVAR,041,MONTECRISTO,99,Zona 99,20,EL DORADO,1
05,BOLIVAR,041,MONTECRISTO,99,Zona 99,38,PLATANAL,1
05,BOLIVAR,041,MONTECRISTO,99,Zona 99,40,PUEBLO LINDO,2
05,BOLIVAR,041,MONTECRISTO,99,Zona 99,42,PUERTO ESPAÑA,1
05,BOLIVAR,041,MONTECRISTO,99,Zona 99,44,REGENERACION,3
05,BOLIVAR,041,MONTECRISTO,99,Zona 99,46,SAN AGUSTIN,1
05,BOLIVAR,041,MONTECRISTO,99,Zona 99,52,SAN MATEO,1
05,BOLIVAR,041,MONTECRISTO,99,Zona 99,60,TABURETERA,1
05,BOLIVAR,041,MONTECRISTO,99,Zona 99,65,VILLA ESPERANZA,2
05,BOLIVAR,041,MONTECRISTO,99,Zona 99,70,VILLA URIBE,2
05,BOLIVAR,041,MONTECRISTO,00,Zona 00,00,PUESTO CABECERA MUNICIPAL,16
05,BOLIVAR,044,MORALES,99,Zona 99,02,BOCA DE LA HONDA,2
05,BOLIVAR,044,MORALES,99,Zona 99,03,BODEGA CENTRAL,3
05,BOLIVAR,044,MORALES,99,Zona 99,05,EL DIQUE,3
05,BOLIVAR,044,MORALES,99,Zona 99,06,CORCOBADO,2
05,BOLIVAR,044,MORALES,99,Zona 99,07,LA PALMA,2
05,BOLIVAR,044,MORALES,99,Zona 99,08,LA ESMERALDA,2
05,BOLIVAR,044,MORALES,99,Zona 99,09,LAS PAILAS,2
05,BOLIVAR,044,MORALES,99,Zona 99,13,MICOAHUMADO,4
05,BOLIVAR,044,MORALES,99,Zona 99,20,MINA GALLO,2
05,BOLIVAR,044,MORALES,99,Zona 99,30,PAREDES DE ORORIA,1
05,BOLIVAR,044,MORALES,00,Zona 00,00,CDI UN MUNDO DE AMOR,20
05,BOLIVAR,050,NOROSI,99,Zona 99,01,BUENA SEÑA,3
05,BOLIVAR,050,NOROSI,99,Zona 99,02,EL BEBEDERO,1
05,BOLIVAR,050,NOROSI,99,Zona 99,03,LAS NIEVES,1
05,BOLIVAR,050,NOROSI,99,Zona 99,05,CASA DE BARRO,1
05,BOLIVAR,050,NOROSI,99,Zona 99,09,OLIVARES,1
05,BOLIVAR,050,NOROSI,99,Zona 99,13,SANTA ELENA,2
05,BOLIVAR,050,NOROSI,99,Zona 99,17,MINA BRISA,2
05,BOLIVAR,050,NOROSI,99,Zona 99,19,MINA ESTRELLA,1
05,BOLIVAR,050,NOROSI,99,Zona 99,21,VILLA ARIZA,1
05,BOLIVAR,050,NOROSI,00,Zona 00,00,PUESTO CABECERA MUNICIPAL,8
05,BOLIVAR,059,PINILLOS,99,Zona 99,01,ARMENIA,5
05,BOLIVAR,059,PINILLOS,99,Zona 99,07,BUENOS AIRES,1
05,BOLIVAR,059,PINILLOS,99,Zona 99,12,EL LIBANO,1
05,BOLIVAR,059,PINILLOS,99,Zona 99,15,LA RUFINA,1
05,BOLIVAR,059,PINILLOS,99,Zona 99,16,LA UNION,1
05,BOLIVAR,059,PINILLOS,99,Zona 99,17,LAS CONCHITAS,3
05,BOLIVAR,059,PINILLOS,99,Zona 99,18,LAS FLORES,3
05,BOLIVAR,059,PINILLOS,99,Zona 99,19,LA UNION (CABECERA),2
05,BOLIVAR,059,PINILLOS,99,Zona 99,20,LA VICTORIA,2
05,BOLIVAR,059,PINILLOS,99,Zona 99,21,MANTEQUERA,3
05,BOLIVAR,059,PINILLOS,99,Zona 99,24,NICARAGUA,2
05,BOLIVAR,059,PINILLOS,99,Zona 99,25,PALENQUITO,6
05,BOLIVAR,059,PINILLOS,99,Zona 99,29,INSTITUCION EDUCATIVA DE PALOMINO,4
05,BOLIVAR,059,PINILLOS,99,Zona 99,31,PUERTO LOPEZ,5
05,BOLIVAR,059,PINILLOS,99,Zona 99,32,PUERTO NUEVO,1
05,BOLIVAR,059,PINILLOS,99,Zona 99,34,PUERTO BELLO,1
05,BOLIVAR,059,PINILLOS,99,Zona 99,37,SANTA COA,2
05,BOLIVAR,059,PINILLOS,99,Zona 99,38,SAN FRANCISCO,1
05,BOLIVAR,059,PINILLOS,99,Zona 99,39,SANTA ELENA (EL ESTOPAL),1
05,BOLIVAR,059,PINILLOS,99,Zona 99,41,SANTA ROSA,2
05,BOLIVAR,059,PINILLOS,99,Zona 99,43,TAPOA,2
05,BOLIVAR,059,PINILLOS,99,Zona 99,44,VIDA TRANQUILA,1
05,BOLIVAR,059,PINILLOS,99,Zona 99,55,LOS LIMONES,2
05,BOLIVAR,059,PINILLOS,99,Zona 99,60,MONTECELIO,1
05,BOLIVAR,059,PINILLOS,00,Zona 00,00,PUESTO CABECERA MUNICIPAL,13
05,BOLIVAR,063,REGIDOR,99,Zona 99,70,EL PIÑAL,1
05,BOLIVAR,063,REGIDOR,99,Zona 99,75,LOS CAIMANES,1
05,BOLIVAR,063,REGIDOR,99,Zona 99,80,SAN ANTONIO,2
05,BOLIVAR,063,REGIDOR,99,Zona 99,83,SAN CAYETANO,2
05,BOLIVAR,063,REGIDOR,99,Zona 99,86,SANTA TERESA,3
05,BOLIVAR,063,REGIDOR,00,Zona 00,00,PUESTO CABECERA MUNICIPAL,11
05,BOLIVAR,065,RIOVIEJO,99,Zona 99,05,CAMPO ALEGRE,1
05,BOLIVAR,065,RIOVIEJO,99,Zona 99,08,COBADILLO,2
05,BOLIVAR,065,RIOVIEJO,99,Zona 99,12,CAIMITAL,2
05,BOLIVAR,065,RIOVIEJO,99,Zona 99,15,HATILLO,1
05,BOLIVAR,065,RIOVIEJO,99,Zona 99,20,BLANCAS PALOMAS,1
05,BOLIVAR,065,RIOVIEJO,99,Zona 99,25,MACEDONIA,2
05,BOLIVAR,065,RIOVIEJO,00,Zona 00,00,PUESTO CABECERA MUNICIPAL,15
05,BOLIVAR,070,SAN ESTANISLAO,99,Zona 99,05,LAS PIEDRAS,14
05,BOLIVAR,070,SAN ESTANISLAO,00,Zona 00,00,INSTITUCION EDUC MAURICIO NELSON VISBAL,34
05,BOLIVAR,072,SAN CRISTOBAL,99,Zona 99,20,HIGUERETAL,5
05,BOLIVAR,072,SAN CRISTOBAL,00,Zona 00,00,INSTITUCION EDUC SAN CRISTOBAL SEDE - 01,19
05,BOLIVAR,073,SAN FERNANDO,99,Zona 99,01,GUASIMAL,3
05,BOLIVAR,073,SAN FERNANDO,99,Zona 99,02,EL PALMAR,2
05,BOLIVAR,073,SAN FERNANDO,99,Zona 99,04,EL GATO,1
05,BOLIVAR,073,SAN FERNANDO,99,Zona 99,05,CENTRO DE VIDA,3
05,BOLIVAR,073,SAN FERNANDO,99,Zona 99,06,JOLON,1
05,BOLIVAR,073,SAN FERNANDO,99,Zona 99,07,PORVENIR,1
05,BOLIVAR,073,SAN FERNANDO,99,Zona 99,12,PUNTA DE HORNOS,3
05,BOLIVAR,073,SAN FERNANDO,99,Zona 99,13,SANTA ROSA,6
05,BOLIVAR,073,SAN FERNANDO,99,Zona 99,20,EL CONTADERO,2
05,BOLIVAR,073,SAN FERNANDO,99,Zona 99,40,LA GUADUA,2
05,BOLIVAR,073,SAN FERNANDO,99,Zona 99,45,LAS CUEVAS,3
05,BOLIVAR,073,SAN FERNANDO,99,Zona 99,55,PAMPANILLO,1
05,BOLIVAR,073,SAN FERNANDO,00,Zona 00,00,PUESTO CABECERA MUNICIPAL,7
05,BOLIVAR,078,SAN JACINTO DEL CAUCA,99,Zona 99,10,ASTILLEROS,2
05,BOLIVAR,078,SAN JACINTO DEL CAUCA,99,Zona 99,20,BERMUDEZ,2
05,BOLIVAR,078,SAN JACINTO DEL CAUCA,99,Zona 99,30,CAIMITAL,1
05,BOLIVAR,078,SAN JACINTO DEL CAUCA,99,Zona 99,35,GALINDO,2
05,BOLIVAR,078,SAN JACINTO DEL CAUCA,99,Zona 99,40,LA RAYA,1
05,BOLIVAR,078,SAN JACINTO DEL CAUCA,99,Zona 99,42,TENCHE,4
05,BOLIVAR,078,SAN JACINTO DEL CAUCA,99,Zona 99,45,MEJICO,2
05,BOLIVAR,078,SAN JACINTO DEL CAUCA,00,Zona 00,00,PUESTO CABECERA MUNICIPAL,10
05,BOLIVAR,082,SAN MARTIN DE LOBA,99,Zona 99,01,CHIMI,6
05,BOLIVAR,082,SAN MARTIN DE LOBA,99,Zona 99,06,EL VARAL,1
05,BOLIVAR,082,SAN MARTIN DE LOBA,99,Zona 99,10,JOBO,1
05,BOLIVAR,082,SAN MARTIN DE LOBA,99,Zona 99,25,PAPAYAL,3
05,BOLIVAR,082,SAN MARTIN DE LOBA,99,Zona 99,29,PLAYITAS,3
05,BOLIVAR,082,SAN MARTIN DE LOBA,99,Zona 99,32,PUEBLO NVO CERRO DE JULIO,2
05,BOLIVAR,082,SAN MARTIN DE LOBA,00,Zona 00,00,PUESTO CABECERA MUNICIPAL,24
05,BOLIVAR,084,SAN PABLO,99,Zona 99,01,CANALETAL,2
05,BOLIVAR,084,SAN PABLO,99,Zona 99,02,VALLECITO,1
05,BOLIVAR,084,SAN PABLO,99,Zona 99,04,AGUASUCIA,1
05,BOLIVAR,084,SAN PABLO,99,Zona 99,13,EL CARMEN,1
05,BOLIVAR,084,SAN PABLO,99,Zona 99,15,CAÑABRAVAL,1
05,BOLIVAR,084,SAN PABLO,99,Zona 99,17,EL SOCORRO,1
05,BOLIVAR,084,SAN PABLO,99,Zona 99,20,LA VIRGENCITA,1
05,BOLIVAR,084,SAN PABLO,99,Zona 99,25,POZO AZUL,1
05,BOLIVAR,084,SAN PABLO,99,Zona 99,30,CERRO AZUL,1
05,BOLIVAR,084,SAN PABLO,99,Zona 99,53,SANTO DOMINGO,3
05,BOLIVAR,084,SAN PABLO,99,Zona 99,70,VILLANUEVA,1
05,BOLIVAR,084,SAN PABLO,00,Zona 00,00,PUESTO CABECERA MUNICIPAL,51
05,BOLIVAR,091,SANTA CATALINA,99,Zona 99,01,PUEBLO NUEVO,3
05,BOLIVAR,091,SANTA CATALINA,99,Zona 99,05,COLORADO,3
05,BOLIVAR,091,SANTA CATALINA,99,Zona 99,13,GALERAZAMBA,3
05,BOLIVAR,091,SANTA CATALINA,99,Zona 99,15,JOBO,1
05,BOLIVAR,091,SANTA CATALINA,99,Zona 99,21,LOMA DE ARENA,11
05,BOLIVAR,091,SANTA CATALINA,00,Zona 00,00,PUESTO CABECERA MUNICIPAL,22
05,BOLIVAR,094,SANTA ROSA,00,Zona 00,00,PUESTO CABECERA MUNICIPAL,50
05,BOLIVAR,095,SANTA ROSA DEL SUR,99,Zona 99,06,BUENAVISTA,2
05,BOLIVAR,095,SANTA ROSA DEL SUR,99,Zona 99,12,SAN FRANCISCO,1
05,BOLIVAR,095,SANTA ROSA DEL SUR,99,Zona 99,18,FATIMA,2
05,BOLIVAR,095,SANTA ROSA DEL SUR,99,Zona 99,19,LA MARIZOSA,2
05,BOLIVAR,095,SANTA ROSA DEL SUR,99,Zona 99,20,LOS ARRAYANES,1
05,BOLIVAR,095,SANTA ROSA DEL SUR,99,Zona 99,24,LOS CANELOS,5
05,BOLIVAR,095,SANTA ROSA DEL SUR,99,Zona 99,25,SAN ISIDRO,1
05,BOLIVAR,095,SANTA ROSA DEL SUR,99,Zona 99,26,SAN JUAN DE RIOGRANDE,1
05,BOLIVAR,095,SANTA ROSA DEL SUR,99,Zona 99,30,SAN JOSE,1
05,BOLIVAR,095,SANTA ROSA DEL SUR,99,Zona 99,32,SAN PEDRO FRIO,2
05,BOLIVAR,095,SANTA ROSA DEL SUR,99,Zona 99,36,SAN LUCAS,2
05,BOLIVAR,095,SANTA ROSA DEL SUR,99,Zona 99,37,SANTA ISABEL,1
05,BOLIVAR,095,SANTA ROSA DEL SUR,99,Zona 99,42,VILLA FLOR,2
05,BOLIVAR,095,SANTA ROSA DEL SUR,99,Zona 99,43,VEREDA SAN LUQUITAS,1
05,BOLIVAR,095,SANTA ROSA DEL SUR,99,Zona 99,44,VEREDA SAN BENITO,4
05,BOLIVAR,095,SANTA ROSA DEL SUR,99,Zona 99,45,MINA PEPO,1
05,BOLIVAR,095,SANTA ROSA DEL SUR,99,Zona 99,46,MINA FORTUNA,1
05,BOLIVAR,095,SANTA ROSA DEL SUR,99,Zona 99,47,LOS GUAYACANES,1
05,BOLIVAR,095,SANTA ROSA DEL SUR,00,Zona 00,00,PUESTO CABECERA MUNICIPAL,56
05,BOLIVAR,097,SIMITI,99,Zona 99,01,ANIMAS ALTAS,3
05,BOLIVAR,097,SIMITI,99,Zona 99,02,SINAI,2
05,BOLIVAR,097,SIMITI,99,Zona 99,03,CAMPO PALLARES,1
05,BOLIVAR,097,SIMITI,99,Zona 99,08,EL DIAMANTE,1
05,BOLIVAR,097,SIMITI,99,Zona 99,10,EL PARAISO,1
05,BOLIVAR,097,SIMITI,99,Zona 99,11,EL GARZAL,2
05,BOLIVAR,097,SIMITI,99,Zona 99,12,LAS BRISAS,2
05,BOLIVAR,097,SIMITI,99,Zona 99,18,ORORIA,1
05,BOLIVAR,097,SIMITI,99,Zona 99,22,MONTERREY,4
05,BOLIVAR,097,SIMITI,99,Zona 99,23,SAN BLAS,3
05,BOLIVAR,097,SIMITI,99,Zona 99,25,SAN JOAQUIN,2
05,BOLIVAR,097,SIMITI,99,Zona 99,27,SAN LUIS,3
05,BOLIVAR,097,SIMITI,99,Zona 99,30,SANTA LUCIA,1
05,BOLIVAR,097,SIMITI,99,Zona 99,49,VERACRUZ (CERRO DE BURGOS),3
05,BOLIVAR,097,SIMITI,99,Zona 99,50,SABANA,2
05,BOLIVAR,097,SIMITI,99,Zona 99,51,IETAC EUTIMIO GUTIERREZ MANJON,2
05,BOLIVAR,097,SIMITI,00,Zona 00,00,PUESTO CABECERA MUNICIPAL,17
05,BOLIVAR,031,MAHATES,99,Zona 99,01,EVITAR,5
05,BOLIVAR,031,MAHATES,99,Zona 99,05,GAMERO,4
05,BOLIVAR,031,MAHATES,99,Zona 99,09,MALAGANA,16
05,BOLIVAR,031,MAHATES,99,Zona 99,10,MANDINGA,2
05,BOLIVAR,031,MAHATES,99,Zona 99,13,SAN BASILIO DEL PALENQUE,8
05,BOLIVAR,031,MAHATES,99,Zona 99,15,SAN JOAQUIN,2
05,BOLIVAR,031,MAHATES,00,Zona 00,01,IE CAMILO TORRES SD NUESTRA SEÑORA DEL C,15
05,BOLIVAR,031,MAHATES,00,Zona 00,02,IE CAMILO TORRES SD SAGRADO CORAZON DE J,16
05,BOLIVAR,001,CARTAGENA,10,Zona 10,01,IE FE Y ALEGRIA LAS GAVIOTAS,39
05,BOLIVAR,001,CARTAGENA,10,Zona 10,02,IE LAS GAVIOTAS SEDE MOISES GO,15
05,BOLIVAR,001,CARTAGENA,10,Zona 10,03,I.E. LAS GAVIOTAS SEDE EL NIÑO JESUS,16
05,BOLIVAR,001,CARTAGENA,10,Zona 10,04,CENTRO DE ENSEÑANZA HIJOS DE BOLIVAR,21
05,BOLIVAR,001,CARTAGENA,11,Zona 11,01,IE FOCO ROJO,34
05,BOLIVAR,001,CARTAGENA,11,Zona 11,02,COLEGIO ALMIRANTE COLON S. OLAYA,23
05,BOLIVAR,001,CARTAGENA,11,Zona 11,03,I.E. PLAYAS DE ACAPULCO,17
05,BOLIVAR,001,CARTAGENA,11,Zona 11,04,IE. NUESTRA SEÑORA PERPETUO SOCORRO,19
05,BOLIVAR,001,CARTAGENA,11,Zona 11,05,IE REPUBLICA DEL LIBANO,2
05,BOLIVAR,001,CARTAGENA,11,Zona 11,06,IE SAN FELIPE NERIS,3
05,BOLIVAR,001,CARTAGENA,12,Zona 12,01,IE FRANCISCO DE PAULA SANTANDE,27
05,BOLIVAR,001,CARTAGENA,12,Zona 12,02,IE MARIA REINA,20
05,BOLIVAR,001,CARTAGENA,12,Zona 12,03,ESCUELA CIUDAD DE TUNJA,27
05,BOLIVAR,001,CARTAGENA,12,Zona 12,04,I.E. CORAZON DE MARIA - LAZARO MARTINEZ,9
05,BOLIVAR,001,CARTAGENA,12,Zona 12,05,I.E. ANTONIO NARIÑO,19
05,BOLIVAR,001,CARTAGENA,12,Zona 12,06,I.E. PEDRO ROMERO,14
05,BOLIVAR,001,CARTAGENA,12,Zona 12,07,IE OMAIRA SANCHEZ,6
05,BOLIVAR,001,CARTAGENA,12,Zona 12,08,CDI CIENAGA DE LA VIRGEN,1
05,BOLIVAR,001,CARTAGENA,13,Zona 13,01,IE CAMILO TORRES,44
05,BOLIVAR,001,CARTAGENA,13,Zona 13,02,CENTRO COLOMBIATON GUSTAVO PULECIO,31
05,BOLIVAR,001,CARTAGENA,13,Zona 13,03,IE LA LIBERTAD,30
05,BOLIVAR,001,CARTAGENA,13,Zona 13,04,IE NUESTRO ESFUERZO,21
05,BOLIVAR,001,CARTAGENA,13,Zona 13,05,IE CLEMENTE MANUEL ZABALA,11
05,BOLIVAR,001,CARTAGENA,13,Zona 13,06,IE JORGE GARCIA USTA,18
05,BOLIVAR,001,CARTAGENA,14,Zona 14,01,ESCUELA GABRIELA SAN MARTIN,40
05,BOLIVAR,001,CARTAGENA,14,Zona 14,02,COL FE Y ALEGRIA LAS AMERICAS,30
05,BOLIVAR,001,CARTAGENA,14,Zona 14,03,CENTRO CULTURAL LAS PALMERAS,18
05,BOLIVAR,001,CARTAGENA,14,Zona 14,04,IE DE FREDONIA,20
05,BOLIVAR,001,CARTAGENA,14,Zona 14,05,COLEGIO DIOS ES AMOR CDA,3
05,BOLIVAR,001,CARTAGENA,14,Zona 14,06,IE TECNICA VILLA ESTRELLA,3
05,BOLIVAR,001,CARTAGENA,15,Zona 15,01,IE FULGENCIO LEQUERICA VELEZ,19
05,BOLIVAR,001,CARTAGENA,15,Zona 15,02,NUESTRA SEÑORA DEL CARMEN,23
05,BOLIVAR,001,CARTAGENA,15,Zona 15,03,IE FULGENCIO LEQUERICA VELEZ-  ECUADOR,18
05,BOLIVAR,001,CARTAGENA,15,Zona 15,04,FUND. UNIV. COLOMBO INTERNACIONAL,20
05,BOLIVAR,001,CARTAGENA,16,Zona 16,01,COLEGIO INEM,31
05,BOLIVAR,001,CARTAGENA,16,Zona 16,02,CENT RECREACIONAL NAPOLEON PEREA,23
05,BOLIVAR,001,CARTAGENA,16,Zona 16,03,IE JOSE M RODRIGUEZ S ISABEL LA CATOLICA,23
05,BOLIVAR,001,CARTAGENA,16,Zona 16,04,IE JOSE MANUEL R-JARDIN INF  CARACOLES,8
05,BOLIVAR,001,CARTAGENA,17,Zona 17,01,IE 20 DE JULIO,30
05,BOLIVAR,001,CARTAGENA,17,Zona 17,02,IE BERTHA GEDEON DE BALADI,25
05,BOLIVAR,001,CARTAGENA,17,Zona 17,03,COLEGIO ALMIRANTE COLON  VISTA HERMOSA,22
05,BOLIVAR,001,CARTAGENA,17,Zona 17,04,IE SALIM BECHARA SEDE ALBORNOZ,5
05,BOLIVAR,001,CARTAGENA,18,Zona 18,01,IE LUIS CARLOS LOPEZ,28
05,BOLIVAR,001,CARTAGENA,18,Zona 18,02,IE TERNERA,23
05,BOLIVAR,001,CARTAGENA,18,Zona 18,03,IE SOLEDAD ACOSTA DE SAMPER,12
05,BOLIVAR,001,CARTAGENA,18,Zona 18,04,UNIVERSIDAD SAN BUENAVENTURA,37
05,BOLIVAR,001,CARTAGENA,18,Zona 18,05,COLEGIO BIFFI,14
05,BOLIVAR,001,CARTAGENA,18,Zona 18,06,CENTRO COMERCIAL PARQUE HEREDIA,13
05,BOLIVAR,001,CARTAGENA,19,Zona 19,01,COL FE Y ALEGRIA EL PROGRESO,26
05,BOLIVAR,001,CARTAGENA,19,Zona 19,02,IE SAN FRANCISCO ASIS - HIJO DE LOS AGRI,26
05,BOLIVAR,001,CARTAGENA,19,Zona 19,03,IE SAN LUCAS,11
05,BOLIVAR,001,CARTAGENA,19,Zona 19,04,IE POLICARPA SALAVARRIETA,6
05,BOLIVAR,001,CARTAGENA,20,Zona 20,01,IE MERCEDES ABREGO,47
05,BOLIVAR,001,CARTAGENA,20,Zona 20,02,COL SUEÑOS Y OPORTUNIDADES JES,28
05,BOLIVAR,001,CARTAGENA,20,Zona 20,03,IE MERCEDES ABREGO SEDE MEDELLIN,23
05,BOLIVAR,001,CARTAGENA,20,Zona 20,04,I.E. CIUDADELA 2000,17
05,BOLIVAR,001,CARTAGENA,20,Zona 20,05,I.E. SALVADOR MANDELA,22
05,BOLIVAR,001,CARTAGENA,20,Zona 20,06,I.E. ROSEDAL,18
05,BOLIVAR,001,CARTAGENA,21,Zona 21,01,IE JHON F KENNEDY,35
05,BOLIVAR,001,CARTAGENA,21,Zona 21,02,INST FEMENINO PROMOCION SOCIAL,34
05,BOLIVAR,001,CARTAGENA,21,Zona 21,03,I.E. NUESTRA SEÑORA DE LA CONSOLATA,25
05,BOLIVAR,001,CARTAGENA,21,Zona 21,04,I.E. JUAN JOSE NIETO,23
05,BOLIVAR,001,CARTAGENA,22,Zona 22,01,COLEGIO COMFAMILIAR,29
05,BOLIVAR,001,CARTAGENA,22,Zona 22,02,ESC ANA MARIA PEREZ OTERO,33
05,BOLIVAR,001,CARTAGENA,22,Zona 22,03,IE PROM SOCIAL DE C/GENA SD LA CONSOLATA,8
05,BOLIVAR,001,CARTAGENA,22,Zona 22,04,IE AMBIENTALISTA CARTAGENA DE INDIAS,33
05,BOLIVAR,001,CARTAGENA,22,Zona 22,05,IE SEDE EMILIANO ALCALA ROMERO,7
05,BOLIVAR,001,CARTAGENA,22,Zona 22,06,I E REPUBLICA DE ARGENTINA,6
05,BOLIVAR,001,CARTAGENA,22,Zona 22,07,CENTRO COMERCIAL LA GRAN MANZANA,23
05,BOLIVAR,001,CARTAGENA,98,Zona 98,01,CARCEL DISTRITAL DE TERNERA,2
05,BOLIVAR,001,CARTAGENA,99,Zona 99,01,SANTA CRUZ DEL ISLOTE,2
05,BOLIVAR,001,CARTAGENA,99,Zona 99,02,BARU,8
05,BOLIVAR,001,CARTAGENA,99,Zona 99,03,BOCACHICA,19
05,BOLIVAR,001,CARTAGENA,99,Zona 99,05,CAÑO DE LORO,6
05,BOLIVAR,001,CARTAGENA,99,Zona 99,09,ISLA FUERTE,3
05,BOLIVAR,001,CARTAGENA,99,Zona 99,13,ISLAS DEL ROSARIO,2
05,BOLIVAR,001,CARTAGENA,99,Zona 99,17,SANTA ANA,13
05,BOLIVAR,001,CARTAGENA,99,Zona 99,21,TIERRABOMBA,9
05,BOLIVAR,001,CARTAGENA,99,Zona 99,22,I.E NUEVA ESPERANZA ARROYO GRANDE,5
05,BOLIVAR,001,CARTAGENA,99,Zona 99,25,ARROYO DE PIEDRA,6
05,BOLIVAR,001,CARTAGENA,99,Zona 99,33,BAYUNCA,27
05,BOLIVAR,001,CARTAGENA,99,Zona 99,34,LA BOQUILLA,26
05,BOLIVAR,001,CARTAGENA,99,Zona 99,35,PONTEZUELA,6
05,BOLIVAR,001,CARTAGENA,99,Zona 99,41,PUNTA CANOA,3
05,BOLIVAR,001,CARTAGENA,99,Zona 99,70,PASACABALLOS,31
05,BOLIVAR,001,CARTAGENA,99,Zona 99,71,PASACABALLOS - MEMBRILLAL,4
05,BOLIVAR,001,CARTAGENA,99,Zona 99,72,LA BOQUILLA  2,7
05,BOLIVAR,001,CARTAGENA,99,Zona 99,73,TERMINAL ZONA NORTE,12
05,BOLIVAR,001,CARTAGENA,99,Zona 99,74,BAYUNCA 2 (SEDE LAS LATAS) ,7
05,BOLIVAR,001,CARTAGENA,99,Zona 99,75,PASACABALLOS 2,2
05,BOLIVAR,001,CARTAGENA,99,Zona 99,76,TIERRABOMBA 2 PUNTA ARENA,1
05,BOLIVAR,001,CARTAGENA,99,Zona 99,77,ARROYO DE PIEDRA 2 ARROYO DE LAS CANOAS,1
05,BOLIVAR,001,CARTAGENA,01,Zona 01,01,CENTRO COMERCIAL BOCAGRANDE,20
05,BOLIVAR,001,CARTAGENA,01,Zona 01,02,UNIV. TECNOLG. DE BOLIVAR - MA,31
05,BOLIVAR,001,CARTAGENA,01,Zona 01,03,LUDOTECA PARQUE CENTENARIO,4
05,BOLIVAR,001,CARTAGENA,01,Zona 01,04,COL. EUCARÍSTICO DE SANTA TERESA,20
05,BOLIVAR,001,CARTAGENA,01,Zona 01,05,CENTRO COMERCIAL PLAZA BOCAGRANDE,25
05,BOLIVAR,001,CARTAGENA,02,Zona 02,01,COLEGIO DE LA ESPERANZA,21
05,BOLIVAR,001,CARTAGENA,02,Zona 02,02,COLEGIO NAVAL DE CRESPO,28
05,BOLIVAR,001,CARTAGENA,02,Zona 02,03,COLEGIO EL CARMELO,11
05,BOLIVAR,001,CARTAGENA,02,Zona 02,04,COLEGIO BERVELLY HILLS,19
05,BOLIVAR,001,CARTAGENA,03,Zona 03,01,COLEGIO LICEO BOLIVAR,23
05,BOLIVAR,001,CARTAGENA,03,Zona 03,02,IE STA MARIA SEDE SAGRADO CORAZON,27
05,BOLIVAR,001,CARTAGENA,03,Zona 03,03,I.E.CORAZON DE MARIA,22
05,BOLIVAR,001,CARTAGENA,03,Zona 03,04,IE CORAZON DE MARIA S S J CLAV,14
05,BOLIVAR,001,CARTAGENA,03,Zona 03,05,I.E SANTA MARIA SD MARCO FIDEL SUAREZ,17
05,BOLIVAR,001,CARTAGENA,04,Zona 04,01,COLISEO CUBIERTO BERNARDO CARABALLO,30
05,BOLIVAR,001,CARTAGENA,04,Zona 04,02,COLEGIO JOSE DE LA VEGA,34
05,BOLIVAR,001,CARTAGENA,04,Zona 04,03,IE HER. ANTONIO RAMOS DE LA SALLE,13
05,BOLIVAR,001,CARTAGENA,04,Zona 04,04,INST. ED. ANA MARIA VELEZ DE TRUJILLO,22
05,BOLIVAR,001,CARTAGENA,04,Zona 04,05,CORP UNIVERSITARIA RAFAEL NUÑEZ TORICES,4
05,BOLIVAR,001,CARTAGENA,05,Zona 05,01,C.ECON. PIEDRA DE BOL UNIV. C/GENA,30
05,BOLIVAR,001,CARTAGENA,05,Zona 05,02,COLEGIO COMFENALCO SEDE CEDESARROLLO,25
05,BOLIVAR,001,CARTAGENA,05,Zona 05,03,INST. ED. MADRE LAURA,19
05,BOLIVAR,001,CARTAGENA,05,Zona 05,04,SENA 4 VIENTOS,15
05,BOLIVAR,001,CARTAGENA,05,Zona 05,05,I E CASD MANUELA BELTRAN,12
05,BOLIVAR,001,CARTAGENA,06,Zona 06,01,IE NUEVO BOSQUE,44
05,BOLIVAR,001,CARTAGENA,06,Zona 06,02,COL ALBERTO ELIAS FERNANDEZ,29
05,BOLIVAR,001,CARTAGENA,06,Zona 06,03,I.E NUEVO BOSQUE SEDE JOSE MARIA CORDOBA,21
05,BOLIVAR,001,CARTAGENA,06,Zona 06,04,INST. ED. FERNANDO DE LA VEGA,12
05,BOLIVAR,001,CARTAGENA,06,Zona 06,05,E. NORMAL SUPERIOR DE CARTAGENA D INDIAS,17
05,BOLIVAR,001,CARTAGENA,06,Zona 06,06,UNIVERSIDAD DEL SINU SEDE PLAZA COLON,14
05,BOLIVAR,001,CARTAGENA,07,Zona 07,01,IE SAN JUAN DE DAMASCO,32
05,BOLIVAR,001,CARTAGENA,07,Zona 07,02,IE OLGA GONZALEZ ARRAUT,26
05,BOLIVAR,001,CARTAGENA,07,Zona 07,03,IE MANUELA BELTRAN - SED HIJOS,15
05,BOLIVAR,001,CARTAGENA,07,Zona 07,04,SEMINARIO CARTAGENA,13
05,BOLIVAR,001,CARTAGENA,07,Zona 07,05,UNIVERSIDAD ANTONIO NARIÑO,15
05,BOLIVAR,001,CARTAGENA,07,Zona 07,06,COLEGIO LATINOAMERICANO,5
05,BOLIVAR,001,CARTAGENA,07,Zona 07,07,FUNDACION COLEGIO OCTAVIANA DEL C VIVES,2
05,BOLIVAR,001,CARTAGENA,08,Zona 08,01,UNIV DE CARTAGENA CLAUSTRO SAN AGUSTIN,29
05,BOLIVAR,001,CARTAGENA,08,Zona 08,02,COL SALESIANOS SAN PEDRO CLAVE,17
05,BOLIVAR,001,CARTAGENA,08,Zona 08,03,IE ANTONIA SANTOS,29
05,BOLIVAR,001,CARTAGENA,08,Zona 08,04,UNIV. DE CARTAGENA CLAUSTRO LA MERCED,4
05,BOLIVAR,001,CARTAGENA,08,Zona 08,05,FUNDACION UNIVERSITARIA LOS LIBERTADORES,19
05,BOLIVAR,001,CARTAGENA,09,Zona 09,01,INST UNIVERSITARIA MAYOR DE CARTAGENA,25
05,BOLIVAR,001,CARTAGENA,09,Zona 09,02,INST UNI BELLAS ARTES Y CIENCIAS DE BOL.,14
05,BOLIVAR,001,CARTAGENA,09,Zona 09,03,ESCUELAS PROFESIONALES SALESIANAS,13
05,BOLIVAR,007,ARJONA,90,Zona 90,01,COLEGIO INDUSTRIAL DON BOSCO,11
05,BOLIVAR,007,ARJONA,99,Zona 99,01,PUERTO BADEL (CAÑO SALADO),4
05,BOLIVAR,007,ARJONA,99,Zona 99,04,GAMBOTE,5
05,BOLIVAR,007,ARJONA,99,Zona 99,05,ROCHA,8
05,BOLIVAR,007,ARJONA,99,Zona 99,09,SINCERIN,9
05,BOLIVAR,007,ARJONA,01,Zona 01,01,ESC. REPUBLICA DE COLOMBIA,18
05,BOLIVAR,007,ARJONA,01,Zona 01,02,COL BENJAMIN HERRERA,24
05,BOLIVAR,007,ARJONA,01,Zona 01,03,CENTRO DE ALTO RENDIMIENTO,20
05,BOLIVAR,007,ARJONA,01,Zona 01,04,INST EDUC MARIA MICHELSEN DE LOPEZ,4
05,BOLIVAR,007,ARJONA,02,Zona 02,01,INST.EDUC.CATALINA HERRERA,23
05,BOLIVAR,007,ARJONA,02,Zona 02,02,ESC MIX ANGELA DORADO,20
05,BOLIVAR,007,ARJONA,02,Zona 02,03,ESC FRANCISCO DE PAULA SANTANDER,22
05,BOLIVAR,007,ARJONA,02,Zona 02,04,IE DOMINGO TARRA GUARDO SD MANUELA BELTR,3
05,BOLIVAR,022,EL CARMEN DE BOLIVAR,99,Zona 99,01,BAJO GRANDE,3
05,BOLIVAR,022,EL CARMEN DE BOLIVAR,99,Zona 99,05,CARACOLI,6
05,BOLIVAR,022,EL CARMEN DE BOLIVAR,99,Zona 99,07,CENTRO ALEGRE,1
05,BOLIVAR,022,EL CARMEN DE BOLIVAR,99,Zona 99,08,EL HOBO,4
05,BOLIVAR,022,EL CARMEN DE BOLIVAR,99,Zona 99,09,EL SALADO,4
05,BOLIVAR,022,EL CARMEN DE BOLIVAR,99,Zona 99,10,GUAMANGA,3
05,BOLIVAR,022,EL CARMEN DE BOLIVAR,99,Zona 99,11,HATO NUEVO,2
05,BOLIVAR,022,EL CARMEN DE BOLIVAR,99,Zona 99,13,JESUS DEL MONTE,1
05,BOLIVAR,022,EL CARMEN DE BOLIVAR,99,Zona 99,15,CANZONA,3
05,BOLIVAR,022,EL CARMEN DE BOLIVAR,99,Zona 99,16,LA SIERRA,1
05,BOLIVAR,022,EL CARMEN DE BOLIVAR,99,Zona 99,17,MACAYEPO,4
05,BOLIVAR,022,EL CARMEN DE BOLIVAR,99,Zona 99,18,LAZARO,2
05,BOLIVAR,022,EL CARMEN DE BOLIVAR,99,Zona 99,19,ARENAS,1
05,BOLIVAR,022,EL CARMEN DE BOLIVAR,99,Zona 99,20,RAIZAL SANTA LUCIA,3
05,BOLIVAR,022,EL CARMEN DE BOLIVAR,99,Zona 99,21,SAN CARLOS,2
05,BOLIVAR,022,EL CARMEN DE BOLIVAR,99,Zona 99,25,SAN ISIDRO,4
05,BOLIVAR,022,EL CARMEN DE BOLIVAR,99,Zona 99,32,SANTO DOMINGO DE MEZA,2
05,BOLIVAR,022,EL CARMEN DE BOLIVAR,99,Zona 99,65,VERDUM,3
05,BOLIVAR,022,EL CARMEN DE BOLIVAR,01,Zona 01,01,IE AGROEMP  JULIO CESAR TURBAY,15
05,BOLIVAR,022,EL CARMEN DE BOLIVAR,01,Zona 01,02,IE ESPIRITU SANTO,15
05,BOLIVAR,022,EL CARMEN DE BOLIVAR,01,Zona 01,03,IE GABRIEL GARCIA TABOADA,15
05,BOLIVAR,022,EL CARMEN DE BOLIVAR,01,Zona 01,04,IE TEC AGROEMP GABRIELA MISTRAL,12
05,BOLIVAR,022,EL CARMEN DE BOLIVAR,01,Zona 01,05,IE TEC AGRO GIOVANNI CRISTINI SEDE JFK,13
05,BOLIVAR,022,EL CARMEN DE BOLIVAR,01,Zona 01,06,IE MARIA INMACULADA,17
05,BOLIVAR,022,EL CARMEN DE BOLIVAR,02,Zona 02,01,IE MANUEL EDMUNDO MENDOZA,26
05,BOLIVAR,022,EL CARMEN DE BOLIVAR,02,Zona 02,02,IE TEC IND JUAN FEDERICO HOLLMAN,28
05,BOLIVAR,028,MAGANGUE,90,Zona 90,01,IE LICEO MODERNO,6
05,BOLIVAR,028,MAGANGUE,98,Zona 98,01,CARCEL,1
05,BOLIVAR,028,MAGANGUE,99,Zona 99,01,BARBOSA,5
05,BOLIVAR,028,MAGANGUE,99,Zona 99,05,BARRANCA DE YUCA,9
05,BOLIVAR,028,MAGANGUE,99,Zona 99,07,BETANIA,3
05,BOLIVAR,028,MAGANGUE,99,Zona 99,09,BOCAS DE SAN ANTONIO,1
05,BOLIVAR,028,MAGANGUE,99,Zona 99,17,CASCAJAL,12
05,BOLIVAR,028,MAGANGUE,99,Zona 99,19,CEIBAL,4
05,BOLIVAR,028,MAGANGUE,99,Zona 99,21,COYONGAL,3
05,BOLIVAR,028,MAGANGUE,99,Zona 99,22,EL CUATRO,4
05,BOLIVAR,028,MAGANGUE,99,Zona 99,23,GUAZO,2
05,BOLIVAR,028,MAGANGUE,99,Zona 99,25,HENEQUEN,8
05,BOLIVAR,028,MAGANGUE,99,Zona 99,27,EMAUS,2
05,BOLIVAR,028,MAGANGUE,99,Zona 99,29,ISLA GRANDE,4
05,BOLIVAR,028,MAGANGUE,99,Zona 99,33,JUAN ARIAS,6
05,BOLIVAR,028,MAGANGUE,99,Zona 99,37,LA PASCUALA,7
05,BOLIVAR,028,MAGANGUE,99,Zona 99,39,LAS BRISAS,2
05,BOLIVAR,028,MAGANGUE,99,Zona 99,41,MADRID,4
05,BOLIVAR,028,MAGANGUE,99,Zona 99,43,PANSEGUITA,3
05,BOLIVAR,028,MAGANGUE,99,Zona 99,45,PALMARITO,2
05,BOLIVAR,028,MAGANGUE,99,Zona 99,49,PIÑALITO,6
05,BOLIVAR,028,MAGANGUE,99,Zona 99,50,PLAYA DE LAS FLORES,1
05,BOLIVAR,028,MAGANGUE,99,Zona 99,51,PUERTO KENNEDY,2
05,BOLIVAR,028,MAGANGUE,99,Zona 99,52,PUNTA DE CARTAGENA,2
05,BOLIVAR,028,MAGANGUE,99,Zona 99,53,EL RETIRO,5
05,BOLIVAR,028,MAGANGUE,99,Zona 99,54,PUERTO NARIÑO,2
05,BOLIVAR,028,MAGANGUE,99,Zona 99,55,ROMA,1
05,BOLIVAR,028,MAGANGUE,99,Zona 99,56,SAN ANTOÑITO,2
05,BOLIVAR,028,MAGANGUE,99,Zona 99,57,SAN JOSE DE LAS MARTAS,2
05,BOLIVAR,028,MAGANGUE,99,Zona 99,59,SAN RAFAEL DE CORTINA,5
05,BOLIVAR,028,MAGANGUE,99,Zona 99,61,SAN SEBASTIAN DE BUENAVISTA,2
05,BOLIVAR,028,MAGANGUE,99,Zona 99,62,SANTA COITA,1
05,BOLIVAR,028,MAGANGUE,99,Zona 99,63,SANTA FE,6
05,BOLIVAR,028,MAGANGUE,99,Zona 99,65,SANTA LUCIA,3
05,BOLIVAR,028,MAGANGUE,99,Zona 99,66,SANTA MONICA,1
05,BOLIVAR,028,MAGANGUE,99,Zona 99,67,SANTA PABLA,2
05,BOLIVAR,028,MAGANGUE,99,Zona 99,73,SITIONUEVO,4
05,BOLIVAR,028,MAGANGUE,99,Zona 99,77,TACALOA,3
05,BOLIVAR,028,MAGANGUE,99,Zona 99,81,TACASALUMA,4
05,BOLIVAR,028,MAGANGUE,99,Zona 99,82,TRES PUNTAS,2
05,BOLIVAR,028,MAGANGUE,99,Zona 99,83,TOLU,2
05,BOLIVAR,028,MAGANGUE,99,Zona 99,84,LA VENTURA,5
05,BOLIVAR,028,MAGANGUE,99,Zona 99,93,SABANETA,1
05,BOLIVAR,028,MAGANGUE,01,Zona 01,01,COLEGIO COMUNAL VERSALLES SD SUR,14
05,BOLIVAR,028,MAGANGUE,01,Zona 01,02,COLEGIO DPTAL YATI,10
05,BOLIVAR,028,MAGANGUE,01,Zona 01,03,I.E.COMUNAL VERSALLES SEDE PAL,19
05,BOLIVAR,028,MAGANGUE,01,Zona 01,04,I.E.COM. VERSALLES S.ILUSION,7
05,BOLIVAR,028,MAGANGUE,01,Zona 01,05,I.E. LICEO MODERNO DE LA CANDELARIA,11
05,BOLIVAR,028,MAGANGUE,02,Zona 02,01,INST.EDUC.SAN JOSE N.1,18
05,BOLIVAR,028,MAGANGUE,02,Zona 02,02,COLISEO CUBIERTO DE ALTO R.,32
05,BOLIVAR,028,MAGANGUE,02,Zona 02,03,LICEO JOAQUIN FDO. VELEZ,19
05,BOLIVAR,028,MAGANGUE,02,Zona 02,04,ESC. OFICIAL CAMILO TORRES,10
05,BOLIVAR,028,MAGANGUE,02,Zona 02,05,I.E. SAN JOSE No. 2,23
05,BOLIVAR,040,MARIA LA BAJA,99,Zona 99,01,CORREA,3
05,BOLIVAR,040,MARIA LA BAJA,99,Zona 99,02,ARROYO GRANDE,3
05,BOLIVAR,040,MARIA LA BAJA,99,Zona 99,04,COLÚ,2
05,BOLIVAR,040,MARIA LA BAJA,99,Zona 99,05,EL NISPERO,5
05,BOLIVAR,040,MARIA LA BAJA,99,Zona 99,09,FLAMENCO,3
05,BOLIVAR,040,MARIA LA BAJA,99,Zona 99,11,LOS BELLOS,5
05,BOLIVAR,040,MARIA LA BAJA,99,Zona 99,13,MAMPUJAN,3
05,BOLIVAR,040,MARIA LA BAJA,99,Zona 99,14,MATUYA,7
05,BOLIVAR,040,MARIA LA BAJA,99,Zona 99,15,NUEVA FLORIDA,7
05,BOLIVAR,040,MARIA LA BAJA,99,Zona 99,17,ÑANGUMA,2
05,BOLIVAR,040,MARIA LA BAJA,99,Zona 99,21,RETIRO NUEVO,6
05,BOLIVAR,040,MARIA LA BAJA,99,Zona 99,25,SAN JOSE DEL PLAYON,9
05,BOLIVAR,040,MARIA LA BAJA,99,Zona 99,29,SAN PABLO,13
05,BOLIVAR,040,MARIA LA BAJA,99,Zona 99,30,PUEBLO NUEVO,1
05,BOLIVAR,040,MARIA LA BAJA,99,Zona 99,31,SAN PABLO 2 PRIMERO DE JULIO,4
05,BOLIVAR,040,MARIA LA BAJA,99,Zona 99,33,EL SENA,3
05,BOLIVAR,040,MARIA LA BAJA,01,Zona 01,01,I.E.T.A . D. D.R SEDE LAS DELI,11
05,BOLIVAR,040,MARIA LA BAJA,01,Zona 01,02,I.E. RAFAEL URIBE URIBE SEDE 4,10
05,BOLIVAR,040,MARIA LA BAJA,01,Zona 01,03,CENTRO DE INTEGRACION CIUDADANA CIC,9
05,BOLIVAR,040,MARIA LA BAJA,02,Zona 02,01,I.E. RAFAEL URIBE URIBE SEDE 1,17
05,BOLIVAR,040,MARIA LA BAJA,02,Zona 02,02,I.E TEC ACUICOLA SAN FRANCSICO,11
05,BOLIVAR,040,MARIA LA BAJA,02,Zona 02,03,IETAE SAN FRANCISCO ASIS SD PTO SANT.,2
05,BOLIVAR,040,MARIA LA BAJA,02,Zona 02,04,INSTITUCIÓN EDUCATIVA SAN LUIS BELTRAN,2
05,BOLIVAR,043,MOMPOS,99,Zona 99,01,CALDERA,3
05,BOLIVAR,043,MOMPOS,99,Zona 99,03,ANCON,2
05,BOLIVAR,043,MOMPOS,99,Zona 99,05,CANDELARIA,4
05,BOLIVAR,043,MOMPOS,99,Zona 99,06,EL CARMEN DE CICUCO,2
05,BOLIVAR,043,MOMPOS,99,Zona 99,08,EL ROSARIO,1
05,BOLIVAR,043,MOMPOS,99,Zona 99,09,BOMBA,1
05,BOLIVAR,043,MOMPOS,99,Zona 99,21,GUAIMARAL,3
05,BOLIVAR,043,MOMPOS,99,Zona 99,25,GUATACA,5
05,BOLIVAR,043,MOMPOS,99,Zona 99,29,LA LOBATA,3
05,BOLIVAR,043,MOMPOS,99,Zona 99,37,LA RINCONADA,7
05,BOLIVAR,043,MOMPOS,99,Zona 99,39,LA JAGUA,1
05,BOLIVAR,043,MOMPOS,99,Zona 99,40,LA TRAVESIA,2
05,BOLIVAR,043,MOMPOS,99,Zona 99,41,LAS BOQUILLAS,5
05,BOLIVAR,043,MOMPOS,99,Zona 99,45,LOMA DE SIMON,3
05,BOLIVAR,043,MOMPOS,99,Zona 99,49,LOS PIÑONES,2
05,BOLIVAR,043,MOMPOS,99,Zona 99,55,PUEBLO NUEVO,1
05,BOLIVAR,043,MOMPOS,99,Zona 99,65,SAN IGNACIO,2
05,BOLIVAR,043,MOMPOS,99,Zona 99,67,SAN LUIS,1
05,BOLIVAR,043,MOMPOS,99,Zona 99,69,SAN NICOLAS,2
05,BOLIVAR,043,MOMPOS,99,Zona 99,73,SANTA CRUZ,4
05,BOLIVAR,043,MOMPOS,99,Zona 99,74,SANTA ELENA,1
05,BOLIVAR,043,MOMPOS,99,Zona 99,75,SANTA ROSA,2
05,BOLIVAR,043,MOMPOS,99,Zona 99,77,SANTA TERESITA,5
05,BOLIVAR,043,MOMPOS,99,Zona 99,90,VILLANUEVA,1
05,BOLIVAR,043,MOMPOS,01,Zona 01,01,IE TEC COL NAL PINILLOS SD M AUXILIADORA,15
05,BOLIVAR,043,MOMPOS,01,Zona 01,02,IE TEC AGRO T. NAJERA SD A HEREDIA,17
05,BOLIVAR,043,MOMPOS,02,Zona 02,01,IE TEC COL NAL PINILLOS,17
05,BOLIVAR,043,MOMPOS,02,Zona 02,02,COL STA CRUZ DE MOMPOS,15
05,BOLIVAR,076,SAN JACINTO,99,Zona 99,01,ARENAS,1
05,BOLIVAR,076,SAN JACINTO,99,Zona 99,05,BAJO GRANDE,1
05,BOLIVAR,076,SAN JACINTO,99,Zona 99,07,EL PARAISO,2
05,BOLIVAR,076,SAN JACINTO,99,Zona 99,08,LAS CHARQUITAS,1
05,BOLIVAR,076,SAN JACINTO,99,Zona 99,09,LAS PALMAS,1
05,BOLIVAR,076,SAN JACINTO,99,Zona 99,10,LAS MERCEDES,1
05,BOLIVAR,076,SAN JACINTO,99,Zona 99,17,SAN CRISTOBAL,1
05,BOLIVAR,076,SAN JACINTO,01,Zona 01,01,I.E. PIO XII,17
05,BOLIVAR,076,SAN JACINTO,01,Zona 01,02,I.E. LEON XIII - SEDE SANTA LUCIA,11
05,BOLIVAR,076,SAN JACINTO,02,Zona 02,01,I.E. PIO XII - SD RAFAEL NUÑEZ,15
05,BOLIVAR,076,SAN JACINTO,02,Zona 02,02,I.E. LEON XIII - SEDE LA ANUCIACION,17
05,BOLIVAR,079,SAN JUAN NEPOMUCENO,99,Zona 99,01,CORRALITO,1
05,BOLIVAR,079,SAN JUAN NEPOMUCENO,99,Zona 99,02,SAN PEDRO CONSOLADO,4
05,BOLIVAR,079,SAN JUAN NEPOMUCENO,99,Zona 99,03,LA HAYA,1
05,BOLIVAR,079,SAN JUAN NEPOMUCENO,99,Zona 99,04,SAN JOSE DEL PEÑON,1
05,BOLIVAR,079,SAN JUAN NEPOMUCENO,99,Zona 99,05,SAN AGUSTIN,2
05,BOLIVAR,079,SAN JUAN NEPOMUCENO,99,Zona 99,06,SAN CAYETANO,7
05,BOLIVAR,079,SAN JUAN NEPOMUCENO,99,Zona 99,07,SAN CAYETANO BACHILLERATO,7
05,BOLIVAR,079,SAN JUAN NEPOMUCENO,99,Zona 99,08,SAN CAYETANO  - ARROYO HONDO,1
05,BOLIVAR,079,SAN JUAN NEPOMUCENO,01,Zona 01,01,IE NORMAL SUP MONTES DE MARIA SD EL PROG,20
05,BOLIVAR,079,SAN JUAN NEPOMUCENO,01,Zona 01,02,INS.ED.DIOGENES ARRIETA ARRIB,9
05,BOLIVAR,079,SAN JUAN NEPOMUCENO,02,Zona 02,01,INS.ED.NOR.SUP.M.DE MARIA PRI,12
05,BOLIVAR,079,SAN JUAN NEPOMUCENO,02,Zona 02,02,INS.ED.LA FLORESTA SAN JOSE,9
05,BOLIVAR,079,SAN JUAN NEPOMUCENO,02,Zona 02,03,IE TECNICA AGROPECUARIA RODOLFO BARRIOS,13
05,BOLIVAR,079,SAN JUAN NEPOMUCENO,02,Zona 02,04,IE TECNICA EN SISTEMAS LA FLORESTA SD P,11
07,BOYACA,100,GARAGOA,99,Zona 99,09,BANCOS DE PARAMO,1
07,BOYACA,100,GARAGOA,99,Zona 99,16,GUAYABAL,1
07,BOYACA,100,GARAGOA,99,Zona 99,70,LA VALVANERA,1
07,BOYACA,100,GARAGOA,00,Zona 00,00,PUESTO CABECERA MUNICIPAL,35
07,BOYACA,103,GUACAMAYAS,00,Zona 00,00,PUESTO CABECERA MUNICIPAL,5
07,BOYACA,106,GUATEQUE,98,Zona 98,01,CARCEL,1
07,BOYACA,106,GUATEQUE,00,Zona 00,00,PUESTO CABECERA MUNICIPAL,26
07,BOYACA,109,GUAYATA,00,Zona 00,00,PUESTO CABECERA MUNICIPAL,11
07,BOYACA,112,GUICAN,99,Zona 99,01,BOCOTA,1
07,BOYACA,112,GUICAN,99,Zona 99,03,BACHIRA,1
07,BOYACA,112,GUICAN,99,Zona 99,06,LA CUEVA,1
07,BOYACA,112,GUICAN,99,Zona 99,20,TUNEBIA ARRIBA,1
07,BOYACA,112,GUICAN,00,Zona 00,00,PUESTO CABECERA MUNICIPAL,8
07,BOYACA,118,IZA,00,Zona 00,00,PUESTO CABECERA MUNICIPAL,7
07,BOYACA,121,JENESANO,00,Zona 00,00,PUESTO CABECERA MUNICIPAL,19
07,BOYACA,124,JERICO,99,Zona 99,01,CHEVA,2
07,BOYACA,124,JERICO,99,Zona 99,05,PUEBLOVIEJO,2
07,BOYACA,124,JERICO,00,Zona 00,00,PUESTO CABECERA MUNICIPAL,8
07,BOYACA,127,LABRANZAGRANDE,99,Zona 99,25,LA AGUADA,1
07,BOYACA,127,LABRANZAGRANDE,00,Zona 00,00,PUESTO CABECERA MUNICIPAL,9
07,BOYACA,130,LA CAPILLA,00,Zona 00,00,PUESTO CABECERA MUNICIPAL,7
07,BOYACA,136,LA UVITA,99,Zona 99,13,CUSAGUI,2
07,BOYACA,136,LA UVITA,99,Zona 99,19,EL CARMEN,1
07,BOYACA,136,LA UVITA,00,Zona 00,00,PUESTO CABECERA MUNICIPAL,6
07,BOYACA,137,LA VICTORIA,99,Zona 99,15,CHAPON O GUADUALITO,1
07,BOYACA,137,LA VICTORIA,99,Zona 99,60,SANTA HELENA,1
07,BOYACA,137,LA VICTORIA,00,Zona 00,00,PUESTO CABECERA MUNICIPAL,4
07,BOYACA,139,VILLA DE LEIVA,99,Zona 99,09,CARDONAL,1
07,BOYACA,139,VILLA DE LEIVA,00,Zona 00,00,COLISEO MUNICIPAL,40
07,BOYACA,142,MACANAL,99,Zona 99,08,SAN PEDRO DE MUCEÑO,2
07,BOYACA,142,MACANAL,99,Zona 99,12,NARANJOS,2
07,BOYACA,142,MACANAL,00,Zona 00,00,PUESTO CABECERA MUNICIPAL,9
07,BOYACA,148,MARIPI,99,Zona 99,01,ZULIA,3
07,BOYACA,148,MARIPI,99,Zona 99,30,GUAZO,1
07,BOYACA,148,MARIPI,99,Zona 99,50,NARAPAY,1
07,BOYACA,148,MARIPI,99,Zona 99,62,SABANETA,1
07,BOYACA,148,MARIPI,99,Zona 99,65,SANTA ROSA,2
07,BOYACA,148,MARIPI,00,Zona 00,00,PUESTO CABECERA MUNICIPAL,11
07,BOYACA,151,MIRAFLORES,99,Zona 99,27,TUNJITA,1
07,BOYACA,151,MIRAFLORES,00,Zona 00,00,PUESTO CABECERA MUNICIPAL,22
07,BOYACA,154,MONGUA,99,Zona 99,01,SIRGUAZA,1
07,BOYACA,154,MONGUA,99,Zona 99,16,TUNJUELO,1
07,BOYACA,154,MONGUA,00,Zona 00,00,PUESTO CABECERA MUNICIPAL,11
07,BOYACA,157,MONGUI,00,Zona 00,00,PUESTO CABECERA MUNICIPAL,12
07,BOYACA,160,MONIQUIRA,98,Zona 98,01,CARCEL,1
07,BOYACA,160,MONIQUIRA,99,Zona 99,40,MACIEGAL,1
07,BOYACA,160,MONIQUIRA,99,Zona 99,60,PAJONALES,1
07,BOYACA,160,MONIQUIRA,99,Zona 99,63,PANTANILLO,1
07,BOYACA,160,MONIQUIRA,00,Zona 00,00,PUESTO CABECERA MUNICIPAL,54
07,BOYACA,161,MOTAVITA,99,Zona 99,14,PANELAS,4
07,BOYACA,161,MOTAVITA,00,Zona 00,00,PUESTO CABECERA MUNICIPAL,14
07,BOYACA,163,MUZO,99,Zona 99,07,MATA DE CAFE,3
07,BOYACA,163,MUZO,99,Zona 99,08,COLEGIO NIAUZA,1
07,BOYACA,163,MUZO,99,Zona 99,09,IE NUESTRA SEÑORA DE LA NAVAL-SD PAUNITA,1
07,BOYACA,163,MUZO,99,Zona 99,10,IE NUESTRA SEÑORA DE LA NAVAL-SD CUINCHA,1
07,BOYACA,163,MUZO,00,Zona 00,00,PUESTO CABECERA MUNICIPAL,18
07,BOYACA,166,NOBSA,99,Zona 99,01,BELENCITO,7
07,BOYACA,166,NOBSA,00,Zona 00,00,PUESTO CABECERA MUNICIPAL,33
07,BOYACA,169,NUEVO COLON,00,Zona 00,00,COLISEO MUNICIPAL,14
07,BOYACA,173,OICATA,00,Zona 00,00,PUESTO CABECERA MUNICIPAL,9
07,BOYACA,176,OTANCHE,99,Zona 99,02,ALTOSANO,1
07,BOYACA,176,OTANCHE,99,Zona 99,05,PIZARRA,1
07,BOYACA,176,OTANCHE,99,Zona 99,08,SAN JOSE DE NAZARETH,1
07,BOYACA,176,OTANCHE,99,Zona 99,20,BETANIA,1
07,BOYACA,176,OTANCHE,99,Zona 99,30,BUENAVISTA,1
07,BOYACA,176,OTANCHE,99,Zona 99,35,LA CUNCHALA (OASIS),1
07,BOYACA,176,OTANCHE,99,Zona 99,40,CACHIPAY,1
07,BOYACA,176,OTANCHE,99,Zona 99,45,EL ENCANTO,1
07,BOYACA,176,OTANCHE,99,Zona 99,50,PENJAMO,1
07,BOYACA,176,OTANCHE,99,Zona 99,55,SABRIPA,1
07,BOYACA,176,OTANCHE,00,Zona 00,00,PUESTO CABECERA MUNICIPAL,17
07,BOYACA,178,PACHAVITA,00,Zona 00,00,PUESTO CABECERA MUNICIPAL,6
07,BOYACA,179,PAEZ,99,Zona 99,36,LA URURIA,1
07,BOYACA,179,PAEZ,99,Zona 99,44,SIRASI,1
07,BOYACA,179,PAEZ,00,Zona 00,00,PUESTO CABECERA MUNICIPAL,6
07,BOYACA,181,PAIPA,99,Zona 99,01,PALERMO,3
07,BOYACA,181,PAIPA,99,Zona 99,15,EL VENADO,1
07,BOYACA,181,PAIPA,99,Zona 99,38,PANTANO DE VARGAS,3
07,BOYACA,181,PAIPA,01,Zona 01,01,I.E.TOMAS VASQUEZ RODRIGUEZ,26
07,BOYACA,181,PAIPA,01,Zona 01,02,I.E.EL ROSARIO SEDE CAMPESTRE,14
07,BOYACA,181,PAIPA,02,Zona 02,01,COLISEO MUNICIPAL DE DEPORTES DE PAIPA,25
07,BOYACA,181,PAIPA,02,Zona 02,02,I.E. EL ROSARIO SEDE CENTRAL,18
07,BOYACA,184,PAJARITO,99,Zona 99,05,CORINTO,2
07,BOYACA,184,PAJARITO,00,Zona 00,00,PUESTO CABECERA MUNICIPAL,4
07,BOYACA,187,PANQUEBA,00,Zona 00,00,PUESTO CABECERA MUNICIPAL,5
07,BOYACA,190,PAUNA,99,Zona 99,01,AGUAFRIA,1
07,BOYACA,190,PAUNA,99,Zona 99,05,IBACAPI Y QUEBRADASECA,1
07,BOYACA,190,PAUNA,00,Zona 00,00,PUESTO CABECERA MUNICIPAL,20
07,BOYACA,193,PAYA,99,Zona 99,01,MORCOTE,2
07,BOYACA,193,PAYA,99,Zona 99,20,VIJAGUAL,1
07,BOYACA,193,PAYA,00,Zona 00,00,PUESTO CABECERA MUNICIPAL,3
07,BOYACA,199,PAZ DE RIO,99,Zona 99,50,PAZ VIEJA,1
07,BOYACA,199,PAZ DE RIO,00,Zona 00,00,PUESTO CABECERA MUNICIPAL,12
07,BOYACA,202,PESCA,99,Zona 99,01,EL PALMAR,1
07,BOYACA,202,PESCA,99,Zona 99,08,EL HATO,1
07,BOYACA,202,PESCA,00,Zona 00,00,PUESTO CABECERA MUNICIPAL,18
07,BOYACA,205,PISBA,00,Zona 00,00,PUESTO CABECERA MUNICIPAL,4
07,BOYACA,214,PUERTO BOYACA,98,Zona 98,01,CARCEL DEL CIRCUITO,1
07,BOYACA,214,PUERTO BOYACA,99,Zona 99,01,PALAGUA,4
07,BOYACA,214,PUERTO BOYACA,99,Zona 99,03,GUANEGRO,2
07,BOYACA,214,PUERTO BOYACA,99,Zona 99,04,CALDERON,4
07,BOYACA,214,PUERTO BOYACA,99,Zona 99,05,PUERTO GUTIERREZ,1
07,BOYACA,214,PUERTO BOYACA,99,Zona 99,06,PUERTO PINZON,3
07,BOYACA,214,PUERTO BOYACA,99,Zona 99,08,KILOMETRO 25,1
07,BOYACA,214,PUERTO BOYACA,99,Zona 99,09,VASCONIA (PUERTO SERVIEZ),5
07,BOYACA,214,PUERTO BOYACA,99,Zona 99,10,EL MARFIL,4
07,BOYACA,214,PUERTO BOYACA,99,Zona 99,30,PUERTO ROMERO,2
07,BOYACA,214,PUERTO BOYACA,01,Zona 01,01,COLEGIO JOSE ANTONIO GALAN,26
07,BOYACA,214,PUERTO BOYACA,01,Zona 01,02,COL.NACIONAL.SAN PEDRO CLAVER,25
07,BOYACA,214,PUERTO BOYACA,02,Zona 02,01,COLEGIO JHON F. KENNEDY,22
07,BOYACA,214,PUERTO BOYACA,02,Zona 02,02,CONCENTRACION SIMON BOLIVAR,19
07,BOYACA,215,QUIPAMA,99,Zona 99,25,CORMAL,1
07,BOYACA,215,QUIPAMA,99,Zona 99,43,EL PARQUE,1
07,BOYACA,215,QUIPAMA,99,Zona 99,51,HUMBO,1
07,BOYACA,215,QUIPAMA,99,Zona 99,65,LA YE,3
07,BOYACA,215,QUIPAMA,99,Zona 99,98,VEGA DEL CORMAL,1
07,BOYACA,215,QUIPAMA,00,Zona 00,00,PUESTO CABECERA MUNICIPAL,10
07,BOYACA,217,RAMIRIQUI,99,Zona 99,01,EL ESCOBAL,2
07,BOYACA,217,RAMIRIQUI,99,Zona 99,05,GUAYABAL,1
07,BOYACA,217,RAMIRIQUI,00,Zona 00,00,PUESTO CABECERA MUNICIPAL,26
07,BOYACA,220,RAQUIRA,99,Zona 99,10,FIRITA PEÑA ARRIBA,1
07,BOYACA,220,RAQUIRA,99,Zona 99,14,LA CANDELARIA,2
07,BOYACA,220,RAQUIRA,99,Zona 99,70,QUICAGOTA,1
07,BOYACA,220,RAQUIRA,00,Zona 00,00,PUESTO CABECERA MUNICIPAL,13
07,BOYACA,223,RONDON,99,Zona 99,19,RANCHOGRANDE,2
07,BOYACA,223,RONDON,00,Zona 00,00,PUESTO CABECERA MUNICIPAL,5
07,BOYACA,226,SABOYA,99,Zona 99,01,GARAVITO,2
07,BOYACA,226,SABOYA,99,Zona 99,02,MERCHAN,4
07,BOYACA,226,SABOYA,99,Zona 99,04,ESCOBAL,1
07,BOYACA,226,SABOYA,99,Zona 99,06,MATA DE MORA (CASA BLANCA),1
07,BOYACA,226,SABOYA,99,Zona 99,09,PUENTE DE TIERRA,3
07,BOYACA,226,SABOYA,99,Zona 99,13,VELANDIA (LA PALMA),2
07,BOYACA,226,SABOYA,99,Zona 99,25,VINCULO ORIENTAL,2
07,BOYACA,226,SABOYA,00,Zona 00,00,PUESTO CABECERA MUNICIPAL,20
07,BOYACA,232,SACHICA,00,Zona 00,00,PUESTO CABECERA MUNICIPAL,13
07,BOYACA,235,SAMACA,99,Zona 99,25,EL GACAL,3
07,BOYACA,235,SAMACA,00,Zona 00,00,PUESTO CABECERA MUNICIPAL,44
07,BOYACA,237,SAN EDUARDO,00,Zona 00,00,PUESTO CABECERA MUNICIPAL,5
07,BOYACA,238,SAN JOSE DE PARE,99,Zona 99,01,GUANOMO,1
07,BOYACA,238,SAN JOSE DE PARE,99,Zona 99,02,SAN JACINTO,1
07,BOYACA,238,SAN JOSE DE PARE,99,Zona 99,08,MUÑOCES Y CAMACHOS,2
07,BOYACA,238,SAN JOSE DE PARE,99,Zona 99,12,SANTO DOMINGO,1
07,BOYACA,238,SAN JOSE DE PARE,00,Zona 00,00,INSTITUCION EDUCATIVA HORIZONTES,13
07,BOYACA,241,SAN LUIS DE GACENO,99,Zona 99,10,GUAMAL,1
07,BOYACA,241,SAN LUIS DE GACENO,99,Zona 99,15,HORIZONTES,1
07,BOYACA,241,SAN LUIS DE GACENO,99,Zona 99,18,MESA DEL GUAVIO,1
07,BOYACA,241,SAN LUIS DE GACENO,99,Zona 99,20,SAN CARLOS,1
07,BOYACA,241,SAN LUIS DE GACENO,99,Zona 99,21,SANTA TERESA,2
07,BOYACA,241,SAN LUIS DE GACENO,00,Zona 00,00,PUESTO CABECERA MUNICIPAL,9
07,BOYACA,247,SAN MATEO,99,Zona 99,05,EL CHAPETON,1
07,BOYACA,247,SAN MATEO,00,Zona 00,00,PUESTO CABECERA MUNICIPAL,10
07,BOYACA,248,SAN MIGUEL DE SEMA,00,Zona 00,00,PUESTO CABECERA MUNICIPAL,9
07,BOYACA,249,SAN PABLO DE BORBUR,99,Zona 99,05,CALAMACO,1
07,BOYACA,249,SAN PABLO DE BORBUR,99,Zona 99,07,COSCUEZ,3
07,BOYACA,249,SAN PABLO DE BORBUR,99,Zona 99,09,CHANARES,1
07,BOYACA,249,SAN PABLO DE BORBUR,99,Zona 99,15,PEÑAS BLANCAS,4
07,BOYACA,249,SAN PABLO DE BORBUR,99,Zona 99,16,SANTA BARBARA,4
07,BOYACA,249,SAN PABLO DE BORBUR,00,Zona 00,00,PUESTO CABECERA MUNICIPAL,7
07,BOYACA,250,SANTANA,00,Zona 00,00,I.E.T.ANTONIO RICAURTE SD PRIMARIA,21
07,BOYACA,251,SANTA MARIA,99,Zona 99,08,CULIMA,1
07,BOYACA,251,SANTA MARIA,99,Zona 99,20,NAZARETH,1
07,BOYACA,251,SANTA MARIA,00,Zona 00,00,PUESTO CABECERA MUNICIPAL,9
07,BOYACA,253,SANTA ROSA DE VITERBO,98,Zona 98,01,CARCEL,1
07,BOYACA,253,SANTA ROSA DE VITERBO,99,Zona 99,15,VEREDA CUCHE,2
07,BOYACA,253,SANTA ROSA DE VITERBO,00,Zona 00,00,PUESTO CABECERA MUNICIPAL,24
07,BOYACA,256,SANTA SOFIA,00,Zona 00,00,PUESTO CABECERA MUNICIPAL,10
07,BOYACA,259,SATIVANORTE,99,Zona 99,10,LA JUPA,1
07,BOYACA,259,SATIVANORTE,00,Zona 00,00,PUESTO CABECERA MUNICIPAL,7
07,BOYACA,262,SATIVASUR,00,Zona 00,00,PUESTO CABECERA MUNICIPAL,4
07,BOYACA,265,SIACHOQUE,00,Zona 00,01,COLISEO MUNICIPAL,10
07,BOYACA,265,SIACHOQUE,00,Zona 00,02,I.E. IGNACIO GIL SANABRIA SD PRINCIPAL,8
07,BOYACA,268,SOATA,00,Zona 00,00,PUESTO CABECERA MUNICIPAL,22
07,BOYACA,271,SOCOTA,99,Zona 99,01,EL OSO,1
07,BOYACA,271,SOCOTA,99,Zona 99,10,COMEZA-HOYADA,2
07,BOYACA,271,SOCOTA,99,Zona 99,13,CHIPAVIEJO,1
07,BOYACA,271,SOCOTA,99,Zona 99,18,LA MANGA,1
07,BOYACA,271,SOCOTA,99,Zona 99,20,LOS PINOS,1
07,BOYACA,271,SOCOTA,99,Zona 99,29,PUEBLO VIEJO,1
07,BOYACA,271,SOCOTA,00,Zona 00,00,PUESTO CABECERA MUNICIPAL,13
07,BOYACA,274,SOCHA,99,Zona 99,04,SANTA TERESA,1
07,BOYACA,274,SOCHA,99,Zona 99,15,SOCHA VIEJO,1
07,BOYACA,274,SOCHA,99,Zona 99,16,CURITAL,1
07,BOYACA,274,SOCHA,00,Zona 00,00,PUESTO CABECERA MUNICIPAL,19
07,BOYACA,277,SOGAMOSO,90,Zona 90,01,COLEGIO CELCO,9
07,BOYACA,277,SOGAMOSO,98,Zona 98,01,CÁRCEL DEL CIRCUITO,1
07,BOYACA,277,SOGAMOSO,99,Zona 99,01,MORCA,4
07,BOYACA,277,SOGAMOSO,99,Zona 99,02,LA PLAYITA,1
07,BOYACA,277,SOGAMOSO,99,Zona 99,03,EL CRUCERO,1
07,BOYACA,277,SOGAMOSO,99,Zona 99,04,LAS CINTAS,1
07,BOYACA,277,SOGAMOSO,01,Zona 01,01,IE INTEGRADO JOAQUIN GONZALEZ CAM,30
07,BOYACA,277,SOGAMOSO,01,Zona 01,02,COL REYES PATRIA,19
07,BOYACA,277,SOGAMOSO,01,Zona 01,03,UNIVERSIDAD DE BOYACA SEDE SOGAMOSO,25
07,BOYACA,277,SOGAMOSO,01,Zona 01,04,IE FRANCISCO DE PAULA SANTANDER,24
07,BOYACA,277,SOGAMOSO,01,Zona 01,05,COL NZADO GUSTAVO JIMENEZ,13
07,BOYACA,277,SOGAMOSO,02,Zona 02,01,IE LIBERTADOR,28
07,BOYACA,277,SOGAMOSO,02,Zona 02,02,IE MAGDALENA,33
07,BOYACA,277,SOGAMOSO,02,Zona 02,03,IEPAGS SEDE ROSARIO,23
07,BOYACA,277,SOGAMOSO,02,Zona 02,04,IE INSEANDES,22
07,BOYACA,277,SOGAMOSO,02,Zona 02,05,IE SUGAMUXI,28
07,BOYACA,277,SOGAMOSO,02,Zona 02,06,COL POLITÉCNICO,19
07,BOYACA,277,SOGAMOSO,02,Zona 02,07,IE SILVESTRE ARENAS,5
07,BOYACA,280,SOMONDOCO,00,Zona 00,00,PUESTO CABECERA MUNICIPAL,9
07,BOYACA,281,SORA,00,Zona 00,00,PUESTO CABECERA MUNICIPAL,9
07,BOYACA,282,SORACA,00,Zona 00,00,PUESTO CABECERA MUNICIPAL,19
07,BOYACA,283,SOTAQUIRA,99,Zona 99,20,EL MORAL,2
07,BOYACA,283,SOTAQUIRA,00,Zona 00,00,PUESTO CABECERA MUNICIPAL,17
07,BOYACA,286,SUSACON,99,Zona 99,07,DESAGUADERO,1
07,BOYACA,286,SUSACON,99,Zona 99,13,SIAPORA,1
07,BOYACA,286,SUSACON,00,Zona 00,00,PUESTO CABECERA MUNICIPAL,7
07,BOYACA,289,SUTAMARCHAN,00,Zona 00,00,PUESTO CABECERA MUNICIPAL,18
07,BOYACA,292,SUTATENZA,00,Zona 00,00,PUESTO CABECERA MUNICIPAL,12
07,BOYACA,298,TASCO,00,Zona 00,00,PUESTO CABECERA MUNICIPAL,14
07,BOYACA,301,TENZA,00,Zona 00,00,PUESTO CABECERA MUNICIPAL,11
07,BOYACA,304,TIBANA,99,Zona 99,10,EL CARMEN,2
07,BOYACA,304,TIBANA,99,Zona 99,29,SUPANECA ARRIBA,2
07,BOYACA,304,TIBANA,99,Zona 99,35,SUTA ARRIBA,1
07,BOYACA,304,TIBANA,00,Zona 00,00,PUESTO CABECERA MUNICIPAL,18
07,BOYACA,307,TIBASOSA,00,Zona 00,00,PUESTO CABECERA MUNICIPAL,30
07,BOYACA,310,TINJACA,00,Zona 00,00,PUESTO CABECERA MUNICIPAL,9
07,BOYACA,311,TIPACOQUE,99,Zona 99,50,LA CARRERA,1
07,BOYACA,311,TIPACOQUE,00,Zona 00,00,PUESTO CABECERA MUNICIPAL,10
07,BOYACA,313,TOCA,00,Zona 00,00,PUESTO CABECERA MUNICIPAL,23
07,BOYACA,316,TOGUI,99,Zona 99,17,GARIVAI,1
07,BOYACA,316,TOGUI,00,Zona 00,00,PUESTO CABECERA MUNICIPAL,12
07,BOYACA,319,TOPAGA,99,Zona 99,70,VADO CASTRO,3
07,BOYACA,319,TOPAGA,00,Zona 00,00,PUESTO CABECERA MUNICIPAL,8
07,BOYACA,322,TOTA,99,Zona 99,48,LA PUERTA,2
07,BOYACA,322,TOTA,99,Zona 99,60,TOBAL,2
07,BOYACA,322,TOTA,00,Zona 00,00,PUESTO CABECERA MUNICIPAL,10
07,BOYACA,324,TUNUNGUA,00,Zona 00,00,PUESTO CABECERA MUNICIPAL,5
07,BOYACA,325,TURMEQUE,00,Zona 00,00,PUESTO CABECERA MUNICIPAL,17
07,BOYACA,328,TUTA,99,Zona 99,20,EL CRUCE,2
07,BOYACA,328,TUTA,00,Zona 00,00,PUESTO CABECERA MUNICIPAL,23
07,BOYACA,331,TUTAZA,99,Zona 99,50,PARAMO,4
07,BOYACA,331,TUTAZA,00,Zona 00,00,PUESTO CABECERA MUNICIPAL,3
07,BOYACA,334,UMBITA,00,Zona 00,00,PUESTO CABECERA MUNICIPAL,17
07,BOYACA,337,VENTAQUEMADA,99,Zona 99,35,EL CARMEN,2
07,BOYACA,337,VENTAQUEMADA,00,Zona 00,00,PUESTO CABECERA MUNICIPAL,33
07,BOYACA,340,VIRACACHA,00,Zona 00,00,PUESTO CABECERA MUNICIPAL,8
07,BOYACA,346,ZETAQUIRA,00,Zona 00,00,PUESTO CABECERA MUNICIPAL,14
07,BOYACA,007,ALMEIDA,00,Zona 00,00,PUESTO CABECERA MUNICIPAL,6
07,BOYACA,010,ARCABUCO,00,Zona 00,00,PUESTO CABECERA MUNICIPAL,15
07,BOYACA,013,BELEN,99,Zona 99,08,SAN JOSE DE LA MONTAÑA,1
07,BOYACA,013,BELEN,00,Zona 00,00,PUESTO CABECERA MUNICIPAL,20
07,BOYACA,016,BERBEO,00,Zona 00,00,PUESTO CABECERA MUNICIPAL,5
07,BOYACA,019,BETEITIVA,99,Zona 99,01,OTENGA,3
07,BOYACA,019,BETEITIVA,00,Zona 00,00,PUESTO CABECERA MUNICIPAL,4
07,BOYACA,022,BOAVITA,99,Zona 99,05,SAN FRANCISCO,2
07,BOYACA,022,BOAVITA,99,Zona 99,13,EL ESPIGON,1
07,BOYACA,022,BOAVITA,00,Zona 00,00,PUESTO CABECERA MUNICIPAL,12
07,BOYACA,025,BOYACA,00,Zona 00,00,PUESTO CABECERA MUNICIPAL,13
07,BOYACA,028,BRICEÑO,00,Zona 00,00,PUESTO CABECERA MUNICIPAL,7
07,BOYACA,031,BUENAVISTA,99,Zona 99,01,CAMPOALEGRE,2
07,BOYACA,031,BUENAVISTA,99,Zona 99,06,CAMPOHERMOSO,1
07,BOYACA,031,BUENAVISTA,99,Zona 99,15,PISMAL,1
07,BOYACA,031,BUENAVISTA,00,Zona 00,00,PUESTO CABECERA MUNICIPAL,12
07,BOYACA,034,BUSBANZA,00,Zona 00,00,PUESTO CABECERA MUNICIPAL,3
07,BOYACA,037,CALDAS,99,Zona 99,01,NARIÑO,3
07,BOYACA,037,CALDAS,99,Zona 99,08,EL CUBO,1
07,BOYACA,037,CALDAS,99,Zona 99,25,QUIPE Y CHINGAGUTA,2
07,BOYACA,037,CALDAS,00,Zona 00,00,PUESTO CABECERA MUNICIPAL,6
07,BOYACA,040,CAMPOHERMOSO,99,Zona 99,40,LOS CEDROS,3
07,BOYACA,040,CAMPOHERMOSO,99,Zona 99,45,VISTAHERMOSA,1
07,BOYACA,040,CAMPOHERMOSO,00,Zona 00,00,PUESTO CABECERA MUNICIPAL,5
07,BOYACA,043,CERINZA,00,Zona 00,00,PUESTO CABECERA MUNICIPAL,11
07,BOYACA,046,CIENEGA,00,Zona 00,00,PUESTO CABECERA MUNICIPAL,11
07,BOYACA,049,COMBITA,98,Zona 98,01,CARCEL,1
07,BOYACA,049,COMBITA,99,Zona 99,09,EL BARNE,3
07,BOYACA,049,COMBITA,99,Zona 99,25,SANTA BARBARA EL ESPARTILLAL,3
07,BOYACA,049,COMBITA,00,Zona 00,00,PUESTO CABECERA MUNICIPAL,23
07,BOYACA,052,COPER,99,Zona 99,09,CANTINO,2
07,BOYACA,052,COPER,99,Zona 99,15,PEDRO GOMEZ,1
07,BOYACA,052,COPER,99,Zona 99,18,RICAURTE,1
07,BOYACA,052,COPER,99,Zona 99,22,TURTUR,2
07,BOYACA,052,COPER,00,Zona 00,00,PUESTO CABECERA MUNICIPAL,6
07,BOYACA,055,CORRALES,00,Zona 00,00,PUESTO CABECERA MUNICIPAL,7
07,BOYACA,058,COVARACHIA,99,Zona 99,01,LA PALMERA,1
07,BOYACA,058,COVARACHIA,99,Zona 99,03,NOGONTOVA LA CAPILLA DE SAN LUIS BELTRAN,2
07,BOYACA,058,COVARACHIA,99,Zona 99,04,SATOBA ARRIBA,1
07,BOYACA,058,COVARACHIA,99,Zona 99,05,TAPIAS,1
07,BOYACA,058,COVARACHIA,00,Zona 00,00,PUESTO CABECERA MUNICIPAL,7
07,BOYACA,059,CUBARA,99,Zona 99,01,AGUABLANCA,1
07,BOYACA,059,CUBARA,99,Zona 99,03,BOJABA,2
07,BOYACA,059,CUBARA,99,Zona 99,05,EL GUAMO,1
07,BOYACA,059,CUBARA,99,Zona 99,30,CHUSCAL,3
07,BOYACA,059,CUBARA,00,Zona 00,00,PUESTO CABECERA MUNICIPAL,15
07,BOYACA,060,CUCAITA,00,Zona 00,00,PUESTO CABECERA MUNICIPAL,10
07,BOYACA,061,CUITIVA,99,Zona 99,50,LLANO DE ALARCON,2
07,BOYACA,061,CUITIVA,00,Zona 00,00,PUESTO CABECERA MUNICIPAL,4
07,BOYACA,064,CHINAVITA,99,Zona 99,19,MONTEJO,1
07,BOYACA,064,CHINAVITA,00,Zona 00,00,PUESTO CABECERA MUNICIPAL,9
07,BOYACA,068,CHIQUIZA,99,Zona 99,50,CHIQUIZA,3
07,BOYACA,068,CHIQUIZA,00,Zona 00,00,PUESTO CABECERA MUNICIPAL,12
07,BOYACA,070,CHISCAS,99,Zona 99,01,PUEBLO DE LAS MERCEDES,2
07,BOYACA,070,CHISCAS,99,Zona 99,20,LAS CAÑAS,1
07,BOYACA,070,CHISCAS,99,Zona 99,23,LLANO DE TABACO,1
07,BOYACA,070,CHISCAS,00,Zona 00,00,PUESTO CABECERA MUNICIPAL,7
07,BOYACA,073,CHITA,99,Zona 99,01,CHIPAVIEJO,1
07,BOYACA,073,CHITA,99,Zona 99,02,CANOAS,2
07,BOYACA,073,CHITA,99,Zona 99,05,EL MORAL,3
07,BOYACA,073,CHITA,99,Zona 99,07,MINAS,1
07,BOYACA,073,CHITA,99,Zona 99,08,LA PLAYA,1
07,BOYACA,073,CHITA,99,Zona 99,09,MONSERRATE,1
07,BOYACA,073,CHITA,00,Zona 00,00,PUESTO CABECERA MUNICIPAL,14
07,BOYACA,076,CHITARAQUE,99,Zona 99,12,GUAMOS Y LADERAS,1
07,BOYACA,076,CHITARAQUE,99,Zona 99,23,SANTO DOMINGO,1
07,BOYACA,076,CHITARAQUE,00,Zona 00,00,PUESTO CABECERA MUNICIPAL,16
07,BOYACA,077,CHIVATA,00,Zona 00,00,PUESTO CABECERA MUNICIPAL,10
07,BOYACA,078,CHIVOR,99,Zona 99,10,SINAI,1
07,BOYACA,078,CHIVOR,00,Zona 00,00,PUESTO CABECERA MUNICIPAL,6
07,BOYACA,082,EL COCUY,99,Zona 99,09,EL CARRIZAL (PATIECITOS),1
07,BOYACA,082,EL COCUY,99,Zona 99,12,EL PACHACUAL,1
07,BOYACA,082,EL COCUY,99,Zona 99,17,LA PLAYA,1
07,BOYACA,082,EL COCUY,00,Zona 00,00,PUESTO CABECERA MUNICIPAL,8
07,BOYACA,085,EL ESPINO,99,Zona 99,60,SANTA ANA,2
07,BOYACA,085,EL ESPINO,00,Zona 00,00,PUESTO CABECERA MUNICIPAL,6
07,BOYACA,088,FIRAVITOBA,99,Zona 99,07,BARATOA,1
07,BOYACA,088,FIRAVITOBA,99,Zona 99,13,DIRAVITA ALTO,1
07,BOYACA,088,FIRAVITOBA,00,Zona 00,00,PUESTO CABECERA MUNICIPAL,17
07,BOYACA,091,FLORESTA,99,Zona 99,01,TOBASIA,2
07,BOYACA,091,FLORESTA,00,Zona 00,00,PUESTO CABECERA MUNICIPAL,9
07,BOYACA,094,GACHANTIVA,00,Zona 00,00,PUESTO CABECERA MUNICIPAL,9
07,BOYACA,097,GAMEZA,99,Zona 99,23,SAZA,2
07,BOYACA,097,GAMEZA,00,Zona 00,00,PUESTO CABECERA MUNICIPAL,11
07,BOYACA,008,AQUITANIA (PUEBLOVIEJO),99,Zona 99,06,DIGANOME,1
07,BOYACA,008,AQUITANIA (PUEBLOVIEJO),99,Zona 99,10,HIRVA,1
07,BOYACA,008,AQUITANIA (PUEBLOVIEJO),99,Zona 99,20,MARAVILLA,1
07,BOYACA,008,AQUITANIA (PUEBLOVIEJO),99,Zona 99,24,MOMBITA,1
07,BOYACA,008,AQUITANIA (PUEBLOVIEJO),99,Zona 99,27,PRIMAVERA,1
07,BOYACA,008,AQUITANIA (PUEBLOVIEJO),99,Zona 99,28,SISVACA,1
07,BOYACA,008,AQUITANIA (PUEBLOVIEJO),99,Zona 99,30,SORIANO,1
07,BOYACA,008,AQUITANIA (PUEBLOVIEJO),99,Zona 99,32,SUSE,3
07,BOYACA,008,AQUITANIA (PUEBLOVIEJO),99,Zona 99,36,TOQUILLA,2
07,BOYACA,008,AQUITANIA (PUEBLOVIEJO),99,Zona 99,37,HATOLAGUNA,1
07,BOYACA,008,AQUITANIA (PUEBLOVIEJO),99,Zona 99,38,HATOVIEJO,1
07,BOYACA,008,AQUITANIA (PUEBLOVIEJO),99,Zona 99,39,DAITO,1
07,BOYACA,008,AQUITANIA (PUEBLOVIEJO),00,Zona 00,01,COLEGIO RAMON IGNACIO AVELLA,16
07,BOYACA,008,AQUITANIA (PUEBLOVIEJO),00,Zona 00,02,IET RAMON IGNACIO AVELLA PRIMARIA URBANA,14
07,BOYACA,001,TUNJA,90,Zona 90,01,PUESTO CENSO (COL. BOY SAN AGUSTIN),11
07,BOYACA,001,TUNJA,98,Zona 98,01,CARCEL,1
07,BOYACA,001,TUNJA,99,Zona 99,21,PUENTE DE BOYACA,3
07,BOYACA,001,TUNJA,01,Zona 01,01,COL. BOYACA FCO DE PAULA SANTANDER,24
07,BOYACA,001,TUNJA,01,Zona 01,02,I.T. GONZALO SUAREZ RENDON SEDE CENTRAL,15
07,BOYACA,001,TUNJA,01,Zona 01,03,COL DE BOYACA SD JOSE IGNACIO DE MARQUEZ,13
07,BOYACA,001,TUNJA,01,Zona 01,04,IES JUAN CASTELLANOS SD CRISANTO LUQUE,22
07,BOYACA,001,TUNJA,01,Zona 01,05,AUDITORIO GUSTAVO M CASTELLANOS COMFABOY,19
07,BOYACA,001,TUNJA,01,Zona 01,06,COLEGIO SALESIANO MALDONADO,25
07,BOYACA,001,TUNJA,02,Zona 02,01,UNIVERSIDAD JUAN DE CASTELLANOS,32
07,BOYACA,001,TUNJA,02,Zona 02,02,C.A.S.D. BARRIO SAN ANTONIO,17
07,BOYACA,001,TUNJA,02,Zona 02,03,INEM CARLOS ARTURO TORRES SD CENTRAL,16
07,BOYACA,001,TUNJA,02,Zona 02,04,IE LIBERTADOR SIMON BOLIVAR SEDE CENTRAL,16
07,BOYACA,001,TUNJA,02,Zona 02,05,UNIVERSIDAD SANTO TOMAS,20
07,BOYACA,001,TUNJA,02,Zona 02,06,COLISEO SAN ANTONIO,17
07,BOYACA,001,TUNJA,02,Zona 02,07,I.E GUSTAVO ROJAS PINILLA SD CENTRAL,17
07,BOYACA,001,TUNJA,02,Zona 02,08,IE LIBERTADOR SIMON BOLIVAR SN FRANCISCO,14
07,BOYACA,001,TUNJA,02,Zona 02,09,I.E. SILVINO RODRIGUEZ SD MANZANARES,5
07,BOYACA,001,TUNJA,02,Zona 02,10,IE NORMAL SUPERIOR SD JARDIN NACIONAL,10
07,BOYACA,001,TUNJA,02,Zona 02,11,CTRO DE REHAB. INTEG. DE BOYACA - CRIB,1
07,BOYACA,001,TUNJA,03,Zona 03,01,COLISEO CUBIERTO MUNICIPAL,20
07,BOYACA,001,TUNJA,03,Zona 03,02,COLISEO MUNICIPAL COMFABOY,24
07,BOYACA,001,TUNJA,03,Zona 03,03,N. S. LEONOR ALVAREZ PINZON PRIMARIA,7
07,BOYACA,001,TUNJA,03,Zona 03,04,COLISEO I.R.D.ET,26
07,BOYACA,001,TUNJA,03,Zona 03,05,I.E. ANTONIO JOSE SANDOVAL GOMEZ,9
07,BOYACA,001,TUNJA,03,Zona 03,06,COLISEO UNIBOYACA,20
07,BOYACA,067,CHIQUINQUIRA,98,Zona 98,01,CARCEL,1
07,BOYACA,067,CHIQUINQUIRA,99,Zona 99,20,SASA MOYAVITA,2
07,BOYACA,067,CHIQUINQUIRA,99,Zona 99,25,VARELA,1
07,BOYACA,067,CHIQUINQUIRA,01,Zona 01,01,U.PEDAG. Y TECNOLOGICA DE COL,16
07,BOYACA,067,CHIQUINQUIRA,01,Zona 01,02,I.T.I.JULIO FLOREZ SECCION BT,14
07,BOYACA,067,CHIQUINQUIRA,01,Zona 01,03,COL.LICEO NAL. JOSE JOAQUIN C,16
07,BOYACA,067,CHIQUINQUIRA,01,Zona 01,04,NORMAL SUPERIOR SOR JOSEFA DEL CASTILLO,18
07,BOYACA,067,CHIQUINQUIRA,02,Zona 02,01,CENTRO VIDA,10
07,BOYACA,067,CHIQUINQUIRA,02,Zona 02,02,UNIVERSIDAD SANTO TOMAS,19
07,BOYACA,067,CHIQUINQUIRA,02,Zona 02,03,COL PIO ALBERTO FERRO PEÑA SECCION PRIA,15
07,BOYACA,067,CHIQUINQUIRA,02,Zona 02,04,C.PIO ALBERTO SECCION SECUNDA,12
07,BOYACA,067,CHIQUINQUIRA,02,Zona 02,05,COLISEO DE FERIAS Y EXPOSICIONES,8
07,BOYACA,079,DUITAMA,90,Zona 90,01,COLEGIO SEMINARIO,14
07,BOYACA,079,DUITAMA,98,Zona 98,01,CARCEL,1
07,BOYACA,079,DUITAMA,99,Zona 99,05,SIRATA,3
07,BOYACA,079,DUITAMA,99,Zona 99,07,SAN ANTONIO NORTE,9
07,BOYACA,079,DUITAMA,99,Zona 99,10,SURBA Y BONZA,8
07,BOYACA,079,DUITAMA,99,Zona 99,20,QUEBRADA DE BECERRA,2
07,BOYACA,079,DUITAMA,99,Zona 99,40,EL CARMEN,1
07,BOYACA,079,DUITAMA,99,Zona 99,50,AVENDAÑOS,1
07,BOYACA,079,DUITAMA,99,Zona 99,70,SALON COMUNAL TOCOGUA,4
07,BOYACA,079,DUITAMA,01,Zona 01,01,COLEGIO SALESIANO,18
07,BOYACA,079,DUITAMA,01,Zona 01,02,ANTIGUO TERMINAL DE TRANSPORTE,19
07,BOYACA,079,DUITAMA,01,Zona 01,03,COL SANTO T DE AQUINO SD PRIA 1,13
07,BOYACA,079,DUITAMA,01,Zona 01,04,COL JESUS EUCARISTIA,12
07,BOYACA,079,DUITAMA,01,Zona 01,05,COL SANTO T DE AQUINO SD PRIA 2,11
07,BOYACA,079,DUITAMA,01,Zona 01,06,COL LA NUEVA FAMILIA,16
07,BOYACA,079,DUITAMA,02,Zona 02,01,COLEGIO BOYACA,35
07,BOYACA,079,DUITAMA,02,Zona 02,02,COL GUILLERMO LEON VALENCIA,37
07,BOYACA,079,DUITAMA,02,Zona 02,03,U.P.T.C.,27
07,BOYACA,079,DUITAMA,02,Zona 02,04,COL.FRANCISCO DE PAULA SANTAN,16
07,BOYACA,079,DUITAMA,02,Zona 02,05,COLEGIO SIMON BOLIVAR,18
07,BOYACA,079,DUITAMA,02,Zona 02,06,PARQUE LA ESPERANZA,12
07,BOYACA,079,DUITAMA,02,Zona 02,07,COLEGIO JAIRO ANIBAL NIÑO,6
03,ATLANTICO,010,CANDELARIA,99,Zona 99,01,INS BASICA NUMERO 1 CARRETO,5
03,ATLANTICO,010,CANDELARIA,99,Zona 99,05,INS BASICA NUMERO 6 LEÑA,7
03,ATLANTICO,010,CANDELARIA,00,Zona 00,00,I.E. NUESTRA SEÑORA DE LA CANDELARIA,32
03,ATLANTICO,019,LURUACO,99,Zona 99,01,IE EL BUEN PASTOR SEDE 1,10
03,ATLANTICO,019,LURUACO,99,Zona 99,05,IE T A NTRA SEÑORA DEL CARMEN PENDALES,7
03,ATLANTICO,019,LURUACO,99,Zona 99,09,IE PALMAR DE CANDELARIA,6
03,ATLANTICO,019,LURUACO,99,Zona 99,13,IE TECNICO AGROPECUARIO DE SANTA CRUZ,12
03,ATLANTICO,019,LURUACO,99,Zona 99,17,CENTRO EDUCATIVO DE SAN JUAN DE TOCAGUA,3
03,ATLANTICO,019,LURUACO,00,Zona 00,00,PUESTO CABECERA MUNICIPAL,39
03,ATLANTICO,025,MANATI,00,Zona 00,00,PUESTO CABECERA MUNICIPAL,49
03,ATLANTICO,031,PIOJO,99,Zona 99,01,CANCHA DE AGUAS VIVAS,2
03,ATLANTICO,031,PIOJO,99,Zona 99,05,COLEGIO BASICO EL CERRITO,2
03,ATLANTICO,031,PIOJO,99,Zona 99,09,IE NIÑO JESUS DE PRAGA HIBACHARO,5
03,ATLANTICO,031,PIOJO,00,Zona 00,00,PUESTO CABECERA MUNICIPAL,10
03,ATLANTICO,035,PONEDERA,99,Zona 99,20,CENTRO EDUCATIVO LA RETIRADA,3
03,ATLANTICO,035,PONEDERA,99,Zona 99,28,IE MARTILLO,5
03,ATLANTICO,035,PONEDERA,99,Zona 99,35,IE TEC AGROPECUARIA DE PUERTO GIRALDO,15
03,ATLANTICO,035,PONEDERA,99,Zona 99,43,IE TEC AGROPECUARIA SD No 4 SANTA RITA,3
03,ATLANTICO,035,PONEDERA,00,Zona 00,00,IE TECNICA COMERCIAL DE PONEDERA,37
03,ATLANTICO,040,REPELON,99,Zona 99,01,IE DEPARTAMENTAL ARROYO NEGRO,2
03,ATLANTICO,040,REPELON,99,Zona 99,05,IE CIEN PESOS LAS TABLAS,2
03,ATLANTICO,040,REPELON,99,Zona 99,09,I.E. LAS TABLAS BLOQUE 1,2
03,ATLANTICO,040,REPELON,99,Zona 99,13,IE TECNICO AGROACUICOLA DE ROTINET,6
03,ATLANTICO,040,REPELON,99,Zona 99,17,IE TECNICA AGROPECUARIA VILLA ROSA,8
03,ATLANTICO,040,REPELON,00,Zona 00,00,PUESTO CABECERA MUNICIPAL,47
03,ATLANTICO,047,SANTA LUCIA,99,Zona 99,01,INSTITUCION EDUCATIVA ALGODONAL,4
03,ATLANTICO,047,SANTA LUCIA,00,Zona 00,00,PUESTO CABECERA MUNICIPAL,35
03,ATLANTICO,055,SUAN,00,Zona 00,00,IE ADOLFO BOLIVAR MARENCO,34
03,ATLANTICO,058,TUBARA,99,Zona 99,01,CENTRO EDUCATIVO CUATRO BOCAS,3
03,ATLANTICO,058,TUBARA,99,Zona 99,05,CENTRO EDUCATIVO EL MORRO,4
03,ATLANTICO,058,TUBARA,99,Zona 99,06,IE PLAYA MENDOZA,1
03,ATLANTICO,058,TUBARA,99,Zona 99,09,INSTITUCION EDUCATIVA GUAIMARAL,3
03,ATLANTICO,058,TUBARA,99,Zona 99,13,CENTRO EDUCATIVO DE JUARUCO,2
03,ATLANTICO,058,TUBARA,00,Zona 00,00,PUESTO CABECERA MUNICIPAL,21
03,ATLANTICO,061,USIACURI,00,Zona 00,00,IE NUESTRA SEÑORA DEL TRANSITO,26
03,ATLANTICO,016,JUAN DE ACOSTA,99,Zona 99,05,CENTRO EDUCATIVO BOCATOCINO,1
03,ATLANTICO,016,JUAN DE ACOSTA,99,Zona 99,09,INSTITUCION EDUCATIVA FERMIN TILANO,4
03,ATLANTICO,016,JUAN DE ACOSTA,99,Zona 99,13,IE TECNICA SAN JOSE DE SACO,9
03,ATLANTICO,016,JUAN DE ACOSTA,99,Zona 99,21,IE ACAD. Y TEC. TURIST. DE STA VERONICA,6
03,ATLANTICO,016,JUAN DE ACOSTA,00,Zona 00,01,CENTRO DE EVENTOS,27
03,ATLANTICO,016,JUAN DE ACOSTA,00,Zona 00,02,ESCUELA DE NIÑAS SD 3,11
03,ATLANTICO,034,POLONUEVO,99,Zona 99,01,IE NTRA SRA DEL ROSARIO DE PITALITO,4
03,ATLANTICO,034,POLONUEVO,00,Zona 00,01,IE MADRE BERNARDA,26
03,ATLANTICO,034,POLONUEVO,00,Zona 00,02,IE MARIA EMMA,14
03,ATLANTICO,001,BARRANQUILLA,10,Zona 10,01,COL. TEC. SAN CARLOS BORROMEO,27
03,ATLANTICO,001,BARRANQUILLA,10,Zona 10,02,JUAN ACOSTA SOLERA,31
03,ATLANTICO,001,BARRANQUILLA,10,Zona 10,03,IED BETSABE ESPINOSA,8
03,ATLANTICO,001,BARRANQUILLA,11,Zona 11,01,CENTRO DE EDUCACION BASICA C.E.B.161,11
03,ATLANTICO,001,BARRANQUILLA,11,Zona 11,02,I.E.D.EL PUEBLO,25
03,ATLANTICO,001,BARRANQUILLA,11,Zona 11,03,NODO SENA CONSTRUCCION,7
03,ATLANTICO,001,BARRANQUILLA,11,Zona 11,04,MEGA COLEGIO IED VILLAS DE SAN PABLO,15
03,ATLANTICO,001,BARRANQUILLA,11,Zona 11,05,COL ALBERTO ASSA,20
03,ATLANTICO,001,BARRANQUILLA,12,Zona 12,01,COL. JOSE RAIMUNDO SOJO (MEGA),9
03,ATLANTICO,001,BARRANQUILLA,12,Zona 12,02,E.D.EVARISTO SOURDIS SEDE 1,24
03,ATLANTICO,001,BARRANQUILLA,12,Zona 12,03,E.D.EVARISTO SOURDIS SEDE 2,25
03,ATLANTICO,001,BARRANQUILLA,13,Zona 13,01,I.E.D.JOSE MARIA VELAZ SEDE 2,32
03,ATLANTICO,001,BARRANQUILLA,13,Zona 13,02,IED LA ESMERALDA,4
03,ATLANTICO,001,BARRANQUILLA,13,Zona 13,03,INST. EDUCATIVA EVARDO TURIZO PALENCIA,5
03,ATLANTICO,001,BARRANQUILLA,14,Zona 14,01,I.C.LAS MALVINAS,34
03,ATLANTICO,001,BARRANQUILLA,14,Zona 14,02,IED ESPERANZA DEL SUR,5
03,ATLANTICO,001,BARRANQUILLA,14,Zona 14,03,I.E.MUNDO BOLIVARIANO,33
03,ATLANTICO,001,BARRANQUILLA,14,Zona 14,04,IED LOS ROSALES,5
03,ATLANTICO,001,BARRANQUILLA,15,Zona 15,01,INS.TEC.DIST.CRUZADA SOCIAL,30
03,ATLANTICO,001,BARRANQUILLA,15,Zona 15,02,INST EDUC DIST SIMON BOLIVAR,22
03,ATLANTICO,001,BARRANQUILLA,15,Zona 15,03,IEDT MEIRA DELMAR SD 2 (ANT. CEB MEDIA),23
03,ATLANTICO,001,BARRANQUILLA,16,Zona 16,01,COL DIST DE B/QUILLA GABRIEL GARCIA M,33
03,ATLANTICO,001,BARRANQUILLA,16,Zona 16,02,I.E.D.LA VICTORIA,16
03,ATLANTICO,001,BARRANQUILLA,16,Zona 16,03,NUEVO COL. TEC. DEL SANTUARIO.,49
03,ATLANTICO,001,BARRANQUILLA,17,Zona 17,01,I.D.E. COSTA CARIBE,21
03,ATLANTICO,001,BARRANQUILLA,17,Zona 17,02,JOSE CONSUEGRA HIGGINS,39
03,ATLANTICO,001,BARRANQUILLA,17,Zona 17,03,I.D.E.STA.MARIA(MEGACOLEGIO),37
03,ATLANTICO,001,BARRANQUILLA,17,Zona 17,04,IED SANTO DOMINGO DE GUZMAN,4
03,ATLANTICO,001,BARRANQUILLA,18,Zona 18,01,I.E.D. SAN LUIS SEDE 2 (LAS GARDENIAS),43
03,ATLANTICO,001,BARRANQUILLA,18,Zona 18,02,I.E.D.LAS AMERICAS,17
03,ATLANTICO,001,BARRANQUILLA,18,Zona 18,03,COLEGIO GOLDA MEIR,15
03,ATLANTICO,001,BARRANQUILLA,18,Zona 18,04,IED DESPERTAR DEL SUR,5
03,ATLANTICO,001,BARRANQUILLA,18,Zona 18,05,IED LAS GARDENIAS,5
03,ATLANTICO,001,BARRANQUILLA,19,Zona 19,01,IED GERMAN VARGAS CANTILLO FE Y ALEGRIA,53
03,ATLANTICO,001,BARRANQUILLA,19,Zona 19,02,I.E.D COMUNITARIA METROPOLITANA,39
03,ATLANTICO,001,BARRANQUILLA,19,Zona 19,03,I.D.E.COL.CIUD.ESTUD.(ANT 186),18
03,ATLANTICO,001,BARRANQUILLA,19,Zona 19,04,I.E.D. REUVEN FEUERSTEIN,12
03,ATLANTICO,001,BARRANQUILLA,20,Zona 20,01,COL.MIGUEL ANGEL BUILES BLQ1,36
03,ATLANTICO,001,BARRANQUILLA,20,Zona 20,02,COL.MIGUEL ANGEL BUILES BLQ2,21
03,ATLANTICO,001,BARRANQUILLA,20,Zona 20,03,I.E.D.CIUDADELA 20 DE JULIO,39
03,ATLANTICO,001,BARRANQUILLA,20,Zona 20,04,IED OLGA EMILIANI,54
03,ATLANTICO,001,BARRANQUILLA,20,Zona 20,05,IED TEC METROPOLITANO DE BARRANQUILLA,10
03,ATLANTICO,001,BARRANQUILLA,21,Zona 21,01,IE DISTRITAL LA ESMERALDA SEDE 2,19
03,ATLANTICO,001,BARRANQUILLA,21,Zona 21,02,COL.LA PRESENTACION,29
03,ATLANTICO,001,BARRANQUILLA,21,Zona 21,03,CENTRO SOCIAL DON BOSCO,42
03,ATLANTICO,001,BARRANQUILLA,22,Zona 22,01,COL.TEC.DISTR.DE REBOLO,13
03,ATLANTICO,001,BARRANQUILLA,22,Zona 22,02,CENTRO SOCIAL DON BOSCO SD 2,7
03,ATLANTICO,001,BARRANQUILLA,22,Zona 22,03,COLEGIO MADRE MARIA SARA ALVARADO,4
03,ATLANTICO,001,BARRANQUILLA,22,Zona 22,04,IED COLEGIO SAGRADO CORAZON DE JESUS,3
03,ATLANTICO,001,BARRANQUILLA,23,Zona 23,01,SENA SAN JOSE MULTIPLE BILINGUE,17
03,ATLANTICO,001,BARRANQUILLA,23,Zona 23,02,COL SAN JOSE SD 1,25
03,ATLANTICO,001,BARRANQUILLA,23,Zona 23,03,COL.DTAL.SAN GABRIEL SEDE No1,17
03,ATLANTICO,001,BARRANQUILLA,23,Zona 23,04,I.E.D.LA UNION SEDE 2,6
03,ATLANTICO,001,BARRANQUILLA,24,Zona 24,01,I.E.D DES HUMANO MARIA CANO,28
03,ATLANTICO,001,BARRANQUILLA,24,Zona 24,02,COL.OCTAVIO PAZ,33
03,ATLANTICO,001,BARRANQUILLA,24,Zona 24,03,I.E.D.LOS LAURELES,10
03,ATLANTICO,001,BARRANQUILLA,24,Zona 24,04,I.E.D.MARCO FIDEL SUAREZ,39
03,ATLANTICO,001,BARRANQUILLA,25,Zona 25,01,I.E.D.NTRA.SRA. DE LAS NIEVES,18
03,ATLANTICO,001,BARRANQUILLA,25,Zona 25,02,COLEGIO SANTA TERESITA,28
03,ATLANTICO,001,BARRANQUILLA,25,Zona 25,03,I.E.D.CALIXTO ALVAREZ,31
03,ATLANTICO,001,BARRANQUILLA,25,Zona 25,04,IED JOSE MARTI,30
03,ATLANTICO,001,BARRANQUILLA,26,Zona 26,01,INT.DTAL.CASTILLO LA ALBORAYA,34
03,ATLANTICO,001,BARRANQUILLA,26,Zona 26,02,"COL.DTAL.BUENOS AIRES""CODIBA""",8
03,ATLANTICO,001,BARRANQUILLA,26,Zona 26,03,COL.DTAL.MARIA AUXILIADORA,27
03,ATLANTICO,001,BARRANQUILLA,26,Zona 26,04,COLEGIO DE COMFAMILIAR,25
03,ATLANTICO,001,BARRANQUILLA,27,Zona 27,01,INST.ELENA DE CHAUVIN,24
03,ATLANTICO,001,BARRANQUILLA,27,Zona 27,02,I.E. DISTRITAL LAS NIEVES 1,24
03,ATLANTICO,001,BARRANQUILLA,27,Zona 27,03,COL.LAS NIEVES SEDE 2,22
03,ATLANTICO,001,BARRANQUILLA,27,Zona 27,04,IED SAN MIGUEL ARCANGEL,13
03,ATLANTICO,001,BARRANQUILLA,27,Zona 27,05,IED LA LUZ,18
03,ATLANTICO,001,BARRANQUILLA,28,Zona 28,01,I E D BARRIO SIMON BOLIVAR BTO,27
03,ATLANTICO,001,BARRANQUILLA,28,Zona 28,02,I.E.D.LUZ DEL CARIBE,16
03,ATLANTICO,001,BARRANQUILLA,28,Zona 28,03,COL.DISTRITAL JORGE ISAAC,20
03,ATLANTICO,001,BARRANQUILLA,28,Zona 28,04,I.DIST.SIMON BOLIVAR PRIMARIA,19
03,ATLANTICO,001,BARRANQUILLA,29,Zona 29,01,COLEGIO MAYOR DE BARRANQUILLA,25
03,ATLANTICO,001,BARRANQUILLA,29,Zona 29,02,I.E.D.VILLANUEVA,11
03,ATLANTICO,001,BARRANQUILLA,29,Zona 29,03,IED BRISAS DEL RIO,1
03,ATLANTICO,001,BARRANQUILLA,29,Zona 29,04,E.NOR.SUPERIOR DEL DTO BQUILLA,12
03,ATLANTICO,001,BARRANQUILLA,29,Zona 29,05,INST.LA SALLE,27
03,ATLANTICO,001,BARRANQUILLA,30,Zona 30,01,INST. TEC.DE COMERCIO DE BARRANQUILLA,7
03,ATLANTICO,001,BARRANQUILLA,30,Zona 30,02,IT DE COMERCIO DE BQUILLA SD 2,2
03,ATLANTICO,001,BARRANQUILLA,30,Zona 30,03,I E D  NUESTRA SEÑORA DEL ROSARIO,24
03,ATLANTICO,001,BARRANQUILLA,30,Zona 30,04,COLEGIO COLON,38
03,ATLANTICO,001,BARRANQUILLA,30,Zona 30,05,COLEGIO ATENEO TECNICO COMERCIAL,5
03,ATLANTICO,001,BARRANQUILLA,31,Zona 31,01,IU DE BARRANQUILLA,22
03,ATLANTICO,001,BARRANQUILLA,31,Zona 31,02,INST. TEC. NACIONAL DE COMERCIO,24
03,ATLANTICO,001,BARRANQUILLA,31,Zona 31,03,INST. TEC. NACIONAL DE COMERCIO SEDE 2,18
03,ATLANTICO,001,BARRANQUILLA,31,Zona 31,04,ID DE EDUCACION ARTISTICA Y CULTURAL ALE,4
03,ATLANTICO,001,BARRANQUILLA,31,Zona 31,05,ANTONIO JOSE DE SUCRE SEDE 1,31
03,ATLANTICO,001,BARRANQUILLA,31,Zona 31,06,COLISEO UNIVERSIDAD SIMON BOLIVAR SD 1,30
03,ATLANTICO,001,BARRANQUILLA,32,Zona 32,01,I.E.D.PESTALOZZI,15
03,ATLANTICO,001,BARRANQUILLA,32,Zona 32,02,NUEVO COLEGIO DEL PRADO,38
03,ATLANTICO,001,BARRANQUILLA,32,Zona 32,03,IED LA CONCEPCION,4
03,ATLANTICO,001,BARRANQUILLA,32,Zona 32,04,COLEGIO DEL SAGRADO CORAZON 74,5
03,ATLANTICO,001,BARRANQUILLA,32,Zona 32,05,CENTRO COMERCIAL LE MERIDIEM GOLF,12
03,ATLANTICO,001,BARRANQUILLA,33,Zona 33,01,GIMNASIO EL PARAISO SEDE 1,8
03,ATLANTICO,001,BARRANQUILLA,33,Zona 33,02,IED PARAISO,10
03,ATLANTICO,001,BARRANQUILLA,33,Zona 33,03,COL.NTRA.SEÑORA DE NAZARETH,21
03,ATLANTICO,001,BARRANQUILLA,33,Zona 33,04,COL.NTRA.SEÑORA DE LOURDES,21
03,ATLANTICO,001,BARRANQUILLA,33,Zona 33,05,COL.BARRANQUILLA CODEBA,33
03,ATLANTICO,001,BARRANQUILLA,33,Zona 33,06,IED SANTA BERNARDITA,11
03,ATLANTICO,001,BARRANQUILLA,34,Zona 34,01,COL.SAGRADA FAMILIA,23
03,ATLANTICO,001,BARRANQUILLA,34,Zona 34,02,COL.MILITAR ACOLSURE,32
03,ATLANTICO,001,BARRANQUILLA,34,Zona 34,03,SEM.CONCILIAR SAN LUIS BELTRAN,25
03,ATLANTICO,001,BARRANQUILLA,34,Zona 34,04,COL.INST.ARIANO,10
03,ATLANTICO,001,BARRANQUILLA,35,Zona 35,01,COL.JORGE ISAAC,12
03,ATLANTICO,001,BARRANQUILLA,35,Zona 35,02,COL.HEBREO UNION,38
03,ATLANTICO,001,BARRANQUILLA,35,Zona 35,03,CORPORACION EL LITORAL SD I,7
03,ATLANTICO,001,BARRANQUILLA,35,Zona 35,04,CENTRO COMERCIAL MIRAMAR,18
03,ATLANTICO,001,BARRANQUILLA,35,Zona 35,05,CENTRO COMERCIAL JARDIN DEL RIO,27
03,ATLANTICO,001,BARRANQUILLA,36,Zona 36,01,COLEGIO LICEO DE CERVANTES,36
03,ATLANTICO,001,BARRANQUILLA,36,Zona 36,02,COLEGIO EL BUEN CONCEJO,25
03,ATLANTICO,001,BARRANQUILLA,36,Zona 36,03,COLEGIO LINDON B JOHNSON SCHOOL,26
03,ATLANTICO,001,BARRANQUILLA,36,Zona 36,04,UNIVERSIDAD AUTONOMA DEL CARIBE,11
03,ATLANTICO,001,BARRANQUILLA,36,Zona 36,05,CENTRO COMERCIAL MALL PLAZA BUENAVISTA,26
03,ATLANTICO,001,BARRANQUILLA,36,Zona 36,06,C. COMERCIAL Y EMPRESARIAL BLUE GARDENS,17
03,ATLANTICO,001,BARRANQUILLA,37,Zona 37,01,I.E SANTA MAGDALENA SOFIA,22
03,ATLANTICO,001,BARRANQUILLA,37,Zona 37,02,I.E.D.SAN SALVADOR (INEDISSA),11
03,ATLANTICO,001,BARRANQUILLA,37,Zona 37,03,C.E.D.LIBERTADOR SIMON BOLIVAR,24
03,ATLANTICO,001,BARRANQUILLA,37,Zona 37,04,INSTITUTO LAS AMERICAS,3
03,ATLANTICO,001,BARRANQUILLA,38,Zona 38,01,COLEGIO LA MEDALLA MILAGROSA,14
03,ATLANTICO,001,BARRANQUILLA,38,Zona 38,02,COLEGIO BIFI LA SALLE,38
03,ATLANTICO,001,BARRANQUILLA,38,Zona 38,03,COL.LA ENSEÑANZA,28
03,ATLANTICO,001,BARRANQUILLA,38,Zona 38,04,CENTRO COMERCIAL VIVA BARRANQUILLA,30
03,ATLANTICO,001,BARRANQUILLA,38,Zona 38,05,COLEGIO MARYMOUNT,2
03,ATLANTICO,001,BARRANQUILLA,98,Zona 98,01,CTRO DE REHABILITACION MASC. (EL BOSQUE),1
03,ATLANTICO,001,BARRANQUILLA,98,Zona 98,02,CENTRO REH. FEM. BUEN PASTOR,1
03,ATLANTICO,001,BARRANQUILLA,98,Zona 98,03,CARCEL Y PENITEN. DE MEDIA SEGURIDAD,1
03,ATLANTICO,001,BARRANQUILLA,99,Zona 99,10,I.E. FUNDACION PIES DESCALZOS,41
03,ATLANTICO,001,BARRANQUILLA,99,Zona 99,11,IED SAN VICENTE DE PAUL,3
03,ATLANTICO,001,BARRANQUILLA,99,Zona 99,25,I.E. DISTRITAL JUAN MINA,19
03,ATLANTICO,001,BARRANQUILLA,01,Zona 01,01,INS.DIS.DESAR.INT.NVA GRANADA,31
03,ATLANTICO,001,BARRANQUILLA,01,Zona 01,02,IDETH SEDE PRINCIPAL SEDE II,16
03,ATLANTICO,001,BARRANQUILLA,01,Zona 01,03,COL.DTAL OLAYA(ANT C.E.B.108),23
03,ATLANTICO,001,BARRANQUILLA,01,Zona 01,04,COL DISTRITAL MARIA INMACULADA,38
03,ATLANTICO,001,BARRANQUILLA,02,Zona 02,01,IE DISTRITAL LA MERCED,24
03,ATLANTICO,001,BARRANQUILLA,02,Zona 02,02,COLEGIO JOSE EUSEBIO CARO (BLOQUE NUEVO),34
03,ATLANTICO,001,BARRANQUILLA,02,Zona 02,03,IED KARL PARRISH,8
03,ATLANTICO,001,BARRANQUILLA,02,Zona 02,04,COL.CAMILO TORRES,22
03,ATLANTICO,001,BARRANQUILLA,03,Zona 03,01,ES.NORMAL SUPERIOR LA HACIENDA,40
03,ATLANTICO,001,BARRANQUILLA,03,Zona 03,02,COLEGIO AMERICANO,31
03,ATLANTICO,001,BARRANQUILLA,03,Zona 03,03,IED CARLOS MEISEL,36
03,ATLANTICO,001,BARRANQUILLA,03,Zona 03,04,C.DTAL.EL SILENCIO(ANT CEB 050,25
03,ATLANTICO,001,BARRANQUILLA,04,Zona 04,01,I.E.D. JAVIER SANCHEZ,27
03,ATLANTICO,001,BARRANQUILLA,04,Zona 04,02,COLEGIO HILDA MUÑOZ,29
03,ATLANTICO,001,BARRANQUILLA,04,Zona 04,04,COL.DTAL.LA SALLE,31
03,ATLANTICO,001,BARRANQUILLA,05,Zona 05,01,COLEGIO JORGE NICOLAS ABELLO,45
03,ATLANTICO,001,BARRANQUILLA,05,Zona 05,02,IDETH SEDE I PRIMARIA,21
03,ATLANTICO,001,BARRANQUILLA,05,Zona 05,03,IED SALVADOR SUAREZ SUAREZ,22
03,ATLANTICO,001,BARRANQUILLA,05,Zona 05,04,JORGE NICOLAS ABELLO SD 2,7
03,ATLANTICO,001,BARRANQUILLA,06,Zona 06,01,I.E.D.INOCENCIO CHINCA,16
03,ATLANTICO,001,BARRANQUILLA,06,Zona 06,02,COL SOFIA CAMARGO DE LLERAS PRIMARIA,18
03,ATLANTICO,001,BARRANQUILLA,06,Zona 06,03,IED SALVADOR ENTREGAS,3
03,ATLANTICO,001,BARRANQUILLA,07,Zona 07,01,COLEGIO DISTRITAL MARIE POUSSEPIN,37
03,ATLANTICO,001,BARRANQUILLA,07,Zona 07,02,IED DAVID SANCHEZ JULIAO,7
03,ATLANTICO,001,BARRANQUILLA,07,Zona 07,03,C.DIST.SARIT ARTETA DE VASQUEZ,31
03,ATLANTICO,001,BARRANQUILLA,08,Zona 08,01,INST.LAS MERCEDES COL.SAN PABL,31
03,ATLANTICO,001,BARRANQUILLA,08,Zona 08,02,COLEGIO CRISTIANO PENIEL,27
03,ATLANTICO,001,BARRANQUILLA,08,Zona 08,03,I.E.D.SONIA AHUMADA,23
03,ATLANTICO,001,BARRANQUILLA,08,Zona 08,04,COLEGIO SANTA MARIA DE LA PROVIDENCIA,3
03,ATLANTICO,001,BARRANQUILLA,08,Zona 08,05,FUNDACION CE CAMILO,1
03,ATLANTICO,001,BARRANQUILLA,09,Zona 09,01,COL.MANUEL ELKIN PATARROYO SD 2,17
03,ATLANTICO,001,BARRANQUILLA,09,Zona 09,02,COL MANUEL ELKIN PATARROYO SD 1,12
03,ATLANTICO,001,BARRANQUILLA,09,Zona 09,03,I.E.D. ZAPATA OLIVELLA,31
03,ATLANTICO,004,BARANOA,99,Zona 99,01,IET AGROPECUARIA DE CAMPECHE,12
03,ATLANTICO,004,BARANOA,99,Zona 99,05,I.E. MARIA INMACULADA DE PITAL,6
03,ATLANTICO,004,BARANOA,99,Zona 99,09,I.E. DE SIBARCO,4
03,ATLANTICO,004,BARANOA,01,Zona 01,01,ESCUELA NORMAL SUPERIOR SANTA ANA ENSSA,18
03,ATLANTICO,004,BARANOA,01,Zona 01,02,IE DE BARANOA JULIO PANTOJA MALDONADO,19
03,ATLANTICO,004,BARANOA,01,Zona 01,03,FRANCISCO JOSE DE CALDAS SD EL CAMPESINO,16
03,ATLANTICO,004,BARANOA,01,Zona 01,04,IE DE BARANOA JULIO PANTOJA M. SD 3,20
03,ATLANTICO,004,BARANOA,01,Zona 01,05,CENTRO EDUCATIVO JERUSALEM,8
03,ATLANTICO,004,BARANOA,01,Zona 01,06,IE FRANCISCO JOSE DE CALDAS SD1,6
03,ATLANTICO,004,BARANOA,02,Zona 02,01,IE DE BARANOA JULIO PANTOJA M. SD 2,12
03,ATLANTICO,004,BARANOA,02,Zona 02,02,I.E. JUAN JOSE NIETO,20
03,ATLANTICO,004,BARANOA,02,Zona 02,03,CASA DE LA MUJER LA CASA MORADA,9
03,ATLANTICO,004,BARANOA,02,Zona 02,04,CENTRO DE INTEGRACION JUVENIL,8
03,ATLANTICO,007,CAMPO DE LA CRUZ,99,Zona 99,05,IE BOHORQUEZ,6
03,ATLANTICO,007,CAMPO DE LA CRUZ,01,Zona 01,01,IE PANFILO CM SD EL CARMEN,13
03,ATLANTICO,007,CAMPO DE LA CRUZ,01,Zona 01,02,IE CAMPO DE LA CRUZ,16
03,ATLANTICO,007,CAMPO DE LA CRUZ,02,Zona 02,01,IE LA INMACULADA,18
03,ATLANTICO,007,CAMPO DE LA CRUZ,02,Zona 02,02,IE PANFILO CANTILLO MENDOZA,17
03,ATLANTICO,013,GALAPA,99,Zona 99,01,IE ANTONIO NARIÑO DE PALUATO,2
03,ATLANTICO,013,GALAPA,01,Zona 01,01,IE FCO DE PAULA SANTANDER SD PETRONITAS,11
03,ATLANTICO,013,GALAPA,01,Zona 01,02,IE FCO DE PAULA SANTANDER  SEDE PPAL,36
03,ATLANTICO,013,GALAPA,02,Zona 02,01,I.E.MARIA AUXILIADORA SEDE 2,20
03,ATLANTICO,013,GALAPA,02,Zona 02,02,IE MARIA AUXILIADORA SEDE PPAL,23
03,ATLANTICO,013,GALAPA,02,Zona 02,03,I E ROQUE ACOSTA ECHEVERRIA,7
03,ATLANTICO,013,GALAPA,03,Zona 03,01,IE MEGACOLEGIO MUNDO FELIZ,15
03,ATLANTICO,013,GALAPA,03,Zona 03,02,IE MEGACOLEGIO VILLA OLIMPICA,20
03,ATLANTICO,022,MALAMBO,99,Zona 99,01,I E T A JUAN DOMINGUEZ ROMERO CARACOLI,13
03,ATLANTICO,022,MALAMBO,01,Zona 01,01,INSTITUCION EDUCATIVA EL CONCORDE,29
03,ATLANTICO,022,MALAMBO,01,Zona 01,02,UNIVERSIDAD DE BARRANQUILLA,16
03,ATLANTICO,022,MALAMBO,01,Zona 01,03,INSTITUCION EDUCATIVA DE MESOLANDIA,12
03,ATLANTICO,022,MALAMBO,01,Zona 01,04,INSTITUCION EDUCATIVA SAN SEBASTIAN,8
03,ATLANTICO,022,MALAMBO,01,Zona 01,05,I E CRISTO REY SEDE CIUDAD CARIBE 2,3
03,ATLANTICO,022,MALAMBO,02,Zona 02,01,I E T C ALBERTO PUMAREJO SEDE MA AUX,14
03,ATLANTICO,022,MALAMBO,02,Zona 02,02,INSTITUCION EDUCATIVA SIMON BOLIVAR,32
03,ATLANTICO,022,MALAMBO,02,Zona 02,03,I E EVA RODRIGUEZ ARAUJO,15
03,ATLANTICO,022,MALAMBO,03,Zona 03,01,I E NUESTRA SEÑORA DE LA CANDELARIA,37
03,ATLANTICO,022,MALAMBO,03,Zona 03,02,INSTITUCION EDUCATIVA BELLAVISTA,16
03,ATLANTICO,022,MALAMBO,03,Zona 03,03,I E N DE LA C SEDE ROBERTO MENDOZA,22
03,ATLANTICO,022,MALAMBO,04,Zona 04,01,IE TECNICA JUAN XXIII,31
03,ATLANTICO,022,MALAMBO,04,Zona 04,02,IE VILLA CAMPO,5
03,ATLANTICO,022,MALAMBO,04,Zona 04,03,IETC ALBERTO PUMAREJO,21
03,ATLANTICO,028,PALMAR DE VARELA,99,Zona 99,01,ESC UNICA DE BURRUSCO,1
03,ATLANTICO,028,PALMAR DE VARELA,01,Zona 01,01,I.E. TECNICA COMERCIAL E IND. DE PALMAR,17
03,ATLANTICO,028,PALMAR DE VARELA,01,Zona 01,02,I.E. TECN. COM E IND. SD AUGUSTO QUANT,14
03,ATLANTICO,028,PALMAR DE VARELA,02,Zona 02,01,I.E. TEC COM AGROP SD JHON F. KENNEDY,17
03,ATLANTICO,028,PALMAR DE VARELA,02,Zona 02,02,I.E. TECNICA AGROPECUARIA DE PALMAR,19
03,ATLANTICO,037,PUERTO COLOMBIA,99,Zona 99,05,I E EUSTORGIO SALGAR,11
03,ATLANTICO,037,PUERTO COLOMBIA,99,Zona 99,08,LICEO CAMPESTRE MONTECARMELO,7
03,ATLANTICO,037,PUERTO COLOMBIA,01,Zona 01,01,I E TURISTICA SIMON BOLIVAR,20
03,ATLANTICO,037,PUERTO COLOMBIA,01,Zona 01,02,I.E.SAN NICOLAS DE TOLENTINO,9
03,ATLANTICO,037,PUERTO COLOMBIA,01,Zona 01,03,UNIVERSIDAD DEL ATLANTICO,11
03,ATLANTICO,037,PUERTO COLOMBIA,02,Zona 02,01,I.E.T.C.FCO.JAVIER CISNEROS,31
03,ATLANTICO,037,PUERTO COLOMBIA,02,Zona 02,02,I.E.MARIA MANCILLA SANCHEZ,26
03,ATLANTICO,037,PUERTO COLOMBIA,02,Zona 02,03,HOGAR INFANTIL SANTA MARIA JOSEFA,2
03,ATLANTICO,043,SABANAGRANDE,01,Zona 01,01,I.E.ESC.NORMAL SUPERIOR SRA FA,21
03,ATLANTICO,043,SABANAGRANDE,01,Zona 01,02,I.E. SANTA RITA,14
03,ATLANTICO,043,SABANAGRANDE,02,Zona 02,01,I.E.SAN JUAN BOSCO SD No 1,22
03,ATLANTICO,043,SABANAGRANDE,02,Zona 02,02,I.E. SIMON BOLIVAR,10
03,ATLANTICO,043,SABANAGRANDE,02,Zona 02,03,SENA SAN JOSE,10
03,ATLANTICO,046,SABANALARGA,99,Zona 99,01,I E SAN JOSE DE AGUADA DE PABLO,10
03,ATLANTICO,046,SABANALARGA,99,Zona 99,05,I E SAN PEDRO CLAVER DE CASCAJAL,7
03,ATLANTICO,046,SABANALARGA,99,Zona 99,09,I E SIMON BOLIVAR DE COLOMBIA,5
03,ATLANTICO,046,SABANALARGA,99,Zona 99,11,I E SAN CALLETANO DE GALLEGO,4
03,ATLANTICO,046,SABANALARGA,99,Zona 99,13,I E JOSE CONSUEGRA HIGGINS,7
03,ATLANTICO,046,SABANALARGA,99,Zona 99,17,I E TECNICA AGROPECUARIA DE LA PEÑA,12
03,ATLANTICO,046,SABANALARGA,99,Zona 99,25,I E ANTONIA SANTOS DE MOLINEROS,5
03,ATLANTICO,046,SABANALARGA,01,Zona 01,01,I E DE SABANALARGA CODESA,26
03,ATLANTICO,046,SABANALARGA,01,Zona 01,02,I E TECNICO COMERCIAL DE SABANALARGA,28
03,ATLANTICO,046,SABANALARGA,01,Zona 01,03,C D I SEMBRANDO VALORES,22
03,ATLANTICO,046,SABANALARGA,01,Zona 01,04,IE TECNICA INDUSTRIAL,8
03,ATLANTICO,046,SABANALARGA,01,Zona 01,05,IE JOSE AGUSTIN BLANCO BARROS,1
03,ATLANTICO,046,SABANALARGA,01,Zona 01,06,IE MAXIMO MERCADO,1
03,ATLANTICO,046,SABANALARGA,02,Zona 02,01,I E MARCO FIDEL SUAREZ,18
03,ATLANTICO,046,SABANALARGA,02,Zona 02,02,I E ANEXA SANTA TERESITA,20
03,ATLANTICO,046,SABANALARGA,02,Zona 02,03,I E FERNANDO HOYOS RIPOLL,38
03,ATLANTICO,046,SABANALARGA,02,Zona 02,04,IE GOLDEN INTERNATIONAL SCHOOL,9
03,ATLANTICO,046,SABANALARGA,02,Zona 02,05,IE ESCUELA NORMAL SUP. SANTA TERESITA,2
03,ATLANTICO,046,SABANALARGA,02,Zona 02,06,CDI LAS MERCEDES,1
03,ATLANTICO,049,SANTO TOMAS,99,Zona 99,01,IE DIV ORIENTAL SEDE No 8 EL UVITO,1
03,ATLANTICO,049,SANTO TOMAS,01,Zona 01,01,IE TECNICA AGROINDUSTRIAL ORIENTAL,22
03,ATLANTICO,049,SANTO TOMAS,01,Zona 01,02,CIC PLAZA PRINCIPAL,18
03,ATLANTICO,049,SANTO TOMAS,02,Zona 02,01,IE TECNICA COMERCIAL DE SANTO TOMAS,33
03,ATLANTICO,049,SANTO TOMAS,02,Zona 02,02,CDI CAMINO REAL,6
03,ATLANTICO,052,SOLEDAD,10,Zona 10,01,NUEVO COLEGIO MARIA MONTESSORI,12
03,ATLANTICO,052,SOLEDAD,10,Zona 10,02,I.E.TECNICA MANUELA BELTRAN,31
03,ATLANTICO,052,SOLEDAD,10,Zona 10,03,I.E.NUESTRA SEÑORA DEL CARMEN,10
03,ATLANTICO,052,SOLEDAD,10,Zona 10,04,COL.METROPOLIT.DE SOLEDAD 2000,39
03,ATLANTICO,052,SOLEDAD,10,Zona 10,05,IE TECNICO INDUSTRIAL EL MILAGROSO,2
03,ATLANTICO,052,SOLEDAD,10,Zona 10,06,INSTITUTO LUIS SANCHEZ PORTO,8
03,ATLANTICO,052,SOLEDAD,11,Zona 11,01,I.E.JOSEFA DONADO,17
03,ATLANTICO,052,SOLEDAD,11,Zona 11,02,IE ALBERTO PUMAREJO,10
03,ATLANTICO,052,SOLEDAD,11,Zona 11,03,I.E.NTRA.SRA LAS MISERICORDIAS,24
03,ATLANTICO,052,SOLEDAD,11,Zona 11,04,I.E.JHON F. KENNEDY,24
03,ATLANTICO,052,SOLEDAD,12,Zona 12,01,I.E.BICENTENARIO DE SOLEDAD,45
03,ATLANTICO,052,SOLEDAD,12,Zona 12,02,INSTI. EDUCATIVA SAN ANTONIO DE PADUA,6
03,ATLANTICO,052,SOLEDAD,12,Zona 12,03,CDI VILLA ADELA,4
03,ATLANTICO,052,SOLEDAD,13,Zona 13,01,I.E.TAJAMAR,23
03,ATLANTICO,052,SOLEDAD,13,Zona 13,02,I.E.CONTINENTAL DEL CARIBE,16
03,ATLANTICO,052,SOLEDAD,13,Zona 13,03,C PARA EL DES. AGROECOLO Y AGROINDUST NO,9
03,ATLANTICO,052,SOLEDAD,01,Zona 01,01,IE TECNICO LA ENSEÑANZA,17
03,ATLANTICO,052,SOLEDAD,01,Zona 01,02,I.E.INOBASOL - SEDE 2,18
03,ATLANTICO,052,SOLEDAD,01,Zona 01,03,I.E. DOLORES MA.UCROS - SEDE 3,16
03,ATLANTICO,052,SOLEDAD,01,Zona 01,04,I.E. INOBASOL,15
03,ATLANTICO,052,SOLEDAD,02,Zona 02,01,I.E.DOLORES MARIA UCROS,27
03,ATLANTICO,052,SOLEDAD,02,Zona 02,02,INST. EDUCATIVA POLICARPA SALAVARRIETA,5
03,ATLANTICO,052,SOLEDAD,02,Zona 02,03,IE FRANCISCO DE PAULA SANTANDER,23
03,ATLANTICO,052,SOLEDAD,02,Zona 02,04,I.E. LUIS R CAPARROSO,1
03,ATLANTICO,052,SOLEDAD,03,Zona 03,01,I.E.TEC.MICROEMPRES.DE SOLEDAD,23
03,ATLANTICO,052,SOLEDAD,03,Zona 03,02,I.E.SAGRADO CORAZON,21
03,ATLANTICO,052,SOLEDAD,03,Zona 03,03,I.E.ANTONIO RAMON MORENO,19
03,ATLANTICO,052,SOLEDAD,03,Zona 03,04,I.E.TEC.MARIA AUXILIADORA,21
03,ATLANTICO,052,SOLEDAD,03,Zona 03,05,IE  IND.DE SOLEDAD SD 2 - ITISOL,22
03,ATLANTICO,052,SOLEDAD,04,Zona 04,01,I.E.VISTA HERMOSA,9
03,ATLANTICO,052,SOLEDAD,04,Zona 04,02,I.E.FCO.JOSE CALDAS - COSTA H.,21
03,ATLANTICO,052,SOLEDAD,04,Zona 04,03,I.E. SAGRADO CORAZON S. MARGARITA,31
03,ATLANTICO,052,SOLEDAD,05,Zona 05,01,COLEGIO SAGRADA SABIDURIA,26
03,ATLANTICO,052,SOLEDAD,05,Zona 05,02,I.E.INEM MIGUEL ANTONIO CARO,34
03,ATLANTICO,052,SOLEDAD,05,Zona 05,03,I.E.FRANCISCO JOSE DE CALDAS,26
03,ATLANTICO,052,SOLEDAD,05,Zona 05,04,I.E.NOROCCIDENTAL DE SOLEDAD,20
03,ATLANTICO,052,SOLEDAD,06,Zona 06,01,INST EDUCATIVA NOROCCIDENTAL SEDE MUVDI,16
03,ATLANTICO,052,SOLEDAD,06,Zona 06,02,I.E.TEC.I.YCOMERCIAL SEDES 1Y2,19
03,ATLANTICO,052,SOLEDAD,06,Zona 06,03,LICEO CERVANTISTA,13
03,ATLANTICO,052,SOLEDAD,06,Zona 06,04,COLEGIO INETECODECOL,17
03,ATLANTICO,052,SOLEDAD,06,Zona 06,05,GIMNASIO COLOMBO REPUBLICANO,7
03,ATLANTICO,052,SOLEDAD,07,Zona 07,01,LICEO SAN GABRIEL,13
03,ATLANTICO,052,SOLEDAD,07,Zona 07,02,C.ARQUIDIOCESANO SAN PANCRACIO,32
03,ATLANTICO,052,SOLEDAD,07,Zona 07,03,I.E.MARIA MONTESSORI,23
03,ATLANTICO,052,SOLEDAD,07,Zona 07,04,I.E.LICEO MAYOR DE SOLEDAD,32
03,ATLANTICO,052,SOLEDAD,08,Zona 08,01,IE NOBEL JUAN MANUEL SANTOS,16
03,ATLANTICO,052,SOLEDAD,08,Zona 08,02,I.E.TEC.JOSE CASTILLO BOLIVAR,39
03,ATLANTICO,052,SOLEDAD,08,Zona 08,03,CENTRO EDUCATIVO MI NUEVA GENERACION,6
03,ATLANTICO,052,SOLEDAD,09,Zona 09,01,COLEGIO LICEO NACIONAL,4
03,ATLANTICO,052,SOLEDAD,09,Zona 09,02,LICEO MIXTO SAN JOSE,23
03,ATLANTICO,052,SOLEDAD,09,Zona 09,03,INSTITUTO TECNICO EDGAR MORIN,14
03,ATLANTICO,052,SOLEDAD,09,Zona 09,04,I.E.JESUS MAESTRO F.M.S.D,34
03,ATLANTICO,052,SOLEDAD,09,Zona 09,05,COLEGIO AGUSTIN CODAZZI E U,7
03,ATLANTICO,052,SOLEDAD,09,Zona 09,06,CENTRO DE CAPACITACION ESPECIAL CENCAES,10
09,CALDAS,103,RIOSUCIO,98,Zona 98,01,CARCEL DEL CIRCUITO,1
09,CALDAS,103,RIOSUCIO,99,Zona 99,01,BONAFONT,10
09,CALDAS,103,RIOSUCIO,99,Zona 99,02,PUEBLO VIEJO,1
09,CALDAS,103,RIOSUCIO,99,Zona 99,03,EL ORO,1
09,CALDAS,103,RIOSUCIO,99,Zona 99,04,EL SALADO,2
09,CALDAS,103,RIOSUCIO,99,Zona 99,05,FLORENCIA,2
09,CALDAS,103,RIOSUCIO,99,Zona 99,06,LOS CHANCOS,1
09,CALDAS,103,RIOSUCIO,99,Zona 99,07,QUIEBRALOMO,2
09,CALDAS,103,RIOSUCIO,99,Zona 99,08,SAN JERONIMO,3
09,CALDAS,103,RIOSUCIO,99,Zona 99,09,SAN LORENZO,16
09,CALDAS,103,RIOSUCIO,99,Zona 99,10,LA IBERIA,3
09,CALDAS,103,RIOSUCIO,99,Zona 99,11,LLANOGRANDE,1
09,CALDAS,103,RIOSUCIO,99,Zona 99,12,LAS ESTANCIAS,2
09,CALDAS,103,RIOSUCIO,99,Zona 99,13,MEJIAL,1
09,CALDAS,103,RIOSUCIO,99,Zona 99,14,SIPIRRA,4
09,CALDAS,103,RIOSUCIO,01,Zona 01,01,CONC ESCOL SANTANDER,13
09,CALDAS,103,RIOSUCIO,01,Zona 01,02,CONC ESCOL ANTONIO NARIÑO,15
09,CALDAS,103,RIOSUCIO,01,Zona 01,03,NORMAL SUPERIOR SGDO CORAZON,15
09,CALDAS,103,RIOSUCIO,02,Zona 02,01,INST EDUC FUNDADORES,16
09,CALDAS,103,RIOSUCIO,02,Zona 02,02,COLISEO DE LOS DEPORTES,16
09,CALDAS,106,RISARALDA,99,Zona 99,01,ALTO ARAUCA,2
09,CALDAS,106,RISARALDA,99,Zona 99,02,LA BOHEMIA,1
09,CALDAS,106,RISARALDA,99,Zona 99,03,LA QUIEBRA DE SANTA BARBARA,1
09,CALDAS,106,RISARALDA,99,Zona 99,04,EL PALO,3
09,CALDAS,106,RISARALDA,00,Zona 00,00,PUESTO CABECERA MUNICIPAL,25
09,CALDAS,109,SALAMINA,98,Zona 98,01,CARCEL,1
09,CALDAS,109,SALAMINA,99,Zona 99,01,LA LOMA,1
09,CALDAS,109,SALAMINA,99,Zona 99,02,EL PERRO,1
09,CALDAS,109,SALAMINA,99,Zona 99,03,LA UNION,1
09,CALDAS,109,SALAMINA,99,Zona 99,04,PORTACHUELO,1
09,CALDAS,109,SALAMINA,99,Zona 99,05,IE SAN FELIX,3
09,CALDAS,109,SALAMINA,00,Zona 00,00,PUESTO CABECERA MUNICIPAL,37
09,CALDAS,115,SAMANA,99,Zona 99,01,BERLIN,2
09,CALDAS,115,SAMANA,99,Zona 99,02,CALIFORNIA,1
09,CALDAS,115,SAMANA,99,Zona 99,03,EL CONGAL,1
09,CALDAS,115,SAMANA,99,Zona 99,04,YARUMAL,1
09,CALDAS,115,SAMANA,99,Zona 99,05,CONFINES,1
09,CALDAS,115,SAMANA,99,Zona 99,06,SANTA RITA,2
09,CALDAS,115,SAMANA,99,Zona 99,07,FLORENCIA,6
09,CALDAS,115,SAMANA,99,Zona 99,08,ENCIMADAS,2
09,CALDAS,115,SAMANA,99,Zona 99,09,LOS POMOS,1
09,CALDAS,115,SAMANA,99,Zona 99,10,RANCHOLARGO,1
09,CALDAS,115,SAMANA,99,Zona 99,11,SAN DIEGO,6
09,CALDAS,115,SAMANA,99,Zona 99,12,LA QUINTA,1
09,CALDAS,115,SAMANA,99,Zona 99,13,DULCE NOMBRE,1
09,CALDAS,115,SAMANA,99,Zona 99,14,CRISTALES,1
09,CALDAS,115,SAMANA,00,Zona 00,00,PUESTO CABECERA MUNICIPAL,27
09,CALDAS,120,SAN JOSE,99,Zona 99,01,LA ALBANIA,1
09,CALDAS,120,SAN JOSE,99,Zona 99,02,PRIMAVERA,1
09,CALDAS,120,SAN JOSE,00,Zona 00,00,PUESTO CABECERA MUNICIPAL,14
09,CALDAS,124,SUPIA,99,Zona 99,01,HOJAS ANCHAS,1
09,CALDAS,124,SUPIA,99,Zona 99,02,GUAMAL,2
09,CALDAS,124,SUPIA,99,Zona 99,03,I.E LA QUINTA,1
09,CALDAS,124,SUPIA,99,Zona 99,04,I.E. CAÑAMOMO Y LOMA PRIETA,1
09,CALDAS,124,SUPIA,01,Zona 01,01,IE. FRANCISCO JOSE DE CALDAS INTEC,20
09,CALDAS,124,SUPIA,01,Zona 01,02,CENTRO CÍVICO Y CULTURAL,5
09,CALDAS,124,SUPIA,02,Zona 02,01,IE SUPIA ININSU,19
09,CALDAS,124,SUPIA,02,Zona 02,02,IE SAN VÍCTOR,14
09,CALDAS,124,SUPIA,02,Zona 02,03,IE MARISCAL ROBLEDO,4
09,CALDAS,124,SUPIA,02,Zona 02,04,IE POLICARPA SALAVARRIETA,7
09,CALDAS,127,VICTORIA,99,Zona 99,01,ISAZA,3
09,CALDAS,127,VICTORIA,99,Zona 99,02,EL LLANO,1
09,CALDAS,127,VICTORIA,99,Zona 99,03,CAÑAVERAL,3
09,CALDAS,127,VICTORIA,99,Zona 99,04,LA PRADERA,2
09,CALDAS,127,VICTORIA,00,Zona 00,00,PUESTO CABECERA MUNICIPAL,17
09,CALDAS,130,VILLAMARIA,99,Zona 99,01,EL PINDO ESCUELA ANTONIO NARIÑO,1
09,CALDAS,130,VILLAMARIA,99,Zona 99,02,IE COLOMBIA LA GUAYANA,2
09,CALDAS,130,VILLAMARIA,99,Zona 99,03,LLANITOS,3
09,CALDAS,130,VILLAMARIA,99,Zona 99,04,NUEVO RIOCLARO,3
09,CALDAS,130,VILLAMARIA,99,Zona 99,05,MIRAFLORES,2
09,CALDAS,130,VILLAMARIA,99,Zona 99,06,VDA LOS CUERVOS CASETA COM ALTO DE CRUZ,3
09,CALDAS,130,VILLAMARIA,99,Zona 99,07,NUEVA PRIMAVERA,1
09,CALDAS,130,VILLAMARIA,99,Zona 99,08,GALLINAZO,2
09,CALDAS,130,VILLAMARIA,99,Zona 99,09,LAGUNA NEGRA,1
09,CALDAS,130,VILLAMARIA,01,Zona 01,01,IE JAIME DUQUE GRISALES,12
09,CALDAS,130,VILLAMARIA,01,Zona 01,02,IE SANTA LUISA DE MARILLAC,15
09,CALDAS,130,VILLAMARIA,01,Zona 01,03,COL VILLA DEL ROSARIO,20
09,CALDAS,130,VILLAMARIA,01,Zona 01,04,TURIN CRC,3
09,CALDAS,130,VILLAMARIA,01,Zona 01,05,COLEGIO SAN PEDRO CLAVER,18
09,CALDAS,130,VILLAMARIA,02,Zona 02,01,IE GERARDO ARIAS RAMIREZ,24
09,CALDAS,130,VILLAMARIA,02,Zona 02,02,COLISEO JAIME DUQUE GRISALES,17
09,CALDAS,130,VILLAMARIA,02,Zona 02,03,ESC RAFAEL POMBO,7
09,CALDAS,130,VILLAMARIA,02,Zona 02,04,CDI CHIQUITINES,7
09,CALDAS,130,VILLAMARIA,02,Zona 02,05,CDI FLORECER,3
09,CALDAS,130,VILLAMARIA,03,Zona 03,01,IE NUESTRA SEÑORA DEL ROSARIO,3
09,CALDAS,133,VITERBO,99,Zona 99,01,CANAAN,1
09,CALDAS,133,VITERBO,99,Zona 99,02,LA LINDA,1
09,CALDAS,133,VITERBO,99,Zona 99,03,EL PORVENIR,1
09,CALDAS,133,VITERBO,99,Zona 99,04,EL SOCORRO,1
09,CALDAS,133,VITERBO,99,Zona 99,05,LA MARIA,1
09,CALDAS,133,VITERBO,99,Zona 99,06,LA TESALIA,1
09,CALDAS,133,VITERBO,00,Zona 00,01,PUESTO CABECERA MUNICIPAL,23
09,CALDAS,133,VITERBO,00,Zona 00,02,INSTITUCION EDUCATIVA LA MILAGROSA SD 5,15
09,CALDAS,022,BELALCAZAR,99,Zona 99,01,EL MADROÑO,2
09,CALDAS,022,BELALCAZAR,99,Zona 99,02,EL AGUILA,2
09,CALDAS,022,BELALCAZAR,99,Zona 99,03,LA CASCADA,1
09,CALDAS,022,BELALCAZAR,99,Zona 99,04,QUIEBRA DE LA HABANA,2
09,CALDAS,022,BELALCAZAR,99,Zona 99,05,SAN ISIDRO,2
09,CALDAS,022,BELALCAZAR,99,Zona 99,06,EL CRUCERO,1
09,CALDAS,022,BELALCAZAR,00,Zona 00,00,PUESTO CABECERA MUNICIPAL,21
09,CALDAS,037,FILADELFIA,99,Zona 99,01,EL PINTADO,1
09,CALDAS,037,FILADELFIA,99,Zona 99,02,EL VERSO,1
09,CALDAS,037,FILADELFIA,99,Zona 99,03,LA SOLEDAD,1
09,CALDAS,037,FILADELFIA,99,Zona 99,04,LA PAILA,1
09,CALDAS,037,FILADELFIA,99,Zona 99,05,MORRITOS,1
09,CALDAS,037,FILADELFIA,99,Zona 99,06,SAMARIA,5
09,CALDAS,037,FILADELFIA,99,Zona 99,07,SAN LUIS,2
09,CALDAS,037,FILADELFIA,00,Zona 00,00,PUESTO CABECERA MUNICIPAL,18
09,CALDAS,052,LA MERCED,99,Zona 99,01,EL LIMON,2
09,CALDAS,052,LA MERCED,99,Zona 99,02,EL TAMBOR,1
09,CALDAS,052,LA MERCED,99,Zona 99,03,LA FELISA,2
09,CALDAS,052,LA MERCED,99,Zona 99,04,MACIEGAL,1
09,CALDAS,052,LA MERCED,99,Zona 99,05,PEÑA RICA,1
09,CALDAS,052,LA MERCED,99,Zona 99,06,SAN JOSE,2
09,CALDAS,052,LA MERCED,00,Zona 00,00,PUESTO CABECERA MUNICIPAL,10
09,CALDAS,055,MANZANARES,99,Zona 99,01,AGUA BONITA,2
09,CALDAS,055,MANZANARES,99,Zona 99,02,LLANADAS,1
09,CALDAS,055,MANZANARES,99,Zona 99,03,LA CEIBA,1
09,CALDAS,055,MANZANARES,99,Zona 99,04,LAS MARGARITAS,2
09,CALDAS,055,MANZANARES,99,Zona 99,05,LOS PLANES,2
09,CALDAS,055,MANZANARES,99,Zona 99,06,SAN JUAN LA SIRIA,1
09,CALDAS,055,MANZANARES,99,Zona 99,07,SAN VICENTE,1
09,CALDAS,055,MANZANARES,00,Zona 00,00,INST EDUC MANZANARES SD SAN LUIS GONZAGA,38
09,CALDAS,058,MARMATO,99,Zona 99,01,CENTRO DE DESARROLLO RURAL CABRAS,4
09,CALDAS,058,MARMATO,99,Zona 99,02,ECHANDIA,2
09,CALDAS,058,MARMATO,99,Zona 99,03,CENTRO POBLADO EL LLANO,7
09,CALDAS,058,MARMATO,99,Zona 99,04,CENTRO DE DESARROLLO RURAL LA MIEL,2
09,CALDAS,058,MARMATO,99,Zona 99,05,SAN JUAN,4
09,CALDAS,058,MARMATO,99,Zona 99,06,LA CUCHILLA,1
09,CALDAS,058,MARMATO,00,Zona 00,00,FONDA ASOCAMAR,6
09,CALDAS,061,MARQUETALIA,99,Zona 99,01,SANTA ELENA,2
09,CALDAS,061,MARQUETALIA,99,Zona 99,02,EL PLACER,1
09,CALDAS,061,MARQUETALIA,99,Zona 99,03,VEREDA PATIO BONITO,1
09,CALDAS,061,MARQUETALIA,00,Zona 00,00,PUESTO CABECERA MUNICIPAL,33
09,CALDAS,067,MARULANDA,99,Zona 99,01,MONTEBONITO,3
09,CALDAS,067,MARULANDA,99,Zona 99,02,EL PARAMO,1
09,CALDAS,067,MARULANDA,99,Zona 99,03,EL ZANCUDO,1
09,CALDAS,067,MARULANDA,00,Zona 00,00,PUESTO CABECERA MUNICIPAL,4
09,CALDAS,079,PACORA,98,Zona 98,01,CARCEL,1
09,CALDAS,079,PACORA,99,Zona 99,01,CASTILLA,3
09,CALDAS,079,PACORA,99,Zona 99,02,BUENOS AIRES,1
09,CALDAS,079,PACORA,99,Zona 99,03,LAS COLES,3
09,CALDAS,079,PACORA,99,Zona 99,04,LOS MORROS,2
09,CALDAS,079,PACORA,99,Zona 99,05,SAN BARTOLOME,3
09,CALDAS,079,PACORA,99,Zona 99,06,LA PALMA,1
09,CALDAS,079,PACORA,99,Zona 99,07,SAN LORENZO,2
09,CALDAS,079,PACORA,00,Zona 00,00,PUESTO CABECERA MUNICIPAL,24
09,CALDAS,085,PENSILVANIA,98,Zona 98,01,CARCEL,1
09,CALDAS,085,PENSILVANIA,99,Zona 99,01,ARBOLEDA,4
09,CALDAS,085,PENSILVANIA,99,Zona 99,02,AGUA BONITA,1
09,CALDAS,085,PENSILVANIA,99,Zona 99,03,LA SOLEDAD,1
09,CALDAS,085,PENSILVANIA,99,Zona 99,04,SANTA TERESA,1
09,CALDAS,085,PENSILVANIA,99,Zona 99,05,BOLIVIA,6
09,CALDAS,085,PENSILVANIA,99,Zona 99,06,EL HIGUERON,2
09,CALDAS,085,PENSILVANIA,99,Zona 99,07,GUACAS,1
09,CALDAS,085,PENSILVANIA,99,Zona 99,08,SAN DANIEL,5
09,CALDAS,085,PENSILVANIA,99,Zona 99,09,LA RIOJA,1
09,CALDAS,085,PENSILVANIA,99,Zona 99,10,PUEBLONUEVO,2
09,CALDAS,085,PENSILVANIA,99,Zona 99,11,SAMARIA,1
09,CALDAS,085,PENSILVANIA,99,Zona 99,12,VEREDA LA TORRE,1
09,CALDAS,085,PENSILVANIA,00,Zona 00,00,PUESTO CABECERA MUNICIPAL,26
09,CALDAS,004,AGUADAS,99,Zona 99,01,ARMA,5
09,CALDAS,004,AGUADAS,99,Zona 99,02,ENCIMADAS,2
09,CALDAS,004,AGUADAS,99,Zona 99,03,VIBORAL,2
09,CALDAS,004,AGUADAS,99,Zona 99,04,LA MERMITA,2
09,CALDAS,004,AGUADAS,99,Zona 99,05,ALTO DE LA MONTAÑA,1
09,CALDAS,004,AGUADAS,99,Zona 99,06,BOCAS,1
09,CALDAS,004,AGUADAS,99,Zona 99,07,RIO ARRIBA,2
09,CALDAS,004,AGUADAS,99,Zona 99,08,EL EDEN,2
09,CALDAS,004,AGUADAS,00,Zona 00,01,COLISEO CUBIERTO CAMBUMBIA,11
09,CALDAS,004,AGUADAS,00,Zona 00,02,LICEO CLAUDINA MUNERA,31
09,CALDAS,013,ARANZAZU,99,Zona 99,01,ALEGRIAS,1
09,CALDAS,013,ARANZAZU,99,Zona 99,02,LAS CAMELIAS,1
09,CALDAS,013,ARANZAZU,99,Zona 99,03,BUENOS AIRES,1
09,CALDAS,013,ARANZAZU,99,Zona 99,04,LA HONDITA,1
09,CALDAS,013,ARANZAZU,99,Zona 99,05,VARSOVIA,1
09,CALDAS,013,ARANZAZU,99,Zona 99,06,EL ROBLAL,1
09,CALDAS,013,ARANZAZU,00,Zona 00,01,IE COLEGIO PIO XI,20
09,CALDAS,013,ARANZAZU,00,Zona 00,02,I.E NORMAL SUPERIOR SAGRADO CORAZON,11
09,CALDAS,078,NORCASIA,99,Zona 99,01,QUIEBRA DE ROQUE,1
09,CALDAS,078,NORCASIA,99,Zona 99,02,MOSCOVITA,1
09,CALDAS,078,NORCASIA,00,Zona 00,01,PUESTO CABECERA MUNICIPAL,10
09,CALDAS,078,NORCASIA,00,Zona 00,02,CENTRO DE INTEGRACION CIUDADANA CIC,9
09,CALDAS,082,PALESTINA,99,Zona 99,01,LA PLATA,3
09,CALDAS,082,PALESTINA,99,Zona 99,02,SANTAGUEDA,3
09,CALDAS,082,PALESTINA,00,Zona 00,01,PUESTO CABECERA MUNICIPAL,24
09,CALDAS,082,PALESTINA,00,Zona 00,02,ZONA URBANA ARAUCA,14
09,CALDAS,001,MANIZALES,10,Zona 10,01,I.E. ATANASIO GIRARDOT,17
09,CALDAS,001,MANIZALES,10,Zona 10,02,I E EUGENIO PACELLI SEDE PRINCIPAL,20
09,CALDAS,001,MANIZALES,10,Zona 10,03,I.E. MALABAR SEDE A,13
09,CALDAS,001,MANIZALES,10,Zona 10,04,I.E.ARANJUEZ SEDE A,13
09,CALDAS,001,MANIZALES,10,Zona 10,05,I.E. MALABAR SEDE B,11
09,CALDAS,001,MANIZALES,10,Zona 10,06,U CALDAS SEDE BICENTENARIO LA MICAELA,4
09,CALDAS,001,MANIZALES,11,Zona 11,01,I.E.ANDRES BELLO,17
09,CALDAS,001,MANIZALES,11,Zona 11,02,I.E. PERPETUO SOCORRO,10
09,CALDAS,001,MANIZALES,11,Zona 11,03,I.E. LEONARDO DAVINCI SEDE A,13
09,CALDAS,001,MANIZALES,11,Zona 11,04,I.E. LEONARDO DAVINCI,23
09,CALDAS,001,MANIZALES,11,Zona 11,05,I.E.LATINOAMERICANO SEDE B,12
09,CALDAS,001,MANIZALES,12,Zona 12,01,COL.MAYOR DE NUESTRA SEÑORA,20
09,CALDAS,001,MANIZALES,12,Zona 12,02,I.E. LEON DE GREIFF,24
09,CALDAS,001,MANIZALES,12,Zona 12,03,I.E. SIETE DE AGOSTO,24
09,CALDAS,001,MANIZALES,12,Zona 12,04,I.E. ESTAMBUL,15
09,CALDAS,001,MANIZALES,12,Zona 12,05,I E PABLO VI SEDE BARRIOS UNIDOS,2
09,CALDAS,001,MANIZALES,12,Zona 12,06,CISCO EL CARMEN,3
09,CALDAS,001,MANIZALES,13,Zona 13,01,IE SINAI SEDE B,18
09,CALDAS,001,MANIZALES,13,Zona 13,02,IE LA ASUNCION SEDE B,13
09,CALDAS,001,MANIZALES,13,Zona 13,03,I.E. LICEO MIXTO SINAI SEDE A,19
09,CALDAS,001,MANIZALES,13,Zona 13,04,C. DE DESARROLLO INFANTIL VILLA HERMOSA,9
09,CALDAS,001,MANIZALES,13,Zona 13,05,CENTRO COMERCIAL MALL PLAZA,12
09,CALDAS,001,MANIZALES,90,Zona 90,01,UNIVERSIDAD DE CALDAS,15
09,CALDAS,001,MANIZALES,98,Zona 98,01,CARCEL NACIONAL DE VARONES,1
09,CALDAS,001,MANIZALES,98,Zona 98,02,RECLUSION DE MUJERES VILLA JOSEFINA,1
09,CALDAS,001,MANIZALES,98,Zona 98,03,ESCUELA DE TRABAJO LA LINDA LOS ZAGALES,1
09,CALDAS,001,MANIZALES,99,Zona 99,01,COLOMBIA,6
09,CALDAS,001,MANIZALES,99,Zona 99,02,LA CRISTALINA,3
09,CALDAS,001,MANIZALES,99,Zona 99,03,EL REMANSO,8
09,CALDAS,001,MANIZALES,99,Zona 99,04,I E SAN PEREGRINO,5
09,CALDAS,001,MANIZALES,99,Zona 99,05,AGROTURISTICO EL TABLAZO,13
09,CALDAS,001,MANIZALES,99,Zona 99,06,EL MANANTIAL,5
09,CALDAS,001,MANIZALES,99,Zona 99,07,RIOBLANCO,1
09,CALDAS,001,MANIZALES,99,Zona 99,08,IE RURAL MIGUEL ANTONIO CARO BACHILLERAT,3
09,CALDAS,001,MANIZALES,99,Zona 99,09,EL DESQUITE,1
09,CALDAS,001,MANIZALES,99,Zona 99,10,LA VIOLETA,1
09,CALDAS,001,MANIZALES,99,Zona 99,11,ALTO CORINTO,3
09,CALDAS,001,MANIZALES,99,Zona 99,12,LA TRINIDAD,1
09,CALDAS,001,MANIZALES,99,Zona 99,13,ESCUELA RURAL LA AURORA,2
09,CALDAS,001,MANIZALES,99,Zona 99,14,ESCUELA RURAL EL ARENILLO,1
09,CALDAS,001,MANIZALES,99,Zona 99,15,I E RURAL GRANADA SEDE PRINCIPAL,1
09,CALDAS,001,MANIZALES,01,Zona 01,01,I E LA LINDA NUEVA SEDE,17
09,CALDAS,001,MANIZALES,01,Zona 01,02,I.E.CHIPRE,21
09,CALDAS,001,MANIZALES,01,Zona 01,03,I.E. CHIPRE SEDE B,23
09,CALDAS,001,MANIZALES,01,Zona 01,04,I.E. ADOLFO HOYOS OCAMPO,6
09,CALDAS,001,MANIZALES,01,Zona 01,05,COL.FILIPENSE NTRA SRA LOURDE,13
09,CALDAS,001,MANIZALES,01,Zona 01,06,I E MARCO FIDEL SUAREZ ANTIGUO CASD,3
09,CALDAS,001,MANIZALES,02,Zona 02,01,NUEVO CISCO SAN JOSE,12
09,CALDAS,001,MANIZALES,02,Zona 02,02,CEN. DE DESARROLLO INFANTIL JOSE MARIA V,20
09,CALDAS,001,MANIZALES,02,Zona 02,03,I.E INSTITUTO MANIZALES,10
09,CALDAS,001,MANIZALES,02,Zona 02,04,ANTIGUO CISCO SAN JOSE,1
09,CALDAS,001,MANIZALES,03,Zona 03,01,ANTIGUO TERMINAL DE TRANS PEOPLECONTACT,20
09,CALDAS,001,MANIZALES,03,Zona 03,02,EDIFICIO INDUSTRIA LICORERA DE CALDAS,7
09,CALDAS,001,MANIZALES,03,Zona 03,03,FACULTAD DE BELLAS ARTES UNIV. DE CALDAS,14
09,CALDAS,001,MANIZALES,03,Zona 03,04,I.E. GRAN COLOMBIA,15
09,CALDAS,001,MANIZALES,03,Zona 03,05,L. ARQUIDIOC. NUESTRA SRA BACHILLERATO,14
09,CALDAS,001,MANIZALES,04,Zona 04,01,LICEO ARQUIDIOCESANO DE NUESTRA SEÑORA,18
09,CALDAS,001,MANIZALES,04,Zona 04,02,I.E. ISABEL LA CATOLICA,25
09,CALDAS,001,MANIZALES,04,Zona 04,03,I E INSTITUTO UNIVERSITARIO DE CALDAS,14
09,CALDAS,001,MANIZALES,04,Zona 04,04,I E TECNICO FRANCISCO JOSE DE CALDAS,12
09,CALDAS,001,MANIZALES,04,Zona 04,05,L ARQUIDIOCESANO DE NUESTRA SRA FEMENINO,5
09,CALDAS,001,MANIZALES,05,Zona 05,01,I.E. LA ASUNCION SEDE A,16
09,CALDAS,001,MANIZALES,05,Zona 05,02,I.E. SAN JORGE,24
09,CALDAS,001,MANIZALES,05,Zona 05,03,FACULTAD CIENCIAS SALUD UNIV. DE CALDAS,18
09,CALDAS,001,MANIZALES,05,Zona 05,04,I E NORMAL SUPERIOR DE CALDAS,8
09,CALDAS,001,MANIZALES,05,Zona 05,05,UNIVERSIDAD AUTONOMA,3
09,CALDAS,001,MANIZALES,06,Zona 06,01,I E FE Y ALEGRIA LA PAZ SEDE PRINCIPAL,30
09,CALDAS,001,MANIZALES,06,Zona 06,02,I.E. BOSQUES DEL NORTE,23
09,CALDAS,001,MANIZALES,06,Zona 06,03,I E SAN SEBASTIAN,3
09,CALDAS,001,MANIZALES,06,Zona 06,04,CISCO BOSQUES DEL NORTE,8
09,CALDAS,001,MANIZALES,06,Zona 06,05,I E FE Y ALEGRIA LA PAZ SEDE B,9
09,CALDAS,001,MANIZALES,07,Zona 07,01,I.E. ESC. NAL. AUX. DE ENFERMERÍA SEDE A,9
09,CALDAS,001,MANIZALES,07,Zona 07,02,I.E LA SULTANA SEDE PRINCIPAL,19
09,CALDAS,001,MANIZALES,07,Zona 07,03,LICEO INTEGRADO MANIZALES,9
09,CALDAS,001,MANIZALES,07,Zona 07,04,I.E MARISCAL SUCRE SEDE B,15
09,CALDAS,001,MANIZALES,07,Zona 07,05,I E COLEGIO DE CRISTO,11
09,CALDAS,001,MANIZALES,07,Zona 07,06,I.E LA SULTANA SEDE A,5
09,CALDAS,001,MANIZALES,07,Zona 07,07,I E MARISCAL SUCRE SEDE C KENNEDY,3
09,CALDAS,001,MANIZALES,07,Zona 07,08,COLEGIO SANTA INES,5
09,CALDAS,001,MANIZALES,08,Zona 08,01,I.E. SAN PIO X,16
09,CALDAS,001,MANIZALES,08,Zona 08,02,I.E. SAN PIO X SEDE B,15
09,CALDAS,001,MANIZALES,08,Zona 08,03,I.E. SAN PIO X SEDE A,11
09,CALDAS,001,MANIZALES,08,Zona 08,04,I.E. MALTERIA,4
09,CALDAS,001,MANIZALES,08,Zona 08,05,I E SAN PIO X SEDE C LA CAPILLA,11
09,CALDAS,001,MANIZALES,09,Zona 09,01,UNIVERSIDAD CATOLICA DE MANIZALES,12
09,CALDAS,001,MANIZALES,09,Zona 09,02,FACUL. DE CIENCIAS JUR Y SOC U DE CALDAS,10
09,CALDAS,001,MANIZALES,09,Zona 09,03,IE NACIONAL AUX DE ENFERMERIA S PRINC.,7
09,CALDAS,001,MANIZALES,09,Zona 09,04,I E NORMAL SUPERIOR DE MANIZALES,10
09,CALDAS,001,MANIZALES,09,Zona 09,05,SEM. MENOR DE NUESTRA SEÑORA DEL ROSARIO,8
09,CALDAS,001,MANIZALES,09,Zona 09,06,UNIVERSIDAD NACIONAL SEDE ARQUITECTURA,19
09,CALDAS,001,MANIZALES,09,Zona 09,07,CENTRO COMERCIAL SAN CANCIO,13
09,CALDAS,001,MANIZALES,09,Zona 09,08,COLISEO MENOR RAMON MARIN VARGAS,5
09,CALDAS,007,ANSERMA,98,Zona 98,01,CARCEL,1
09,CALDAS,007,ANSERMA,99,Zona 99,01,VDA CHAPATA,2
09,CALDAS,007,ANSERMA,99,Zona 99,02,MARAPRA,4
09,CALDAS,007,ANSERMA,99,Zona 99,03,LA RICA,2
09,CALDAS,007,ANSERMA,99,Zona 99,04,EL GUAMITO,1
09,CALDAS,007,ANSERMA,99,Zona 99,05,LAS MARGARITAS,1
09,CALDAS,007,ANSERMA,99,Zona 99,06,LA INDIA,1
09,CALDAS,007,ANSERMA,99,Zona 99,07,PALO BLANCO,1
09,CALDAS,007,ANSERMA,99,Zona 99,08,LA FLORESTA,1
09,CALDAS,007,ANSERMA,99,Zona 99,09,LA NUBIA,2
09,CALDAS,007,ANSERMA,99,Zona 99,10,CONCHARI,2
09,CALDAS,007,ANSERMA,99,Zona 99,11,BELLAVISTA,3
09,CALDAS,007,ANSERMA,99,Zona 99,12,SAN PEDRO,3
09,CALDAS,007,ANSERMA,01,Zona 01,01,BIBLIOTECA MUNICIPAL,8
09,CALDAS,007,ANSERMA,01,Zona 01,02,ANTIGUA SEDE UNIVALLE,14
09,CALDAS,007,ANSERMA,01,Zona 01,03,CENTRO VIDA,1
09,CALDAS,007,ANSERMA,01,Zona 01,04,ESCUELA URBANA ANTONIO JOSE DE SUCRE,14
09,CALDAS,007,ANSERMA,02,Zona 02,01,ESCUELA SAN JOSE,8
09,CALDAS,007,ANSERMA,02,Zona 02,02,ESCUELA SIMON BOLIVAR,7
09,CALDAS,007,ANSERMA,02,Zona 02,03,CIC,3
09,CALDAS,007,ANSERMA,02,Zona 02,04,ESCUELA NORMAL SUPERIOR ANSERMA,13
09,CALDAS,034,CHINCHINA,99,Zona 99,01,BAJO ESPAÑOL,1
09,CALDAS,034,CHINCHINA,99,Zona 99,02,EL TREBOL,6
09,CALDAS,034,CHINCHINA,99,Zona 99,03,LA FLORESTA,5
09,CALDAS,034,CHINCHINA,01,Zona 01,01,I.E. SAN FRANCISCO DE PAULA,27
09,CALDAS,034,CHINCHINA,01,Zona 01,02,COL BARTOLOME MITRE,19
09,CALDAS,034,CHINCHINA,01,Zona 01,03,CENT.CULT.BIBLIOTECA PUBLICA MUNICIPAL,6
09,CALDAS,034,CHINCHINA,01,Zona 01,04,ESCUELA SANTA JUANA DE ARCO,11
09,CALDAS,034,CHINCHINA,01,Zona 01,05,JARDIN INFANTIL CHINCHINA,14
09,CALDAS,034,CHINCHINA,02,Zona 02,01,IE SANTO DOMINGO SAVIO,14
09,CALDAS,034,CHINCHINA,02,Zona 02,02,ESCUELA KENNEDY,13
09,CALDAS,034,CHINCHINA,02,Zona 02,03,COLISEO MUNICIPAL,14
09,CALDAS,034,CHINCHINA,02,Zona 02,04,ESCUELA JUAN XXIII,10
09,CALDAS,049,LA DORADA,98,Zona 98,01,PENITENCIARIA DOÑA JUANA,1
09,CALDAS,049,LA DORADA,99,Zona 99,01,BUENAVISTA,3
09,CALDAS,049,LA DORADA,99,Zona 99,02,LA HABANA,1
09,CALDAS,049,LA DORADA,99,Zona 99,03,EL PURNIO,3
09,CALDAS,049,LA DORADA,99,Zona 99,04,EL JAPON,1
09,CALDAS,049,LA DORADA,99,Zona 99,05,GUARINOCITO,6
09,CALDAS,049,LA DORADA,99,Zona 99,06,LA ATARRAYA,1
09,CALDAS,049,LA DORADA,01,Zona 01,01,SEDE ANTONIO JOSE DE SUCRE,26
09,CALDAS,049,LA DORADA,01,Zona 01,02,ESC SAN VICENTE,20
09,CALDAS,049,LA DORADA,01,Zona 01,03,I. E. DORADA,20
09,CALDAS,049,LA DORADA,01,Zona 01,04,IE NTRA SRA DEL CARMEN,11
09,CALDAS,049,LA DORADA,01,Zona 01,05,ESC ANTONIO NARIÑO,1
09,CALDAS,049,LA DORADA,01,Zona 01,06,ESC LAURELES,1
09,CALDAS,049,LA DORADA,01,Zona 01,07,ESC.POLICARPA SALAVARRIETA,10
09,CALDAS,049,LA DORADA,02,Zona 02,01,I. E ALFONSO LOPEZ,17
09,CALDAS,049,LA DORADA,02,Zona 02,02,ESC JUAN PABLO II,34
09,CALDAS,049,LA DORADA,02,Zona 02,03,I. E MARCO FIDEL SUAREZ,11
09,CALDAS,049,LA DORADA,02,Zona 02,04,ESC RENAN BARCO,3
09,CALDAS,076,NEIRA,99,Zona 99,01,PUEBLO RICO,1
09,CALDAS,076,NEIRA,99,Zona 99,02,AGUACATAL,1
09,CALDAS,076,NEIRA,99,Zona 99,03,JUNTAS,2
09,CALDAS,076,NEIRA,99,Zona 99,04,LLANOGRANDE,1
09,CALDAS,076,NEIRA,99,Zona 99,05,EL CARDAL,1
09,CALDAS,076,NEIRA,01,Zona 01,01,IE NEIRA,9
09,CALDAS,076,NEIRA,01,Zona 01,02,CONCENTRACION ESCOLAR JOSE MARIA CORDOBA,8
09,CALDAS,076,NEIRA,02,Zona 02,01,IE NUESTRA SEÑORA DEL ROSARIO,25
09,CALDAS,076,NEIRA,02,Zona 02,02,ESCUELA ABRAHAM MONTOYA,12
